Asset_ID,Name Sort Not sorted  Name,Version Sort Not sorted  Version,Software Manufacturer Sort Not sorted  Software Manufacturer,Type Sort Not sorted  Type,Installation Date Sort Not sorted  Installation Date,Installation Directory Sort Not sorted  Installation Directory,File Count Sort Not sorted  File Count
1884,.NET Runtime Optimization Service,4.8,Microsoft Corporation Inc.,Application,,C:\Windows\Microsoft.NET\Framework64\v4.0.30319,2.0
1884,64Bit MAPI Mail Agent,1.0,Foxit Software Inc.,Application,,C:\Program Files (x86)\Foxit Software\Foxit PDF Reader,1.0
1884,7-Zip 24.08 (x64 edition),24.08,Igor Pavlov,Add/Remove Programs,"October 09, 2024 12:00:00 AM",,
1884,7-Zip Console,24.08,Igor Pavlov,Application,,C:\Program Files\7-Zip,1.0
1884,7-Zip File Manager,24.08,Igor Pavlov,Application,,C:\Program Files\7-Zip,1.0
1884,7-Zip GUI,24.08,Igor Pavlov,Application,,C:\Program Files\7-Zip,1.0
1884,7-Zip Standalone Console,19.0,Igor Pavlov,Application,,C:\Program Files (x86)\HP\HP Support Framework\Resources\HPUpdate,1.0
1884,Accounts Control Host,10.0,Microsoft Corporation Inc.,Application,,C:\Windows\SystemApps\Microsoft.AccountsControl_cw5n1h2txyewy,1.0
1884,Adds HP\Consent Manager Launcher to Task Scheduler,2.19,HP Inc.,Application,,C:\SWSetup\SP151560\drivers\P00HPA.B2x\4.2.1737.0\src\driver\recovery_fixup,2.0
1884,AddSuggestedFoldersToLibraryDialog,10.0,Microsoft Corporation Inc.,Application,,C:\Windows\SystemApps\Microsoft.Windows.AddSuggestedFoldersToLibraryDialog_cw5n1h2txyewy,1.0
1884,ADSelfService Plus Client Software,5.8,ZOHO Corp,Add/Remove Programs,"February 21, 2023 12:00:00 AM",,
1884,ADSelfService Plus Client Software,1.1,ZOHO Corp,Application,,C:\Program Files (x86)\ZOHO Corp\ADSelfService Plus Client Software,1.0
1884,Antimalware Core Service,4.18,Microsoft Corporation Inc.,Application,,C:\Program Files\Windows Defender,1.0
1884,Antimalware Service Executable,4.18,Microsoft Corporation Inc.,Application,,C:\Program Files\Windows Defender,1.0
1884,AppActions,10.0,Microsoft Corporation Inc.,Application,,C:\Windows\SystemApps\Shared\AOT,2.0
1884,AppResolverUX,10.0,Microsoft Corporation Inc.,Application,,C:\Windows\SystemApps\Microsoft.Windows.AppResolverUX_cw5n1h2txyewy,1.0
1884,AsyncTextService,10.0,Microsoft Corporation Inc.,Application,,C:\Windows\SystemApps\Microsoft.AsyncTextService_8wekyb3d8bbwe,1.0
1884,BatteryTest,1.17,HP Inc.,Application,,C:\SWSetup\SP151560\drivers\P00HPA.B2x\4.2.1737.0\src\driver\x64\Provider Data Sources\Battery,1.0
1884,BingPopup,6.0,HP Inc.,Application,,C:\Program Files (x86)\HP\HP Support Framework\Resources\BingPopup,1.0
1884,Biometric Enrollment Host,10.0,Microsoft Corporation Inc.,Application,,C:\Windows\SystemApps\Microsoft.BioEnrollment_cw5n1h2txyewy,1.0
1884,BMC Client Management Agent,24.1.01.240624,BMC Software Inc.,Application,,C:\Program Files\BMC Software\Client Management\Client\bin,1.0
1884,BMC Client Management Certificate Generator,24.1.01.240624,BMC Software Inc.,Application,,C:\Program Files\BMC Software\Client Management\Client\bin,1.0
1884,BMC Client Management Chilli Interpreter,24.1.01.240624,BMC Software Inc.,Application,,C:\Program Files\BMC Software\Client Management\Client\bin,1.0
1884,BMC Client Management Direct Access Proxy Agent,24.1.01.240624,BMC Software Inc.,Application,,C:\Program Files\BMC Software\Client Management\Client\bin,1.0
1884,BMC Client Management Opswat Proxy Agent,24.1.01.240624,BMC Software Inc.,Application,,C:\Program Files\BMC Software\Client Management\Client\bin,1.0
1884,BMC Client Management Package Viewer,24.1.01.240624,BMC Software Inc.,Application,,C:\Program Files\BMC Software\Client Management\Client\bin,1.0
1884,BMC Client Management Patch Broker,24.1.01.240624,BMC Software Inc.,Application,,C:\Program Files\BMC Software\Client Management\Client\bin,1.0
1884,BMC Client Management Proxy Agent,24.1.01.240624,BMC Software Inc.,Application,,C:\Program Files\BMC Software\Client Management\Client\bin,1.0
1884,BMC Client Management Remote Control proxy,24.1.01.240624,BMC Software Inc.,Application,,C:\Program Files\BMC Software\Client Management\Client\bin,1.0
1884,BMC Client Management SCAP,24.1.01.240624,BMC Software Inc.,Application,,C:\Program Files\BMC Software\Client Management\Client\bin,1.0
1884,BMC Client Management Video Proxy Agent,24.1.01.240624,BMC Software Inc.,Application,,C:\Program Files\BMC Software\Client Management\Client\bin,1.0
1884,Boot File Servicing Utility,10.0,Microsoft Corporation Inc.,Application,,C:\Windows,1.0
1884,Browser Protection Native Messaging Host,4.18,Microsoft Corporation Inc.,Application,,C:\Program Files\Windows Defender,1.0
1884,BrowserCore,10.0,Microsoft Corporation Inc.,Application,,C:\Windows\BrowserCore,1.0
1884,CameraBarcodeScannerPreview,10.0,Microsoft Corporation Inc.,Application,,C:\Windows\SystemApps\Windows.CBSPreview_cw5n1h2txyewy,1.0
1884,CL5,9.6,Ivanti,Application,,C:\Program Files\BMC Software\Client Management\Client\data\PatchManagementPremium\workspace,3.0
1884,ClickOnce,4.8,Microsoft Corporation Inc.,Application,,C:\Windows\Microsoft.NET\Framework64\v4.0.30319,3.0
1884,Common User Interface,5.8,Musarubra US LLC.,Application,,C:\Program Files\McAfee\Agent\x86,1.0
1884,Copilot,144.0,Microsoft Corporation Inc.,Application,,C:\Program Files (x86)\Microsoft\EdgeWebView\Application\144.0.3719.115,5.0
1884,Copilot Update,1.3,Microsoft Corporation Inc.,Application,,C:\Program Files (x86)\Microsoft\EdgeUpdate,2.0
1884,CrashSender Application,4.3,Google Inc.,Application,,C:\Program Files\Google\Google Apps Migration,1.0
1884,Create a self-signed digital certificate,16.0,Microsoft Corporation Inc.,Application,,C:\Program Files\Microsoft Office\Office16,1.0
1884,Credential Dialog Host,10.0,Microsoft Corporation Inc.,Application,,C:\Windows\SystemApps\microsoft.creddialoghost_cw5n1h2txyewy,1.0
1884,CrowdStrike Device Control,7.29,CrowdStrike Inc.,Add/Remove Programs,"November 14, 2025 12:00:00 AM",,
1884,CrowdStrike Device Control Support Tool,7.29,CrowdStrike Inc.,Application,,C:\Program Files\CrowdStrike,1.0
1884,CrowdStrike Falcon Connector,7.32,CrowdStrike Inc.,Application,,C:\Program Files\CrowdStrike,1.0
1884,CrowdStrike Falcon Sensor,7.32,CrowdStrike Inc.,Application,,C:\Program Files\CrowdStrike,1.0
1884,CrowdStrike Falcon Sensor Controller,7.32,CrowdStrike Inc.,Application,,C:\Program Files\CrowdStrike,1.0
1884,CrowdStrike Falcon Sensor Service,7.32,CrowdStrike Inc.,Application,,C:\Program Files\CrowdStrike,1.0
1884,CrowdStrike Falcon Sensor Servlet Container,7.32,CrowdStrike Inc.,Application,,C:\Program Files\CrowdStrike,1.0
1884,CrowdStrike Falcon Sensor Settings Tool,7.32,CrowdStrike Inc.,Application,,C:\Program Files\CrowdStrike,1.0
1884,CrowdStrike Falcon Sensor System Tray Application,7.32,CrowdStrike Inc.,Application,,C:\Program Files\CrowdStrike,2.0
1884,CrowdStrike Firmware Analysis,7.14,CrowdStrike Inc.,Add/Remove Programs,"June 18, 2025 12:00:00 AM",,
1884,CrowdStrike Firmware Analysis Support Tool,7.14,CrowdStrike Inc.,Application,,C:\Program Files\CrowdStrike,1.0
1884,CrowdStrike On-Demand Scan Command-line Tool,7.32,CrowdStrike Inc.,Application,,C:\Program Files\CrowdStrike,1.0
1884,CrowdStrike On-Demand Scan Tool,7.32,CrowdStrike Inc.,Application,,C:\Program Files\CrowdStrike,1.0
1884,CrowdStrike Sensor Platform,7.32,CrowdStrike Inc.,Add/Remove Programs,"January 14, 2026 12:00:00 AM",,
1884,CrowdStrike Windows Sensor,7.32,CrowdStrike Inc.,Add/Remove Programs,"January 14, 2026 12:00:00 AM",,
1884,Definition Update for Microsoft Office 2016 (KB3115407) 64-Bit Edition,,Microsoft Corporation Inc.,Add/Remove Programs,,,
1884,DiscoveryHubApp,10.0,Microsoft Corporation Inc.,Application,,C:\Windows\SystemApps\Shared\AOT,2.0
1884,EC App,10.0,Microsoft Corporation Inc.,Application,,C:\Windows\SystemApps\Microsoft.ECApp_8wekyb3d8bbwe,1.0
1884,ETD_SMARTCmd,1.0,Hewlett-Packard,Application,,C:\SWSetup\SP151560\drivers\P00HPA.B2x\4.2.1737.0\src\driver\x64\Provider Data Sources\_Shared\DiskCheck,2.0
1884,expediteupdater,10.0,Microsoft Corporation Inc.,Application,,C:\Program Files\Microsoft Update Health Tools,1.0
1884,File Explorer,10.0,Microsoft Corporation Inc.,Application,,C:\Windows\SystemApps\Microsoft.Windows.FileExplorer_cw5n1h2txyewy,1.0
1884,File Picker,10.0,Microsoft Corporation Inc.,Application,,C:\Windows\SystemApps\Microsoft.Windows.FilePicker_cw5n1h2txyewy,1.0
1884,File version and signature viewer,2.90,Sysinternals - www.sysinternals.com,Application,,C:\SWSetup\SP151560\drivers\P00HPA.B2x\4.2.1737.0\src\driver\x64\Provider Data Sources\Sigcheck,1.0
1884,Foxit PDF Preview Handler Host,12.1,Foxit Corporation,Application,,C:\Program Files (x86)\Foxit Software\Foxit PDF Reader\Shell Extensions,1.0
1884,Foxit PDF Reader,2024.2,Foxit Software Inc.,Application,"October 09, 2024 12:00:00 AM",C:\Program Files (x86)\Foxit Software\Foxit PDF Reader,1.0
1884,Foxit PDF Reader ConnectedPDF Windows Service.,2024.2,Foxit Software Inc.,Application,,C:\Program Files (x86)\Foxit Software\Foxit PDF Reader,1.0
1884,Foxit PDF Reader Update Service,1.0,Foxit Software Inc.,Application,,C:\Program Files (x86)\Common Files\Foxit\Foxit PDF Reader,1.0
1884,Foxit Updater,2024.2,Foxit Corporation,Application,,C:\Program Files (x86)\Foxit Software\Foxit PDF Reader,1.0
1884,Google Chrome,144.0,Google LLC,Web Browser,"February 06, 2026 12:00:00 AM",C:\Program Files\Google\Chrome\Application,9.0
1884,Google Chrome,145.0,Google LLC,Web Browser,,C:\Program Files (x86)\Google\ChromeEnterpriseCompanion,1.0
1884,Google Chrome,146.0,Google LLC,Web Browser,,C:\Program Files\Google\Chrome\Application\PlatformExperienceHelper,1.0
1884,Google Update Helper,1.3,Google LLC,Add/Remove Programs,"July 01, 2022 12:00:00 AM",,
1884,Google Updater (x64),144.0,Google LLC,Application,,C:\Program Files (x86)\Google\Update,2.0
1884,Google Workspace Migration for Microsoft Outlook 4.3.29.0,4.3,Google Inc.,Add/Remove Programs,"May 15, 2025 12:00:00 AM",,
1884,Google Workspace Migration for Microsoft Outlook\x00AE,4.3,Google Inc.,Application,,C:\Program Files\Google\Google Apps Migration,1.0
1884,gusvc,2.0,Google,Application,,C:\Program Files (x86)\Google\Common\Google Updater,1.0
1884,HDLP Diagnostic Tool,11.12,Trellix,Application,,C:\Program Files\McAfee\DLP\Agent\Tools,1.0
1884,Herramientas de corrección de Microsoft Office 2016: español,16.0,Microsoft Corporation Inc.,Add/Remove Programs,"July 09, 2025 12:00:00 AM",C:\Program Files\Microsoft Office\,
1884,HP BIOS Configuration Utility,4.0,HP,Application,,C:\Windows\HP,1.0
1884,HP Customer Feedback,9.1,HP Inc.,Application,,C:\Program Files (x86)\HP\HP Support Framework\Resources,1.0
1884,HP Device Console,6.1,Hewlett-Packard Company,Application,,C:\SWSetup\SP153785,5.0
1884,HP Firmware Update and Recovery,3.1,HP,Application,,C:\Windows\Firmware,12.0
1884,HP Firmware Update and Recovery,3.0,HP,Application,,C:\Windows\Firmware\{6b828df1-8ffa-4cae-b04e-3f0f2ee37a9a},11.0
1884,HP Hotkey Service,8.10,HP Inc.,Application,,C:\SWSetup\SP153707\src\driver\x64\Extension,3.0
1884,HP Insights Analytics,4.2,HP Inc.,Application,,C:\SWSetup\SP151560\drivers\P00HPA.B2x\4.2.1737.0\src\driver\x64,1.0
1884,HP Insights Analytics Service,4.2,HP Inc.,Application,,C:\SWSetup\SP151560\drivers\P00HPA.B2x\4.2.1737.0\src\driver\x64,1.0
1884,HP Insights Graphics,4.2,HP Inc.,Application,,C:\SWSetup\SP151560\drivers\P00HPA.B2x\4.2.1737.0\src\driver\x64,1.0
1884,HP LAN/WLAN/WWAN Switching UWP Service,8.10,HP Inc.,Application,,C:\SWSetup\SP153707\src\driver\x64\Extension,3.0
1884,HP One Agent,1.1,HP Inc.,Application,,C:\SWSetup\SP153368\src\fusion\x64,1.0
1884,HP PC Hardware Diagnostics UEFI,10.5,HP,Add/Remove Programs,"August 27, 2024 12:00:00 AM",C:\Windows\HP\,
1884,HP System Default Settings,1.5,HP Inc.,Add/Remove Programs,"December 30, 2025 12:00:00 AM",C:\Program Files (x86)\HP\HP System Default Settings\,
1884,HP Toast Notification Activator,1.0,HP,Application,,C:\Windows\Firmware,12.0
1884,HP Update Package,1.0,HP Inc.,Application,,C:\SWSetup\SP153785,6.0
1884,HP Web Products Detection,9.7,HP Inc.,Application,,C:\Program Files (x86)\HP\HP Support Framework\Modules,1.0
1884,HPAudioCheck,1.3,HP Inc.,Application,,C:\Program Files (x86)\HP\HP Support Framework\Resources\HPAudioCheck,1.0
1884,HPAudioCheck,1.4,HP Inc.,Application,,C:\Program Files (x86)\HP\HPX Support\Resources\HPAudioCheck,1.0
1884,HPDeviceCheck,1.2,,Application,,C:\Program Files (x86)\HP\HP Support Framework\Modules\HPDeviceCheck,1.0
1884,HPNetworkCheck,9.1,HP Inc.,Application,,C:\Program Files (x86)\HP\HPX Support\Resources\HPNetworkCheck,2.0
1884,HPOSCheck,1.4,HP Inc.,Application,,C:\Program Files (x86)\HP\HPX Support\Resources\HPOSCheck,1.0
1884,HPOSCheck,1.3,HP Inc.,Application,,C:\Program Files (x86)\HP\HP Support Framework\Resources\HPOSCheck,1.0
1884,HPPerformanceTuneup,2.1,HP Inc.,Application,,C:\Program Files (x86)\HP\HP Support Framework\Resources\HPPerformanceTuneup,1.0
1884,HPPerformanceTuneup,2.2,HP Inc.,Application,,C:\Program Files (x86)\HP\HPX Support\Resources\HPPerformanceTuneup,1.0
1884,HPPrinterHealthMonitor,1.0,HP Inc.,Application,,C:\Program Files (x86)\HP\HP Support Framework\Modules\PSDR,1.0
1884,HPPrinterLowInk,1.2,HP Inc.,Application,,C:\Program Files (x86)\HP\HP Support Framework\Resources\HPPrinterLowInk,1.0
1884,HPPrintSpooler,1.3,HP Inc.,Application,,C:\Program Files (x86)\HP\HP Support Framework\Resources\HPPrintSpooler,1.0
1884,HPPrivacySettings,1.3,HP Inc.,Application,,C:\SWSetup\SP151560\HPSA,2.0
1884,HPPrivacySettings,1.4,HP Inc.,Application,,C:\SWSetup\SP151560\software\P012CM.B2K\1.3.10.0\src,1.0
1884,HPPSDrDownloader,1.0,HP Inc.,Application,,C:\Program Files (x86)\HP\HP Support Framework\Resources,1.0
1884,HPQPswd Application,3.0,HP,Application,,C:\SWSetup\sp166151,18.0
1884,HPSACommands,1.0,HP Inc.,Application,,C:\Program Files (x86)\HP\HPX Support\Resources,2.0
1884,HPSALauncher,9.4,HP Inc.,Application,,C:\Program Files (x86)\HP\HPX Support\Resources,1.0
1884,HPSALauncher,9.7,HP Inc.,Application,,C:\Program Files (x86)\HP\HP Support Framework\Resources,1.0
1884,HPSFReport,8.17,HP Inc.,Application,,C:\Program Files (x86)\HP\HP Support Framework\Resources,1.0
1884,HPSFReport,8.15,HP Inc.,Application,,C:\Program Files (x86)\HP\HPX Support\Resources,1.0
1884,HPSFViewer,8.6,HP Inc.,Application,,C:\Program Files (x86)\HP\HPX Support\Resources,2.0
1884,HPUpdate,3.0,HP Inc.,Application,,C:\Program Files (x86)\HP\HP Support Framework\Resources\HPUpdate,1.0
1884,HPWarrantyChecker,6.44,HP Inc.,Application,,C:\Program Files (x86)\HP\HP Support Framework\Resources\HPWarrantyCheck,1.0
1884,HPWSD,9.7,HP Inc.,Application,,C:\Program Files (x86)\HP\HP Support Framework\Warranty,1.0
1884,IEToEdge BHO,144.0,Microsoft Corporation Inc.,Application,,C:\Program Files (x86)\Microsoft\EdgeWebView\Application\144.0.3719.115\BHO,5.0
1884,Imaging Devices Control Panel,10.0,Microsoft Corporation Inc.,Application,,C:\Program Files (x86)\Windows Photo Viewer,2.0
1884,InsightsProcessInfo,1.0,HP Inc.,Application,,C:\SWSetup\SP151560\drivers\P00HPA.B2x\4.2.1737.0\src\driver\x64\Provider Data Sources\ProcInfo,1.0
1884,Intel TXT ACM driver for CML-S,1.13,HP Inc.,Application,,C:\Program Files\Intel\TXT,1.0
1884,Kaspersky Endpoint Security 11 for Windows,11.4,AO Kaspersky Lab,Application,,D:\standar komputer\KES 11.4\KES 12,1.0
1884,Kaspersky Security Center Reboot Agent,12.2,AO Kaspersky Lab,Application,,C:\Users\Administrator\Downloads\NetAgent_12.0.0.7734,1.0
1884,Lansweeper lspush,8.4,Lansweeper,Application,,C:,1.0
1884,LibreOffice,7.6,The Document Foundation,Application,,C:\Program Files\LibreOffice\program,2.0
1884,LibreOffice 7.6.7.2,7.6,The Document Foundation,Add/Remove Programs,"October 09, 2024 12:00:00 AM",C:\Program Files\LibreOffice\,
1884,LibreOffice Base,7.6,The Document Foundation,Application,,C:\Program Files\LibreOffice\program,1.0
1884,LibreOffice Calc,7.6,The Document Foundation,Application,,C:\Program Files\LibreOffice\program,1.0
1884,LibreOffice Draw,7.6,The Document Foundation,Application,,C:\Program Files\LibreOffice\program,1.0
1884,LibreOffice Impress,7.6,The Document Foundation,Application,,C:\Program Files\LibreOffice\program,1.0
1884,LibreOffice Math,7.6,The Document Foundation,Application,,C:\Program Files\LibreOffice\program,1.0
1884,LibreOffice Writer,7.6,The Document Foundation,Application,,C:\Program Files\LibreOffice\program,1.0
1884,LibreOffice Writer (Web),7.6,The Document Foundation,Application,,C:\Program Files\LibreOffice\program,1.0
1884,MA Command Agent Binary,5.8,Musarubra US LLC.,Application,,C:\Program Files\McAfee\Agent,1.0
1884,MA Policy Upgrade Tool,5.8,Musarubra US LLC.,Application,,C:\Program Files\McAfee\Agent\x86,1.0
1884,MB Version update tool,4.8,Microsoft Corporation Inc.,Application,,C:\Windows\Microsoft.NET\Framework64\v4.0.30319,3.0
1884,Microsoft .NET Assembly Registration Utility,4.8,Microsoft Corporation Inc.,Application,,C:\Windows\Microsoft.NET\Framework64\v4.0.30319,2.0
1884,Microsoft .NET ClickOnce Launch Utility,4.8,Microsoft Corporation Inc.,Application,,C:\Windows\Microsoft.NET\Framework64\v4.0.30319,2.0
1884,Microsoft .NET Framework CAS Policy Manager,4.8,Microsoft Corporation Inc.,Application,,C:\Windows\Microsoft.NET\Framework64\v4.0.30319,2.0
1884,Microsoft .NET Framework IL assembler,4.8,Microsoft Corporation Inc.,Application,,C:\Windows\Microsoft.NET\Framework64\v4.0.30319,2.0
1884,Microsoft .NET Framework optimization service,4.8,Microsoft Corporation Inc.,Application,,C:\Windows\Microsoft.NET\Framework64\v4.0.30319,2.0
1884,Microsoft Application Error Reporting,16.0,Microsoft Corporation Inc.,Application,,C:\Program Files\Common Files\microsoft shared\DW,1.0
1884,Microsoft ASP.NET State Server,4.8,Microsoft Corporation Inc.,Application,,C:\Windows\Microsoft.NET\Framework64\v4.0.30319,2.0
1884,Microsoft Common Language Runtime native compiler,4.8,Microsoft Corporation Inc.,Application,,C:\Windows\Microsoft.NET\Framework64\v4.0.30319,2.0
1884,Microsoft Contacts Import Tool,10.0,Microsoft Corporation Inc.,Application,,C:\Program Files (x86)\Windows Mail,2.0
1884,Microsoft Data Loss Prevention MIP Agent,4.18,Microsoft Corporation Inc.,Application,,C:\Program Files\Windows Defender,1.0
1884,Microsoft Edge,144.0,Microsoft Corporation Inc.,Application,"July 08, 2024 12:00:00 AM",C:\Program Files (x86)\Microsoft\EdgeWebView\Application\144.0.3719.115,49.0
1884,Microsoft Edge COM Registration Helper ARM64,1.3,Microsoft Corporation Inc.,Application,,C:\Program Files (x86)\Microsoft\EdgeUpdate\1.3.217.3,1.0
1884,Microsoft Edge PWA Launcher,144.0,Microsoft Corporation Inc.,Application,,C:\Program Files (x86)\Microsoft\EdgeWebView\Application\144.0.3719.115,5.0
1884,Microsoft Edge Update,1.3,Microsoft Corporation Inc.,Application,,C:\Program Files (x86)\Microsoft\EdgeUpdate,5.0
1884,Microsoft Edge Update COM Registration Helper,1.3,Microsoft Corporation Inc.,Application,,C:\Program Files (x86)\Microsoft\EdgeUpdate\1.3.217.3,1.0
1884,Microsoft Edge WebView2,144.0,Microsoft Corporation Inc.,Application,,C:\Program Files (x86)\Microsoft\EdgeWebView\Application\144.0.3719.115,5.0
1884,Microsoft Edge WebView2 Runtime,144.0,Microsoft Corporation Inc.,Add/Remove Programs,"February 09, 2026 12:00:00 AM",C:\Program Files (x86)\Microsoft\EdgeWebView\Application,
1884,Microsoft Entra WAM plugin,10.0,Microsoft Corporation Inc.,Application,,C:\Windows\SystemApps\Microsoft.AAD.BrokerPlugin_cw5n1h2txyewy,1.0
1884,Microsoft Excel,16.0,Microsoft Corporation Inc.,Application,,C:\Program Files\Microsoft Office\Office16,2.0
1884,Microsoft Excel MUI (English) 2016,16.0,Microsoft Corporation Inc.,Add/Remove Programs,"February 11, 2026 12:00:00 AM",C:\Program Files\Microsoft Office\,
1884,Microsoft Family Safety,10.0,Microsoft Corporation Inc.,Application,,C:\Windows\SystemApps\ParentalControls_cw5n1h2txyewy,1.0
1884,Microsoft Filter Loader,16.0,Microsoft Corporation Inc.,Application,,C:\Program Files\Common Files\microsoft shared\OFFICE16,1.0
1884,Microsoft Groove MUI (English) 2016,16.0,Microsoft Corporation Inc.,Add/Remove Programs,"April 09, 2025 12:00:00 AM",C:\Program Files\Microsoft Office\,
1884,Microsoft Help and Support,10.0,Microsoft Corporation Inc.,Application,,C:\Windows,1.0
1884,Microsoft Internet Explorer,11.0,Microsoft Corporation Inc.,Web Browser,,C:\Program Files (x86)\Internet Explorer,9.0
1884,Microsoft Malware Protection Command Line Utility,4.18,Microsoft Corporation Inc.,Application,,C:\Program Files (x86)\Windows Defender,2.0
1884,Microsoft Malware Protection Copy Accelerator Utility,4.18,Microsoft Corporation Inc.,Application,,C:\Program Files\Windows Defender,1.0
1884,Microsoft Malware Protection DLP Command Line Utility,4.18,Microsoft Corporation Inc.,Application,,C:\Program Files\Windows Defender,1.0
1884,Microsoft Malware Protection DLP User Agent,4.18,Microsoft Corporation Inc.,Application,,C:\Program Files\Windows Defender,1.0
1884,Microsoft Mashup Evaluation Container,2.61,Microsoft Corporation Inc.,Application,,C:\Program Files\Microsoft Office\Office16\ADDINS\Microsoft Power Query for Excel Integrated\bin,3.0
1884,Microsoft Network Realtime Inspection Service,4.18,Microsoft Corporation Inc.,Application,,C:\Program Files\Windows Defender,1.0
1884,Microsoft Office,16.0,Microsoft Corporation Inc.,Application,,C:\Program Files\Microsoft Office\Office16,1.0
1884,Microsoft Office 15 Language Preferences,16.0,Microsoft Corporation Inc.,Application,,C:\Program Files\Microsoft Office\Office16,1.0
1884,Microsoft Office 2016,16.0,Microsoft Corporation Inc.,Application,,C:\Program Files\Microsoft Office\Office16,1.0
1884,Microsoft Office component,16.0,Microsoft Corporation Inc.,Application,,C:\Program Files\Common Files\microsoft shared\OFFICE16,1.0
1884,Microsoft Office Contact Retriever,16.0,Microsoft Corporation Inc.,Application,,C:\Program Files\Microsoft Office\Office16,1.0
1884,Microsoft Office Document Cache,16.0,Microsoft Corporation Inc.,Application,,C:\Program Files\Microsoft Office\Office16,1.0
1884,Microsoft Office Document Cache Migration,16.0,Microsoft Corporation Inc.,Application,,C:\Program Files (x86)\Common Files\Microsoft Shared\OFFICE16,2.0
1884,Microsoft Office Document Cache Sync Client Interface,16.0,Microsoft Corporation Inc.,Application,,C:\Program Files\Common Files\microsoft shared\OFFICE16,1.0
1884,Microsoft Office Help Viewer,16.0,Microsoft Corporation Inc.,Application,,C:\Program Files\Microsoft Office\Office16,1.0
1884,Microsoft Office Multi-Msi ActiveDirectory Deployment Tool.,16.0,Microsoft Corporation Inc.,Application,,C:\Program Files\Common Files\microsoft shared\OFFICE16\Office Setup Controller,1.0
1884,Microsoft Office OSM MUI (English) 2016,16.0,Microsoft Corporation Inc.,Add/Remove Programs,"April 09, 2025 12:00:00 AM",C:\Program Files\Microsoft Office\,
1884,Microsoft Office OSM UX MUI (English) 2016,16.0,Microsoft Corporation Inc.,Add/Remove Programs,"April 09, 2025 12:00:00 AM",C:\Program Files\Microsoft Office\,
1884,Microsoft Office Proofing (English) 2016,16.0,Microsoft Corporation Inc.,Add/Remove Programs,"April 09, 2025 12:00:00 AM",C:\Program Files\Microsoft Office\,
1884,Microsoft Office Proofing Tools 2016 - English,16.0,Microsoft Corporation Inc.,Add/Remove Programs,"July 09, 2025 12:00:00 AM",C:\Program Files\Microsoft Office\,
1884,Microsoft Office Screen Recorder,16.0,Microsoft Corporation Inc.,Application,,C:\Program Files\Microsoft Office\Office16,1.0
1884,Microsoft Office Shared 32-bit MUI (English) 2016,16.0,Microsoft Corporation Inc.,Add/Remove Programs,"February 11, 2026 12:00:00 AM",C:\Program Files\Microsoft Office\,
1884,Microsoft Office Shared MUI (English) 2016,16.0,Microsoft Corporation Inc.,Add/Remove Programs,"January 27, 2026 12:00:00 AM",C:\Program Files\Microsoft Office\,
1884,Microsoft Office Standard 2016,16.0,Microsoft Corporation Inc.,Add/Remove Programs,"February 11, 2026 12:00:00 AM",C:\Program Files\Microsoft Office,
1884,Microsoft Office Upload Center,16.0,Microsoft Corporation Inc.,Application,,C:\Program Files\Microsoft Office\Office16,1.0
1884,Microsoft OneDrive for Business,16.0,Microsoft Corporation Inc.,Application,,C:\Program Files\Microsoft Office\Office16,1.0
1884,Microsoft OneNote,16.0,Microsoft Corporation Inc.,Application,,C:\Program Files\Microsoft Office\Office16,1.0
1884,Microsoft OneNote Internet Explorer Content Service,16.0,Microsoft Corporation Inc.,Application,,C:\Program Files\Microsoft Office\Office16,1.0
1884,Microsoft OneNote MUI (English) 2016,16.0,Microsoft Corporation Inc.,Add/Remove Programs,"August 09, 2025 12:00:00 AM",C:\Program Files\Microsoft Office\,
1884,Microsoft Outlook,16.0,Microsoft Corporation Inc.,Application,,C:\Program Files\Microsoft Office\Office16,1.0
1884,Microsoft Outlook Data Files Scan/Repair Utility,16.0,Microsoft Corporation Inc.,Application,,C:\Program Files\Microsoft Office\Office16,1.0
1884,Microsoft Outlook MUI (English) 2016,16.0,Microsoft Corporation Inc.,Add/Remove Programs,"February 11, 2026 12:00:00 AM",C:\Program Files\Microsoft Office\,
1884,Microsoft PDF Reflow,16.0,Microsoft Corporation Inc.,Application,,C:\Program Files\Microsoft Office\Office16,1.0
1884,Microsoft PowerPoint,16.0,Microsoft Corporation Inc.,Application,,C:\Program Files\Microsoft Office\Office16,1.0
1884,Microsoft PowerPoint MUI (English) 2016,16.0,Microsoft Corporation Inc.,Add/Remove Programs,"February 11, 2026 12:00:00 AM",C:\Program Files\Microsoft Office\,
1884,Microsoft Publisher,16.0,Microsoft Corporation Inc.,Application,,C:\Program Files\Microsoft Office\Office16,1.0
1884,Microsoft Publisher MUI (English) 2016,16.0,Microsoft Corporation Inc.,Add/Remove Programs,"April 09, 2025 12:00:00 AM",C:\Program Files\Microsoft Office\,
1884,Microsoft Purview Data Loss Prevention Service,4.18,Microsoft Corporation Inc.,Application,,C:\Program Files\Windows Defender,1.0
1884,Microsoft Query,16.0,Microsoft Corporation Inc.,Application,,C:\Program Files\Microsoft Office\Office16,1.0
1884,Microsoft Resource File To COFF Object Conversion Utility,14.29,Microsoft Corporation Inc.,Application,,C:\Windows\Microsoft.NET\Framework64\v4.0.30319,2.0
1884,Microsoft Security Client Policy Configuration Tool,4.18,Microsoft Corporation Inc.,Application,,C:\Program Files\Windows Defender,1.0
1884,Microsoft Tablet PC Component,10.0,Microsoft Corporation Inc.,Application,,C:\Program Files (x86)\Common Files\Microsoft Shared\ink,1.0
1884,Microsoft Update Health Service,10.0,Microsoft Corporation Inc.,Application,,C:\Program Files\Microsoft Update Health Tools,1.0
1884,Microsoft Update Health Tools,5.72,Microsoft Corporation Inc.,Add/Remove Programs,"November 16, 2023 12:00:00 AM",,
1884,Microsoft Visual C++ 2010 x64 Redistributable - 10.0.40219,10.0,Microsoft Corporation Inc.,Add/Remove Programs,"February 29, 2024 12:00:00 AM",,
1884,Microsoft Visual C++ 2010 x86 Redistributable - 10.0.40219,10.0,Microsoft Corporation Inc.,Add/Remove Programs,"February 29, 2024 12:00:00 AM",,
1884,Microsoft Visual C++ 2015-2022 Redistributable (x64) - 14.42.34438,14.42,Microsoft Corporation Inc.,Add/Remove Programs,,,
1884,Microsoft Visual C++ 2022 X64 Additional Runtime - 14.42.34438,14.42,Microsoft Corporation Inc.,Add/Remove Programs,"October 15, 2025 12:00:00 AM",,
1884,Microsoft Visual C++ 2022 X64 Minimum Runtime - 14.42.34438,14.42,Microsoft Corporation Inc.,Add/Remove Programs,"October 15, 2025 12:00:00 AM",,
1884,Microsoft Visual Studio 2010 Tools for Office Runtime (x64),10.0,Microsoft Corporation Inc.,Add/Remove Programs,"February 29, 2024 12:00:00 AM",C:\Program Files\Common Files\Microsoft Shared\VSTO\10.0\,
1884,Microsoft Win32WebViewHost app,10.0,Microsoft Corporation Inc.,Application,,C:\Windows\SystemApps\Microsoft.Win32WebViewHost_cw5n1h2txyewy,1.0
1884,Microsoft Word,16.0,Microsoft Corporation Inc.,Application,,C:\Program Files\Microsoft Office\Office16,1.0
1884,Microsoft Word MUI (English) 2016,16.0,Microsoft Corporation Inc.,Add/Remove Programs,"February 11, 2026 12:00:00 AM",C:\Program Files\Microsoft Office\,
1884,MoUSO Core Worker Process,1507.2512,Microsoft Corporation Inc.,Application,,C:\Windows\UUS\Packages\Preview\amd64,1.0
1884,MoUSO Core Worker Process,1451.2512,Microsoft Corporation Inc.,Application,,C:\Windows\UUS\amd64,1.0
1884,Mozilla Maintenance Service,115.15,Mozilla,Add/Remove Programs,,,
1884,Mozilla Thunderbird (x86 en-US),115.15,Mozilla,Add/Remove Programs,,C:\Program Files (x86)\Mozilla Thunderbird,
1884,Narrator Home,10.0,Microsoft Corporation Inc.,Application,,C:\Windows\SystemApps\microsoft.windows.narratorquickstart_8wekyb3d8bbwe,1.0
1884,NCLauncherFromChrome,1.0,HP Inc.,Application,,C:\Program Files (x86)\HP\HP Support Framework\Resources\HPNetworkCheck,2.0
1884,NCLauncherFromIE,8.0,HP Inc.,Application,,C:\Program Files (x86)\HP\HP Support Framework\Resources\HPNetworkCheck,1.0
1884,Notepad,10.0,Microsoft Corporation Inc.,Application,,C:\Windows,1.0
1884,Notifications host process,1451.2512,Microsoft Corporation Inc.,Application,,C:\Windows\UUS\amd64,1.0
1884,Notifications host process,1507.2512,Microsoft Corporation Inc.,Application,,C:\Windows\UUS\Packages\Preview\amd64,1.0
1884,OCChat,1.0,,Application,,C:\Program Files (x86)\HP\HPX Support\Resources\OCChat,1.0
1884,OESIS Framework V4 3rd Party Host,4.3,OPSWAT Inc.,Application,,C:\Program Files\BMC Software\Client Management\Client\bin\opswat,2.0
1884,OESIS Framework V4 Diagnose,4.3,OPSWAT Inc.,Application,,C:\Program Files\BMC Software\Client Management\Client\bin\opswat,1.0
1884,Office Licensing Admin Access Provider,16.0,Microsoft Corporation Inc.,Application,,C:\Program Files\Common Files\microsoft shared\OFFICE16,1.0
1884,Office Source Engine,16.0,Microsoft Corporation Inc.,Application,,C:\Program Files\Common Files\microsoft shared\Source Engine,2.0
1884,Office Subscription Licensing Heartbeat,16.0,Microsoft Corporation Inc.,Application,,C:\Program Files\Common Files\microsoft shared\OFFICE16,1.0
1884,Office Telemetry Agent,16.0,Microsoft Corporation Inc.,Application,,C:\Program Files\Microsoft Office\Office16,1.0
1884,Office Telemetry Dashboard,16.0,Microsoft Corporation Inc.,Application,,C:\Program Files\Microsoft Office\Office16,1.0
1884,Office Telemetry Log,16.0,Microsoft Corporation Inc.,Application,,C:\Program Files\Microsoft Office\Office16,1.0
1884,Office XML Handler,16.0,Microsoft Corporation Inc.,Application,,C:\Program Files\Common Files\microsoft shared\OFFICE16,1.0
1884,OOBE Captive Portal Flow,10.0,Microsoft Corporation Inc.,Application,,C:\Windows\SystemApps\Microsoft.Windows.OOBENetworkCaptivePortal_cw5n1h2txyewy,1.0
1884,OOBE Network Connection Flow,10.0,Microsoft Corporation Inc.,Application,,C:\Windows\SystemApps\Microsoft.Windows.OOBENetworkConnectionFlow_cw5n1h2txyewy,1.0
1884,Outils de vérification linguistique 2016 de Microsoft Office - Français,16.0,Microsoft Corporation Inc.,Add/Remove Programs,"July 09, 2025 12:00:00 AM",C:\Program Files\Microsoft Office\,
1884,Picasa,3.9,Google Inc.,Application,,C:\Program Files (x86)\Google\Picasa3,7.0
1884,Picasa 3,3.9,Google Inc.,Add/Remove Programs,,"""C:\Program Files (x86)\Google\Picasa3""",
1884,Picasa Photo Viewer,3.9,Google Inc.,Application,,C:\Program Files (x86)\Google\Picasa3,1.0
1884,Plugin Container for Thunderbird,115.15,Mozilla Corporation,Application,,C:\Program Files (x86)\Mozilla Thunderbird,1.0
1884,Print Dialog,10.0,Microsoft Corporation Inc.,Application,,C:\Windows\SystemApps\Windows.PrintDialog_cw5n1h2txyewy,1.0
1884,Print driver host for applications,10.0,Microsoft Corporation Inc.,Application,,C:\Windows,1.0
1884,Print Queue Action Center,10.0,Microsoft Corporation Inc.,Application,,C:\Windows\SystemApps\Microsoft.Windows.PrintQueueActionCenter_cw5n1h2txyewy,1.0
1884,PWA Identity Proxy Host,144.0,Microsoft Corporation Inc.,Application,,C:\Program Files (x86)\Microsoft\EdgeWebView\Application\144.0.3719.115,5.0
1884,PwaHelper executable for Identity Proxy,144.0,Microsoft Corporation Inc.,Application,,C:\Program Files (x86)\Microsoft\EdgeWebView\Application\144.0.3719.115,5.0
1884,Python,3.8,Python Software Foundation,Application,,C:\Program Files\LibreOffice\program\python-core-3.8.19\bin,1.0
1884,Registry Editor,10.0,Microsoft Corporation Inc.,Application,,C:\Windows,1.0
1884,Safe Reboot Application,9.6,Ivanti,Application,,C:\Program Files\BMC Software\Client Management\Client\data\PatchManagementPremium\workspace,2.0
1884,Security Update for Microsoft Access 2016 (KB5002720) 64-Bit Edition,,Microsoft Corporation Inc.,Add/Remove Programs,,,
1884,Security Update for Microsoft Excel 2016 (KB5002837) 64-Bit Edition,,Microsoft Corporation Inc.,Add/Remove Programs,,,
1884,Security Update for Microsoft Office 2016 (KB3085538) 64-Bit Edition,,Microsoft Corporation Inc.,Add/Remove Programs,,,
1884,Security Update for Microsoft Office 2016 (KB3191869) 64-Bit Edition,,Microsoft Corporation Inc.,Add/Remove Programs,,,
1884,Security Update for Microsoft Office 2016 (KB3213551) 64-Bit Edition,,Microsoft Corporation Inc.,Add/Remove Programs,,,
1884,Security Update for Microsoft Office 2016 (KB4011574) 64-Bit Edition,,Microsoft Corporation Inc.,Add/Remove Programs,,,
1884,Security Update for Microsoft Office 2016 (KB4022176) 64-Bit Edition,,Microsoft Corporation Inc.,Add/Remove Programs,,,
1884,Security Update for Microsoft Office 2016 (KB4462148) 64-Bit Edition,,Microsoft Corporation Inc.,Add/Remove Programs,,,
1884,Security Update for Microsoft Office 2016 (KB4464583) 64-Bit Edition,,Microsoft Corporation Inc.,Add/Remove Programs,,,
1884,Security Update for Microsoft Office 2016 (KB4475581) 64-Bit Edition,,Microsoft Corporation Inc.,Add/Remove Programs,,,
1884,Security Update for Microsoft Office 2016 (KB4475587) 64-Bit Edition,,Microsoft Corporation Inc.,Add/Remove Programs,,,
1884,Security Update for Microsoft Office 2016 (KB4484103) 64-Bit Edition,,Microsoft Corporation Inc.,Add/Remove Programs,,,
1884,Security Update for Microsoft Office 2016 (KB4484432) 64-Bit Edition,,Microsoft Corporation Inc.,Add/Remove Programs,,,
1884,Security Update for Microsoft Office 2016 (KB5001941) 64-Bit Edition,,Microsoft Corporation Inc.,Add/Remove Programs,,,
1884,Security Update for Microsoft Office 2016 (KB5002341) 64-Bit Edition,,Microsoft Corporation Inc.,Add/Remove Programs,,,
1884,Security Update for Microsoft Office 2016 (KB5002576) 64-Bit Edition,,Microsoft Corporation Inc.,Add/Remove Programs,,,
1884,Security Update for Microsoft Office 2016 (KB5002616) 64-Bit Edition,,Microsoft Corporation Inc.,Add/Remove Programs,,,
1884,Security Update for Microsoft Office 2016 (KB5002669) 64-Bit Edition,,Microsoft Corporation Inc.,Add/Remove Programs,,,
1884,Security Update for Microsoft Office 2016 (KB5002713) 64-Bit Edition,,Microsoft Corporation Inc.,Add/Remove Programs,,,
1884,Security Update for Microsoft Office 2016 (KB5002762) 64-Bit Edition,,Microsoft Corporation Inc.,Add/Remove Programs,,,
1884,Security Update for Microsoft Office 2016 (KB5002766) 64-Bit Edition,,Microsoft Corporation Inc.,Add/Remove Programs,,,
1884,Security Update for Microsoft Office 2016 (KB5002812) 64-Bit Edition,,Microsoft Corporation Inc.,Add/Remove Programs,,,
1884,Security Update for Microsoft Office 2016 (KB5002818) 64-Bit Edition,,Microsoft Corporation Inc.,Add/Remove Programs,,,
1884,Security Update for Microsoft Office 2016 (KB5002826) 64-Bit Edition,,Microsoft Corporation Inc.,Add/Remove Programs,,,
1884,Security Update for Microsoft PowerPoint 2016 (KB5002790) 64-Bit Edition,,Microsoft Corporation Inc.,Add/Remove Programs,,,
1884,Security Update for Microsoft Project 2016 (KB5002652) 64-Bit Edition,,Microsoft Corporation Inc.,Add/Remove Programs,,,
1884,Security Update for Microsoft Publisher 2016 (KB5002566) 64-Bit Edition,,Microsoft Corporation Inc.,Add/Remove Programs,,,
1884,Security Update for Microsoft Visio 2016 (KB5002634) 64-Bit Edition,,Microsoft Corporation Inc.,Add/Remove Programs,,,
1884,Security Update for Microsoft Word 2016 (KB5002839) 64-Bit Edition,,Microsoft Corporation Inc.,Add/Remove Programs,,,
1884,Send to OneNote Tool,16.0,Microsoft Corporation Inc.,Application,,C:\Program Files\Microsoft Office\Office16,1.0
1884,SendCrashReport,12.0,Foxit Corporation,Application,,C:\Program Files (x86)\Foxit Software\Foxit PDF Reader,1.0
1884,Settings,10.0,Microsoft Corporation Inc.,Application,,C:\Windows\ImmersiveControlPanel,1.0
1884,SFU Service,1.1,HP Inc.,Application,,C:\Windows\Firmware,1.0
1884,SolutionFinder,1.1,HP Inc.,Application,,C:\Program Files (x86)\HP\HP Support Framework\Resources\SolutionFinder,1.0
1884,Speech Recognition,10.0,Microsoft Corporation Inc.,Application,,C:\Windows\Speech\Common,1.0
1884,SQL External minidumper,11.0,Microsoft Corporation Inc.,Application,,C:\Program Files (x86)\Microsoft Analysis Services\AS OLEDB\110,2.0
1884,ST Deploy,9.6,Ivanti,Application,,C:\Program Files\BMC Software\Client Management\Client\data\PatchManagementPremium\workspace,3.0
1884,ST Remote Command,9.6,Ivanti,Application,,C:\Program Files\BMC Software\Client Management\Client\data\PatchManagementPremium\workspace,1.0
1884,System Information,10.0,Microsoft Corporation Inc.,Application,,C:\Program Files (x86)\Common Files\Microsoft Shared\MSInfo,2.0
1884,TA Compat service,5.8,Musarubra US LLC.,Application,,C:\Program Files\McAfee\Agent\x86,1.0
1884,Take a Test,0.0,Microsoft Corporation Inc.,Application,,C:\Windows\SystemApps\Microsoft.Windows.SecureAssessmentBrowser_cw5n1h2txyewy,1.0
1884,TaskbarController,1.0,HP Inc.,Application,,C:\Program Files (x86)\HP\HP Support Framework,1.0
1884,TCUI.UAP,0.0,Microsoft Corporation Inc.,Application,,C:\Windows\SystemApps\Microsoft.XboxGameCallableUI_cw5n1h2txyewy,1.0
1884,Thunderbird,115.15,Mozilla Corporation,Application,,C:\Program Files (x86)\Mozilla Thunderbird,1.0
1884,Thunderbird,18.05,Mozilla,Application,,D:\standar komputer,1.0
1884,Thunderbird Helper,115.15,Mozilla Corporation,Application,,C:\Program Files (x86)\Mozilla Thunderbird\uninstall,1.0
1884,Thunderbird Software Updater,115.15,Mozilla Foundation,Application,,C:\Program Files (x86)\Mozilla Thunderbird,1.0
1884,Thunderbird Windows Search Integration Handler,115.15,Mozilla Foundation,Application,,C:\Program Files (x86)\Mozilla Thunderbird,1.0
1884,Touch Keyboard and Handwriting Panel,10.0,Microsoft Corporation Inc.,Application,,C:\Program Files\Common Files\microsoft shared\ink,1.0
1884,Touch Keyboard and Handwriting Panel Helper,10.0,Microsoft Corporation Inc.,Application,,C:\Program Files (x86)\Common Files\Microsoft Shared\ink,1.0
1884,Track Review,2024.2,Foxit Software Inc.,Application,,C:\Program Files (x86)\Foxit Software\Foxit PDF Reader,1.0
1884,Trellix Agent,5.08,Trellix,MSI Database,"October 10, 2025 12:00:00 AM",C:\Program Files\McAfee\Agent\,
1884,Trellix Agent,5.8,Trellix,Add/Remove Programs,"October 10, 2025 12:00:00 AM",C:\Program Files\McAfee\Agent\,
1884,Trellix Agent AAC Host,5.8,Musarubra US LLC.,Application,,C:\Program Files\McAfee\Agent\x86,1.0
1884,Trellix Agent Common Services,5.8,Musarubra US LLC.,Application,,C:\Program Files\McAfee\Agent,1.0
1884,Trellix Agent Configurator,5.8,Musarubra US LLC.,Application,,C:\Program Files\McAfee\Agent,2.0
1884,Trellix Agent Extension Updater,5.8,Musarubra US LLC.,Application,,C:\Program Files\McAfee\Agent,1.0
1884,Trellix Agent McScanCheck,5.8,Musarubra US LLC.,Application,,C:\Program Files\McAfee\Agent\x86,1.0
1884,Trellix Agent Repository Mirror,5.8,Musarubra US LLC.,Application,,C:\Program Files\McAfee\Agent\x86,1.0
1884,Trellix Agent Script Engine,5.8,Musarubra US LLC.,Application,,C:\Program Files\McAfee\Agent\x86,2.0
1884,Trellix Agent Service,5.8,Musarubra US LLC.,Application,,C:\Program Files\McAfee\Agent,1.0
1884,Trellix Data Exchange Layer for TA,6.0,Trellix,Add/Remove Programs,"October 10, 2025 12:00:00 AM",,
1884,Trellix Data Loss Prevention - Endpoint,11.12,Trellix,Add/Remove Programs,"October 15, 2025 12:00:00 AM",C:\Program Files\McAfee\DLP\Agent\,
1884,Trellix Dlp Diagnostic,11.12,Trellix,Application,,C:\Program Files\McAfee\DLP\Agent,2.0
1884,Trellix DLP Endpoint Agent,11.12,Trellix,Application,,C:\Program Files\McAfee\DLP\Agent,1.0
1884,Trellix DLP Endpoint Outlook Monitor,11.12,Trellix,Application,,C:\Program Files\McAfee\DLP\Agent,1.0
1884,Trellix DLP Endpoint Performance Monitor,11.12,Trellix,Application,,C:\Program Files\McAfee\DLP\Agent,1.0
1884,Trellix DLP Endpoint Service,11.12,Trellix,Application,,C:\Program Files\McAfee\DLP\Agent,1.0
1884,Trellix DLP Endpoint Service WatchDog,11.12,Trellix,Application,,C:\Program Files\McAfee\DLP\Agent,1.0
1884,Trellix DLP Endpoint Text Extractor,11.12,Trellix,Application,,C:\Program Files\McAfee\DLP\Agent,1.0
1884,Trellix DLP Native Messaging Host,11.12,Trellix,Application,,C:\Program Files\McAfee\DLP\Agent,2.0
1884,Trellix Email Storage Crawler,11.12,Trellix,Application,,C:\Program Files\McAfee\DLP\Agent,2.0
1884,Trellix Tray Application,2.2,Trellix,Application,,C:\Program Files\McAfee\Agent\x86,1.0
1884,UnifiedIoLauncher,1.2,HP Inc.,Application,,C:\Program Files (x86)\HP\HP Support Framework\Resources\SolutionFinder,1.0
1884,Update for Microsoft Office 2016 (KB2920678) 64-Bit Edition,,Microsoft Corporation Inc.,Add/Remove Programs,,,
1884,Update for Microsoft Office 2016 (KB2920717) 64-Bit Edition,,Microsoft Corporation Inc.,Add/Remove Programs,,,
1884,Update for Microsoft Office 2016 (KB2920720) 64-Bit Edition,,Microsoft Corporation Inc.,Add/Remove Programs,,,
1884,Update for Microsoft Office 2016 (KB2920724) 64-Bit Edition,,Microsoft Corporation Inc.,Add/Remove Programs,,,
1884,Update for Microsoft Office 2016 (KB3114524) 64-Bit Edition,,Microsoft Corporation Inc.,Add/Remove Programs,,,
1884,Update for Microsoft Office 2016 (KB3114903) 64-Bit Edition,,Microsoft Corporation Inc.,Add/Remove Programs,,,
1884,Update for Microsoft Office 2016 (KB3115081) 64-Bit Edition,,Microsoft Corporation Inc.,Add/Remove Programs,,,
1884,Update for Microsoft Office 2016 (KB3118262) 64-Bit Edition,,Microsoft Corporation Inc.,Add/Remove Programs,,,
1884,Update for Microsoft Office 2016 (KB3118263) 64-Bit Edition,,Microsoft Corporation Inc.,Add/Remove Programs,,,
1884,Update for Microsoft Office 2016 (KB3118264) 64-Bit Edition,,Microsoft Corporation Inc.,Add/Remove Programs,,,
1884,Update for Microsoft Office 2016 (KB3191929) 64-Bit Edition,,Microsoft Corporation Inc.,Add/Remove Programs,,,
1884,Update for Microsoft Office 2016 (KB3213650) 64-Bit Edition,,Microsoft Corporation Inc.,Add/Remove Programs,,,
1884,Update for Microsoft Office 2016 (KB4011035) 64-Bit Edition,,Microsoft Corporation Inc.,Add/Remove Programs,,,
1884,Update for Microsoft Office 2016 (KB4011259) 64-Bit Edition,,Microsoft Corporation Inc.,Add/Remove Programs,,,
1884,Update for Microsoft Office 2016 (KB4011621) 64-Bit Edition,,Microsoft Corporation Inc.,Add/Remove Programs,,,
1884,Update for Microsoft Office 2016 (KB4011629) 64-Bit Edition,,Microsoft Corporation Inc.,Add/Remove Programs,,,
1884,Update for Microsoft Office 2016 (KB4011634) 64-Bit Edition,,Microsoft Corporation Inc.,Add/Remove Programs,,,
1884,Update for Microsoft Office 2016 (KB4022193) 64-Bit Edition,,Microsoft Corporation Inc.,Add/Remove Programs,,,
1884,Update for Microsoft Office 2016 (KB4032254) 64-Bit Edition,,Microsoft Corporation Inc.,Add/Remove Programs,,,
1884,Update for Microsoft Office 2016 (KB4464587) 64-Bit Edition,,Microsoft Corporation Inc.,Add/Remove Programs,,,
1884,Update for Microsoft Office 2016 (KB4484104) 64-Bit Edition,,Microsoft Corporation Inc.,Add/Remove Programs,,,
1884,Update for Microsoft Office 2016 (KB4484145) 64-Bit Edition,,Microsoft Corporation Inc.,Add/Remove Programs,,,
1884,Update for Microsoft Office 2016 (KB5002050) 64-Bit Edition,,Microsoft Corporation Inc.,Add/Remove Programs,,,
1884,Update for Microsoft Office 2016 (KB5002251) 64-Bit Edition,,Microsoft Corporation Inc.,Add/Remove Programs,,,
1884,Update for Microsoft Office 2016 (KB5002466) 64-Bit Edition,,Microsoft Corporation Inc.,Add/Remove Programs,,,
1884,Update for Microsoft Office 2016 (KB5002623) 64-Bit Edition,,Microsoft Corporation Inc.,Add/Remove Programs,,,
1884,Update for Microsoft OneDrive for Business (KB4022219) 64-Bit Edition,,Microsoft Corporation Inc.,Add/Remove Programs,,,
1884,Update for Microsoft OneNote 2016 (KB5002761) 64-Bit Edition,,Microsoft Corporation Inc.,Add/Remove Programs,,,
1884,Update for Microsoft Outlook 2016 (KB5002747) 64-Bit Edition,,Microsoft Corporation Inc.,Add/Remove Programs,,,
1884,Update for Microsoft Visio Viewer 2016 (KB2920709) 64-Bit Edition,,Microsoft Corporation Inc.,Add/Remove Programs,,,
1884,Update for Skype for Business 2016 (KB5002567) 64-Bit Edition,,Microsoft Corporation Inc.,Add/Remove Programs,,,
1884,Update ML Engine,1507.2512,Microsoft Corporation Inc.,Application,,C:\Windows\UUS\Packages\Preview\amd64,1.0
1884,Visual Basic Command Line Compiler,14.8,Microsoft Corporation Inc.,Application,,C:\Windows\Microsoft.NET\Framework64\v4.0.30319,2.0
1884,Visual C# Command Line Compiler,4.8,Microsoft Corporation Inc.,Application,,C:\Windows\Microsoft.NET\Framework64\v4.0.30319,2.0
1884,WaasMedic Agent Exe,10.0,Microsoft Corporation Inc.,Application,,C:\Windows\UUS\amd64,1.0
1884,Watson Subscriber for SENS Network Notifications,16.0,Microsoft Corporation Inc.,Application,,C:\Program Files\Common Files\microsoft shared\DW,1.0
1884,Windows Contacts,10.0,Microsoft Corporation Inc.,Application,,C:\Program Files (x86)\Windows Mail,2.0
1884,Windows Defender Advanced Threat Protection - Sense AP module,0.3,,Application,,C:\Program Files\Windows Defender Advanced Threat Protection,1.0
1884,Windows Defender Advanced Threat Protection – Sense AP notification module,0.1,,Application,,C:\Program Files\Windows Defender Advanced Threat Protection,1.0
1884,Windows Defender Advanced Threat Protection - Sense NDR module,4.0,Microsoft Corporation Inc.,Application,,C:\Program Files\Windows Defender Advanced Threat Protection,1.0
1884,Windows Defender Advanced Threat Protection IMDSCollector module,10.8805,Microsoft Corporation Inc.,Application,,C:\Program Files\Windows Defender Advanced Threat Protection,1.0
1884,Windows Defender Advanced Threat Protection Sample Upload module,10.8805,Microsoft Corporation Inc.,Application,,C:\Program Files\Windows Defender Advanced Threat Protection,1.0
1884,Windows Defender Advanced Threat Protection Security Configuration Module,2.1037,Microsoft Corporation Inc.,Application,,C:\Program Files\Windows Defender Advanced Threat Protection,1.0
1884,Windows Defender Advanced Threat Protection Sense CE module,10.8805,Microsoft Corporation Inc.,Application,,C:\Program Files\Windows Defender Advanced Threat Protection\Classification,1.0
1884,Windows Defender Advanced Threat Protection Sense Dlp Processor module,10.8805,Microsoft Corporation Inc.,Application,,C:\Program Files\Windows Defender Advanced Threat Protection,1.0
1884,Windows Defender Advanced Threat Protection Sense Event Tracer module,10.8805,Microsoft Corporation Inc.,Application,,C:\Program Files\Windows Defender Advanced Threat Protection,1.0
1884,Windows Defender Advanced Threat Protection Sense Group Policy module,10.8805,Microsoft Corporation Inc.,Application,,C:\Program Files\Windows Defender Advanced Threat Protection,1.0
1884,Windows Defender Advanced Threat Protection Sense Identity module,3.0,Microsoft Corporation Inc.,Application,,C:\Program Files\Windows Defender Advanced Threat Protection,1.0
1884,Windows Defender Advanced Threat Protection Sense IR module,10.8805,Microsoft Corporation Inc.,Application,,C:\Program Files\Windows Defender Advanced Threat Protection,1.0
1884,Windows Defender Advanced Threat Protection Sense TVM module,1.4,,Application,,C:\Program Files\Windows Defender Advanced Threat Protection,1.0
1884,Windows Defender Advanced Threat Protection Service Executable,10.8805,Microsoft Corporation Inc.,Application,,C:\Program Files\Windows Defender Advanced Threat Protection,1.0
1884,Windows Defender Offline Shell,4.18,Microsoft Corporation Inc.,Application,,C:\Program Files\Windows Defender\Offline,1.0
1884,Windows Dump File Verifier,10.0,Microsoft Corporation Inc.,Application,,C:\SWSetup\SP151560\drivers\P00HPA.B2x\4.2.1737.0\src\driver\x64\Provider Data Sources\DriverCrash\x64,1.0
1884,Windows Explorer,10.0,Microsoft Corporation Inc.,Application,,C:\Windows,1.0
1884,Windows Media Player,12.0,Microsoft Corporation Inc.,Application,,C:\Program Files (x86)\Windows Media Player,2.0
1884,Windows Media Player Configuration,12.0,Microsoft Corporation Inc.,Application,,C:\Program Files (x86)\Windows Media Player,2.0
1884,Windows Media Player Folder Sharing Executable,12.0,Microsoft Corporation Inc.,Application,,C:\Program Files (x86)\Windows Media Player,2.0
1884,Windows Media Player Launcher,12.0,Microsoft Corporation Inc.,Application,,C:\Program Files (x86)\Windows Media Player,2.0
1884,Windows Media Player Network Sharing Service,12.0,Microsoft Corporation Inc.,Application,,C:\Program Files\Windows Media Player,1.0
1884,Windows Media Player Network Sharing Service Configuration Application,12.0,Microsoft Corporation Inc.,Application,,C:\Program Files\Windows Media Player,1.0
1884,Windows Media Player Rich Preview Handler,12.0,Microsoft Corporation Inc.,Application,,C:\Program Files (x86)\Windows Media Player,2.0
1884,Windows My People,10.0,Microsoft Corporation Inc.,Application,,C:\Windows\SystemApps\Microsoft.Windows.PeopleExperienceHost_cw5n1h2txyewy,1.0
1884,Windows Shell Experience Host,10.0,Microsoft Corporation Inc.,Application,,C:\Windows\SystemApps\ShellExperienceHost_cw5n1h2txyewy,1.0
1884,Windows Start Experience Host,10.0,Microsoft Corporation Inc.,Application,,C:\Windows\SystemApps\Microsoft.Windows.StartMenuExperienceHost_cw5n1h2txyewy,1.0
1884,Windows Update,1451.2512,Microsoft Corporation Inc.,Application,,C:\Windows\UUS\amd64,1.0
1884,Windows Update,1507.2512,Microsoft Corporation Inc.,Application,,C:\Windows\UUS\Packages\Preview\amd64,1.0
1884,WizLink Application,1.0,,Application,,C:\Program Files (x86)\Online Services\Adobe,2.0
1884,XGPU Eject Dialog,10.0,Microsoft Corporation Inc.,Application,,C:\Windows\SystemApps\Microsoft.Windows.XGpuEjectDialog_cw5n1h2txyewy,1.0
1947,.NET Runtime Optimization Service,4.8,Microsoft Corporation Inc.,Application,,C:\Windows\Microsoft.NET\Framework64\v4.0.30319,2.0
1947,64Bit MAPI Mail Agent,1.0,Foxit Software Inc.,Application,,C:\Program Files (x86)\Foxit Software\Foxit PDF Reader,1.0
1947,7-Zip 24.08 (x64 edition),24.08,Igor Pavlov,Add/Remove Programs,"October 09, 2024 12:00:00 AM",,
1947,7-Zip Console,24.08,Igor Pavlov,Application,,C:\Program Files\7-Zip,1.0
1947,7-Zip File Manager,24.08,Igor Pavlov,Application,,C:\Program Files\7-Zip,1.0
1947,7-Zip GUI,24.08,Igor Pavlov,Application,,C:\Program Files\7-Zip,1.0
1947,7-Zip Standalone Console,19.0,Igor Pavlov,Application,,C:\Program Files (x86)\HP\HP Support Framework\Resources\HPUpdate,1.0
1947,Accounts Control Host,10.0,Microsoft Corporation Inc.,Application,,C:\Windows\SystemApps\Microsoft.AccountsControl_cw5n1h2txyewy,1.0
1947,Adds HP\Consent Manager Launcher to Task Scheduler,2.19,HP Inc.,Application,,C:\Program Files\HP\Consent Manager,1.0
1947,AddSuggestedFoldersToLibraryDialog,10.0,Microsoft Corporation Inc.,Application,,C:\Windows\SystemApps\Microsoft.Windows.AddSuggestedFoldersToLibraryDialog_cw5n1h2txyewy,1.0
1947,ADSelfService Plus Client Software,5.8,ZOHO Corp,Add/Remove Programs,"February 21, 2023 12:00:00 AM",,
1947,ADSelfService Plus Client Software,1.1,ZOHO Corp,Application,,C:\Program Files (x86)\ZOHO Corp\ADSelfService Plus Client Software,1.0
1947,Antimalware Core Service,4.18,Microsoft Corporation Inc.,Application,,C:\Program Files\Windows Defender,1.0
1947,Antimalware Service Executable,4.18,Microsoft Corporation Inc.,Application,,C:\Program Files\Windows Defender,1.0
1947,AppActions,10.0,Microsoft Corporation Inc.,Application,,C:\Windows\SystemApps\Shared\AOT,2.0
1947,AppResolverUX,10.0,Microsoft Corporation Inc.,Application,,C:\Windows\SystemApps\Microsoft.Windows.AppResolverUX_cw5n1h2txyewy,1.0
1947,AsyncTextService,10.0,Microsoft Corporation Inc.,Application,,C:\Windows\SystemApps\Microsoft.AsyncTextService_8wekyb3d8bbwe,1.0
1947,BingPopup,6.0,HP Inc.,Application,,C:\Program Files (x86)\HP\HP Support Framework\Resources\BingPopup,1.0
1947,Biometric Enrollment Host,10.0,Microsoft Corporation Inc.,Application,,C:\Windows\SystemApps\Microsoft.BioEnrollment_cw5n1h2txyewy,1.0
1947,BMC Client Management Agent,24.1.01.240624,BMC Software Inc.,Application,,C:\Program Files\BMC Software\Client Management\Client\bin,1.0
1947,BMC Client Management Certificate Generator,24.1.01.240624,BMC Software Inc.,Application,,C:\Program Files\BMC Software\Client Management\Client\bin,1.0
1947,BMC Client Management Chilli Interpreter,24.1.01.240624,BMC Software Inc.,Application,,C:\Program Files\BMC Software\Client Management\Client\bin,1.0
1947,BMC Client Management Direct Access Proxy Agent,24.1.01.240624,BMC Software Inc.,Application,,C:\Program Files\BMC Software\Client Management\Client\bin,1.0
1947,BMC Client Management Opswat Proxy Agent,24.1.01.240624,BMC Software Inc.,Application,,C:\Program Files\BMC Software\Client Management\Client\bin,1.0
1947,BMC Client Management Package Viewer,24.1.01.240624,BMC Software Inc.,Application,,C:\Program Files\BMC Software\Client Management\Client\bin,1.0
1947,BMC Client Management Patch Broker,24.1.01.240624,BMC Software Inc.,Application,,C:\Program Files\BMC Software\Client Management\Client\bin,1.0
1947,BMC Client Management Proxy Agent,24.1.01.240624,BMC Software Inc.,Application,,C:\Program Files\BMC Software\Client Management\Client\bin,1.0
1947,BMC Client Management Remote Control proxy,24.1.01.240624,BMC Software Inc.,Application,,C:\Program Files\BMC Software\Client Management\Client\bin,1.0
1947,BMC Client Management SCAP,24.1.01.240624,BMC Software Inc.,Application,,C:\Program Files\BMC Software\Client Management\Client\bin,1.0
1947,BMC Client Management Video Proxy Agent,24.1.01.240624,BMC Software Inc.,Application,,C:\Program Files\BMC Software\Client Management\Client\bin,1.0
1947,Boot File Servicing Utility,10.0,Microsoft Corporation Inc.,Application,,C:\Windows,1.0
1947,Browser Protection Native Messaging Host,4.18,Microsoft Corporation Inc.,Application,,C:\Program Files\Windows Defender,1.0
1947,BrowserCore,10.0,Microsoft Corporation Inc.,Application,,C:\Windows\BrowserCore,1.0
1947,CameraBarcodeScannerPreview,10.0,Microsoft Corporation Inc.,Application,,C:\Windows\SystemApps\Windows.CBSPreview_cw5n1h2txyewy,1.0
1947,CL5,9.6,Ivanti,Application,,C:\Program Files\BMC Software\Client Management\Client\data\PatchManagementPremium\workspace,3.0
1947,ClickOnce,4.8,Microsoft Corporation Inc.,Application,,C:\Windows\Microsoft.NET\Framework64\v4.0.30319,3.0
1947,Common User Interface,5.8,Musarubra US LLC.,Application,,C:\Program Files\McAfee\Agent\x86,1.0
1947,Copilot,144.0,Microsoft Corporation Inc.,Application,,C:\Program Files (x86)\Microsoft\EdgeWebView\Application\144.0.3719.93,5.0
1947,Copilot Update,1.3,Microsoft Corporation Inc.,Application,,C:\Program Files (x86)\Microsoft\EdgeUpdate,2.0
1947,CrashSender Application,4.3,Google Inc.,Application,,C:\Program Files\Google\Google Apps Migration,1.0
1947,Create a self-signed digital certificate,16.0,Microsoft Corporation Inc.,Application,,C:\Program Files\Microsoft Office\Office16,1.0
1947,Credential Dialog Host,10.0,Microsoft Corporation Inc.,Application,,C:\Windows\SystemApps\microsoft.creddialoghost_cw5n1h2txyewy,1.0
1947,CrowdStrike Device Control,7.29,CrowdStrike Inc.,Add/Remove Programs,"November 14, 2025 12:00:00 AM",,
1947,CrowdStrike Device Control Support Tool,7.29,CrowdStrike Inc.,Application,,C:\Program Files\CrowdStrike,1.0
1947,CrowdStrike Falcon Connector,7.32,CrowdStrike Inc.,Application,,C:\Program Files\CrowdStrike,1.0
1947,CrowdStrike Falcon Sensor,7.32,CrowdStrike Inc.,Application,,C:\Program Files\CrowdStrike,1.0
1947,CrowdStrike Falcon Sensor Controller,7.32,CrowdStrike Inc.,Application,,C:\Program Files\CrowdStrike,1.0
1947,CrowdStrike Falcon Sensor Service,7.32,CrowdStrike Inc.,Application,,C:\Program Files\CrowdStrike,1.0
1947,CrowdStrike Falcon Sensor Servlet Container,7.32,CrowdStrike Inc.,Application,,C:\Program Files\CrowdStrike,1.0
1947,CrowdStrike Falcon Sensor Settings Tool,7.32,CrowdStrike Inc.,Application,,C:\Program Files\CrowdStrike,1.0
1947,CrowdStrike Falcon Sensor System Tray Application,7.32,CrowdStrike Inc.,Application,,C:\Program Files\CrowdStrike,2.0
1947,CrowdStrike Firmware Analysis,7.14,CrowdStrike Inc.,Add/Remove Programs,"June 18, 2025 12:00:00 AM",,
1947,CrowdStrike Firmware Analysis Support Tool,7.14,CrowdStrike Inc.,Application,,C:\Program Files\CrowdStrike,1.0
1947,CrowdStrike On-Demand Scan Command-line Tool,7.32,CrowdStrike Inc.,Application,,C:\Program Files\CrowdStrike,1.0
1947,CrowdStrike On-Demand Scan Tool,7.32,CrowdStrike Inc.,Application,,C:\Program Files\CrowdStrike,1.0
1947,CrowdStrike Sensor Platform,7.32,CrowdStrike Inc.,Add/Remove Programs,"January 14, 2026 12:00:00 AM",,
1947,CrowdStrike Windows Sensor,7.32,CrowdStrike Inc.,Add/Remove Programs,"January 14, 2026 12:00:00 AM",,
1947,Definition Update for Microsoft Office 2016 (KB3115407) 64-Bit Edition,,Microsoft Corporation Inc.,Add/Remove Programs,,,
1947,DiscoveryHubApp,10.0,Microsoft Corporation Inc.,Application,,C:\Windows\SystemApps\Shared\AOT,2.0
1947,EC App,10.0,Microsoft Corporation Inc.,Application,,C:\Windows\SystemApps\Microsoft.ECApp_8wekyb3d8bbwe,1.0
1947,expediteupdater,10.0,Microsoft Corporation Inc.,Application,,C:\Program Files\Microsoft Update Health Tools,1.0
1947,File Explorer,10.0,Microsoft Corporation Inc.,Application,,C:\Windows\SystemApps\Microsoft.Windows.FileExplorer_cw5n1h2txyewy,1.0
1947,File Picker,10.0,Microsoft Corporation Inc.,Application,,C:\Windows\SystemApps\Microsoft.Windows.FilePicker_cw5n1h2txyewy,1.0
1947,Foxit PDF Preview Handler Host,12.1,Foxit Corporation,Application,,C:\Program Files (x86)\Foxit Software\Foxit PDF Reader\Shell Extensions,1.0
1947,Foxit PDF Reader,2024.2,Foxit Software Inc.,Application,"October 09, 2024 12:00:00 AM",C:\Program Files (x86)\Foxit Software\Foxit PDF Reader,1.0
1947,Foxit PDF Reader ConnectedPDF Windows Service.,2024.2,Foxit Software Inc.,Application,,C:\Program Files (x86)\Foxit Software\Foxit PDF Reader,1.0
1947,Foxit PDF Reader Update Service,1.0,Foxit Software Inc.,Application,,C:\Program Files (x86)\Common Files\Foxit\Foxit PDF Reader,1.0
1947,Foxit Updater,2024.2,Foxit Corporation,Application,,C:\Program Files (x86)\Foxit Software\Foxit PDF Reader,1.0
1947,Google Chrome,144.0,Google LLC,Web Browser,"February 06, 2026 12:00:00 AM",C:\Program Files\Google\Chrome\Application,9.0
1947,Google Chrome,145.0,Google LLC,Web Browser,,C:\Program Files (x86)\Google\ChromeEnterpriseCompanion,1.0
1947,Google Chrome,146.0,Google LLC,Web Browser,,C:\Program Files\Google\Chrome\Application\PlatformExperienceHelper,1.0
1947,Google Update Helper,1.3,Google LLC,Add/Remove Programs,"July 01, 2022 12:00:00 AM",,
1947,Google Updater (x64),144.0,Google LLC,Application,,C:\Program Files (x86)\Google\Update,2.0
1947,Google Workspace Migration for Microsoft Outlook 4.3.29.0,4.3,Google Inc.,Add/Remove Programs,"May 15, 2025 12:00:00 AM",,
1947,Google Workspace Migration for Microsoft Outlook\x00AE,4.3,Google Inc.,Application,,C:\Program Files\Google\Google Apps Migration,1.0
1947,gusvc,2.0,Google,Application,,C:\Program Files (x86)\Google\Common\Google Updater,1.0
1947,HDLP Diagnostic Tool,11.12,Trellix,Application,,C:\Program Files\McAfee\DLP\Agent\Tools,1.0
1947,Herramientas de corrección de Microsoft Office 2016: español,16.0,Microsoft Corporation Inc.,Add/Remove Programs,"July 09, 2025 12:00:00 AM",C:\Program Files\Microsoft Office\,
1947,HP BIOS Configuration Utility,4.0,HP,Application,,C:\Windows\HP,1.0
1947,HP Customer Feedback,9.1,HP Inc.,Application,,C:\Program Files (x86)\HP\HP Support Framework\Resources,1.0
1947,HP Firmware Update and Recovery,3.1,HP,Application,,C:\Windows\Firmware,4.0
1947,HP Firmware Update and Recovery,3.0,HP,Application,,C:\Windows\Firmware\{6b828df1-8ffa-4cae-b04e-3f0f2ee37a9a},1.0
1947,HP PC Hardware Diagnostics UEFI,10.5,HP,Add/Remove Programs,"February 10, 2025 12:00:00 AM",C:\Windows\HP\,
1947,HP System Default Settings,1.5,HP Inc.,Add/Remove Programs,"December 30, 2025 12:00:00 AM",C:\Program Files (x86)\HP\HP System Default Settings\,
1947,HP Toast Notification Activator,1.0,HP,Application,,C:\Windows\Firmware,4.0
1947,HP Web Products Detection,9.7,HP Inc.,Application,,C:\Program Files (x86)\HP\HP Support Framework\Modules,1.0
1947,HPAudioCheck,1.4,HP Inc.,Application,,C:\Program Files (x86)\HP\HPX Support\Resources\HPAudioCheck,1.0
1947,HPAudioCheck,1.3,HP Inc.,Application,,C:\Program Files (x86)\HP\HP Support Framework\Resources\HPAudioCheck,1.0
1947,HPDeviceCheck,1.2,,Application,,C:\Program Files (x86)\HP\HP Support Framework\Modules\HPDeviceCheck,1.0
1947,HPNetworkCheck,9.1,HP Inc.,Application,,C:\Program Files (x86)\HP\HPX Support\Resources\HPNetworkCheck,2.0
1947,HPOSCheck,1.4,HP Inc.,Application,,C:\Program Files (x86)\HP\HPX Support\Resources\HPOSCheck,1.0
1947,HPOSCheck,1.3,HP Inc.,Application,,C:\Program Files (x86)\HP\HP Support Framework\Resources\HPOSCheck,1.0
1947,HPPerformanceTuneup,2.1,HP Inc.,Application,,C:\Program Files (x86)\HP\HP Support Framework\Resources\HPPerformanceTuneup,1.0
1947,HPPerformanceTuneup,2.2,HP Inc.,Application,,C:\Program Files (x86)\HP\HPX Support\Resources\HPPerformanceTuneup,1.0
1947,HPPrinterHealthMonitor,1.0,HP Inc.,Application,,C:\Program Files (x86)\HP\HP Support Framework\Modules\PSDR,1.0
1947,HPPrinterLowInk,1.2,HP Inc.,Application,,C:\Program Files (x86)\HP\HP Support Framework\Resources\HPPrinterLowInk,1.0
1947,HPPrintSpooler,1.3,HP Inc.,Application,,C:\Program Files (x86)\HP\HP Support Framework\Resources\HPPrintSpooler,1.0
1947,HPPSDrDownloader,1.0,HP Inc.,Application,,C:\Program Files (x86)\HP\HP Support Framework\Resources,1.0
1947,HPSACommands,1.0,HP Inc.,Application,,C:\Program Files (x86)\HP\HPX Support\Resources,2.0
1947,HPSALauncher,9.4,HP Inc.,Application,,C:\Program Files (x86)\HP\HPX Support\Resources,1.0
1947,HPSALauncher,9.7,HP Inc.,Application,,C:\Program Files (x86)\HP\HP Support Framework\Resources,1.0
1947,HPSFReport,8.17,HP Inc.,Application,,C:\Program Files (x86)\HP\HP Support Framework\Resources,1.0
1947,HPSFReport,8.16,HP Inc.,Application,,C:\Program Files (x86)\HP\HPX Support\Resources,1.0
1947,HPSFViewer,8.6,HP Inc.,Application,,C:\Program Files (x86)\HP\HPX Support\Resources,2.0
1947,HPUpdate,3.0,HP Inc.,Application,,C:\Program Files (x86)\HP\HP Support Framework\Resources\HPUpdate,1.0
1947,HPWarrantyChecker,6.44,HP Inc.,Application,,C:\Program Files (x86)\HP\HP Support Framework\Resources\HPWarrantyCheck,1.0
1947,HPWSD,9.7,HP Inc.,Application,,C:\Program Files (x86)\HP\HP Support Framework\Warranty,1.0
1947,IEToEdge BHO,144.0,Microsoft Corporation Inc.,Application,,C:\Program Files (x86)\Microsoft\EdgeWebView\Application\144.0.3719.93\BHO,6.0
1947,Imaging Devices Control Panel,10.0,Microsoft Corporation Inc.,Application,,C:\Program Files (x86)\Windows Photo Viewer,2.0
1947,Intel TXT ACM driver for CML-S,1.13,HP Inc.,Application,,C:\Program Files\Intel\TXT,1.0
1947,LibreOffice,7.6,The Document Foundation,Application,,C:\Program Files\LibreOffice\program,2.0
1947,LibreOffice 7.6.7.2,7.6,The Document Foundation,Add/Remove Programs,"October 09, 2024 12:00:00 AM",C:\Program Files\LibreOffice\,
1947,LibreOffice Base,7.6,The Document Foundation,Application,,C:\Program Files\LibreOffice\program,1.0
1947,LibreOffice Calc,7.6,The Document Foundation,Application,,C:\Program Files\LibreOffice\program,1.0
1947,LibreOffice Draw,7.6,The Document Foundation,Application,,C:\Program Files\LibreOffice\program,1.0
1947,LibreOffice Impress,7.6,The Document Foundation,Application,,C:\Program Files\LibreOffice\program,1.0
1947,LibreOffice Math,7.6,The Document Foundation,Application,,C:\Program Files\LibreOffice\program,1.0
1947,LibreOffice Writer,7.6,The Document Foundation,Application,,C:\Program Files\LibreOffice\program,1.0
1947,LibreOffice Writer (Web),7.6,The Document Foundation,Application,,C:\Program Files\LibreOffice\program,1.0
1947,MA Command Agent Binary,5.8,Musarubra US LLC.,Application,,C:\Program Files\McAfee\Agent,1.0
1947,MA Policy Upgrade Tool,5.8,Musarubra US LLC.,Application,,C:\Program Files\McAfee\Agent\x86,1.0
1947,MB Version update tool,4.8,Microsoft Corporation Inc.,Application,,C:\Windows\Microsoft.NET\Framework64\v4.0.30319,3.0
1947,Microsoft .NET Assembly Registration Utility,4.8,Microsoft Corporation Inc.,Application,,C:\Windows\Microsoft.NET\Framework64\v4.0.30319,2.0
1947,Microsoft .NET ClickOnce Launch Utility,4.8,Microsoft Corporation Inc.,Application,,C:\Windows\Microsoft.NET\Framework64\v4.0.30319,2.0
1947,Microsoft .NET Framework CAS Policy Manager,4.8,Microsoft Corporation Inc.,Application,,C:\Windows\Microsoft.NET\Framework64\v4.0.30319,2.0
1947,Microsoft .NET Framework IL assembler,4.8,Microsoft Corporation Inc.,Application,,C:\Windows\Microsoft.NET\Framework64\v4.0.30319,2.0
1947,Microsoft .NET Framework optimization service,4.8,Microsoft Corporation Inc.,Application,,C:\Windows\Microsoft.NET\Framework64\v4.0.30319,2.0
1947,Microsoft Application Error Reporting,16.0,Microsoft Corporation Inc.,Application,,C:\Program Files\Common Files\microsoft shared\DW,1.0
1947,Microsoft ASP.NET State Server,4.8,Microsoft Corporation Inc.,Application,,C:\Windows\Microsoft.NET\Framework64\v4.0.30319,2.0
1947,Microsoft Common Language Runtime native compiler,4.8,Microsoft Corporation Inc.,Application,,C:\Windows\Microsoft.NET\Framework64\v4.0.30319,2.0
1947,Microsoft Contacts Import Tool,10.0,Microsoft Corporation Inc.,Application,,C:\Program Files (x86)\Windows Mail,2.0
1947,Microsoft Data Loss Prevention MIP Agent,4.18,Microsoft Corporation Inc.,Application,,C:\Program Files\Windows Defender,1.0
1947,Microsoft Edge,144.0,Microsoft Corporation Inc.,Application,"February 07, 2026 12:00:00 AM",C:\Program Files (x86)\Microsoft\EdgeWebView\Application\144.0.3719.93,52.0
1947,Microsoft Edge COM Registration Helper ARM64,1.3,Microsoft Corporation Inc.,Application,,C:\Program Files (x86)\Microsoft\EdgeUpdate\1.3.217.3,1.0
1947,Microsoft Edge PWA Launcher,144.0,Microsoft Corporation Inc.,Application,,C:\Program Files (x86)\Microsoft\EdgeWebView\Application\144.0.3719.93,5.0
1947,Microsoft Edge Update,1.3,Microsoft Corporation Inc.,Application,,C:\Program Files (x86)\Microsoft\EdgeUpdate,5.0
1947,Microsoft Edge Update COM Registration Helper,1.3,Microsoft Corporation Inc.,Application,,C:\Program Files (x86)\Microsoft\EdgeUpdate\1.3.217.3,1.0
1947,Microsoft Edge WebView2,144.0,Microsoft Corporation Inc.,Application,,C:\Program Files (x86)\Microsoft\EdgeWebView\Application\144.0.3719.93,5.0
1947,Microsoft Edge WebView2 Runtime,144.0,Microsoft Corporation Inc.,Add/Remove Programs,"February 07, 2026 12:00:00 AM",C:\Program Files (x86)\Microsoft\EdgeWebView\Application,
1947,Microsoft Entra WAM plugin,10.0,Microsoft Corporation Inc.,Application,,C:\Windows\SystemApps\Microsoft.AAD.BrokerPlugin_cw5n1h2txyewy,1.0
1947,Microsoft Excel,16.0,Microsoft Corporation Inc.,Application,,C:\Program Files\Microsoft Office\Office16,2.0
1947,Microsoft Excel MUI (English) 2016,16.0,Microsoft Corporation Inc.,Add/Remove Programs,"February 11, 2026 12:00:00 AM",C:\Program Files\Microsoft Office\,
1947,Microsoft Family Safety,10.0,Microsoft Corporation Inc.,Application,,C:\Windows\SystemApps\ParentalControls_cw5n1h2txyewy,1.0
1947,Microsoft Filter Loader,16.0,Microsoft Corporation Inc.,Application,,C:\Program Files\Common Files\microsoft shared\OFFICE16,1.0
1947,Microsoft Groove MUI (English) 2016,16.0,Microsoft Corporation Inc.,Add/Remove Programs,"April 09, 2025 12:00:00 AM",C:\Program Files\Microsoft Office\,
1947,Microsoft Help and Support,10.0,Microsoft Corporation Inc.,Application,,C:\Windows,1.0
1947,Microsoft Internet Explorer,11.0,Microsoft Corporation Inc.,Web Browser,,C:\Program Files (x86)\Internet Explorer,9.0
1947,Microsoft Malware Protection Command Line Utility,4.18,Microsoft Corporation Inc.,Application,,C:\Program Files (x86)\Windows Defender,2.0
1947,Microsoft Malware Protection Copy Accelerator Utility,4.18,Microsoft Corporation Inc.,Application,,C:\Program Files\Windows Defender,1.0
1947,Microsoft Malware Protection DLP Command Line Utility,4.18,Microsoft Corporation Inc.,Application,,C:\Program Files\Windows Defender,1.0
1947,Microsoft Malware Protection DLP User Agent,4.18,Microsoft Corporation Inc.,Application,,C:\Program Files\Windows Defender,1.0
1947,Microsoft Mashup Evaluation Container,2.61,Microsoft Corporation Inc.,Application,,C:\Program Files\Microsoft Office\Office16\ADDINS\Microsoft Power Query for Excel Integrated\bin,3.0
1947,Microsoft Network Realtime Inspection Service,4.18,Microsoft Corporation Inc.,Application,,C:\Program Files\Windows Defender,1.0
1947,Microsoft Office,16.0,Microsoft Corporation Inc.,Application,,C:\Program Files\Microsoft Office\Office16,1.0
1947,Microsoft Office 15 Language Preferences,16.0,Microsoft Corporation Inc.,Application,,C:\Program Files\Microsoft Office\Office16,1.0
1947,Microsoft Office 2016,16.0,Microsoft Corporation Inc.,Application,,C:\Program Files\Microsoft Office\Office16,1.0
1947,Microsoft Office component,16.0,Microsoft Corporation Inc.,Application,,C:\Program Files\Common Files\microsoft shared\OFFICE16,1.0
1947,Microsoft Office Contact Retriever,16.0,Microsoft Corporation Inc.,Application,,C:\Program Files\Microsoft Office\Office16,1.0
1947,Microsoft Office Document Cache,16.0,Microsoft Corporation Inc.,Application,,C:\Program Files\Microsoft Office\Office16,1.0
1947,Microsoft Office Document Cache Migration,16.0,Microsoft Corporation Inc.,Application,,C:\Program Files (x86)\Common Files\Microsoft Shared\OFFICE16,2.0
1947,Microsoft Office Document Cache Sync Client Interface,16.0,Microsoft Corporation Inc.,Application,,C:\Program Files\Common Files\microsoft shared\OFFICE16,1.0
1947,Microsoft Office Help Viewer,16.0,Microsoft Corporation Inc.,Application,,C:\Program Files\Microsoft Office\Office16,1.0
1947,Microsoft Office Multi-Msi ActiveDirectory Deployment Tool.,16.0,Microsoft Corporation Inc.,Application,,C:\Program Files\Common Files\microsoft shared\OFFICE16\Office Setup Controller,1.0
1947,Microsoft Office OSM MUI (English) 2016,16.0,Microsoft Corporation Inc.,Add/Remove Programs,"April 09, 2025 12:00:00 AM",C:\Program Files\Microsoft Office\,
1947,Microsoft Office OSM UX MUI (English) 2016,16.0,Microsoft Corporation Inc.,Add/Remove Programs,"April 09, 2025 12:00:00 AM",C:\Program Files\Microsoft Office\,
1947,Microsoft Office Proofing (English) 2016,16.0,Microsoft Corporation Inc.,Add/Remove Programs,"April 09, 2025 12:00:00 AM",C:\Program Files\Microsoft Office\,
1947,Microsoft Office Proofing Tools 2016 - English,16.0,Microsoft Corporation Inc.,Add/Remove Programs,"July 09, 2025 12:00:00 AM",C:\Program Files\Microsoft Office\,
1947,Microsoft Office Screen Recorder,16.0,Microsoft Corporation Inc.,Application,,C:\Program Files\Microsoft Office\Office16,1.0
1947,Microsoft Office Shared 32-bit MUI (English) 2016,16.0,Microsoft Corporation Inc.,Add/Remove Programs,"February 11, 2026 12:00:00 AM",C:\Program Files\Microsoft Office\,
1947,Microsoft Office Shared MUI (English) 2016,16.0,Microsoft Corporation Inc.,Add/Remove Programs,"January 27, 2026 12:00:00 AM",C:\Program Files\Microsoft Office\,
1947,Microsoft Office Standard 2016,16.0,Microsoft Corporation Inc.,Add/Remove Programs,"February 11, 2026 12:00:00 AM",C:\Program Files\Microsoft Office,
1947,Microsoft Office Upload Center,16.0,Microsoft Corporation Inc.,Application,,C:\Program Files\Microsoft Office\Office16,1.0
1947,Microsoft OneDrive for Business,16.0,Microsoft Corporation Inc.,Application,,C:\Program Files\Microsoft Office\Office16,1.0
1947,Microsoft OneNote,16.0,Microsoft Corporation Inc.,Application,,C:\Program Files\Microsoft Office\Office16,1.0
1947,Microsoft OneNote Internet Explorer Content Service,16.0,Microsoft Corporation Inc.,Application,,C:\Program Files\Microsoft Office\Office16,1.0
1947,Microsoft OneNote MUI (English) 2016,16.0,Microsoft Corporation Inc.,Add/Remove Programs,"August 15, 2025 12:00:00 AM",C:\Program Files\Microsoft Office\,
1947,Microsoft Outlook,16.0,Microsoft Corporation Inc.,Application,,C:\Program Files\Microsoft Office\Office16,1.0
1947,Microsoft Outlook Data Files Scan/Repair Utility,16.0,Microsoft Corporation Inc.,Application,,C:\Program Files\Microsoft Office\Office16,1.0
1947,Microsoft Outlook MUI (English) 2016,16.0,Microsoft Corporation Inc.,Add/Remove Programs,"February 11, 2026 12:00:00 AM",C:\Program Files\Microsoft Office\,
1947,Microsoft PDF Reflow,16.0,Microsoft Corporation Inc.,Application,,C:\Program Files\Microsoft Office\Office16,1.0
1947,Microsoft PowerPoint,16.0,Microsoft Corporation Inc.,Application,,C:\Program Files\Microsoft Office\Office16,1.0
1947,Microsoft PowerPoint MUI (English) 2016,16.0,Microsoft Corporation Inc.,Add/Remove Programs,"February 11, 2026 12:00:00 AM",C:\Program Files\Microsoft Office\,
1947,Microsoft Publisher,16.0,Microsoft Corporation Inc.,Application,,C:\Program Files\Microsoft Office\Office16,1.0
1947,Microsoft Publisher MUI (English) 2016,16.0,Microsoft Corporation Inc.,Add/Remove Programs,"April 09, 2025 12:00:00 AM",C:\Program Files\Microsoft Office\,
1947,Microsoft Purview Data Loss Prevention Service,4.18,Microsoft Corporation Inc.,Application,,C:\Program Files\Windows Defender,1.0
1947,Microsoft Query,16.0,Microsoft Corporation Inc.,Application,,C:\Program Files\Microsoft Office\Office16,1.0
1947,Microsoft Resource File To COFF Object Conversion Utility,14.29,Microsoft Corporation Inc.,Application,,C:\Windows\Microsoft.NET\Framework64\v4.0.30319,2.0
1947,Microsoft Security Client Policy Configuration Tool,4.18,Microsoft Corporation Inc.,Application,,C:\Program Files\Windows Defender,1.0
1947,Microsoft Tablet PC Component,10.0,Microsoft Corporation Inc.,Application,,C:\Program Files (x86)\Common Files\Microsoft Shared\ink,1.0
1947,Microsoft Teams Meeting Add-in for Microsoft Office,1.25,Microsoft Corporation Inc.,Add/Remove Programs,"October 23, 2025 12:00:00 AM",,
1947,Microsoft Update Health Service,10.0,Microsoft Corporation Inc.,Application,,C:\Program Files\Microsoft Update Health Tools,1.0
1947,Microsoft Update Health Tools,5.72,Microsoft Corporation Inc.,Add/Remove Programs,"November 03, 2023 12:00:00 AM",,
1947,Microsoft Visual C++ 2010 x64 Redistributable - 10.0.40219,10.0,Microsoft Corporation Inc.,Add/Remove Programs,"February 28, 2024 12:00:00 AM",,
1947,Microsoft Visual C++ 2010 x86 Redistributable - 10.0.40219,10.0,Microsoft Corporation Inc.,Add/Remove Programs,"February 28, 2024 12:00:00 AM",,
1947,Microsoft Visual C++ 2015-2022 Redistributable (x64) - 14.42.34438,14.42,Microsoft Corporation Inc.,Add/Remove Programs,,,
1947,Microsoft Visual C++ 2022 X64 Additional Runtime - 14.42.34438,14.42,Microsoft Corporation Inc.,Add/Remove Programs,"October 15, 2025 12:00:00 AM",,
1947,Microsoft Visual C++ 2022 X64 Minimum Runtime - 14.42.34438,14.42,Microsoft Corporation Inc.,Add/Remove Programs,"October 15, 2025 12:00:00 AM",,
1947,Microsoft Visual Studio 2010 Tools for Office Runtime (x64),10.0,Microsoft Corporation Inc.,Add/Remove Programs,"February 28, 2024 12:00:00 AM",C:\Program Files\Common Files\Microsoft Shared\VSTO\10.0\,
1947,Microsoft Win32WebViewHost app,10.0,Microsoft Corporation Inc.,Application,,C:\Windows\SystemApps\Microsoft.Win32WebViewHost_cw5n1h2txyewy,1.0
1947,Microsoft Word,16.0,Microsoft Corporation Inc.,Application,,C:\Program Files\Microsoft Office\Office16,1.0
1947,Microsoft Word MUI (English) 2016,16.0,Microsoft Corporation Inc.,Add/Remove Programs,"February 11, 2026 12:00:00 AM",C:\Program Files\Microsoft Office\,
1947,MoUSO Core Worker Process,1507.2512,Microsoft Corporation Inc.,Application,,C:\Windows\UUS\Packages\Preview\amd64,1.0
1947,MoUSO Core Worker Process,1451.2512,Microsoft Corporation Inc.,Application,,C:\Windows\UUS\amd64,1.0
1947,Mozilla Maintenance Service,115.15,Mozilla,Add/Remove Programs,,,
1947,Mozilla Thunderbird (x86 en-US),115.15,Mozilla,Add/Remove Programs,,C:\Program Files (x86)\Mozilla Thunderbird,
1947,Narrator Home,10.0,Microsoft Corporation Inc.,Application,,C:\Windows\SystemApps\microsoft.windows.narratorquickstart_8wekyb3d8bbwe,1.0
1947,NCLauncherFromChrome,1.0,HP Inc.,Application,,C:\Program Files (x86)\HP\HP Support Framework\Resources\HPNetworkCheck,2.0
1947,NCLauncherFromIE,8.0,HP Inc.,Application,,C:\Program Files (x86)\HP\HP Support Framework\Resources\HPNetworkCheck,1.0
1947,Notepad,10.0,Microsoft Corporation Inc.,Application,,C:\Windows,1.0
1947,Notifications host process,1451.2512,Microsoft Corporation Inc.,Application,,C:\Windows\UUS\amd64,1.0
1947,Notifications host process,1507.2512,Microsoft Corporation Inc.,Application,,C:\Windows\UUS\Packages\Preview\amd64,1.0
1947,OCChat,1.0,,Application,,C:\Program Files (x86)\HP\HPX Support\Resources\OCChat,1.0
1947,OESIS Framework V4 3rd Party Host,4.3,OPSWAT Inc.,Application,,C:\Program Files\BMC Software\Client Management\Client\bin\opswat,2.0
1947,OESIS Framework V4 Diagnose,4.3,OPSWAT Inc.,Application,,C:\Program Files\BMC Software\Client Management\Client\bin\opswat,1.0
1947,Office Licensing Admin Access Provider,16.0,Microsoft Corporation Inc.,Application,,C:\Program Files\Common Files\microsoft shared\OFFICE16,1.0
1947,Office Source Engine,16.0,Microsoft Corporation Inc.,Application,,C:\Program Files\Common Files\microsoft shared\Source Engine,1.0
1947,Office Subscription Licensing Heartbeat,16.0,Microsoft Corporation Inc.,Application,,C:\Program Files\Common Files\microsoft shared\OFFICE16,1.0
1947,Office Telemetry Agent,16.0,Microsoft Corporation Inc.,Application,,C:\Program Files\Microsoft Office\Office16,1.0
1947,Office Telemetry Dashboard,16.0,Microsoft Corporation Inc.,Application,,C:\Program Files\Microsoft Office\Office16,1.0
1947,Office Telemetry Log,16.0,Microsoft Corporation Inc.,Application,,C:\Program Files\Microsoft Office\Office16,1.0
1947,Office XML Handler,16.0,Microsoft Corporation Inc.,Application,,C:\Program Files\Common Files\microsoft shared\OFFICE16,1.0
1947,OOBE Captive Portal Flow,10.0,Microsoft Corporation Inc.,Application,,C:\Windows\SystemApps\Microsoft.Windows.OOBENetworkCaptivePortal_cw5n1h2txyewy,1.0
1947,OOBE Network Connection Flow,10.0,Microsoft Corporation Inc.,Application,,C:\Windows\SystemApps\Microsoft.Windows.OOBENetworkConnectionFlow_cw5n1h2txyewy,1.0
1947,Outils de vérification linguistique 2016 de Microsoft Office - Français,16.0,Microsoft Corporation Inc.,Add/Remove Programs,"July 09, 2025 12:00:00 AM",C:\Program Files\Microsoft Office\,
1947,Picasa,3.9,Google Inc.,Application,,C:\Program Files (x86)\Google\Picasa3,6.0
1947,Picasa 3,3.9,Google Inc.,Add/Remove Programs,,"""C:\Program Files (x86)\Google\Picasa3""",
1947,Picasa Photo Viewer,3.9,Google Inc.,Application,,C:\Program Files (x86)\Google\Picasa3,1.0
1947,Plugin Container for Thunderbird,115.15,Mozilla Corporation,Application,,C:\Program Files (x86)\Mozilla Thunderbird,1.0
1947,Print Dialog,10.0,Microsoft Corporation Inc.,Application,,C:\Windows\SystemApps\Windows.PrintDialog_cw5n1h2txyewy,1.0
1947,Print driver host for applications,10.0,Microsoft Corporation Inc.,Application,,C:\Windows,1.0
1947,Print Queue Action Center,10.0,Microsoft Corporation Inc.,Application,,C:\Windows\SystemApps\Microsoft.Windows.PrintQueueActionCenter_cw5n1h2txyewy,1.0
1947,PWA Identity Proxy Host,144.0,Microsoft Corporation Inc.,Application,,C:\Program Files (x86)\Microsoft\EdgeWebView\Application\144.0.3719.93,6.0
1947,PwaHelper executable for Identity Proxy,144.0,Microsoft Corporation Inc.,Application,,C:\Program Files (x86)\Microsoft\EdgeWebView\Application\144.0.3719.93,5.0
1947,Python,3.8,Python Software Foundation,Application,,C:\Program Files\LibreOffice\program\python-core-3.8.19\bin,1.0
1947,Registry Editor,10.0,Microsoft Corporation Inc.,Application,,C:\Windows,1.0
1947,Safe Reboot Application,9.6,Ivanti,Application,,C:\Program Files\BMC Software\Client Management\Client\data\PatchManagementPremium\workspace,2.0
1947,Security Update for Microsoft Access 2016 (KB5002720) 64-Bit Edition,,Microsoft Corporation Inc.,Add/Remove Programs,,,
1947,Security Update for Microsoft Excel 2016 (KB5002837) 64-Bit Edition,,Microsoft Corporation Inc.,Add/Remove Programs,,,
1947,Security Update for Microsoft Office 2016 (KB2920716) 64-Bit Edition,,Microsoft Corporation Inc.,Add/Remove Programs,,,
1947,Security Update for Microsoft Office 2016 (KB3085538) 64-Bit Edition,,Microsoft Corporation Inc.,Add/Remove Programs,,,
1947,Security Update for Microsoft Office 2016 (KB3191869) 64-Bit Edition,,Microsoft Corporation Inc.,Add/Remove Programs,,,
1947,Security Update for Microsoft Office 2016 (KB3213551) 64-Bit Edition,,Microsoft Corporation Inc.,Add/Remove Programs,,,
1947,Security Update for Microsoft Office 2016 (KB4011574) 64-Bit Edition,,Microsoft Corporation Inc.,Add/Remove Programs,,,
1947,Security Update for Microsoft Office 2016 (KB4022176) 64-Bit Edition,,Microsoft Corporation Inc.,Add/Remove Programs,,,
1947,Security Update for Microsoft Office 2016 (KB4462148) 64-Bit Edition,,Microsoft Corporation Inc.,Add/Remove Programs,,,
1947,Security Update for Microsoft Office 2016 (KB4464583) 64-Bit Edition,,Microsoft Corporation Inc.,Add/Remove Programs,,,
1947,Security Update for Microsoft Office 2016 (KB4475581) 64-Bit Edition,,Microsoft Corporation Inc.,Add/Remove Programs,,,
1947,Security Update for Microsoft Office 2016 (KB4475587) 64-Bit Edition,,Microsoft Corporation Inc.,Add/Remove Programs,,,
1947,Security Update for Microsoft Office 2016 (KB4484103) 64-Bit Edition,,Microsoft Corporation Inc.,Add/Remove Programs,,,
1947,Security Update for Microsoft Office 2016 (KB4484432) 64-Bit Edition,,Microsoft Corporation Inc.,Add/Remove Programs,,,
1947,Security Update for Microsoft Office 2016 (KB5001941) 64-Bit Edition,,Microsoft Corporation Inc.,Add/Remove Programs,,,
1947,Security Update for Microsoft Office 2016 (KB5002341) 64-Bit Edition,,Microsoft Corporation Inc.,Add/Remove Programs,,,
1947,Security Update for Microsoft Office 2016 (KB5002576) 64-Bit Edition,,Microsoft Corporation Inc.,Add/Remove Programs,,,
1947,Security Update for Microsoft Office 2016 (KB5002616) 64-Bit Edition,,Microsoft Corporation Inc.,Add/Remove Programs,,,
1947,Security Update for Microsoft Office 2016 (KB5002669) 64-Bit Edition,,Microsoft Corporation Inc.,Add/Remove Programs,,,
1947,Security Update for Microsoft Office 2016 (KB5002713) 64-Bit Edition,,Microsoft Corporation Inc.,Add/Remove Programs,,,
1947,Security Update for Microsoft Office 2016 (KB5002762) 64-Bit Edition,,Microsoft Corporation Inc.,Add/Remove Programs,,,
1947,Security Update for Microsoft Office 2016 (KB5002766) 64-Bit Edition,,Microsoft Corporation Inc.,Add/Remove Programs,,,
1947,Security Update for Microsoft Office 2016 (KB5002812) 64-Bit Edition,,Microsoft Corporation Inc.,Add/Remove Programs,,,
1947,Security Update for Microsoft Office 2016 (KB5002818) 64-Bit Edition,,Microsoft Corporation Inc.,Add/Remove Programs,,,
1947,Security Update for Microsoft Office 2016 (KB5002826) 64-Bit Edition,,Microsoft Corporation Inc.,Add/Remove Programs,,,
1947,Security Update for Microsoft PowerPoint 2016 (KB5002790) 64-Bit Edition,,Microsoft Corporation Inc.,Add/Remove Programs,,,
1947,Security Update for Microsoft Project 2016 (KB5002652) 64-Bit Edition,,Microsoft Corporation Inc.,Add/Remove Programs,,,
1947,Security Update for Microsoft Publisher 2016 (KB5002566) 64-Bit Edition,,Microsoft Corporation Inc.,Add/Remove Programs,,,
1947,Security Update for Microsoft Visio 2016 (KB5002634) 64-Bit Edition,,Microsoft Corporation Inc.,Add/Remove Programs,,,
1947,Security Update for Microsoft Word 2016 (KB5002839) 64-Bit Edition,,Microsoft Corporation Inc.,Add/Remove Programs,,,
1947,Send to OneNote Tool,16.0,Microsoft Corporation Inc.,Application,,C:\Program Files\Microsoft Office\Office16,1.0
1947,SendCrashReport,12.0,Foxit Corporation,Application,,C:\Program Files (x86)\Foxit Software\Foxit PDF Reader,1.0
1947,Settings,10.0,Microsoft Corporation Inc.,Application,,C:\Windows\ImmersiveControlPanel,1.0
1947,SFU Service,1.1,HP Inc.,Application,,C:\Windows\Firmware,1.0
1947,SolutionFinder,1.1,HP Inc.,Application,,C:\Program Files (x86)\HP\HP Support Framework\Resources\SolutionFinder,1.0
1947,Speech Recognition,10.0,Microsoft Corporation Inc.,Application,,C:\Windows\Speech\Common,1.0
1947,SQL External minidumper,11.0,Microsoft Corporation Inc.,Application,,C:\Program Files (x86)\Microsoft Analysis Services\AS OLEDB\110,2.0
1947,ST Deploy,9.6,Ivanti,Application,,C:\Program Files\BMC Software\Client Management\Client\data\PatchManagementPremium\workspace,3.0
1947,ST Remote Command,9.6,Ivanti,Application,,C:\Program Files\BMC Software\Client Management\Client\data\PatchManagementPremium\workspace,1.0
1947,System Information,10.0,Microsoft Corporation Inc.,Application,,C:\Program Files (x86)\Common Files\Microsoft Shared\MSInfo,2.0
1947,TA Compat service,5.8,Musarubra US LLC.,Application,,C:\Program Files\McAfee\Agent\x86,1.0
1947,Take a Test,0.0,Microsoft Corporation Inc.,Application,,C:\Windows\SystemApps\Microsoft.Windows.SecureAssessmentBrowser_cw5n1h2txyewy,1.0
1947,TaskbarController,1.0,HP Inc.,Application,,C:\Program Files (x86)\HP\HP Support Framework,1.0
1947,TCUI.UAP,0.0,Microsoft Corporation Inc.,Application,,C:\Windows\SystemApps\Microsoft.XboxGameCallableUI_cw5n1h2txyewy,1.0
1947,Thunderbird,115.15,Mozilla Corporation,Application,,C:\Program Files (x86)\Mozilla Thunderbird,1.0
1947,Thunderbird Helper,115.15,Mozilla Corporation,Application,,C:\Program Files (x86)\Mozilla Thunderbird\uninstall,1.0
1947,Thunderbird Software Updater,115.15,Mozilla Foundation,Application,,C:\Program Files (x86)\Mozilla Thunderbird,1.0
1947,Thunderbird Windows Search Integration Handler,115.15,Mozilla Foundation,Application,,C:\Program Files (x86)\Mozilla Thunderbird,1.0
1947,Touch Keyboard and Handwriting Panel,10.0,Microsoft Corporation Inc.,Application,,C:\Program Files\Common Files\microsoft shared\ink,1.0
1947,Touch Keyboard and Handwriting Panel Helper,10.0,Microsoft Corporation Inc.,Application,,C:\Program Files (x86)\Common Files\Microsoft Shared\ink,1.0
1947,Track Review,2024.2,Foxit Software Inc.,Application,,C:\Program Files (x86)\Foxit Software\Foxit PDF Reader,1.0
1947,Trellix Agent,5.08,Trellix,MSI Database,"October 10, 2025 12:00:00 AM",C:\Program Files\McAfee\Agent\,
1947,Trellix Agent,5.8,Trellix,Add/Remove Programs,"October 10, 2025 12:00:00 AM",C:\Program Files\McAfee\Agent\,
1947,Trellix Agent AAC Host,5.8,Musarubra US LLC.,Application,,C:\Program Files\McAfee\Agent\x86,1.0
1947,Trellix Agent Common Services,5.8,Musarubra US LLC.,Application,,C:\Program Files\McAfee\Agent,1.0
1947,Trellix Agent Configurator,5.8,Musarubra US LLC.,Application,,C:\Program Files\McAfee\Agent,2.0
1947,Trellix Agent Extension Updater,5.8,Musarubra US LLC.,Application,,C:\Program Files\McAfee\Agent,1.0
1947,Trellix Agent McScanCheck,5.8,Musarubra US LLC.,Application,,C:\Program Files\McAfee\Agent\x86,1.0
1947,Trellix Agent Repository Mirror,5.8,Musarubra US LLC.,Application,,C:\Program Files\McAfee\Agent\x86,1.0
1947,Trellix Agent Script Engine,5.8,Musarubra US LLC.,Application,,C:\Program Files\McAfee\Agent\x86,2.0
1947,Trellix Agent Service,5.8,Musarubra US LLC.,Application,,C:\Program Files\McAfee\Agent,1.0
1947,Trellix Data Exchange Layer for TA,6.0,Trellix,Add/Remove Programs,"October 10, 2025 12:00:00 AM",,
1947,Trellix Data Loss Prevention - Endpoint,11.12,Trellix,Add/Remove Programs,"October 15, 2025 12:00:00 AM",C:\Program Files\McAfee\DLP\Agent\,
1947,Trellix Dlp Diagnostic,11.12,Trellix,Application,,C:\Program Files\McAfee\DLP\Agent,2.0
1947,Trellix DLP Endpoint Agent,11.12,Trellix,Application,,C:\Program Files\McAfee\DLP\Agent,1.0
1947,Trellix DLP Endpoint Outlook Monitor,11.12,Trellix,Application,,C:\Program Files\McAfee\DLP\Agent,1.0
1947,Trellix DLP Endpoint Performance Monitor,11.12,Trellix,Application,,C:\Program Files\McAfee\DLP\Agent,1.0
1947,Trellix DLP Endpoint Service,11.12,Trellix,Application,,C:\Program Files\McAfee\DLP\Agent,1.0
1947,Trellix DLP Endpoint Service WatchDog,11.12,Trellix,Application,,C:\Program Files\McAfee\DLP\Agent,1.0
1947,Trellix DLP Endpoint Text Extractor,11.12,Trellix,Application,,C:\Program Files\McAfee\DLP\Agent,1.0
1947,Trellix DLP Native Messaging Host,11.12,Trellix,Application,,C:\Program Files\McAfee\DLP\Agent,2.0
1947,Trellix Email Storage Crawler,11.12,Trellix,Application,,C:\Program Files\McAfee\DLP\Agent,2.0
1947,Trellix Tray Application,2.2,Trellix,Application,,C:\Program Files\McAfee\Agent\x86,1.0
1947,UnifiedIoLauncher,1.2,HP Inc.,Application,,C:\Program Files (x86)\HP\HP Support Framework\Resources\SolutionFinder,1.0
1947,Update for Microsoft Office 2016 (KB2920678) 64-Bit Edition,,Microsoft Corporation Inc.,Add/Remove Programs,,,
1947,Update for Microsoft Office 2016 (KB2920717) 64-Bit Edition,,Microsoft Corporation Inc.,Add/Remove Programs,,,
1947,Update for Microsoft Office 2016 (KB2920720) 64-Bit Edition,,Microsoft Corporation Inc.,Add/Remove Programs,,,
1947,Update for Microsoft Office 2016 (KB2920724) 64-Bit Edition,,Microsoft Corporation Inc.,Add/Remove Programs,,,
1947,Update for Microsoft Office 2016 (KB3114524) 64-Bit Edition,,Microsoft Corporation Inc.,Add/Remove Programs,,,
1947,Update for Microsoft Office 2016 (KB3114903) 64-Bit Edition,,Microsoft Corporation Inc.,Add/Remove Programs,,,
1947,Update for Microsoft Office 2016 (KB3115081) 64-Bit Edition,,Microsoft Corporation Inc.,Add/Remove Programs,,,
1947,Update for Microsoft Office 2016 (KB3118262) 64-Bit Edition,,Microsoft Corporation Inc.,Add/Remove Programs,,,
1947,Update for Microsoft Office 2016 (KB3118263) 64-Bit Edition,,Microsoft Corporation Inc.,Add/Remove Programs,,,
1947,Update for Microsoft Office 2016 (KB3118264) 64-Bit Edition,,Microsoft Corporation Inc.,Add/Remove Programs,,,
1947,Update for Microsoft Office 2016 (KB3191929) 64-Bit Edition,,Microsoft Corporation Inc.,Add/Remove Programs,,,
1947,Update for Microsoft Office 2016 (KB3213650) 64-Bit Edition,,Microsoft Corporation Inc.,Add/Remove Programs,,,
1947,Update for Microsoft Office 2016 (KB4011035) 64-Bit Edition,,Microsoft Corporation Inc.,Add/Remove Programs,,,
1947,Update for Microsoft Office 2016 (KB4011259) 64-Bit Edition,,Microsoft Corporation Inc.,Add/Remove Programs,,,
1947,Update for Microsoft Office 2016 (KB4011621) 64-Bit Edition,,Microsoft Corporation Inc.,Add/Remove Programs,,,
1947,Update for Microsoft Office 2016 (KB4011629) 64-Bit Edition,,Microsoft Corporation Inc.,Add/Remove Programs,,,
1947,Update for Microsoft Office 2016 (KB4011634) 64-Bit Edition,,Microsoft Corporation Inc.,Add/Remove Programs,,,
1947,Update for Microsoft Office 2016 (KB4022193) 64-Bit Edition,,Microsoft Corporation Inc.,Add/Remove Programs,,,
1947,Update for Microsoft Office 2016 (KB4032254) 64-Bit Edition,,Microsoft Corporation Inc.,Add/Remove Programs,,,
1947,Update for Microsoft Office 2016 (KB4464587) 64-Bit Edition,,Microsoft Corporation Inc.,Add/Remove Programs,,,
1947,Update for Microsoft Office 2016 (KB4484104) 64-Bit Edition,,Microsoft Corporation Inc.,Add/Remove Programs,,,
1947,Update for Microsoft Office 2016 (KB4484145) 64-Bit Edition,,Microsoft Corporation Inc.,Add/Remove Programs,,,
1947,Update for Microsoft Office 2016 (KB5002050) 64-Bit Edition,,Microsoft Corporation Inc.,Add/Remove Programs,,,
1947,Update for Microsoft Office 2016 (KB5002251) 64-Bit Edition,,Microsoft Corporation Inc.,Add/Remove Programs,,,
1947,Update for Microsoft Office 2016 (KB5002466) 64-Bit Edition,,Microsoft Corporation Inc.,Add/Remove Programs,,,
1947,Update for Microsoft Office 2016 (KB5002623) 64-Bit Edition,,Microsoft Corporation Inc.,Add/Remove Programs,,,
1947,Update for Microsoft OneDrive for Business (KB4022219) 64-Bit Edition,,Microsoft Corporation Inc.,Add/Remove Programs,,,
1947,Update for Microsoft OneNote 2016 (KB5002761) 64-Bit Edition,,Microsoft Corporation Inc.,Add/Remove Programs,,,
1947,Update for Microsoft Outlook 2016 (KB5002747) 64-Bit Edition,,Microsoft Corporation Inc.,Add/Remove Programs,,,
1947,Update for Microsoft Visio Viewer 2016 (KB2920709) 64-Bit Edition,,Microsoft Corporation Inc.,Add/Remove Programs,,,
1947,Update for Skype for Business 2016 (KB5002567) 64-Bit Edition,,Microsoft Corporation Inc.,Add/Remove Programs,,,
1947,Update ML Engine,1507.2512,Microsoft Corporation Inc.,Application,,C:\Windows\UUS\Packages\Preview\amd64,1.0
1947,Visual Basic Command Line Compiler,14.8,Microsoft Corporation Inc.,Application,,C:\Windows\Microsoft.NET\Framework64\v4.0.30319,2.0
1947,Visual C# Command Line Compiler,4.8,Microsoft Corporation Inc.,Application,,C:\Windows\Microsoft.NET\Framework64\v4.0.30319,2.0
1947,WaasMedic Agent Exe,10.0,Microsoft Corporation Inc.,Application,,C:\Windows\UUS\amd64,1.0
1947,Watson Subscriber for SENS Network Notifications,16.0,Microsoft Corporation Inc.,Application,,C:\Program Files\Common Files\microsoft shared\DW,1.0
1947,Windows Contacts,10.0,Microsoft Corporation Inc.,Application,,C:\Program Files (x86)\Windows Mail,2.0
1947,Windows Defender Advanced Threat Protection - Sense AP module,0.3,,Application,,C:\Program Files\Windows Defender Advanced Threat Protection,1.0
1947,Windows Defender Advanced Threat Protection – Sense AP notification module,0.1,,Application,,C:\Program Files\Windows Defender Advanced Threat Protection,1.0
1947,Windows Defender Advanced Threat Protection - Sense NDR module,4.0,Microsoft Corporation Inc.,Application,,C:\Program Files\Windows Defender Advanced Threat Protection,1.0
1947,Windows Defender Advanced Threat Protection IMDSCollector module,10.8805,Microsoft Corporation Inc.,Application,,C:\Program Files\Windows Defender Advanced Threat Protection,1.0
1947,Windows Defender Advanced Threat Protection Sample Upload module,10.8805,Microsoft Corporation Inc.,Application,,C:\Program Files\Windows Defender Advanced Threat Protection,1.0
1947,Windows Defender Advanced Threat Protection Security Configuration Module,2.1037,Microsoft Corporation Inc.,Application,,C:\Program Files\Windows Defender Advanced Threat Protection,1.0
1947,Windows Defender Advanced Threat Protection Sense CE module,10.8805,Microsoft Corporation Inc.,Application,,C:\Program Files\Windows Defender Advanced Threat Protection\Classification,1.0
1947,Windows Defender Advanced Threat Protection Sense Dlp Processor module,10.8805,Microsoft Corporation Inc.,Application,,C:\Program Files\Windows Defender Advanced Threat Protection,1.0
1947,Windows Defender Advanced Threat Protection Sense Event Tracer module,10.8805,Microsoft Corporation Inc.,Application,,C:\Program Files\Windows Defender Advanced Threat Protection,1.0
1947,Windows Defender Advanced Threat Protection Sense Group Policy module,10.8805,Microsoft Corporation Inc.,Application,,C:\Program Files\Windows Defender Advanced Threat Protection,1.0
1947,Windows Defender Advanced Threat Protection Sense Identity module,3.0,Microsoft Corporation Inc.,Application,,C:\Program Files\Windows Defender Advanced Threat Protection,1.0
1947,Windows Defender Advanced Threat Protection Sense IR module,10.8805,Microsoft Corporation Inc.,Application,,C:\Program Files\Windows Defender Advanced Threat Protection,1.0
1947,Windows Defender Advanced Threat Protection Sense TVM module,1.4,,Application,,C:\Program Files\Windows Defender Advanced Threat Protection,1.0
1947,Windows Defender Advanced Threat Protection Service Executable,10.8805,Microsoft Corporation Inc.,Application,,C:\Program Files\Windows Defender Advanced Threat Protection,1.0
1947,Windows Defender Offline Shell,4.18,Microsoft Corporation Inc.,Application,,C:\Program Files\Windows Defender\Offline,1.0
1947,Windows Explorer,10.0,Microsoft Corporation Inc.,Application,,C:\Windows,1.0
1947,Windows Media Player,12.0,Microsoft Corporation Inc.,Application,,C:\Program Files (x86)\Windows Media Player,2.0
1947,Windows Media Player Configuration,12.0,Microsoft Corporation Inc.,Application,,C:\Program Files (x86)\Windows Media Player,2.0
1947,Windows Media Player Folder Sharing Executable,12.0,Microsoft Corporation Inc.,Application,,C:\Program Files (x86)\Windows Media Player,2.0
1947,Windows Media Player Launcher,12.0,Microsoft Corporation Inc.,Application,,C:\Program Files (x86)\Windows Media Player,2.0
1947,Windows Media Player Network Sharing Service,12.0,Microsoft Corporation Inc.,Application,,C:\Program Files\Windows Media Player,1.0
1947,Windows Media Player Network Sharing Service Configuration Application,12.0,Microsoft Corporation Inc.,Application,,C:\Program Files\Windows Media Player,1.0
1947,Windows Media Player Rich Preview Handler,12.0,Microsoft Corporation Inc.,Application,,C:\Program Files (x86)\Windows Media Player,2.0
1947,Windows My People,10.0,Microsoft Corporation Inc.,Application,,C:\Windows\SystemApps\Microsoft.Windows.PeopleExperienceHost_cw5n1h2txyewy,1.0
1947,Windows Shell Experience Host,10.0,Microsoft Corporation Inc.,Application,,C:\Windows\SystemApps\ShellExperienceHost_cw5n1h2txyewy,1.0
1947,Windows Start Experience Host,10.0,Microsoft Corporation Inc.,Application,,C:\Windows\SystemApps\Microsoft.Windows.StartMenuExperienceHost_cw5n1h2txyewy,1.0
1947,Windows Update,1451.2512,Microsoft Corporation Inc.,Application,,C:\Windows\UUS\amd64,1.0
1947,Windows Update,1507.2512,Microsoft Corporation Inc.,Application,,C:\Windows\UUS\Packages\Preview\amd64,1.0
1947,WizLink Application,1.0,,Application,,C:\Program Files (x86)\Online Services\Adobe,2.0
1947,XGPU Eject Dialog,10.0,Microsoft Corporation Inc.,Application,,C:\Windows\SystemApps\Microsoft.Windows.XGpuEjectDialog_cw5n1h2txyewy,1.0
1944,.NET Runtime Optimization Service,4.8,Microsoft Corporation Inc.,Application,,C:\Windows\Microsoft.NET\Framework64\v4.0.30319,2.0
1944,64Bit MAPI Mail Agent,1.0,Foxit Software Inc.,Application,,C:\Program Files (x86)\Foxit Software\Foxit PDF Reader,1.0
1944,7-Zip 24.08 (x64 edition),24.08,Igor Pavlov,Add/Remove Programs,"October 09, 2024 12:00:00 AM",,
1944,7-Zip Console,24.08,Igor Pavlov,Application,,C:\Program Files\7-Zip,1.0
1944,7-Zip File Manager,24.08,Igor Pavlov,Application,,C:\Program Files\7-Zip,1.0
1944,7-Zip GUI,24.08,Igor Pavlov,Application,,C:\Program Files\7-Zip,1.0
1944,7-Zip Standalone Console,19.0,Igor Pavlov,Application,,C:\Program Files (x86)\HP\HP Support Framework\Resources\HPUpdate,1.0
1944,Accounts Control Host,10.0,Microsoft Corporation Inc.,Application,,C:\Windows\SystemApps\Microsoft.AccountsControl_cw5n1h2txyewy,1.0
1944,Adds HP\Consent Manager Launcher to Task Scheduler,2.19,HP Inc.,Application,,C:\Program Files\HP\Consent Manager,1.0
1944,AddSuggestedFoldersToLibraryDialog,10.0,Microsoft Corporation Inc.,Application,,C:\Windows\SystemApps\Microsoft.Windows.AddSuggestedFoldersToLibraryDialog_cw5n1h2txyewy,1.0
1944,ADSelfService Plus Client Software,5.8,ZOHO Corp,Add/Remove Programs,"April 11, 2023 12:00:00 AM",,
1944,ADSelfService Plus Client Software,1.1,ZOHO Corp,Application,,C:\Program Files (x86)\ZOHO Corp\ADSelfService Plus Client Software,1.0
1944,Antimalware Core Service,4.18,Microsoft Corporation Inc.,Application,,C:\Program Files\Windows Defender,1.0
1944,Antimalware Service Executable,4.18,Microsoft Corporation Inc.,Application,,C:\Program Files\Windows Defender,1.0
1944,AppActions,10.0,Microsoft Corporation Inc.,Application,,C:\Windows\SystemApps\Shared\AOT,2.0
1944,AppResolverUX,10.0,Microsoft Corporation Inc.,Application,,C:\Windows\SystemApps\Microsoft.Windows.AppResolverUX_cw5n1h2txyewy,1.0
1944,AsyncTextService,10.0,Microsoft Corporation Inc.,Application,,C:\Windows\SystemApps\Microsoft.AsyncTextService_8wekyb3d8bbwe,1.0
1944,BingPopup,5.2,HP Inc.,Application,,C:\Program Files (x86)\HP\HP Support Framework\Resources\BingPopup,1.0
1944,Biometric Enrollment Host,10.0,Microsoft Corporation Inc.,Application,,C:\Windows\SystemApps\Microsoft.BioEnrollment_cw5n1h2txyewy,1.0
1944,BMC Client Management Agent,24.1.01.240624,BMC Software Inc.,Application,,C:\Program Files\BMC Software\Client Management\Client\bin,1.0
1944,BMC Client Management Certificate Generator,24.1.01.240624,BMC Software Inc.,Application,,C:\Program Files\BMC Software\Client Management\Client\bin,1.0
1944,BMC Client Management Chilli Interpreter,24.1.01.240624,BMC Software Inc.,Application,,C:\Program Files\BMC Software\Client Management\Client\bin,1.0
1944,BMC Client Management Direct Access Proxy Agent,24.1.01.240624,BMC Software Inc.,Application,,C:\Program Files\BMC Software\Client Management\Client\bin,1.0
1944,BMC Client Management Opswat Proxy Agent,24.1.01.240624,BMC Software Inc.,Application,,C:\Program Files\BMC Software\Client Management\Client\bin,1.0
1944,BMC Client Management Package Viewer,24.1.01.240624,BMC Software Inc.,Application,,C:\Program Files\BMC Software\Client Management\Client\bin,1.0
1944,BMC Client Management Patch Broker,24.1.01.240624,BMC Software Inc.,Application,,C:\Program Files\BMC Software\Client Management\Client\bin,1.0
1944,BMC Client Management Proxy Agent,24.1.01.240624,BMC Software Inc.,Application,,C:\Program Files\BMC Software\Client Management\Client\bin,1.0
1944,BMC Client Management Remote Control proxy,24.1.01.240624,BMC Software Inc.,Application,,C:\Program Files\BMC Software\Client Management\Client\bin,1.0
1944,BMC Client Management SCAP,24.1.01.240624,BMC Software Inc.,Application,,C:\Program Files\BMC Software\Client Management\Client\bin,1.0
1944,BMC Client Management Video Proxy Agent,24.1.01.240624,BMC Software Inc.,Application,,C:\Program Files\BMC Software\Client Management\Client\bin,1.0
1944,Boot File Servicing Utility,10.0,Microsoft Corporation Inc.,Application,,C:\Windows,1.0
1944,Browser Protection Native Messaging Host,4.18,Microsoft Corporation Inc.,Application,,C:\Program Files\Windows Defender,1.0
1944,BrowserCore,10.0,Microsoft Corporation Inc.,Application,,C:\Windows\BrowserCore,1.0
1944,CameraBarcodeScannerPreview,10.0,Microsoft Corporation Inc.,Application,,C:\Windows\SystemApps\Windows.CBSPreview_cw5n1h2txyewy,1.0
1944,CL5,9.6,Ivanti,Application,,C:\Program Files\BMC Software\Client Management\Client\data\PatchManagementPremium\workspace,4.0
1944,ClickOnce,4.8,Microsoft Corporation Inc.,Application,,C:\Windows\Microsoft.NET\Framework64\v4.0.30319,3.0
1944,Common User Interface,5.8,Musarubra US LLC.,Application,,C:\Program Files\McAfee\Agent\x86,1.0
1944,Copilot,144.0,Microsoft Corporation Inc.,Application,,C:\Program Files (x86)\Microsoft\EdgeWebView\Application\144.0.3719.115,5.0
1944,Copilot Update,1.3,Microsoft Corporation Inc.,Application,,C:\Program Files (x86)\Microsoft\EdgeUpdate,2.0
1944,CrashSender Application,4.3,Google Inc.,Application,,C:\Program Files\Google\Google Apps Migration,1.0
1944,Create a self-signed digital certificate,16.0,Microsoft Corporation Inc.,Application,,C:\Program Files\Microsoft Office\Office16,1.0
1944,Credential Dialog Host,10.0,Microsoft Corporation Inc.,Application,,C:\Windows\SystemApps\microsoft.creddialoghost_cw5n1h2txyewy,1.0
1944,CrowdStrike Device Control,7.29,CrowdStrike Inc.,Add/Remove Programs,"November 14, 2025 12:00:00 AM",,
1944,CrowdStrike Device Control Support Tool,7.29,CrowdStrike Inc.,Application,,C:\Program Files\CrowdStrike,1.0
1944,CrowdStrike Falcon Connector,7.32,CrowdStrike Inc.,Application,,C:\Program Files\CrowdStrike,1.0
1944,CrowdStrike Falcon Sensor,7.32,CrowdStrike Inc.,Application,,C:\Program Files\CrowdStrike,1.0
1944,CrowdStrike Falcon Sensor Controller,7.32,CrowdStrike Inc.,Application,,C:\Program Files\CrowdStrike,1.0
1944,CrowdStrike Falcon Sensor Service,7.32,CrowdStrike Inc.,Application,,C:\Program Files\CrowdStrike,1.0
1944,CrowdStrike Falcon Sensor Servlet Container,7.32,CrowdStrike Inc.,Application,,C:\Program Files\CrowdStrike,1.0
1944,CrowdStrike Falcon Sensor Settings Tool,7.32,CrowdStrike Inc.,Application,,C:\Program Files\CrowdStrike,1.0
1944,CrowdStrike Falcon Sensor System Tray Application,7.32,CrowdStrike Inc.,Application,,C:\Program Files\CrowdStrike,2.0
1944,CrowdStrike Firmware Analysis,7.14,CrowdStrike Inc.,Add/Remove Programs,"January 23, 2025 12:00:00 AM",,
1944,CrowdStrike Firmware Analysis Support Tool,7.14,CrowdStrike Inc.,Application,,C:\Program Files\CrowdStrike,1.0
1944,CrowdStrike On-Demand Scan Command-line Tool,7.32,CrowdStrike Inc.,Application,,C:\Program Files\CrowdStrike,1.0
1944,CrowdStrike On-Demand Scan Tool,7.32,CrowdStrike Inc.,Application,,C:\Program Files\CrowdStrike,1.0
1944,CrowdStrike Sensor Platform,7.32,CrowdStrike Inc.,Add/Remove Programs,"January 14, 2026 12:00:00 AM",,
1944,CrowdStrike Windows Sensor,7.32,CrowdStrike Inc.,Add/Remove Programs,"January 14, 2026 12:00:00 AM",,
1944,Definition Update for Microsoft Office 2016 (KB3115407) 64-Bit Edition,,Microsoft Corporation Inc.,Add/Remove Programs,,,
1944,DiscoveryHubApp,10.0,Microsoft Corporation Inc.,Application,,C:\Windows\SystemApps\Shared\AOT,2.0
1944,EC App,10.0,Microsoft Corporation Inc.,Application,,C:\Windows\SystemApps\Microsoft.ECApp_8wekyb3d8bbwe,1.0
1944,expediteupdater,10.0,Microsoft Corporation Inc.,Application,,C:\Program Files\Microsoft Update Health Tools,1.0
1944,File Explorer,10.0,Microsoft Corporation Inc.,Application,,C:\Windows\SystemApps\Microsoft.Windows.FileExplorer_cw5n1h2txyewy,1.0
1944,File Picker,10.0,Microsoft Corporation Inc.,Application,,C:\Windows\SystemApps\Microsoft.Windows.FilePicker_cw5n1h2txyewy,1.0
1944,Foxit PDF Preview Handler Host,12.1,Foxit Corporation,Application,,C:\Program Files (x86)\Foxit Software\Foxit PDF Reader\Shell Extensions,1.0
1944,Foxit PDF Reader,2024.2,Foxit Software Inc.,Application,"October 09, 2024 12:00:00 AM",C:\Program Files (x86)\Foxit Software\Foxit PDF Reader,1.0
1944,Foxit PDF Reader ConnectedPDF Windows Service.,2024.2,Foxit Software Inc.,Application,,C:\Program Files (x86)\Foxit Software\Foxit PDF Reader,1.0
1944,Foxit PDF Reader Update Service,1.0,Foxit Software Inc.,Application,,C:\Program Files (x86)\Common Files\Foxit\Foxit PDF Reader,1.0
1944,Foxit Updater,2024.2,Foxit Corporation,Application,,C:\Program Files (x86)\Foxit Software\Foxit PDF Reader,1.0
1944,Google Chrome,144.0,Google LLC,Web Browser,"February 06, 2026 12:00:00 AM",C:\Program Files\Google\Chrome\Application,9.0
1944,Google Chrome,145.0,Google LLC,Web Browser,,C:\Program Files (x86)\Google\ChromeEnterpriseCompanion,1.0
1944,Google Chrome,146.0,Google LLC,Web Browser,,C:\Program Files\Google\Chrome\Application\PlatformExperienceHelper,1.0
1944,Google Update Helper,1.3,Google LLC,Add/Remove Programs,"July 01, 2022 12:00:00 AM",,
1944,Google Updater (x64),144.0,Google LLC,Application,,C:\Program Files (x86)\Google\Update,2.0
1944,Google Workspace Migration for Microsoft Outlook 4.3.29.0,4.3,Google Inc.,Add/Remove Programs,"May 15, 2025 12:00:00 AM",,
1944,Google Workspace Migration for Microsoft Outlook\x00AE,4.3,Google Inc.,Application,,C:\Program Files\Google\Google Apps Migration,1.0
1944,gusvc,2.0,Google,Application,,C:\Program Files (x86)\Google\Common\Google Updater,1.0
1944,HDLP Diagnostic Tool,11.12,Trellix,Application,,C:\Program Files\McAfee\DLP\Agent\Tools,1.0
1944,Herramientas de corrección de Microsoft Office 2016: español,16.0,Microsoft Corporation Inc.,Add/Remove Programs,"July 09, 2025 12:00:00 AM",C:\Program Files\Microsoft Office\,
1944,HP BIOS Configuration Utility,4.0,HP,Application,,C:\Windows\HP,1.0
1944,HP Customer Feedback,9.1,HP Inc.,Application,,C:\Program Files (x86)\HP\HP Support Framework\Resources,1.0
1944,HP Firmware Update and Recovery,3.1,HP,Application,,C:\Windows\Firmware,12.0
1944,HP Firmware Update and Recovery,3.0,HP,Application,,C:\Windows\Firmware\{6b828df1-8ffa-4cae-b04e-3f0f2ee37a9a},1.0
1944,HP PC Hardware Diagnostics UEFI,10.5,HP,Add/Remove Programs,"February 07, 2025 12:00:00 AM",C:\Windows\HP\,
1944,HP System Default Settings,1.5,HP Inc.,Add/Remove Programs,"December 30, 2025 12:00:00 AM",C:\Program Files (x86)\HP\HP System Default Settings\,
1944,HP Toast Notification Activator,1.0,HP,Application,,C:\Windows\Firmware,12.0
1944,HP Web Products Detection,9.5,HP Inc.,Application,,C:\Program Files (x86)\HP\HP Support Framework\Modules,1.0
1944,HPAudioCheck,1.4,HP Inc.,Application,,C:\Program Files (x86)\HP\HPX Support\Resources\HPAudioCheck,1.0
1944,HPAudioCheck,1.3,HP Inc.,Application,,C:\Program Files (x86)\HP\HP Support Framework\Resources\HPAudioCheck,1.0
1944,HPDeviceCheck,1.2,,Application,,C:\Program Files (x86)\HP\HP Support Framework\Modules\HPDeviceCheck,1.0
1944,HPNetworkCheck,9.1,HP Inc.,Application,,C:\Program Files (x86)\HP\HPX Support\Resources\HPNetworkCheck,2.0
1944,HPOSCheck,1.4,HP Inc.,Application,,C:\Program Files (x86)\HP\HPX Support\Resources\HPOSCheck,1.0
1944,HPOSCheck,1.3,HP Inc.,Application,,C:\Program Files (x86)\HP\HP Support Framework\Resources\HPOSCheck,1.0
1944,HPPerformanceTuneup,2.1,HP Inc.,Application,,C:\Program Files (x86)\HP\HP Support Framework\Resources\HPPerformanceTuneup,1.0
1944,HPPerformanceTuneup,2.2,HP Inc.,Application,,C:\Program Files (x86)\HP\HPX Support\Resources\HPPerformanceTuneup,1.0
1944,HPPrinterHealthMonitor,1.0,HP Inc.,Application,,C:\Program Files (x86)\HP\HP Support Framework\Modules\PSDR,1.0
1944,HPPrinterLowInk,1.2,HP Inc.,Application,,C:\Program Files (x86)\HP\HP Support Framework\Resources\HPPrinterLowInk,1.0
1944,HPPrintSpooler,1.3,HP Inc.,Application,,C:\Program Files (x86)\HP\HP Support Framework\Resources\HPPrintSpooler,1.0
1944,HPPSDrDownloader,1.0,HP Inc.,Application,,C:\Program Files (x86)\HP\HP Support Framework\Resources,1.0
1944,HPQPswd Application,3.0,HP,Application,,C:\SWSetup\sp166151,8.0
1944,HPSACommands,1.0,HP Inc.,Application,,C:\Program Files (x86)\HP\HPX Support\Resources,2.0
1944,HPSALauncher,9.4,HP Inc.,Application,,C:\Program Files (x86)\HP\HPX Support\Resources,2.0
1944,HPSFReport,8.15,HP Inc.,Application,,C:\Program Files (x86)\HP\HPX Support\Resources,1.0
1944,HPSFReport,8.17,HP Inc.,Application,,C:\Program Files (x86)\HP\HP Support Framework\Resources,1.0
1944,HPSFViewer,8.6,HP Inc.,Application,,C:\Program Files (x86)\HP\HPX Support\Resources,2.0
1944,HPUpdate,3.0,HP Inc.,Application,,C:\Program Files (x86)\HP\HP Support Framework\Resources\HPUpdate,1.0
1944,HPWarrantyChecker,6.41,HP Inc.,Application,,C:\Program Files (x86)\HP\HP Support Framework\Resources\HPWarrantyCheck,1.0
1944,HPWSD,9.6,HP Inc.,Application,,C:\Program Files (x86)\HP\HP Support Framework\Warranty,1.0
1944,IEToEdge BHO,144.0,Microsoft Corporation Inc.,Application,,C:\Program Files (x86)\Microsoft\EdgeWebView\Application\144.0.3719.115\BHO,5.0
1944,Imaging Devices Control Panel,10.0,Microsoft Corporation Inc.,Application,,C:\Program Files (x86)\Windows Photo Viewer,2.0
1944,Intel TXT ACM driver for CML-S,1.13,HP Inc.,Application,,C:\Program Files\Intel\TXT,1.0
1944,LibreOffice,7.6,The Document Foundation,Application,,C:\Program Files\LibreOffice\program,2.0
1944,LibreOffice 7.6.7.2,7.6,The Document Foundation,Add/Remove Programs,"October 09, 2024 12:00:00 AM",C:\Program Files\LibreOffice\,
1944,LibreOffice Base,7.6,The Document Foundation,Application,,C:\Program Files\LibreOffice\program,1.0
1944,LibreOffice Calc,7.6,The Document Foundation,Application,,C:\Program Files\LibreOffice\program,1.0
1944,LibreOffice Draw,7.6,The Document Foundation,Application,,C:\Program Files\LibreOffice\program,1.0
1944,LibreOffice Impress,7.6,The Document Foundation,Application,,C:\Program Files\LibreOffice\program,1.0
1944,LibreOffice Math,7.6,The Document Foundation,Application,,C:\Program Files\LibreOffice\program,1.0
1944,LibreOffice Writer,7.6,The Document Foundation,Application,,C:\Program Files\LibreOffice\program,1.0
1944,LibreOffice Writer (Web),7.6,The Document Foundation,Application,,C:\Program Files\LibreOffice\program,1.0
1944,MA Command Agent Binary,5.8,Musarubra US LLC.,Application,,C:\Program Files\McAfee\Agent,1.0
1944,MA Policy Upgrade Tool,5.8,Musarubra US LLC.,Application,,C:\Program Files\McAfee\Agent\x86,1.0
1944,MB Version update tool,4.8,Microsoft Corporation Inc.,Application,,C:\Windows\Microsoft.NET\Framework64\v4.0.30319,3.0
1944,Microsoft .NET Assembly Registration Utility,4.8,Microsoft Corporation Inc.,Application,,C:\Windows\Microsoft.NET\Framework64\v4.0.30319,2.0
1944,Microsoft .NET ClickOnce Launch Utility,4.8,Microsoft Corporation Inc.,Application,,C:\Windows\Microsoft.NET\Framework64\v4.0.30319,2.0
1944,Microsoft .NET Framework CAS Policy Manager,4.8,Microsoft Corporation Inc.,Application,,C:\Windows\Microsoft.NET\Framework64\v4.0.30319,2.0
1944,Microsoft .NET Framework IL assembler,4.8,Microsoft Corporation Inc.,Application,,C:\Windows\Microsoft.NET\Framework64\v4.0.30319,2.0
1944,Microsoft .NET Framework optimization service,4.8,Microsoft Corporation Inc.,Application,,C:\Windows\Microsoft.NET\Framework64\v4.0.30319,2.0
1944,Microsoft Application Error Reporting,16.0,Microsoft Corporation Inc.,Application,,C:\Program Files\Common Files\microsoft shared\DW,1.0
1944,Microsoft ASP.NET State Server,4.8,Microsoft Corporation Inc.,Application,,C:\Windows\Microsoft.NET\Framework64\v4.0.30319,2.0
1944,Microsoft Common Language Runtime native compiler,4.8,Microsoft Corporation Inc.,Application,,C:\Windows\Microsoft.NET\Framework64\v4.0.30319,2.0
1944,Microsoft Contacts Import Tool,10.0,Microsoft Corporation Inc.,Application,,C:\Program Files (x86)\Windows Mail,2.0
1944,Microsoft Data Loss Prevention MIP Agent,4.18,Microsoft Corporation Inc.,Application,,C:\Program Files\Windows Defender,1.0
1944,Microsoft Edge,144.0,Microsoft Corporation Inc.,Application,"February 07, 2026 12:00:00 AM",C:\Program Files (x86)\Microsoft\EdgeWebView\Application\144.0.3719.115,49.0
1944,Microsoft Edge COM Registration Helper ARM64,1.3,Microsoft Corporation Inc.,Application,,C:\Program Files (x86)\Microsoft\EdgeUpdate\1.3.217.3,1.0
1944,Microsoft Edge PWA Launcher,144.0,Microsoft Corporation Inc.,Application,,C:\Program Files (x86)\Microsoft\EdgeWebView\Application\144.0.3719.115,5.0
1944,Microsoft Edge Update,1.3,Microsoft Corporation Inc.,Application,,C:\Program Files (x86)\Microsoft\EdgeUpdate,5.0
1944,Microsoft Edge Update COM Registration Helper,1.3,Microsoft Corporation Inc.,Application,,C:\Program Files (x86)\Microsoft\EdgeUpdate\1.3.217.3,1.0
1944,Microsoft Edge WebView2,144.0,Microsoft Corporation Inc.,Application,,C:\Program Files (x86)\Microsoft\EdgeWebView\Application\144.0.3719.115,5.0
1944,Microsoft Edge WebView2 Runtime,144.0,Microsoft Corporation Inc.,Add/Remove Programs,"February 09, 2026 12:00:00 AM",C:\Program Files (x86)\Microsoft\EdgeWebView\Application,
1944,Microsoft Entra WAM plugin,10.0,Microsoft Corporation Inc.,Application,,C:\Windows\SystemApps\Microsoft.AAD.BrokerPlugin_cw5n1h2txyewy,1.0
1944,Microsoft Excel,16.0,Microsoft Corporation Inc.,Application,,C:\Program Files\Microsoft Office\Office16,2.0
1944,Microsoft Excel MUI (English) 2016,16.0,Microsoft Corporation Inc.,Add/Remove Programs,"February 11, 2026 12:00:00 AM",C:\Program Files\Microsoft Office\,
1944,Microsoft Family Safety,10.0,Microsoft Corporation Inc.,Application,,C:\Windows\SystemApps\ParentalControls_cw5n1h2txyewy,1.0
1944,Microsoft Filter Loader,16.0,Microsoft Corporation Inc.,Application,,C:\Program Files\Common Files\microsoft shared\OFFICE16,1.0
1944,Microsoft Groove MUI (English) 2016,16.0,Microsoft Corporation Inc.,Add/Remove Programs,"April 09, 2025 12:00:00 AM",C:\Program Files\Microsoft Office\,
1944,Microsoft Help and Support,10.0,Microsoft Corporation Inc.,Application,,C:\Windows,1.0
1944,Microsoft Internet Explorer,11.0,Microsoft Corporation Inc.,Web Browser,,C:\Program Files (x86)\Internet Explorer,9.0
1944,Microsoft Malware Protection Command Line Utility,4.18,Microsoft Corporation Inc.,Application,,C:\Program Files (x86)\Windows Defender,2.0
1944,Microsoft Malware Protection Copy Accelerator Utility,4.18,Microsoft Corporation Inc.,Application,,C:\Program Files\Windows Defender,1.0
1944,Microsoft Malware Protection DLP Command Line Utility,4.18,Microsoft Corporation Inc.,Application,,C:\Program Files\Windows Defender,1.0
1944,Microsoft Malware Protection DLP User Agent,4.18,Microsoft Corporation Inc.,Application,,C:\Program Files\Windows Defender,1.0
1944,Microsoft Mashup Evaluation Container,2.61,Microsoft Corporation Inc.,Application,,C:\Program Files\Microsoft Office\Office16\ADDINS\Microsoft Power Query for Excel Integrated\bin,3.0
1944,Microsoft Network Realtime Inspection Service,4.18,Microsoft Corporation Inc.,Application,,C:\Program Files\Windows Defender,1.0
1944,Microsoft Office,16.0,Microsoft Corporation Inc.,Application,,C:\Program Files\Microsoft Office\Office16,1.0
1944,Microsoft Office 15 Language Preferences,16.0,Microsoft Corporation Inc.,Application,,C:\Program Files\Microsoft Office\Office16,1.0
1944,Microsoft Office 2016,16.0,Microsoft Corporation Inc.,Application,,C:\Program Files\Microsoft Office\Office16,1.0
1944,Microsoft Office component,16.0,Microsoft Corporation Inc.,Application,,C:\Program Files\Common Files\microsoft shared\OFFICE16,1.0
1944,Microsoft Office Contact Retriever,16.0,Microsoft Corporation Inc.,Application,,C:\Program Files\Microsoft Office\Office16,1.0
1944,Microsoft Office Document Cache,16.0,Microsoft Corporation Inc.,Application,,C:\Program Files\Microsoft Office\Office16,1.0
1944,Microsoft Office Document Cache Migration,16.0,Microsoft Corporation Inc.,Application,,C:\Program Files (x86)\Common Files\Microsoft Shared\OFFICE16,2.0
1944,Microsoft Office Document Cache Sync Client Interface,16.0,Microsoft Corporation Inc.,Application,,C:\Program Files\Common Files\microsoft shared\OFFICE16,1.0
1944,Microsoft Office Help Viewer,16.0,Microsoft Corporation Inc.,Application,,C:\Program Files\Microsoft Office\Office16,1.0
1944,Microsoft Office Multi-Msi ActiveDirectory Deployment Tool.,16.0,Microsoft Corporation Inc.,Application,,C:\Program Files\Common Files\microsoft shared\OFFICE16\Office Setup Controller,1.0
1944,Microsoft Office OSM MUI (English) 2016,16.0,Microsoft Corporation Inc.,Add/Remove Programs,"April 09, 2025 12:00:00 AM",C:\Program Files\Microsoft Office\,
1944,Microsoft Office OSM UX MUI (English) 2016,16.0,Microsoft Corporation Inc.,Add/Remove Programs,"April 09, 2025 12:00:00 AM",C:\Program Files\Microsoft Office\,
1944,Microsoft Office Proofing (English) 2016,16.0,Microsoft Corporation Inc.,Add/Remove Programs,"April 09, 2025 12:00:00 AM",C:\Program Files\Microsoft Office\,
1944,Microsoft Office Proofing Tools 2016 - English,16.0,Microsoft Corporation Inc.,Add/Remove Programs,"July 09, 2025 12:00:00 AM",C:\Program Files\Microsoft Office\,
1944,Microsoft Office Screen Recorder,16.0,Microsoft Corporation Inc.,Application,,C:\Program Files\Microsoft Office\Office16,1.0
1944,Microsoft Office Shared 32-bit MUI (English) 2016,16.0,Microsoft Corporation Inc.,Add/Remove Programs,"February 11, 2026 12:00:00 AM",C:\Program Files\Microsoft Office\,
1944,Microsoft Office Shared MUI (English) 2016,16.0,Microsoft Corporation Inc.,Add/Remove Programs,"January 27, 2026 12:00:00 AM",C:\Program Files\Microsoft Office\,
1944,Microsoft Office Standard 2016,16.0,Microsoft Corporation Inc.,Add/Remove Programs,"February 11, 2026 12:00:00 AM",C:\Program Files\Microsoft Office,
1944,Microsoft Office Upload Center,16.0,Microsoft Corporation Inc.,Application,,C:\Program Files\Microsoft Office\Office16,1.0
1944,Microsoft OneDrive for Business,16.0,Microsoft Corporation Inc.,Application,,C:\Program Files\Microsoft Office\Office16,1.0
1944,Microsoft OneNote,16.0,Microsoft Corporation Inc.,Application,,C:\Program Files\Microsoft Office\Office16,1.0
1944,Microsoft OneNote Internet Explorer Content Service,16.0,Microsoft Corporation Inc.,Application,,C:\Program Files\Microsoft Office\Office16,1.0
1944,Microsoft OneNote MUI (English) 2016,16.0,Microsoft Corporation Inc.,Add/Remove Programs,"August 14, 2025 12:00:00 AM",C:\Program Files\Microsoft Office\,
1944,Microsoft Outlook,16.0,Microsoft Corporation Inc.,Application,,C:\Program Files\Microsoft Office\Office16,1.0
1944,Microsoft Outlook Data Files Scan/Repair Utility,16.0,Microsoft Corporation Inc.,Application,,C:\Program Files\Microsoft Office\Office16,1.0
1944,Microsoft Outlook MUI (English) 2016,16.0,Microsoft Corporation Inc.,Add/Remove Programs,"February 11, 2026 12:00:00 AM",C:\Program Files\Microsoft Office\,
1944,Microsoft PDF Reflow,16.0,Microsoft Corporation Inc.,Application,,C:\Program Files\Microsoft Office\Office16,1.0
1944,Microsoft PowerPoint,16.0,Microsoft Corporation Inc.,Application,,C:\Program Files\Microsoft Office\Office16,1.0
1944,Microsoft PowerPoint MUI (English) 2016,16.0,Microsoft Corporation Inc.,Add/Remove Programs,"February 11, 2026 12:00:00 AM",C:\Program Files\Microsoft Office\,
1944,Microsoft Publisher,16.0,Microsoft Corporation Inc.,Application,,C:\Program Files\Microsoft Office\Office16,1.0
1944,Microsoft Publisher MUI (English) 2016,16.0,Microsoft Corporation Inc.,Add/Remove Programs,"April 09, 2025 12:00:00 AM",C:\Program Files\Microsoft Office\,
1944,Microsoft Purview Data Loss Prevention Service,4.18,Microsoft Corporation Inc.,Application,,C:\Program Files\Windows Defender,1.0
1944,Microsoft Query,16.0,Microsoft Corporation Inc.,Application,,C:\Program Files\Microsoft Office\Office16,1.0
1944,Microsoft Resource File To COFF Object Conversion Utility,14.29,Microsoft Corporation Inc.,Application,,C:\Windows\Microsoft.NET\Framework64\v4.0.30319,2.0
1944,Microsoft Security Client Policy Configuration Tool,4.18,Microsoft Corporation Inc.,Application,,C:\Program Files\Windows Defender,1.0
1944,Microsoft Tablet PC Component,10.0,Microsoft Corporation Inc.,Application,,C:\Program Files (x86)\Common Files\Microsoft Shared\ink,1.0
1944,Microsoft Teams Meeting Add-in for Microsoft Office,1.24,Microsoft Corporation Inc.,Add/Remove Programs,"July 24, 2024 12:00:00 AM",,
1944,Microsoft Update Health Service,10.0,Microsoft Corporation Inc.,Application,,C:\Program Files\Microsoft Update Health Tools,1.0
1944,Microsoft Update Health Tools,5.72,Microsoft Corporation Inc.,Add/Remove Programs,"November 10, 2023 12:00:00 AM",,
1944,Microsoft Visual C++ 2010 x64 Redistributable - 10.0.40219,10.0,Microsoft Corporation Inc.,Add/Remove Programs,"February 29, 2024 12:00:00 AM",,
1944,Microsoft Visual C++ 2010 x86 Redistributable - 10.0.40219,10.0,Microsoft Corporation Inc.,Add/Remove Programs,"February 29, 2024 12:00:00 AM",,
1944,Microsoft Visual C++ 2015-2022 Redistributable (x64) - 14.42.34438,14.42,Microsoft Corporation Inc.,Add/Remove Programs,,,
1944,Microsoft Visual C++ 2022 X64 Additional Runtime - 14.42.34438,14.42,Microsoft Corporation Inc.,Add/Remove Programs,"October 28, 2025 12:00:00 AM",,
1944,Microsoft Visual C++ 2022 X64 Minimum Runtime - 14.42.34438,14.42,Microsoft Corporation Inc.,Add/Remove Programs,"October 28, 2025 12:00:00 AM",,
1944,Microsoft Visual Studio 2010 Tools for Office Runtime (x64),10.0,Microsoft Corporation Inc.,Add/Remove Programs,"February 29, 2024 12:00:00 AM",C:\Program Files\Common Files\Microsoft Shared\VSTO\10.0\,
1944,Microsoft Win32WebViewHost app,10.0,Microsoft Corporation Inc.,Application,,C:\Windows\SystemApps\Microsoft.Win32WebViewHost_cw5n1h2txyewy,1.0
1944,Microsoft Word,16.0,Microsoft Corporation Inc.,Application,,C:\Program Files\Microsoft Office\Office16,1.0
1944,Microsoft Word MUI (English) 2016,16.0,Microsoft Corporation Inc.,Add/Remove Programs,"February 11, 2026 12:00:00 AM",C:\Program Files\Microsoft Office\,
1944,MoUSO Core Worker Process,1507.2512,Microsoft Corporation Inc.,Application,,C:\Windows\UUS\Packages\Preview\amd64,1.0
1944,MoUSO Core Worker Process,1451.2512,Microsoft Corporation Inc.,Application,,C:\Windows\UUS\amd64,1.0
1944,Mozilla Maintenance Service,115.15,Mozilla,Add/Remove Programs,,,
1944,Mozilla Thunderbird (x86 en-US),115.15,Mozilla,Add/Remove Programs,,C:\Program Files (x86)\Mozilla Thunderbird,
1944,Narrator Home,10.0,Microsoft Corporation Inc.,Application,,C:\Windows\SystemApps\microsoft.windows.narratorquickstart_8wekyb3d8bbwe,1.0
1944,NCLauncherFromChrome,1.0,HP Inc.,Application,,C:\Program Files (x86)\HP\HP Support Framework\Resources\HPNetworkCheck,2.0
1944,NCLauncherFromIE,8.0,HP Inc.,Application,,C:\Program Files (x86)\HP\HP Support Framework\Resources\HPNetworkCheck,1.0
1944,Notepad,10.0,Microsoft Corporation Inc.,Application,,C:\Windows,1.0
1944,Notifications host process,1451.2512,Microsoft Corporation Inc.,Application,,C:\Windows\UUS\amd64,1.0
1944,Notifications host process,1507.2512,Microsoft Corporation Inc.,Application,,C:\Windows\UUS\Packages\Preview\amd64,1.0
1944,OCChat,1.0,,Application,,C:\Program Files (x86)\HP\HPX Support\Resources\OCChat,1.0
1944,OESIS Framework V4 3rd Party Host,4.3,OPSWAT Inc.,Application,,C:\Program Files\BMC Software\Client Management\Client\bin\opswat,2.0
1944,OESIS Framework V4 Diagnose,4.3,OPSWAT Inc.,Application,,C:\Program Files\BMC Software\Client Management\Client\bin\opswat,1.0
1944,Office Licensing Admin Access Provider,16.0,Microsoft Corporation Inc.,Application,,C:\Program Files\Common Files\microsoft shared\OFFICE16,1.0
1944,Office Source Engine,16.0,Microsoft Corporation Inc.,Application,,C:\Program Files\Common Files\microsoft shared\Source Engine,1.0
1944,Office Subscription Licensing Heartbeat,16.0,Microsoft Corporation Inc.,Application,,C:\Program Files\Common Files\microsoft shared\OFFICE16,1.0
1944,Office Telemetry Agent,16.0,Microsoft Corporation Inc.,Application,,C:\Program Files\Microsoft Office\Office16,1.0
1944,Office Telemetry Dashboard,16.0,Microsoft Corporation Inc.,Application,,C:\Program Files\Microsoft Office\Office16,1.0
1944,Office Telemetry Log,16.0,Microsoft Corporation Inc.,Application,,C:\Program Files\Microsoft Office\Office16,1.0
1944,Office XML Handler,16.0,Microsoft Corporation Inc.,Application,,C:\Program Files\Common Files\microsoft shared\OFFICE16,1.0
1944,OOBE Captive Portal Flow,10.0,Microsoft Corporation Inc.,Application,,C:\Windows\SystemApps\Microsoft.Windows.OOBENetworkCaptivePortal_cw5n1h2txyewy,1.0
1944,OOBE Network Connection Flow,10.0,Microsoft Corporation Inc.,Application,,C:\Windows\SystemApps\Microsoft.Windows.OOBENetworkConnectionFlow_cw5n1h2txyewy,1.0
1944,Outils de vérification linguistique 2016 de Microsoft Office - Français,16.0,Microsoft Corporation Inc.,Add/Remove Programs,"July 09, 2025 12:00:00 AM",C:\Program Files\Microsoft Office\,
1944,Picasa,3.9,Google Inc.,Application,,C:\Program Files (x86)\Google\Picasa3,6.0
1944,Picasa 3,3.9,Google Inc.,Add/Remove Programs,,"""C:\Program Files (x86)\Google\Picasa3""",
1944,Picasa Photo Viewer,3.9,Google Inc.,Application,,C:\Program Files (x86)\Google\Picasa3,1.0
1944,Plugin Container for Thunderbird,115.15,Mozilla Corporation,Application,,C:\Program Files (x86)\Mozilla Thunderbird,1.0
1944,Print Dialog,10.0,Microsoft Corporation Inc.,Application,,C:\Windows\SystemApps\Windows.PrintDialog_cw5n1h2txyewy,1.0
1944,Print driver host for applications,10.0,Microsoft Corporation Inc.,Application,,C:\Windows,1.0
1944,Print Queue Action Center,10.0,Microsoft Corporation Inc.,Application,,C:\Windows\SystemApps\Microsoft.Windows.PrintQueueActionCenter_cw5n1h2txyewy,1.0
1944,PWA Identity Proxy Host,144.0,Microsoft Corporation Inc.,Application,,C:\Program Files (x86)\Microsoft\EdgeWebView\Application\144.0.3719.115,5.0
1944,PwaHelper executable for Identity Proxy,144.0,Microsoft Corporation Inc.,Application,,C:\Program Files (x86)\Microsoft\EdgeWebView\Application\144.0.3719.115,5.0
1944,Python,3.8,Python Software Foundation,Application,,C:\Program Files\LibreOffice\program\python-core-3.8.19\bin,1.0
1944,Registry Editor,10.0,Microsoft Corporation Inc.,Application,,C:\Windows,1.0
1944,Safe Reboot Application,9.6,Ivanti,Application,,C:\Program Files\BMC Software\Client Management\Client\data\PatchManagementPremium\workspace,2.0
1944,Security Update for Microsoft Access 2016 (KB5002720) 64-Bit Edition,,Microsoft Corporation Inc.,Add/Remove Programs,,,
1944,Security Update for Microsoft Excel 2016 (KB5002837) 64-Bit Edition,,Microsoft Corporation Inc.,Add/Remove Programs,,,
1944,Security Update for Microsoft Office 2016 (KB3085538) 64-Bit Edition,,Microsoft Corporation Inc.,Add/Remove Programs,,,
1944,Security Update for Microsoft Office 2016 (KB3191869) 64-Bit Edition,,Microsoft Corporation Inc.,Add/Remove Programs,,,
1944,Security Update for Microsoft Office 2016 (KB3213551) 64-Bit Edition,,Microsoft Corporation Inc.,Add/Remove Programs,,,
1944,Security Update for Microsoft Office 2016 (KB4011574) 64-Bit Edition,,Microsoft Corporation Inc.,Add/Remove Programs,,,
1944,Security Update for Microsoft Office 2016 (KB4022176) 64-Bit Edition,,Microsoft Corporation Inc.,Add/Remove Programs,,,
1944,Security Update for Microsoft Office 2016 (KB4462148) 64-Bit Edition,,Microsoft Corporation Inc.,Add/Remove Programs,,,
1944,Security Update for Microsoft Office 2016 (KB4464583) 64-Bit Edition,,Microsoft Corporation Inc.,Add/Remove Programs,,,
1944,Security Update for Microsoft Office 2016 (KB4475581) 64-Bit Edition,,Microsoft Corporation Inc.,Add/Remove Programs,,,
1944,Security Update for Microsoft Office 2016 (KB4475587) 64-Bit Edition,,Microsoft Corporation Inc.,Add/Remove Programs,,,
1944,Security Update for Microsoft Office 2016 (KB4484103) 64-Bit Edition,,Microsoft Corporation Inc.,Add/Remove Programs,,,
1944,Security Update for Microsoft Office 2016 (KB4484432) 64-Bit Edition,,Microsoft Corporation Inc.,Add/Remove Programs,,,
1944,Security Update for Microsoft Office 2016 (KB5001941) 64-Bit Edition,,Microsoft Corporation Inc.,Add/Remove Programs,,,
1944,Security Update for Microsoft Office 2016 (KB5002341) 64-Bit Edition,,Microsoft Corporation Inc.,Add/Remove Programs,,,
1944,Security Update for Microsoft Office 2016 (KB5002576) 64-Bit Edition,,Microsoft Corporation Inc.,Add/Remove Programs,,,
1944,Security Update for Microsoft Office 2016 (KB5002616) 64-Bit Edition,,Microsoft Corporation Inc.,Add/Remove Programs,,,
1944,Security Update for Microsoft Office 2016 (KB5002669) 64-Bit Edition,,Microsoft Corporation Inc.,Add/Remove Programs,,,
1944,Security Update for Microsoft Office 2016 (KB5002713) 64-Bit Edition,,Microsoft Corporation Inc.,Add/Remove Programs,,,
1944,Security Update for Microsoft Office 2016 (KB5002762) 64-Bit Edition,,Microsoft Corporation Inc.,Add/Remove Programs,,,
1944,Security Update for Microsoft Office 2016 (KB5002766) 64-Bit Edition,,Microsoft Corporation Inc.,Add/Remove Programs,,,
1944,Security Update for Microsoft Office 2016 (KB5002812) 64-Bit Edition,,Microsoft Corporation Inc.,Add/Remove Programs,,,
1944,Security Update for Microsoft Office 2016 (KB5002818) 64-Bit Edition,,Microsoft Corporation Inc.,Add/Remove Programs,,,
1944,Security Update for Microsoft Office 2016 (KB5002826) 64-Bit Edition,,Microsoft Corporation Inc.,Add/Remove Programs,,,
1944,Security Update for Microsoft PowerPoint 2016 (KB5002790) 64-Bit Edition,,Microsoft Corporation Inc.,Add/Remove Programs,,,
1944,Security Update for Microsoft Project 2016 (KB5002652) 64-Bit Edition,,Microsoft Corporation Inc.,Add/Remove Programs,,,
1944,Security Update for Microsoft Publisher 2016 (KB5002566) 64-Bit Edition,,Microsoft Corporation Inc.,Add/Remove Programs,,,
1944,Security Update for Microsoft Visio 2016 (KB5002634) 64-Bit Edition,,Microsoft Corporation Inc.,Add/Remove Programs,,,
1944,Security Update for Microsoft Word 2016 (KB5002839) 64-Bit Edition,,Microsoft Corporation Inc.,Add/Remove Programs,,,
1944,Send to OneNote Tool,16.0,Microsoft Corporation Inc.,Application,,C:\Program Files\Microsoft Office\Office16,1.0
1944,SendCrashReport,12.0,Foxit Corporation,Application,,C:\Program Files (x86)\Foxit Software\Foxit PDF Reader,1.0
1944,Settings,10.0,Microsoft Corporation Inc.,Application,,C:\Windows\ImmersiveControlPanel,1.0
1944,SFU Service,1.1,HP Inc.,Application,,C:\Windows\Firmware,1.0
1944,SolutionFinder,1.1,HP Inc.,Application,,C:\Program Files (x86)\HP\HP Support Framework\Resources\SolutionFinder,1.0
1944,Speech Recognition,10.0,Microsoft Corporation Inc.,Application,,C:\Windows\Speech\Common,1.0
1944,SQL External minidumper,11.0,Microsoft Corporation Inc.,Application,,C:\Program Files (x86)\Microsoft Analysis Services\AS OLEDB\110,2.0
1944,ST Deploy,9.6,Ivanti,Application,,C:\Program Files\BMC Software\Client Management\Client\data\PatchManagementPremium\workspace,4.0
1944,ST Remote Command,9.6,Ivanti,Application,,C:\Program Files\BMC Software\Client Management\Client\data\PatchManagementPremium\workspace,1.0
1944,System Information,10.0,Microsoft Corporation Inc.,Application,,C:\Program Files (x86)\Common Files\Microsoft Shared\MSInfo,2.0
1944,TA Compat service,5.8,Musarubra US LLC.,Application,,C:\Program Files\McAfee\Agent\x86,1.0
1944,Take a Test,0.0,Microsoft Corporation Inc.,Application,,C:\Windows\SystemApps\Microsoft.Windows.SecureAssessmentBrowser_cw5n1h2txyewy,1.0
1944,TaskbarController,1.0,HP Inc.,Application,,C:\Program Files (x86)\HP\HP Support Framework,1.0
1944,TCUI.UAP,0.0,Microsoft Corporation Inc.,Application,,C:\Windows\SystemApps\Microsoft.XboxGameCallableUI_cw5n1h2txyewy,1.0
1944,Thunderbird,115.15,Mozilla Corporation,Application,,C:\Program Files (x86)\Mozilla Thunderbird,1.0
1944,Thunderbird Helper,115.15,Mozilla Corporation,Application,,C:\Program Files (x86)\Mozilla Thunderbird\uninstall,1.0
1944,Thunderbird Software Updater,115.15,Mozilla Foundation,Application,,C:\Program Files (x86)\Mozilla Thunderbird,1.0
1944,Thunderbird Windows Search Integration Handler,115.15,Mozilla Foundation,Application,,C:\Program Files (x86)\Mozilla Thunderbird,1.0
1944,Touch Keyboard and Handwriting Panel,10.0,Microsoft Corporation Inc.,Application,,C:\Program Files\Common Files\microsoft shared\ink,1.0
1944,Touch Keyboard and Handwriting Panel Helper,10.0,Microsoft Corporation Inc.,Application,,C:\Program Files (x86)\Common Files\Microsoft Shared\ink,1.0
1944,Track Review,2024.2,Foxit Software Inc.,Application,,C:\Program Files (x86)\Foxit Software\Foxit PDF Reader,1.0
1944,Trellix Agent,5.08,Trellix,MSI Database,"October 10, 2025 12:00:00 AM",C:\Program Files\McAfee\Agent\,
1944,Trellix Agent,5.8,Trellix,Add/Remove Programs,"October 10, 2025 12:00:00 AM",C:\Program Files\McAfee\Agent\,
1944,Trellix Agent AAC Host,5.8,Musarubra US LLC.,Application,,C:\Program Files\McAfee\Agent\x86,1.0
1944,Trellix Agent Common Services,5.8,Musarubra US LLC.,Application,,C:\Program Files\McAfee\Agent,1.0
1944,Trellix Agent Configurator,5.8,Musarubra US LLC.,Application,,C:\Program Files\McAfee\Agent,2.0
1944,Trellix Agent Extension Updater,5.8,Musarubra US LLC.,Application,,C:\Program Files\McAfee\Agent,1.0
1944,Trellix Agent McScanCheck,5.8,Musarubra US LLC.,Application,,C:\Program Files\McAfee\Agent\x86,1.0
1944,Trellix Agent Repository Mirror,5.8,Musarubra US LLC.,Application,,C:\Program Files\McAfee\Agent\x86,1.0
1944,Trellix Agent Script Engine,5.8,Musarubra US LLC.,Application,,C:\Program Files\McAfee\Agent\x86,2.0
1944,Trellix Agent Service,5.8,Musarubra US LLC.,Application,,C:\Program Files\McAfee\Agent,1.0
1944,Trellix Data Exchange Layer for TA,6.0,Trellix,Add/Remove Programs,"October 10, 2025 12:00:00 AM",,
1944,Trellix Data Loss Prevention - Endpoint,11.12,Trellix,Add/Remove Programs,"October 28, 2025 12:00:00 AM",C:\Program Files\McAfee\DLP\Agent\,
1944,Trellix Dlp Diagnostic,11.12,Trellix,Application,,C:\Program Files\McAfee\DLP\Agent,2.0
1944,Trellix DLP Endpoint Agent,11.12,Trellix,Application,,C:\Program Files\McAfee\DLP\Agent,1.0
1944,Trellix DLP Endpoint Outlook Monitor,11.12,Trellix,Application,,C:\Program Files\McAfee\DLP\Agent,1.0
1944,Trellix DLP Endpoint Performance Monitor,11.12,Trellix,Application,,C:\Program Files\McAfee\DLP\Agent,1.0
1944,Trellix DLP Endpoint Service,11.12,Trellix,Application,,C:\Program Files\McAfee\DLP\Agent,1.0
1944,Trellix DLP Endpoint Service WatchDog,11.12,Trellix,Application,,C:\Program Files\McAfee\DLP\Agent,1.0
1944,Trellix DLP Endpoint Text Extractor,11.12,Trellix,Application,,C:\Program Files\McAfee\DLP\Agent,1.0
1944,Trellix DLP Native Messaging Host,11.12,Trellix,Application,,C:\Program Files\McAfee\DLP\Agent,2.0
1944,Trellix Email Storage Crawler,11.12,Trellix,Application,,C:\Program Files\McAfee\DLP\Agent,2.0
1944,Trellix Tray Application,2.2,Trellix,Application,,C:\Program Files\McAfee\Agent\x86,1.0
1944,UnifiedIoLauncher,1.2,HP Inc.,Application,,C:\Program Files (x86)\HP\HP Support Framework\Resources\SolutionFinder,1.0
1944,Update for Microsoft Office 2016 (KB2920678) 64-Bit Edition,,Microsoft Corporation Inc.,Add/Remove Programs,,,
1944,Update for Microsoft Office 2016 (KB2920717) 64-Bit Edition,,Microsoft Corporation Inc.,Add/Remove Programs,,,
1944,Update for Microsoft Office 2016 (KB2920720) 64-Bit Edition,,Microsoft Corporation Inc.,Add/Remove Programs,,,
1944,Update for Microsoft Office 2016 (KB2920724) 64-Bit Edition,,Microsoft Corporation Inc.,Add/Remove Programs,,,
1944,Update for Microsoft Office 2016 (KB3114524) 64-Bit Edition,,Microsoft Corporation Inc.,Add/Remove Programs,,,
1944,Update for Microsoft Office 2016 (KB3114903) 64-Bit Edition,,Microsoft Corporation Inc.,Add/Remove Programs,,,
1944,Update for Microsoft Office 2016 (KB3115081) 64-Bit Edition,,Microsoft Corporation Inc.,Add/Remove Programs,,,
1944,Update for Microsoft Office 2016 (KB3118262) 64-Bit Edition,,Microsoft Corporation Inc.,Add/Remove Programs,,,
1944,Update for Microsoft Office 2016 (KB3118263) 64-Bit Edition,,Microsoft Corporation Inc.,Add/Remove Programs,,,
1944,Update for Microsoft Office 2016 (KB3118264) 64-Bit Edition,,Microsoft Corporation Inc.,Add/Remove Programs,,,
1944,Update for Microsoft Office 2016 (KB3191929) 64-Bit Edition,,Microsoft Corporation Inc.,Add/Remove Programs,,,
1944,Update for Microsoft Office 2016 (KB3213650) 64-Bit Edition,,Microsoft Corporation Inc.,Add/Remove Programs,,,
1944,Update for Microsoft Office 2016 (KB4011035) 64-Bit Edition,,Microsoft Corporation Inc.,Add/Remove Programs,,,
1944,Update for Microsoft Office 2016 (KB4011259) 64-Bit Edition,,Microsoft Corporation Inc.,Add/Remove Programs,,,
1944,Update for Microsoft Office 2016 (KB4011621) 64-Bit Edition,,Microsoft Corporation Inc.,Add/Remove Programs,,,
1944,Update for Microsoft Office 2016 (KB4011629) 64-Bit Edition,,Microsoft Corporation Inc.,Add/Remove Programs,,,
1944,Update for Microsoft Office 2016 (KB4011634) 64-Bit Edition,,Microsoft Corporation Inc.,Add/Remove Programs,,,
1944,Update for Microsoft Office 2016 (KB4022193) 64-Bit Edition,,Microsoft Corporation Inc.,Add/Remove Programs,,,
1944,Update for Microsoft Office 2016 (KB4032254) 64-Bit Edition,,Microsoft Corporation Inc.,Add/Remove Programs,,,
1944,Update for Microsoft Office 2016 (KB4464587) 64-Bit Edition,,Microsoft Corporation Inc.,Add/Remove Programs,,,
1944,Update for Microsoft Office 2016 (KB4484104) 64-Bit Edition,,Microsoft Corporation Inc.,Add/Remove Programs,,,
1944,Update for Microsoft Office 2016 (KB4484145) 64-Bit Edition,,Microsoft Corporation Inc.,Add/Remove Programs,,,
1944,Update for Microsoft Office 2016 (KB5002050) 64-Bit Edition,,Microsoft Corporation Inc.,Add/Remove Programs,,,
1944,Update for Microsoft Office 2016 (KB5002251) 64-Bit Edition,,Microsoft Corporation Inc.,Add/Remove Programs,,,
1944,Update for Microsoft Office 2016 (KB5002466) 64-Bit Edition,,Microsoft Corporation Inc.,Add/Remove Programs,,,
1944,Update for Microsoft Office 2016 (KB5002623) 64-Bit Edition,,Microsoft Corporation Inc.,Add/Remove Programs,,,
1944,Update for Microsoft OneDrive for Business (KB4022219) 64-Bit Edition,,Microsoft Corporation Inc.,Add/Remove Programs,,,
1944,Update for Microsoft OneNote 2016 (KB5002761) 64-Bit Edition,,Microsoft Corporation Inc.,Add/Remove Programs,,,
1944,Update for Microsoft Outlook 2016 (KB5002747) 64-Bit Edition,,Microsoft Corporation Inc.,Add/Remove Programs,,,
1944,Update for Microsoft Visio Viewer 2016 (KB2920709) 64-Bit Edition,,Microsoft Corporation Inc.,Add/Remove Programs,,,
1944,Update for Skype for Business 2016 (KB5002567) 64-Bit Edition,,Microsoft Corporation Inc.,Add/Remove Programs,,,
1944,Update ML Engine,1507.2512,Microsoft Corporation Inc.,Application,,C:\Windows\UUS\Packages\Preview\amd64,1.0
1944,Visual Basic Command Line Compiler,14.8,Microsoft Corporation Inc.,Application,,C:\Windows\Microsoft.NET\Framework64\v4.0.30319,2.0
1944,Visual C# Command Line Compiler,4.8,Microsoft Corporation Inc.,Application,,C:\Windows\Microsoft.NET\Framework64\v4.0.30319,2.0
1944,WaasMedic Agent Exe,10.0,Microsoft Corporation Inc.,Application,,C:\Windows\UUS\amd64,1.0
1944,Watson Subscriber for SENS Network Notifications,16.0,Microsoft Corporation Inc.,Application,,C:\Program Files\Common Files\microsoft shared\DW,1.0
1944,Windows Contacts,10.0,Microsoft Corporation Inc.,Application,,C:\Program Files (x86)\Windows Mail,2.0
1944,Windows Defender Advanced Threat Protection - Sense AP module,0.3,,Application,,C:\Program Files\Windows Defender Advanced Threat Protection,1.0
1944,Windows Defender Advanced Threat Protection – Sense AP notification module,0.1,,Application,,C:\Program Files\Windows Defender Advanced Threat Protection,1.0
1944,Windows Defender Advanced Threat Protection - Sense NDR module,4.0,Microsoft Corporation Inc.,Application,,C:\Program Files\Windows Defender Advanced Threat Protection,1.0
1944,Windows Defender Advanced Threat Protection IMDSCollector module,10.8805,Microsoft Corporation Inc.,Application,,C:\Program Files\Windows Defender Advanced Threat Protection,1.0
1944,Windows Defender Advanced Threat Protection Sample Upload module,10.8805,Microsoft Corporation Inc.,Application,,C:\Program Files\Windows Defender Advanced Threat Protection,1.0
1944,Windows Defender Advanced Threat Protection Security Configuration Module,2.1037,Microsoft Corporation Inc.,Application,,C:\Program Files\Windows Defender Advanced Threat Protection,1.0
1944,Windows Defender Advanced Threat Protection Sense CE module,10.8805,Microsoft Corporation Inc.,Application,,C:\Program Files\Windows Defender Advanced Threat Protection\Classification,1.0
1944,Windows Defender Advanced Threat Protection Sense Dlp Processor module,10.8805,Microsoft Corporation Inc.,Application,,C:\Program Files\Windows Defender Advanced Threat Protection,1.0
1944,Windows Defender Advanced Threat Protection Sense Event Tracer module,10.8805,Microsoft Corporation Inc.,Application,,C:\Program Files\Windows Defender Advanced Threat Protection,1.0
1944,Windows Defender Advanced Threat Protection Sense Group Policy module,10.8805,Microsoft Corporation Inc.,Application,,C:\Program Files\Windows Defender Advanced Threat Protection,1.0
1944,Windows Defender Advanced Threat Protection Sense Identity module,3.0,Microsoft Corporation Inc.,Application,,C:\Program Files\Windows Defender Advanced Threat Protection,1.0
1944,Windows Defender Advanced Threat Protection Sense IR module,10.8805,Microsoft Corporation Inc.,Application,,C:\Program Files\Windows Defender Advanced Threat Protection,1.0
1944,Windows Defender Advanced Threat Protection Sense TVM module,1.4,,Application,,C:\Program Files\Windows Defender Advanced Threat Protection,1.0
1944,Windows Defender Advanced Threat Protection Service Executable,10.8805,Microsoft Corporation Inc.,Application,,C:\Program Files\Windows Defender Advanced Threat Protection,1.0
1944,Windows Defender Offline Shell,4.18,Microsoft Corporation Inc.,Application,,C:\Program Files\Windows Defender\Offline,1.0
1944,Windows Explorer,10.0,Microsoft Corporation Inc.,Application,,C:\Windows,1.0
1944,Windows Media Player,12.0,Microsoft Corporation Inc.,Application,,C:\Program Files (x86)\Windows Media Player,2.0
1944,Windows Media Player Configuration,12.0,Microsoft Corporation Inc.,Application,,C:\Program Files (x86)\Windows Media Player,2.0
1944,Windows Media Player Folder Sharing Executable,12.0,Microsoft Corporation Inc.,Application,,C:\Program Files (x86)\Windows Media Player,2.0
1944,Windows Media Player Launcher,12.0,Microsoft Corporation Inc.,Application,,C:\Program Files (x86)\Windows Media Player,2.0
1944,Windows Media Player Network Sharing Service,12.0,Microsoft Corporation Inc.,Application,,C:\Program Files\Windows Media Player,1.0
1944,Windows Media Player Network Sharing Service Configuration Application,12.0,Microsoft Corporation Inc.,Application,,C:\Program Files\Windows Media Player,1.0
1944,Windows Media Player Rich Preview Handler,12.0,Microsoft Corporation Inc.,Application,,C:\Program Files (x86)\Windows Media Player,2.0
1944,Windows My People,10.0,Microsoft Corporation Inc.,Application,,C:\Windows\SystemApps\Microsoft.Windows.PeopleExperienceHost_cw5n1h2txyewy,1.0
1944,Windows Shell Experience Host,10.0,Microsoft Corporation Inc.,Application,,C:\Windows\SystemApps\ShellExperienceHost_cw5n1h2txyewy,1.0
1944,Windows Start Experience Host,10.0,Microsoft Corporation Inc.,Application,,C:\Windows\SystemApps\Microsoft.Windows.StartMenuExperienceHost_cw5n1h2txyewy,1.0
1944,Windows Update,1451.2512,Microsoft Corporation Inc.,Application,,C:\Windows\UUS\amd64,1.0
1944,Windows Update,1507.2512,Microsoft Corporation Inc.,Application,,C:\Windows\UUS\Packages\Preview\amd64,1.0
1944,WizLink Application,1.0,,Application,,C:\Program Files (x86)\Online Services\Adobe,2.0
1944,XGPU Eject Dialog,10.0,Microsoft Corporation Inc.,Application,,C:\Windows\SystemApps\Microsoft.Windows.XGpuEjectDialog_cw5n1h2txyewy,1.0
1939,.NET Runtime Optimization Service,4.8,Microsoft Corporation Inc.,Application,,C:\Windows\Microsoft.NET\Framework64\v4.0.30319,2.0
1939,64Bit MAPI Mail Agent,1.0,Foxit Software Inc.,Application,,C:\Program Files (x86)\Foxit Software\Foxit PDF Reader,1.0
1939,7-Zip 24.08 (x64 edition),24.08,Igor Pavlov,Add/Remove Programs,"October 09, 2024 12:00:00 AM",,
1939,7-Zip Console,24.08,Igor Pavlov,Application,,C:\Program Files\7-Zip,1.0
1939,7-Zip File Manager,24.08,Igor Pavlov,Application,,C:\Program Files\7-Zip,1.0
1939,7-Zip GUI,24.08,Igor Pavlov,Application,,C:\Program Files\7-Zip,1.0
1939,7-Zip Standalone Console,19.0,Igor Pavlov,Application,,C:\Program Files (x86)\HP\HP Support Framework\Resources\HPUpdate,1.0
1939,Accounts Control Host,10.0,Microsoft Corporation Inc.,Application,,C:\Windows\SystemApps\Microsoft.AccountsControl_cw5n1h2txyewy,1.0
1939,Adds HP\Consent Manager Launcher to Task Scheduler,2.19,HP Inc.,Application,,C:\Program Files\HP\Consent Manager,1.0
1939,AddSuggestedFoldersToLibraryDialog,10.0,Microsoft Corporation Inc.,Application,,C:\Windows\SystemApps\Microsoft.Windows.AddSuggestedFoldersToLibraryDialog_cw5n1h2txyewy,1.0
1939,ADSelfService Plus Client Software,5.8,ZOHO Corp,Add/Remove Programs,"March 15, 2023 12:00:00 AM",,
1939,ADSelfService Plus Client Software,1.1,ZOHO Corp,Application,,C:\Program Files (x86)\ZOHO Corp\ADSelfService Plus Client Software,1.0
1939,Antimalware Core Service,4.18,Microsoft Corporation Inc.,Application,,C:\Program Files\Windows Defender,1.0
1939,Antimalware Service Executable,4.18,Microsoft Corporation Inc.,Application,,C:\Program Files\Windows Defender,1.0
1939,AppResolverUX,10.0,Microsoft Corporation Inc.,Application,,C:\Windows\SystemApps\Microsoft.Windows.AppResolverUX_cw5n1h2txyewy,1.0
1939,AsyncTextService,10.0,Microsoft Corporation Inc.,Application,,C:\Windows\SystemApps\Microsoft.AsyncTextService_8wekyb3d8bbwe,1.0
1939,BingPopup,6.0,HP Inc.,Application,,C:\Program Files (x86)\HP\HP Support Framework\Resources\BingPopup,1.0
1939,Biometric Enrollment Host,10.0,Microsoft Corporation Inc.,Application,,C:\Windows\SystemApps\Microsoft.BioEnrollment_cw5n1h2txyewy,1.0
1939,BMC Client Management Agent,24.1.01.240624,BMC Software Inc.,Application,,C:\Program Files\BMC Software\Client Management\Client\bin,1.0
1939,BMC Client Management Certificate Generator,24.1.01.240624,BMC Software Inc.,Application,,C:\Program Files\BMC Software\Client Management\Client\bin,1.0
1939,BMC Client Management Chilli Interpreter,24.1.01.240624,BMC Software Inc.,Application,,C:\Program Files\BMC Software\Client Management\Client\bin,1.0
1939,BMC Client Management Direct Access Proxy Agent,24.1.01.240624,BMC Software Inc.,Application,,C:\Program Files\BMC Software\Client Management\Client\bin,1.0
1939,BMC Client Management Opswat Proxy Agent,24.1.01.240624,BMC Software Inc.,Application,,C:\Program Files\BMC Software\Client Management\Client\bin,1.0
1939,BMC Client Management Package Viewer,24.1.01.240624,BMC Software Inc.,Application,,C:\Program Files\BMC Software\Client Management\Client\bin,1.0
1939,BMC Client Management Patch Broker,24.1.01.240624,BMC Software Inc.,Application,,C:\Program Files\BMC Software\Client Management\Client\bin,1.0
1939,BMC Client Management Proxy Agent,24.1.01.240624,BMC Software Inc.,Application,,C:\Program Files\BMC Software\Client Management\Client\bin,1.0
1939,BMC Client Management Remote Control proxy,24.1.01.240624,BMC Software Inc.,Application,,C:\Program Files\BMC Software\Client Management\Client\bin,1.0
1939,BMC Client Management SCAP,24.1.01.240624,BMC Software Inc.,Application,,C:\Program Files\BMC Software\Client Management\Client\bin,1.0
1939,BMC Client Management Video Proxy Agent,24.1.01.240624,BMC Software Inc.,Application,,C:\Program Files\BMC Software\Client Management\Client\bin,1.0
1939,Boot File Servicing Utility,10.0,Microsoft Corporation Inc.,Application,,C:\Windows,1.0
1939,Browser Protection Native Messaging Host,4.18,Microsoft Corporation Inc.,Application,,C:\Program Files\Windows Defender,1.0
1939,BrowserCore,10.0,Microsoft Corporation Inc.,Application,,C:\Windows\BrowserCore,1.0
1939,CameraBarcodeScannerPreview,10.0,Microsoft Corporation Inc.,Application,,C:\Windows\SystemApps\Windows.CBSPreview_cw5n1h2txyewy,1.0
1939,CL5,9.6,Ivanti,Application,,C:\Program Files\BMC Software\Client Management\Client\data\PatchManagementPremium\workspace,3.0
1939,ClickOnce,4.8,Microsoft Corporation Inc.,Application,,C:\Windows\Microsoft.NET\Framework64\v4.0.30319,3.0
1939,Common User Interface,5.8,Musarubra US LLC.,Application,,C:\Program Files\McAfee\Agent\x86,1.0
1939,Copilot,143.0,Microsoft Corporation Inc.,Application,,C:\Program Files (x86)\Microsoft\EdgeWebView\Application\143.0.3650.96,2.0
1939,Copilot,144.0,Microsoft Corporation Inc.,Application,,C:\Program Files (x86)\Microsoft\EdgeWebView\Application\144.0.3719.115,3.0
1939,Copilot Update,1.3,Microsoft Corporation Inc.,Application,,C:\Program Files (x86)\Microsoft\EdgeUpdate,2.0
1939,CrashSender Application,4.3,Google Inc.,Application,,C:\Program Files\Google\Google Apps Migration,1.0
1939,Create a self-signed digital certificate,16.0,Microsoft Corporation Inc.,Application,,C:\Program Files\Microsoft Office\Office16,1.0
1939,Credential Dialog Host,10.0,Microsoft Corporation Inc.,Application,,C:\Windows\SystemApps\microsoft.creddialoghost_cw5n1h2txyewy,1.0
1939,CrowdStrike Device Control,7.29,CrowdStrike Inc.,Add/Remove Programs,"November 14, 2025 12:00:00 AM",,
1939,CrowdStrike Device Control Support Tool,7.29,CrowdStrike Inc.,Application,,C:\Program Files\CrowdStrike,1.0
1939,CrowdStrike Falcon Connector,7.32,CrowdStrike Inc.,Application,,C:\Program Files\CrowdStrike,1.0
1939,CrowdStrike Falcon Sensor,7.32,CrowdStrike Inc.,Application,,C:\Program Files\CrowdStrike,1.0
1939,CrowdStrike Falcon Sensor Controller,7.32,CrowdStrike Inc.,Application,,C:\Program Files\CrowdStrike,1.0
1939,CrowdStrike Falcon Sensor Service,7.32,CrowdStrike Inc.,Application,,C:\Program Files\CrowdStrike,1.0
1939,CrowdStrike Falcon Sensor Servlet Container,7.32,CrowdStrike Inc.,Application,,C:\Program Files\CrowdStrike,1.0
1939,CrowdStrike Falcon Sensor Settings Tool,7.32,CrowdStrike Inc.,Application,,C:\Program Files\CrowdStrike,1.0
1939,CrowdStrike Falcon Sensor System Tray Application,7.32,CrowdStrike Inc.,Application,,C:\Program Files\CrowdStrike,2.0
1939,CrowdStrike Firmware Analysis,7.14,CrowdStrike Inc.,Add/Remove Programs,"April 17, 2025 12:00:00 AM",,
1939,CrowdStrike Firmware Analysis Support Tool,7.14,CrowdStrike Inc.,Application,,C:\Program Files\CrowdStrike,1.0
1939,CrowdStrike On-Demand Scan Command-line Tool,7.32,CrowdStrike Inc.,Application,,C:\Program Files\CrowdStrike,1.0
1939,CrowdStrike On-Demand Scan Tool,7.32,CrowdStrike Inc.,Application,,C:\Program Files\CrowdStrike,1.0
1939,CrowdStrike Sensor Platform,7.32,CrowdStrike Inc.,Add/Remove Programs,"February 06, 2026 12:00:00 AM",,
1939,CrowdStrike Windows Sensor,7.32,CrowdStrike Inc.,Add/Remove Programs,"February 06, 2026 12:00:00 AM",,
1939,Definition Update for Microsoft Office 2016 (KB3115407) 64-Bit Edition,,Microsoft Corporation Inc.,Add/Remove Programs,,,
1939,EC App,10.0,Microsoft Corporation Inc.,Application,,C:\Windows\SystemApps\Microsoft.ECApp_8wekyb3d8bbwe,1.0
1939,expediteupdater,10.0,Microsoft Corporation Inc.,Application,,C:\Program Files\Microsoft Update Health Tools,1.0
1939,File Explorer,10.0,Microsoft Corporation Inc.,Application,,C:\Windows\SystemApps\Microsoft.Windows.FileExplorer_cw5n1h2txyewy,1.0
1939,File Picker,10.0,Microsoft Corporation Inc.,Application,,C:\Windows\SystemApps\Microsoft.Windows.FilePicker_cw5n1h2txyewy,1.0
1939,Foxit PDF Preview Handler Host,12.1,Foxit Corporation,Application,,C:\Program Files (x86)\Foxit Software\Foxit PDF Reader\Shell Extensions,1.0
1939,Foxit PDF Reader,2024.2,Foxit Software Inc.,Application,"October 09, 2024 12:00:00 AM",C:\Program Files (x86)\Foxit Software\Foxit PDF Reader,1.0
1939,Foxit PDF Reader ConnectedPDF Windows Service.,2024.2,Foxit Software Inc.,Application,,C:\Program Files (x86)\Foxit Software\Foxit PDF Reader,1.0
1939,Foxit PDF Reader Update Service,1.0,Foxit Software Inc.,Application,,C:\Program Files (x86)\Common Files\Foxit\Foxit PDF Reader,1.0
1939,Foxit Updater,2024.2,Foxit Corporation,Application,,C:\Program Files (x86)\Foxit Software\Foxit PDF Reader,1.0
1939,Google Chrome,144.0,Google LLC,Web Browser,"February 06, 2026 12:00:00 AM",C:\Program Files\Google\Chrome\Application,9.0
1939,Google Chrome,145.0,Google LLC,Web Browser,,C:\Program Files (x86)\Google\ChromeEnterpriseCompanion,1.0
1939,Google Chrome,146.0,Google LLC,Web Browser,,C:\Program Files\Google\Chrome\Application\PlatformExperienceHelper,1.0
1939,Google Update Helper,1.3,Google LLC,Add/Remove Programs,"July 01, 2022 12:00:00 AM",,
1939,Google Updater (x64),144.0,Google LLC,Application,,C:\Program Files (x86)\Google\Update,2.0
1939,Google Workspace Migration for Microsoft Outlook 4.3.29.0,4.3,Google Inc.,Add/Remove Programs,"May 15, 2025 12:00:00 AM",,
1939,Google Workspace Migration for Microsoft Outlook\x00AE,4.3,Google Inc.,Application,,C:\Program Files\Google\Google Apps Migration,1.0
1939,gusvc,2.0,Google,Application,,C:\Program Files (x86)\Google\Common\Google Updater,1.0
1939,HDLP Diagnostic Tool,11.12,Trellix,Application,,C:\Program Files\McAfee\DLP\Agent\Tools,1.0
1939,Herramientas de corrección de Microsoft Office 2016: español,16.0,Microsoft Corporation Inc.,Add/Remove Programs,"July 09, 2025 12:00:00 AM",C:\Program Files\Microsoft Office\,
1939,HP BIOS Configuration Utility,4.0,HP,Application,,C:\Windows\HP,1.0
1939,HP Customer Feedback,9.1,HP Inc.,Application,,C:\Program Files (x86)\HP\HP Support Framework\Resources,1.0
1939,HP Firmware Update and Recovery,3.1,HP,Application,,C:\Windows\Firmware,4.0
1939,HP Firmware Update and Recovery,3.0,HP,Application,,C:\Windows\Firmware\{6b828df1-8ffa-4cae-b04e-3f0f2ee37a9a},1.0
1939,HP PC Hardware Diagnostics UEFI,10.5,HP,Add/Remove Programs,"January 28, 2025 12:00:00 AM",C:\Windows\HP\,
1939,HP System Default Settings,1.5,HP Inc.,Add/Remove Programs,"April 05, 2025 12:00:00 AM",C:\Program Files (x86)\HP\HP System Default Settings\,
1939,HP Toast Notification Activator,1.0,HP,Application,,C:\Windows\Firmware,4.0
1939,HP Web Products Detection,9.7,HP Inc.,Application,,C:\Program Files (x86)\HP\HP Support Framework\Modules,1.0
1939,HPAudioCheck,1.4,HP Inc.,Application,,C:\Program Files (x86)\HP\HPX Support\Resources\HPAudioCheck,1.0
1939,HPAudioCheck,1.3,HP Inc.,Application,,C:\Program Files (x86)\HP\HP Support Framework\Resources\HPAudioCheck,1.0
1939,HPDeviceCheck,1.2,,Application,,C:\Program Files (x86)\HP\HP Support Framework\Modules\HPDeviceCheck,1.0
1939,HPNetworkCheck,9.1,HP Inc.,Application,,C:\Program Files (x86)\HP\HPX Support\Resources\HPNetworkCheck,2.0
1939,HPOSCheck,1.4,HP Inc.,Application,,C:\Program Files (x86)\HP\HPX Support\Resources\HPOSCheck,1.0
1939,HPOSCheck,1.3,HP Inc.,Application,,C:\Program Files (x86)\HP\HP Support Framework\Resources\HPOSCheck,1.0
1939,HPPerformanceTuneup,2.1,HP Inc.,Application,,C:\Program Files (x86)\HP\HP Support Framework\Resources\HPPerformanceTuneup,1.0
1939,HPPerformanceTuneup,2.2,HP Inc.,Application,,C:\Program Files (x86)\HP\HPX Support\Resources\HPPerformanceTuneup,1.0
1939,HPPrinterHealthMonitor,1.0,HP Inc.,Application,,C:\Program Files (x86)\HP\HP Support Framework\Modules\PSDR,1.0
1939,HPPrinterLowInk,1.2,HP Inc.,Application,,C:\Program Files (x86)\HP\HP Support Framework\Resources\HPPrinterLowInk,1.0
1939,HPPrintSpooler,1.3,HP Inc.,Application,,C:\Program Files (x86)\HP\HP Support Framework\Resources\HPPrintSpooler,1.0
1939,HPPSDrDownloader,1.0,HP Inc.,Application,,C:\Program Files (x86)\HP\HP Support Framework\Resources,1.0
1939,HPSACommands,1.0,HP Inc.,Application,,C:\Program Files (x86)\HP\HPX Support\Resources,2.0
1939,HPSALauncher,9.4,HP Inc.,Application,,C:\Program Files (x86)\HP\HPX Support\Resources,1.0
1939,HPSALauncher,9.7,HP Inc.,Application,,C:\Program Files (x86)\HP\HP Support Framework\Resources,1.0
1939,HPSFReport,8.17,HP Inc.,Application,,C:\Program Files (x86)\HP\HP Support Framework\Resources,1.0
1939,HPSFReport,8.16,HP Inc.,Application,,C:\Program Files (x86)\HP\HPX Support\Resources,1.0
1939,HPSFViewer,8.6,HP Inc.,Application,,C:\Program Files (x86)\HP\HPX Support\Resources,2.0
1939,HPUpdate,3.0,HP Inc.,Application,,C:\Program Files (x86)\HP\HP Support Framework\Resources\HPUpdate,1.0
1939,HPWarrantyChecker,6.44,HP Inc.,Application,,C:\Program Files (x86)\HP\HP Support Framework\Resources\HPWarrantyCheck,1.0
1939,HPWSD,9.7,HP Inc.,Application,,C:\Program Files (x86)\HP\HP Support Framework\Warranty,1.0
1939,IEToEdge BHO,143.0,Microsoft Corporation Inc.,Application,,C:\Program Files (x86)\Microsoft\EdgeWebView\Application\143.0.3650.96\BHO,2.0
1939,IEToEdge BHO,144.0,Microsoft Corporation Inc.,Application,,C:\Program Files (x86)\Microsoft\EdgeWebView\Application\144.0.3719.115\BHO,3.0
1939,Imaging Devices Control Panel,10.0,Microsoft Corporation Inc.,Application,,C:\Program Files (x86)\Windows Photo Viewer,2.0
1939,Intel TXT ACM driver for CML-S,1.13,HP Inc.,Application,,C:\Program Files\Intel\TXT,1.0
1939,Kaspersky Endpoint Security 11 for Windows,11.4,AO Kaspersky Lab,Application,,D:\standar komputer\KES 11.4\KES 12,1.0
1939,LibreOffice,7.6,The Document Foundation,Application,,C:\Program Files\LibreOffice\program,2.0
1939,LibreOffice 7.6.7.2,7.6,The Document Foundation,Add/Remove Programs,"October 09, 2024 12:00:00 AM",C:\Program Files\LibreOffice\,
1939,LibreOffice Base,7.6,The Document Foundation,Application,,C:\Program Files\LibreOffice\program,1.0
1939,LibreOffice Calc,7.6,The Document Foundation,Application,,C:\Program Files\LibreOffice\program,1.0
1939,LibreOffice Draw,7.6,The Document Foundation,Application,,C:\Program Files\LibreOffice\program,1.0
1939,LibreOffice Impress,7.6,The Document Foundation,Application,,C:\Program Files\LibreOffice\program,1.0
1939,LibreOffice Math,7.6,The Document Foundation,Application,,C:\Program Files\LibreOffice\program,1.0
1939,LibreOffice Writer,7.6,The Document Foundation,Application,,C:\Program Files\LibreOffice\program,1.0
1939,LibreOffice Writer (Web),7.6,The Document Foundation,Application,,C:\Program Files\LibreOffice\program,1.0
1939,MA Command Agent Binary,5.8,Musarubra US LLC.,Application,,C:\Program Files\McAfee\Agent,1.0
1939,MA Policy Upgrade Tool,5.8,Musarubra US LLC.,Application,,C:\Program Files\McAfee\Agent\x86,1.0
1939,MB Version update tool,4.8,Microsoft Corporation Inc.,Application,,C:\Windows\Microsoft.NET\Framework64\v4.0.30319,3.0
1939,Microsoft .NET Assembly Registration Utility,4.8,Microsoft Corporation Inc.,Application,,C:\Windows\Microsoft.NET\Framework64\v4.0.30319,2.0
1939,Microsoft .NET ClickOnce Launch Utility,4.8,Microsoft Corporation Inc.,Application,,C:\Windows\Microsoft.NET\Framework64\v4.0.30319,2.0
1939,Microsoft .NET Framework CAS Policy Manager,4.8,Microsoft Corporation Inc.,Application,,C:\Windows\Microsoft.NET\Framework64\v4.0.30319,2.0
1939,Microsoft .NET Framework IL assembler,4.8,Microsoft Corporation Inc.,Application,,C:\Windows\Microsoft.NET\Framework64\v4.0.30319,2.0
1939,Microsoft .NET Framework optimization service,4.8,Microsoft Corporation Inc.,Application,,C:\Windows\Microsoft.NET\Framework64\v4.0.30319,2.0
1939,Microsoft Application Error Reporting,16.0,Microsoft Corporation Inc.,Application,,C:\Program Files\Common Files\microsoft shared\DW,1.0
1939,Microsoft ASP.NET State Server,4.8,Microsoft Corporation Inc.,Application,,C:\Windows\Microsoft.NET\Framework64\v4.0.30319,2.0
1939,Microsoft Common Language Runtime native compiler,4.8,Microsoft Corporation Inc.,Application,,C:\Windows\Microsoft.NET\Framework64\v4.0.30319,2.0
1939,Microsoft Contacts Import Tool,10.0,Microsoft Corporation Inc.,Application,,C:\Program Files (x86)\Windows Mail,2.0
1939,Microsoft Data Loss Prevention MIP Agent,4.18,Microsoft Corporation Inc.,Application,,C:\Program Files\Windows Defender,1.0
1939,Microsoft Edge,143.0,Microsoft Corporation Inc.,Application,,C:\Program Files (x86)\Microsoft\EdgeWebView\Application\143.0.3650.96,12.0
1939,Microsoft Edge,144.0,Microsoft Corporation Inc.,Application,"May 12, 2023 12:00:00 AM",C:\Program Files (x86)\Microsoft\EdgeWebView\Application\144.0.3719.115,37.0
1939,Microsoft Edge COM Registration Helper ARM64,1.3,Microsoft Corporation Inc.,Application,,C:\Program Files (x86)\Microsoft\EdgeUpdate\1.3.217.3,1.0
1939,Microsoft Edge PWA Launcher,143.0,Microsoft Corporation Inc.,Application,,C:\Program Files (x86)\Microsoft\EdgeWebView\Application\143.0.3650.96,2.0
1939,Microsoft Edge PWA Launcher,144.0,Microsoft Corporation Inc.,Application,,C:\Program Files (x86)\Microsoft\EdgeWebView\Application\144.0.3719.115,3.0
1939,Microsoft Edge Update,1.3,Microsoft Corporation Inc.,Application,,C:\Program Files (x86)\Microsoft\EdgeUpdate,5.0
1939,Microsoft Edge Update COM Registration Helper,1.3,Microsoft Corporation Inc.,Application,,C:\Program Files (x86)\Microsoft\EdgeUpdate\1.3.217.3,1.0
1939,Microsoft Edge WebView2,143.0,Microsoft Corporation Inc.,Application,,C:\Program Files (x86)\Microsoft\EdgeWebView\Application\143.0.3650.96,2.0
1939,Microsoft Edge WebView2,144.0,Microsoft Corporation Inc.,Application,,C:\Program Files (x86)\Microsoft\EdgeWebView\Application\144.0.3719.115,3.0
1939,Microsoft Edge WebView2 Runtime,144.0,Microsoft Corporation Inc.,Add/Remove Programs,"February 06, 2026 12:00:00 AM",C:\Program Files (x86)\Microsoft\EdgeWebView\Application,
1939,Microsoft Entra WAM plugin,10.0,Microsoft Corporation Inc.,Application,,C:\Windows\SystemApps\Microsoft.AAD.BrokerPlugin_cw5n1h2txyewy,1.0
1939,Microsoft Excel,16.0,Microsoft Corporation Inc.,Application,,C:\Program Files\Microsoft Office\Office16,2.0
1939,Microsoft Excel MUI (English) 2016,16.0,Microsoft Corporation Inc.,Add/Remove Programs,"February 06, 2026 12:00:00 AM",C:\Program Files\Microsoft Office\,
1939,Microsoft Family Safety,10.0,Microsoft Corporation Inc.,Application,,C:\Windows\SystemApps\ParentalControls_cw5n1h2txyewy,1.0
1939,Microsoft Filter Loader,16.0,Microsoft Corporation Inc.,Application,,C:\Program Files\Common Files\microsoft shared\OFFICE16,1.0
1939,Microsoft Groove MUI (English) 2016,16.0,Microsoft Corporation Inc.,Add/Remove Programs,"April 09, 2025 12:00:00 AM",C:\Program Files\Microsoft Office\,
1939,Microsoft Help and Support,10.0,Microsoft Corporation Inc.,Application,,C:\Windows,1.0
1939,Microsoft Internet Explorer,11.0,Microsoft Corporation Inc.,Web Browser,,C:\Program Files (x86)\Internet Explorer,9.0
1939,Microsoft Malware Protection Command Line Utility,4.18,Microsoft Corporation Inc.,Application,,C:\Program Files (x86)\Windows Defender,2.0
1939,Microsoft Malware Protection Copy Accelerator Utility,4.18,Microsoft Corporation Inc.,Application,,C:\Program Files\Windows Defender,1.0
1939,Microsoft Malware Protection DLP Command Line Utility,4.18,Microsoft Corporation Inc.,Application,,C:\Program Files\Windows Defender,1.0
1939,Microsoft Malware Protection DLP User Agent,4.18,Microsoft Corporation Inc.,Application,,C:\Program Files\Windows Defender,1.0
1939,Microsoft Mashup Evaluation Container,2.61,Microsoft Corporation Inc.,Application,,C:\Program Files\Microsoft Office\Office16\ADDINS\Microsoft Power Query for Excel Integrated\bin,3.0
1939,Microsoft Network Realtime Inspection Service,4.18,Microsoft Corporation Inc.,Application,,C:\Program Files\Windows Defender,1.0
1939,Microsoft Office,16.0,Microsoft Corporation Inc.,Application,,C:\Program Files\Microsoft Office\Office16,1.0
1939,Microsoft Office 15 Language Preferences,16.0,Microsoft Corporation Inc.,Application,,C:\Program Files\Microsoft Office\Office16,1.0
1939,Microsoft Office 2016,16.0,Microsoft Corporation Inc.,Application,,C:\Program Files\Microsoft Office\Office16,1.0
1939,Microsoft Office component,16.0,Microsoft Corporation Inc.,Application,,C:\Program Files\Common Files\microsoft shared\OFFICE16,1.0
1939,Microsoft Office Contact Retriever,16.0,Microsoft Corporation Inc.,Application,,C:\Program Files\Microsoft Office\Office16,1.0
1939,Microsoft Office Document Cache,16.0,Microsoft Corporation Inc.,Application,,C:\Program Files\Microsoft Office\Office16,1.0
1939,Microsoft Office Document Cache Migration,16.0,Microsoft Corporation Inc.,Application,,C:\Program Files (x86)\Common Files\Microsoft Shared\OFFICE16,2.0
1939,Microsoft Office Document Cache Sync Client Interface,16.0,Microsoft Corporation Inc.,Application,,C:\Program Files\Common Files\microsoft shared\OFFICE16,1.0
1939,Microsoft Office Help Viewer,16.0,Microsoft Corporation Inc.,Application,,C:\Program Files\Microsoft Office\Office16,1.0
1939,Microsoft Office Multi-Msi ActiveDirectory Deployment Tool.,16.0,Microsoft Corporation Inc.,Application,,C:\Program Files\Common Files\microsoft shared\OFFICE16\Office Setup Controller,1.0
1939,Microsoft Office OSM MUI (English) 2016,16.0,Microsoft Corporation Inc.,Add/Remove Programs,"April 09, 2025 12:00:00 AM",C:\Program Files\Microsoft Office\,
1939,Microsoft Office OSM UX MUI (English) 2016,16.0,Microsoft Corporation Inc.,Add/Remove Programs,"April 09, 2025 12:00:00 AM",C:\Program Files\Microsoft Office\,
1939,Microsoft Office Proofing (English) 2016,16.0,Microsoft Corporation Inc.,Add/Remove Programs,"April 09, 2025 12:00:00 AM",C:\Program Files\Microsoft Office\,
1939,Microsoft Office Proofing Tools 2016 - English,16.0,Microsoft Corporation Inc.,Add/Remove Programs,"July 09, 2025 12:00:00 AM",C:\Program Files\Microsoft Office\,
1939,Microsoft Office Screen Recorder,16.0,Microsoft Corporation Inc.,Application,,C:\Program Files\Microsoft Office\Office16,1.0
1939,Microsoft Office Shared 32-bit MUI (English) 2016,16.0,Microsoft Corporation Inc.,Add/Remove Programs,"February 06, 2026 12:00:00 AM",C:\Program Files\Microsoft Office\,
1939,Microsoft Office Shared MUI (English) 2016,16.0,Microsoft Corporation Inc.,Add/Remove Programs,"February 06, 2026 12:00:00 AM",C:\Program Files\Microsoft Office\,
1939,Microsoft Office Standard 2016,16.0,Microsoft Corporation Inc.,Add/Remove Programs,"February 06, 2026 12:00:00 AM",C:\Program Files\Microsoft Office,
1939,Microsoft Office Upload Center,16.0,Microsoft Corporation Inc.,Application,,C:\Program Files\Microsoft Office\Office16,1.0
1939,Microsoft OneDrive for Business,16.0,Microsoft Corporation Inc.,Application,,C:\Program Files\Microsoft Office\Office16,1.0
1939,Microsoft OneNote,16.0,Microsoft Corporation Inc.,Application,,C:\Program Files\Microsoft Office\Office16,1.0
1939,Microsoft OneNote Internet Explorer Content Service,16.0,Microsoft Corporation Inc.,Application,,C:\Program Files\Microsoft Office\Office16,1.0
1939,Microsoft OneNote MUI (English) 2016,16.0,Microsoft Corporation Inc.,Add/Remove Programs,"August 13, 2025 12:00:00 AM",C:\Program Files\Microsoft Office\,
1939,Microsoft Outlook,16.0,Microsoft Corporation Inc.,Application,,C:\Program Files\Microsoft Office\Office16,1.0
1939,Microsoft Outlook Data Files Scan/Repair Utility,16.0,Microsoft Corporation Inc.,Application,,C:\Program Files\Microsoft Office\Office16,1.0
1939,Microsoft Outlook MUI (English) 2016,16.0,Microsoft Corporation Inc.,Add/Remove Programs,"February 06, 2026 12:00:00 AM",C:\Program Files\Microsoft Office\,
1939,Microsoft PDF Reflow,16.0,Microsoft Corporation Inc.,Application,,C:\Program Files\Microsoft Office\Office16,1.0
1939,Microsoft PowerPoint,16.0,Microsoft Corporation Inc.,Application,,C:\Program Files\Microsoft Office\Office16,1.0
1939,Microsoft PowerPoint MUI (English) 2016,16.0,Microsoft Corporation Inc.,Add/Remove Programs,"February 06, 2026 12:00:00 AM",C:\Program Files\Microsoft Office\,
1939,Microsoft Publisher,16.0,Microsoft Corporation Inc.,Application,,C:\Program Files\Microsoft Office\Office16,1.0
1939,Microsoft Publisher MUI (English) 2016,16.0,Microsoft Corporation Inc.,Add/Remove Programs,"April 09, 2025 12:00:00 AM",C:\Program Files\Microsoft Office\,
1939,Microsoft Purview Data Loss Prevention Service,4.18,Microsoft Corporation Inc.,Application,,C:\Program Files\Windows Defender,1.0
1939,Microsoft Query,16.0,Microsoft Corporation Inc.,Application,,C:\Program Files\Microsoft Office\Office16,1.0
1939,Microsoft Resource File To COFF Object Conversion Utility,14.29,Microsoft Corporation Inc.,Application,,C:\Windows\Microsoft.NET\Framework64\v4.0.30319,2.0
1939,Microsoft Security Client Policy Configuration Tool,4.18,Microsoft Corporation Inc.,Application,,C:\Program Files\Windows Defender,1.0
1939,Microsoft Tablet PC Component,10.0,Microsoft Corporation Inc.,Application,,C:\Program Files (x86)\Common Files\Microsoft Shared\ink,1.0
1939,Microsoft Update Health Service,10.0,Microsoft Corporation Inc.,Application,,C:\Program Files\Microsoft Update Health Tools,1.0
1939,Microsoft Update Health Tools,5.72,Microsoft Corporation Inc.,Add/Remove Programs,"November 03, 2023 12:00:00 AM",,
1939,Microsoft Visual C++ 2010 x64 Redistributable - 10.0.40219,10.0,Microsoft Corporation Inc.,Add/Remove Programs,"March 01, 2024 12:00:00 AM",,
1939,Microsoft Visual C++ 2010 x86 Redistributable - 10.0.40219,10.0,Microsoft Corporation Inc.,Add/Remove Programs,"March 01, 2024 12:00:00 AM",,
1939,Microsoft Visual C++ 2015-2022 Redistributable (x64) - 14.42.34438,14.42,Microsoft Corporation Inc.,Add/Remove Programs,,,
1939,Microsoft Visual C++ 2022 X64 Additional Runtime - 14.42.34438,14.42,Microsoft Corporation Inc.,Add/Remove Programs,"October 28, 2025 12:00:00 AM",,
1939,Microsoft Visual C++ 2022 X64 Minimum Runtime - 14.42.34438,14.42,Microsoft Corporation Inc.,Add/Remove Programs,"October 28, 2025 12:00:00 AM",,
1939,Microsoft Visual Studio 2010 Tools for Office Runtime (x64),10.0,Microsoft Corporation Inc.,Add/Remove Programs,"March 01, 2024 12:00:00 AM",C:\Program Files\Common Files\Microsoft Shared\VSTO\10.0\,
1939,Microsoft Win32WebViewHost app,10.0,Microsoft Corporation Inc.,Application,,C:\Windows\SystemApps\Microsoft.Win32WebViewHost_cw5n1h2txyewy,1.0
1939,Microsoft Word,16.0,Microsoft Corporation Inc.,Application,,C:\Program Files\Microsoft Office\Office16,1.0
1939,Microsoft Word MUI (English) 2016,16.0,Microsoft Corporation Inc.,Add/Remove Programs,"February 06, 2026 12:00:00 AM",C:\Program Files\Microsoft Office\,
1939,MoUSO Core Worker Process,1506.2511,Microsoft Corporation Inc.,Application,,C:\Windows\UUS\Packages\Preview\amd64,1.0
1939,MoUSO Core Worker Process,1451.2510,Microsoft Corporation Inc.,Application,,C:\Windows\UUS\amd64,1.0
1939,Mozilla Maintenance Service,115.15,Mozilla,Add/Remove Programs,,,
1939,Mozilla Thunderbird (x86 en-US),115.15,Mozilla,Add/Remove Programs,,C:\Program Files (x86)\Mozilla Thunderbird,
1939,Narrator Home,10.0,Microsoft Corporation Inc.,Application,,C:\Windows\SystemApps\microsoft.windows.narratorquickstart_8wekyb3d8bbwe,1.0
1939,NCLauncherFromChrome,1.0,HP Inc.,Application,,C:\Program Files (x86)\HP\HP Support Framework\Resources\HPNetworkCheck,2.0
1939,NCLauncherFromIE,8.0,HP Inc.,Application,,C:\Program Files (x86)\HP\HP Support Framework\Resources\HPNetworkCheck,1.0
1939,Notepad,10.0,Microsoft Corporation Inc.,Application,,C:\Windows,1.0
1939,Notifications host process,1451.2510,Microsoft Corporation Inc.,Application,,C:\Windows\UUS\amd64,1.0
1939,Notifications host process,1506.2511,Microsoft Corporation Inc.,Application,,C:\Windows\UUS\Packages\Preview\amd64,1.0
1939,OCChat,1.0,,Application,,C:\Program Files (x86)\HP\HPX Support\Resources\OCChat,1.0
1939,OESIS Framework V4 3rd Party Host,4.3,OPSWAT Inc.,Application,,C:\Program Files\BMC Software\Client Management\Client\bin\opswat,2.0
1939,OESIS Framework V4 Diagnose,4.3,OPSWAT Inc.,Application,,C:\Program Files\BMC Software\Client Management\Client\bin\opswat,1.0
1939,Office Licensing Admin Access Provider,16.0,Microsoft Corporation Inc.,Application,,C:\Program Files\Common Files\microsoft shared\OFFICE16,1.0
1939,Office Source Engine,16.0,Microsoft Corporation Inc.,Application,,C:\Program Files\Common Files\microsoft shared\Source Engine,2.0
1939,Office Subscription Licensing Heartbeat,16.0,Microsoft Corporation Inc.,Application,,C:\Program Files\Common Files\microsoft shared\OFFICE16,1.0
1939,Office Telemetry Agent,16.0,Microsoft Corporation Inc.,Application,,C:\Program Files\Microsoft Office\Office16,1.0
1939,Office Telemetry Dashboard,16.0,Microsoft Corporation Inc.,Application,,C:\Program Files\Microsoft Office\Office16,1.0
1939,Office Telemetry Log,16.0,Microsoft Corporation Inc.,Application,,C:\Program Files\Microsoft Office\Office16,1.0
1939,Office XML Handler,16.0,Microsoft Corporation Inc.,Application,,C:\Program Files\Common Files\microsoft shared\OFFICE16,1.0
1939,OOBE Captive Portal Flow,10.0,Microsoft Corporation Inc.,Application,,C:\Windows\SystemApps\Microsoft.Windows.OOBENetworkCaptivePortal_cw5n1h2txyewy,1.0
1939,OOBE Network Connection Flow,10.0,Microsoft Corporation Inc.,Application,,C:\Windows\SystemApps\Microsoft.Windows.OOBENetworkConnectionFlow_cw5n1h2txyewy,1.0
1939,Outils de vérification linguistique 2016 de Microsoft Office - Français,16.0,Microsoft Corporation Inc.,Add/Remove Programs,"July 09, 2025 12:00:00 AM",C:\Program Files\Microsoft Office\,
1939,Picasa,3.9,Google Inc.,Application,,C:\Program Files (x86)\Google\Picasa3,7.0
1939,Picasa 3,3.9,Google Inc.,Add/Remove Programs,,"""C:\Program Files (x86)\Google\Picasa3""",
1939,Picasa Photo Viewer,3.9,Google Inc.,Application,,C:\Program Files (x86)\Google\Picasa3,1.0
1939,Plugin Container for Thunderbird,115.15,Mozilla Corporation,Application,,C:\Program Files (x86)\Mozilla Thunderbird,1.0
1939,Print Dialog,10.0,Microsoft Corporation Inc.,Application,,C:\Windows\SystemApps\Windows.PrintDialog_cw5n1h2txyewy,1.0
1939,Print driver host for applications,10.0,Microsoft Corporation Inc.,Application,,C:\Windows,1.0
1939,Print Queue Action Center,10.0,Microsoft Corporation Inc.,Application,,C:\Windows\SystemApps\Microsoft.Windows.PrintQueueActionCenter_cw5n1h2txyewy,1.0
1939,PWA Identity Proxy Host,144.0,Microsoft Corporation Inc.,Application,,C:\Program Files (x86)\Microsoft\EdgeWebView\Application\144.0.3719.115,3.0
1939,PWA Identity Proxy Host,143.0,Microsoft Corporation Inc.,Application,,C:\Program Files (x86)\Microsoft\EdgeWebView\Application\143.0.3650.96,2.0
1939,PwaHelper executable for Identity Proxy,143.0,Microsoft Corporation Inc.,Application,,C:\Program Files (x86)\Microsoft\EdgeWebView\Application\143.0.3650.96,2.0
1939,PwaHelper executable for Identity Proxy,144.0,Microsoft Corporation Inc.,Application,,C:\Program Files (x86)\Microsoft\EdgeWebView\Application\144.0.3719.115,3.0
1939,Python,3.8,Python Software Foundation,Application,,C:\Program Files\LibreOffice\program\python-core-3.8.19\bin,1.0
1939,Registry Editor,10.0,Microsoft Corporation Inc.,Application,,C:\Windows,1.0
1939,Safe Reboot Application,9.6,Ivanti,Application,,C:\Program Files\BMC Software\Client Management\Client\data\PatchManagementPremium\workspace,2.0
1939,Security Update for Microsoft Access 2016 (KB5002720) 64-Bit Edition,,Microsoft Corporation Inc.,Add/Remove Programs,,,
1939,Security Update for Microsoft Excel 2016 (KB5002831) 64-Bit Edition,,Microsoft Corporation Inc.,Add/Remove Programs,,,
1939,Security Update for Microsoft Office 2016 (KB3085538) 64-Bit Edition,,Microsoft Corporation Inc.,Add/Remove Programs,,,
1939,Security Update for Microsoft Office 2016 (KB3191869) 64-Bit Edition,,Microsoft Corporation Inc.,Add/Remove Programs,,,
1939,Security Update for Microsoft Office 2016 (KB3213551) 64-Bit Edition,,Microsoft Corporation Inc.,Add/Remove Programs,,,
1939,Security Update for Microsoft Office 2016 (KB4011574) 64-Bit Edition,,Microsoft Corporation Inc.,Add/Remove Programs,,,
1939,Security Update for Microsoft Office 2016 (KB4022176) 64-Bit Edition,,Microsoft Corporation Inc.,Add/Remove Programs,,,
1939,Security Update for Microsoft Office 2016 (KB4462148) 64-Bit Edition,,Microsoft Corporation Inc.,Add/Remove Programs,,,
1939,Security Update for Microsoft Office 2016 (KB4464583) 64-Bit Edition,,Microsoft Corporation Inc.,Add/Remove Programs,,,
1939,Security Update for Microsoft Office 2016 (KB4475581) 64-Bit Edition,,Microsoft Corporation Inc.,Add/Remove Programs,,,
1939,Security Update for Microsoft Office 2016 (KB4475587) 64-Bit Edition,,Microsoft Corporation Inc.,Add/Remove Programs,,,
1939,Security Update for Microsoft Office 2016 (KB4484103) 64-Bit Edition,,Microsoft Corporation Inc.,Add/Remove Programs,,,
1939,Security Update for Microsoft Office 2016 (KB4484432) 64-Bit Edition,,Microsoft Corporation Inc.,Add/Remove Programs,,,
1939,Security Update for Microsoft Office 2016 (KB5001941) 64-Bit Edition,,Microsoft Corporation Inc.,Add/Remove Programs,,,
1939,Security Update for Microsoft Office 2016 (KB5002341) 64-Bit Edition,,Microsoft Corporation Inc.,Add/Remove Programs,,,
1939,Security Update for Microsoft Office 2016 (KB5002576) 64-Bit Edition,,Microsoft Corporation Inc.,Add/Remove Programs,,,
1939,Security Update for Microsoft Office 2016 (KB5002616) 64-Bit Edition,,Microsoft Corporation Inc.,Add/Remove Programs,,,
1939,Security Update for Microsoft Office 2016 (KB5002669) 64-Bit Edition,,Microsoft Corporation Inc.,Add/Remove Programs,,,
1939,Security Update for Microsoft Office 2016 (KB5002713) 64-Bit Edition,,Microsoft Corporation Inc.,Add/Remove Programs,,,
1939,Security Update for Microsoft Office 2016 (KB5002762) 64-Bit Edition,,Microsoft Corporation Inc.,Add/Remove Programs,,,
1939,Security Update for Microsoft Office 2016 (KB5002766) 64-Bit Edition,,Microsoft Corporation Inc.,Add/Remove Programs,,,
1939,Security Update for Microsoft Office 2016 (KB5002812) 64-Bit Edition,,Microsoft Corporation Inc.,Add/Remove Programs,,,
1939,Security Update for Microsoft Office 2016 (KB5002818) 64-Bit Edition,,Microsoft Corporation Inc.,Add/Remove Programs,,,
1939,Security Update for Microsoft Office 2016 (KB5002826) 64-Bit Edition,,Microsoft Corporation Inc.,Add/Remove Programs,,,
1939,Security Update for Microsoft PowerPoint 2016 (KB5002790) 64-Bit Edition,,Microsoft Corporation Inc.,Add/Remove Programs,,,
1939,Security Update for Microsoft Project 2016 (KB5002652) 64-Bit Edition,,Microsoft Corporation Inc.,Add/Remove Programs,,,
1939,Security Update for Microsoft Publisher 2016 (KB5002566) 64-Bit Edition,,Microsoft Corporation Inc.,Add/Remove Programs,,,
1939,Security Update for Microsoft Visio 2016 (KB5002634) 64-Bit Edition,,Microsoft Corporation Inc.,Add/Remove Programs,,,
1939,Security Update for Microsoft Word 2016 (KB5002829) 64-Bit Edition,,Microsoft Corporation Inc.,Add/Remove Programs,,,
1939,Send to OneNote Tool,16.0,Microsoft Corporation Inc.,Application,,C:\Program Files\Microsoft Office\Office16,1.0
1939,SendCrashReport,12.0,Foxit Corporation,Application,,C:\Program Files (x86)\Foxit Software\Foxit PDF Reader,1.0
1939,Settings,10.0,Microsoft Corporation Inc.,Application,,C:\Windows\ImmersiveControlPanel,1.0
1939,SFU Service,1.1,HP Inc.,Application,,C:\Windows\Firmware,1.0
1939,SolutionFinder,1.1,HP Inc.,Application,,C:\Program Files (x86)\HP\HP Support Framework\Resources\SolutionFinder,1.0
1939,Speech Recognition,10.0,Microsoft Corporation Inc.,Application,,C:\Windows\Speech\Common,1.0
1939,SQL External minidumper,11.0,Microsoft Corporation Inc.,Application,,C:\Program Files (x86)\Microsoft Analysis Services\AS OLEDB\110,2.0
1939,ST Deploy,9.6,Ivanti,Application,,C:\Program Files\BMC Software\Client Management\Client\data\PatchManagementPremium\workspace,3.0
1939,ST Remote Command,9.6,Ivanti,Application,,C:\Program Files\BMC Software\Client Management\Client\data\PatchManagementPremium\workspace,1.0
1939,System Information,10.0,Microsoft Corporation Inc.,Application,,C:\Program Files (x86)\Common Files\Microsoft Shared\MSInfo,2.0
1939,TA Compat service,5.8,Musarubra US LLC.,Application,,C:\Program Files\McAfee\Agent\x86,1.0
1939,Take a Test,0.0,Microsoft Corporation Inc.,Application,,C:\Windows\SystemApps\Microsoft.Windows.SecureAssessmentBrowser_cw5n1h2txyewy,1.0
1939,TaskbarController,1.0,HP Inc.,Application,,C:\Program Files (x86)\HP\HP Support Framework,1.0
1939,TCUI.UAP,0.0,Microsoft Corporation Inc.,Application,,C:\Windows\SystemApps\Microsoft.XboxGameCallableUI_cw5n1h2txyewy,1.0
1939,Thunderbird,115.15,Mozilla Corporation,Application,,C:\Program Files (x86)\Mozilla Thunderbird,1.0
1939,Thunderbird,18.05,Mozilla,Application,,D:\standar komputer,1.0
1939,Thunderbird Helper,115.15,Mozilla Corporation,Application,,C:\Program Files (x86)\Mozilla Thunderbird\uninstall,1.0
1939,Thunderbird Software Updater,115.15,Mozilla Foundation,Application,,C:\Program Files (x86)\Mozilla Thunderbird,1.0
1939,Thunderbird Windows Search Integration Handler,115.15,Mozilla Foundation,Application,,C:\Program Files (x86)\Mozilla Thunderbird,1.0
1939,Touch Keyboard and Handwriting Panel,10.0,Microsoft Corporation Inc.,Application,,C:\Program Files\Common Files\microsoft shared\ink,1.0
1939,Touch Keyboard and Handwriting Panel Helper,10.0,Microsoft Corporation Inc.,Application,,C:\Program Files (x86)\Common Files\Microsoft Shared\ink,1.0
1939,Track Review,2024.2,Foxit Software Inc.,Application,,C:\Program Files (x86)\Foxit Software\Foxit PDF Reader,1.0
1939,Trellix Agent,5.08,Trellix,MSI Database,"October 17, 2025 12:00:00 AM",C:\Program Files\McAfee\Agent\,
1939,Trellix Agent,5.8,Trellix,Add/Remove Programs,"October 17, 2025 12:00:00 AM",C:\Program Files\McAfee\Agent\,
1939,Trellix Agent AAC Host,5.8,Musarubra US LLC.,Application,,C:\Program Files\McAfee\Agent\x86,1.0
1939,Trellix Agent Common Services,5.8,Musarubra US LLC.,Application,,C:\Program Files\McAfee\Agent,1.0
1939,Trellix Agent Configurator,5.8,Musarubra US LLC.,Application,,C:\Program Files\McAfee\Agent,2.0
1939,Trellix Agent Extension Updater,5.8,Musarubra US LLC.,Application,,C:\Program Files\McAfee\Agent,1.0
1939,Trellix Agent McScanCheck,5.8,Musarubra US LLC.,Application,,C:\Program Files\McAfee\Agent\x86,1.0
1939,Trellix Agent Repository Mirror,5.8,Musarubra US LLC.,Application,,C:\Program Files\McAfee\Agent\x86,1.0
1939,Trellix Agent Script Engine,5.8,Musarubra US LLC.,Application,,C:\Program Files\McAfee\Agent\x86,2.0
1939,Trellix Agent Service,5.8,Musarubra US LLC.,Application,,C:\Program Files\McAfee\Agent,1.0
1939,Trellix Data Exchange Layer for TA,6.0,Trellix,Add/Remove Programs,"October 17, 2025 12:00:00 AM",,
1939,Trellix Data Loss Prevention - Endpoint,11.12,Trellix,Add/Remove Programs,"October 28, 2025 12:00:00 AM",C:\Program Files\McAfee\DLP\Agent\,
1939,Trellix Dlp Diagnostic,11.12,Trellix,Application,,C:\Program Files\McAfee\DLP\Agent,2.0
1939,Trellix DLP Endpoint Agent,11.12,Trellix,Application,,C:\Program Files\McAfee\DLP\Agent,1.0
1939,Trellix DLP Endpoint Outlook Monitor,11.12,Trellix,Application,,C:\Program Files\McAfee\DLP\Agent,1.0
1939,Trellix DLP Endpoint Performance Monitor,11.12,Trellix,Application,,C:\Program Files\McAfee\DLP\Agent,1.0
1939,Trellix DLP Endpoint Service,11.12,Trellix,Application,,C:\Program Files\McAfee\DLP\Agent,1.0
1939,Trellix DLP Endpoint Service WatchDog,11.12,Trellix,Application,,C:\Program Files\McAfee\DLP\Agent,1.0
1939,Trellix DLP Endpoint Text Extractor,11.12,Trellix,Application,,C:\Program Files\McAfee\DLP\Agent,1.0
1939,Trellix DLP Native Messaging Host,11.12,Trellix,Application,,C:\Program Files\McAfee\DLP\Agent,2.0
1939,Trellix Email Storage Crawler,11.12,Trellix,Application,,C:\Program Files\McAfee\DLP\Agent,2.0
1939,Trellix Tray Application,2.2,Trellix,Application,,C:\Program Files\McAfee\Agent\x86,1.0
1939,UnifiedIoLauncher,1.2,HP Inc.,Application,,C:\Program Files (x86)\HP\HP Support Framework\Resources\SolutionFinder,1.0
1939,Update for Microsoft Office 2016 (KB2920678) 64-Bit Edition,,Microsoft Corporation Inc.,Add/Remove Programs,,,
1939,Update for Microsoft Office 2016 (KB2920717) 64-Bit Edition,,Microsoft Corporation Inc.,Add/Remove Programs,,,
1939,Update for Microsoft Office 2016 (KB2920720) 64-Bit Edition,,Microsoft Corporation Inc.,Add/Remove Programs,,,
1939,Update for Microsoft Office 2016 (KB2920724) 64-Bit Edition,,Microsoft Corporation Inc.,Add/Remove Programs,,,
1939,Update for Microsoft Office 2016 (KB3114524) 64-Bit Edition,,Microsoft Corporation Inc.,Add/Remove Programs,,,
1939,Update for Microsoft Office 2016 (KB3114903) 64-Bit Edition,,Microsoft Corporation Inc.,Add/Remove Programs,,,
1939,Update for Microsoft Office 2016 (KB3115081) 64-Bit Edition,,Microsoft Corporation Inc.,Add/Remove Programs,,,
1939,Update for Microsoft Office 2016 (KB3118262) 64-Bit Edition,,Microsoft Corporation Inc.,Add/Remove Programs,,,
1939,Update for Microsoft Office 2016 (KB3118263) 64-Bit Edition,,Microsoft Corporation Inc.,Add/Remove Programs,,,
1939,Update for Microsoft Office 2016 (KB3118264) 64-Bit Edition,,Microsoft Corporation Inc.,Add/Remove Programs,,,
1939,Update for Microsoft Office 2016 (KB3191929) 64-Bit Edition,,Microsoft Corporation Inc.,Add/Remove Programs,,,
1939,Update for Microsoft Office 2016 (KB3213650) 64-Bit Edition,,Microsoft Corporation Inc.,Add/Remove Programs,,,
1939,Update for Microsoft Office 2016 (KB4011035) 64-Bit Edition,,Microsoft Corporation Inc.,Add/Remove Programs,,,
1939,Update for Microsoft Office 2016 (KB4011259) 64-Bit Edition,,Microsoft Corporation Inc.,Add/Remove Programs,,,
1939,Update for Microsoft Office 2016 (KB4011621) 64-Bit Edition,,Microsoft Corporation Inc.,Add/Remove Programs,,,
1939,Update for Microsoft Office 2016 (KB4011629) 64-Bit Edition,,Microsoft Corporation Inc.,Add/Remove Programs,,,
1939,Update for Microsoft Office 2016 (KB4011634) 64-Bit Edition,,Microsoft Corporation Inc.,Add/Remove Programs,,,
1939,Update for Microsoft Office 2016 (KB4022193) 64-Bit Edition,,Microsoft Corporation Inc.,Add/Remove Programs,,,
1939,Update for Microsoft Office 2016 (KB4032254) 64-Bit Edition,,Microsoft Corporation Inc.,Add/Remove Programs,,,
1939,Update for Microsoft Office 2016 (KB4464587) 64-Bit Edition,,Microsoft Corporation Inc.,Add/Remove Programs,,,
1939,Update for Microsoft Office 2016 (KB4484104) 64-Bit Edition,,Microsoft Corporation Inc.,Add/Remove Programs,,,
1939,Update for Microsoft Office 2016 (KB4484145) 64-Bit Edition,,Microsoft Corporation Inc.,Add/Remove Programs,,,
1939,Update for Microsoft Office 2016 (KB5002050) 64-Bit Edition,,Microsoft Corporation Inc.,Add/Remove Programs,,,
1939,Update for Microsoft Office 2016 (KB5002251) 64-Bit Edition,,Microsoft Corporation Inc.,Add/Remove Programs,,,
1939,Update for Microsoft Office 2016 (KB5002466) 64-Bit Edition,,Microsoft Corporation Inc.,Add/Remove Programs,,,
1939,Update for Microsoft Office 2016 (KB5002623) 64-Bit Edition,,Microsoft Corporation Inc.,Add/Remove Programs,,,
1939,Update for Microsoft OneDrive for Business (KB4022219) 64-Bit Edition,,Microsoft Corporation Inc.,Add/Remove Programs,,,
1939,Update for Microsoft OneNote 2016 (KB5002761) 64-Bit Edition,,Microsoft Corporation Inc.,Add/Remove Programs,,,
1939,Update for Microsoft Outlook 2016 (KB5002747) 64-Bit Edition,,Microsoft Corporation Inc.,Add/Remove Programs,,,
1939,Update for Microsoft Visio Viewer 2016 (KB2920709) 64-Bit Edition,,Microsoft Corporation Inc.,Add/Remove Programs,,,
1939,Update for Skype for Business 2016 (KB5002567) 64-Bit Edition,,Microsoft Corporation Inc.,Add/Remove Programs,,,
1939,Visual Basic Command Line Compiler,14.8,Microsoft Corporation Inc.,Application,,C:\Windows\Microsoft.NET\Framework64\v4.0.30319,2.0
1939,Visual C# Command Line Compiler,4.8,Microsoft Corporation Inc.,Application,,C:\Windows\Microsoft.NET\Framework64\v4.0.30319,2.0
1939,WaasMedic Agent Exe,10.0,Microsoft Corporation Inc.,Application,,C:\Windows\UUS\amd64,1.0
1939,Watson Subscriber for SENS Network Notifications,16.0,Microsoft Corporation Inc.,Application,,C:\Program Files\Common Files\microsoft shared\DW,1.0
1939,Windows Contacts,10.0,Microsoft Corporation Inc.,Application,,C:\Program Files (x86)\Windows Mail,2.0
1939,Windows Defender Advanced Threat Protection - Sense AP module,0.3,,Application,,C:\Program Files\Windows Defender Advanced Threat Protection,1.0
1939,Windows Defender Advanced Threat Protection – Sense AP notification module,0.1,,Application,,C:\Program Files\Windows Defender Advanced Threat Protection,1.0
1939,Windows Defender Advanced Threat Protection - Sense NDR module,4.0,Microsoft Corporation Inc.,Application,,C:\Program Files\Windows Defender Advanced Threat Protection,1.0
1939,Windows Defender Advanced Threat Protection IMDSCollector module,10.8805,Microsoft Corporation Inc.,Application,,C:\Program Files\Windows Defender Advanced Threat Protection,1.0
1939,Windows Defender Advanced Threat Protection Sample Upload module,10.8805,Microsoft Corporation Inc.,Application,,C:\Program Files\Windows Defender Advanced Threat Protection,1.0
1939,Windows Defender Advanced Threat Protection Security Configuration Module,2.1037,Microsoft Corporation Inc.,Application,,C:\Program Files\Windows Defender Advanced Threat Protection,1.0
1939,Windows Defender Advanced Threat Protection Sense CE module,10.8805,Microsoft Corporation Inc.,Application,,C:\Program Files\Windows Defender Advanced Threat Protection\Classification,1.0
1939,Windows Defender Advanced Threat Protection Sense Dlp Processor module,10.8805,Microsoft Corporation Inc.,Application,,C:\Program Files\Windows Defender Advanced Threat Protection,1.0
1939,Windows Defender Advanced Threat Protection Sense Event Tracer module,10.8805,Microsoft Corporation Inc.,Application,,C:\Program Files\Windows Defender Advanced Threat Protection,1.0
1939,Windows Defender Advanced Threat Protection Sense Group Policy module,10.8805,Microsoft Corporation Inc.,Application,,C:\Program Files\Windows Defender Advanced Threat Protection,1.0
1939,Windows Defender Advanced Threat Protection Sense Identity module,3.0,Microsoft Corporation Inc.,Application,,C:\Program Files\Windows Defender Advanced Threat Protection,1.0
1939,Windows Defender Advanced Threat Protection Sense IR module,10.8805,Microsoft Corporation Inc.,Application,,C:\Program Files\Windows Defender Advanced Threat Protection,1.0
1939,Windows Defender Advanced Threat Protection Sense TVM module,1.4,,Application,,C:\Program Files\Windows Defender Advanced Threat Protection,1.0
1939,Windows Defender Advanced Threat Protection Service Executable,10.8805,Microsoft Corporation Inc.,Application,,C:\Program Files\Windows Defender Advanced Threat Protection,1.0
1939,Windows Defender Offline Shell,4.18,Microsoft Corporation Inc.,Application,,C:\Program Files\Windows Defender\Offline,1.0
1939,Windows Explorer,10.0,Microsoft Corporation Inc.,Application,,C:\Windows,1.0
1939,Windows Media Player,12.0,Microsoft Corporation Inc.,Application,,C:\Program Files (x86)\Windows Media Player,2.0
1939,Windows Media Player Configuration,12.0,Microsoft Corporation Inc.,Application,,C:\Program Files (x86)\Windows Media Player,2.0
1939,Windows Media Player Folder Sharing Executable,12.0,Microsoft Corporation Inc.,Application,,C:\Program Files (x86)\Windows Media Player,2.0
1939,Windows Media Player Launcher,12.0,Microsoft Corporation Inc.,Application,,C:\Program Files (x86)\Windows Media Player,2.0
1939,Windows Media Player Network Sharing Service,12.0,Microsoft Corporation Inc.,Application,,C:\Program Files\Windows Media Player,1.0
1939,Windows Media Player Network Sharing Service Configuration Application,12.0,Microsoft Corporation Inc.,Application,,C:\Program Files\Windows Media Player,1.0
1939,Windows Media Player Rich Preview Handler,12.0,Microsoft Corporation Inc.,Application,,C:\Program Files (x86)\Windows Media Player,2.0
1939,Windows My People,10.0,Microsoft Corporation Inc.,Application,,C:\Windows\SystemApps\Microsoft.Windows.PeopleExperienceHost_cw5n1h2txyewy,1.0
1939,Windows Shell Experience Host,10.0,Microsoft Corporation Inc.,Application,,C:\Windows\SystemApps\ShellExperienceHost_cw5n1h2txyewy,1.0
1939,Windows Start Experience Host,10.0,Microsoft Corporation Inc.,Application,,C:\Windows\SystemApps\Microsoft.Windows.StartMenuExperienceHost_cw5n1h2txyewy,1.0
1939,Windows Update,1506.2511,Microsoft Corporation Inc.,Application,,C:\Windows\UUS\Packages\Preview\amd64,1.0
1939,Windows Update,1451.2510,Microsoft Corporation Inc.,Application,,C:\Windows\UUS\amd64,1.0
1939,WizLink Application,1.0,,Application,,C:\Program Files (x86)\Online Services\Adobe,2.0
1939,XGPU Eject Dialog,10.0,Microsoft Corporation Inc.,Application,,C:\Windows\SystemApps\Microsoft.Windows.XGpuEjectDialog_cw5n1h2txyewy,1.0
1878,.NET Runtime Optimization Service,4.8,Microsoft Corporation Inc.,Application,,C:\Windows\Microsoft.NET\Framework64\v4.0.30319,2.0
1878,64Bit MAPI Mail Agent,1.0,Foxit Software Inc.,Application,,C:\Program Files (x86)\Foxit Software\Foxit PDF Reader,1.0
1878,7-Zip 24.08 (x64 edition),24.08,Igor Pavlov,Add/Remove Programs,"October 09, 2024 12:00:00 AM",,
1878,7-Zip Console,24.08,Igor Pavlov,Application,,C:\Program Files\7-Zip,1.0
1878,7-Zip File Manager,24.08,Igor Pavlov,Application,,C:\Program Files\7-Zip,1.0
1878,7-Zip GUI,24.08,Igor Pavlov,Application,,C:\Program Files\7-Zip,1.0
1878,Accounts Control Host,10.0,Microsoft Corporation Inc.,Application,,C:\Windows\SystemApps\Microsoft.AccountsControl_cw5n1h2txyewy,1.0
1878,Adds HP\Consent Manager Launcher to Task Scheduler,2.19,HP Inc.,Application,,C:\Program Files\HP\Consent Manager,1.0
1878,AddSuggestedFoldersToLibraryDialog,10.0,Microsoft Corporation Inc.,Application,,C:\Windows\SystemApps\Microsoft.Windows.AddSuggestedFoldersToLibraryDialog_cw5n1h2txyewy,1.0
1878,ADSelfService Plus Client Software,5.8,ZOHO Corp,Add/Remove Programs,"February 22, 2023 12:00:00 AM",,
1878,ADSelfService Plus Client Software,1.1,ZOHO Corp,Application,,C:\Program Files (x86)\ZOHO Corp\ADSelfService Plus Client Software,1.0
1878,Antimalware Core Service,4.18,Microsoft Corporation Inc.,Application,,C:\Program Files\Windows Defender,1.0
1878,Antimalware Service Executable,4.18,Microsoft Corporation Inc.,Application,,C:\Program Files\Windows Defender,1.0
1878,AppActions,10.0,Microsoft Corporation Inc.,Application,,C:\Windows\SystemApps\Shared\AOT,2.0
1878,AppResolverUX,10.0,Microsoft Corporation Inc.,Application,,C:\Windows\SystemApps\Microsoft.Windows.AppResolverUX_cw5n1h2txyewy,1.0
1878,AsyncTextService,10.0,Microsoft Corporation Inc.,Application,,C:\Windows\SystemApps\Microsoft.AsyncTextService_8wekyb3d8bbwe,1.0
1878,Biometric Enrollment Host,10.0,Microsoft Corporation Inc.,Application,,C:\Windows\SystemApps\Microsoft.BioEnrollment_cw5n1h2txyewy,1.0
1878,BMC Client Management Agent,24.1.01.240624,BMC Software Inc.,Application,,C:\Program Files\BMC Software\Client Management\Client\bin,1.0
1878,BMC Client Management Certificate Generator,24.1.01.240624,BMC Software Inc.,Application,,C:\Program Files\BMC Software\Client Management\Client\bin,1.0
1878,BMC Client Management Chilli Interpreter,24.1.01.240624,BMC Software Inc.,Application,,C:\Program Files\BMC Software\Client Management\Client\bin,1.0
1878,BMC Client Management Direct Access Proxy Agent,24.1.01.240624,BMC Software Inc.,Application,,C:\Program Files\BMC Software\Client Management\Client\bin,1.0
1878,BMC Client Management Opswat Proxy Agent,24.1.01.240624,BMC Software Inc.,Application,,C:\Program Files\BMC Software\Client Management\Client\bin,1.0
1878,BMC Client Management Package Viewer,24.1.01.240624,BMC Software Inc.,Application,,C:\Program Files\BMC Software\Client Management\Client\bin,1.0
1878,BMC Client Management Patch Broker,24.1.01.240624,BMC Software Inc.,Application,,C:\Program Files\BMC Software\Client Management\Client\bin,1.0
1878,BMC Client Management Proxy Agent,24.1.01.240624,BMC Software Inc.,Application,,C:\Program Files\BMC Software\Client Management\Client\bin,1.0
1878,BMC Client Management Remote Control proxy,24.1.01.240624,BMC Software Inc.,Application,,C:\Program Files\BMC Software\Client Management\Client\bin,1.0
1878,BMC Client Management SCAP,24.1.01.240624,BMC Software Inc.,Application,,C:\Program Files\BMC Software\Client Management\Client\bin,1.0
1878,BMC Client Management Video Proxy Agent,24.1.01.240624,BMC Software Inc.,Application,,C:\Program Files\BMC Software\Client Management\Client\bin,1.0
1878,Boot File Servicing Utility,10.0,Microsoft Corporation Inc.,Application,,C:\Windows,1.0
1878,Browser Protection Native Messaging Host,4.18,Microsoft Corporation Inc.,Application,,C:\Program Files\Windows Defender,1.0
1878,BrowserCore,10.0,Microsoft Corporation Inc.,Application,,C:\Windows\BrowserCore,1.0
1878,CameraBarcodeScannerPreview,10.0,Microsoft Corporation Inc.,Application,,C:\Windows\SystemApps\Windows.CBSPreview_cw5n1h2txyewy,1.0
1878,ChromeEnterpriseCompanion,140.0,Google LLC,Application,,C:\Windows\SystemTemp\scoped_dir19404_2097554960\scoped_dir19404_403231512,1.0
1878,CL5,9.6,Ivanti,Application,,C:\Program Files\BMC Software\Client Management\Client\data\PatchManagementPremium\workspace,1.0
1878,ClickOnce,4.8,Microsoft Corporation Inc.,Application,,C:\Windows\Microsoft.NET\Framework64\v4.0.30319,3.0
1878,Common User Interface,5.8,Musarubra US LLC.,Application,,C:\Program Files\McAfee\Agent\x86,1.0
1878,Copilot,144.0,Microsoft Corporation Inc.,Application,,C:\Program Files (x86)\Microsoft\EdgeWebView\Application\144.0.3719.115,5.0
1878,Copilot Update,1.3,Microsoft Corporation Inc.,Application,,C:\Program Files (x86)\Microsoft\EdgeUpdate,2.0
1878,CrashSender Application,4.3,Google Inc.,Application,,C:\Program Files\Google\Google Apps Migration,1.0
1878,Create a self-signed digital certificate,16.0,Microsoft Corporation Inc.,Application,,C:\Program Files\Microsoft Office\Office16,1.0
1878,Credential Dialog Host,10.0,Microsoft Corporation Inc.,Application,,C:\Windows\SystemApps\microsoft.creddialoghost_cw5n1h2txyewy,1.0
1878,CrowdStrike Device Control,7.29,CrowdStrike Inc.,Add/Remove Programs,"November 14, 2025 12:00:00 AM",,
1878,CrowdStrike Device Control Support Tool,7.29,CrowdStrike Inc.,Application,,C:\Program Files\CrowdStrike,1.0
1878,CrowdStrike Falcon Connector,7.32,CrowdStrike Inc.,Application,,C:\Program Files\CrowdStrike,1.0
1878,CrowdStrike Falcon Sensor,7.32,CrowdStrike Inc.,Application,,C:\Program Files\CrowdStrike,1.0
1878,CrowdStrike Falcon Sensor Controller,7.32,CrowdStrike Inc.,Application,,C:\Program Files\CrowdStrike,1.0
1878,CrowdStrike Falcon Sensor Service,7.32,CrowdStrike Inc.,Application,,C:\Program Files\CrowdStrike,1.0
1878,CrowdStrike Falcon Sensor Servlet Container,7.32,CrowdStrike Inc.,Application,,C:\Program Files\CrowdStrike,1.0
1878,CrowdStrike Falcon Sensor Settings Tool,7.32,CrowdStrike Inc.,Application,,C:\Program Files\CrowdStrike,1.0
1878,CrowdStrike Falcon Sensor System Tray Application,7.32,CrowdStrike Inc.,Application,,C:\Program Files\CrowdStrike,2.0
1878,CrowdStrike Firmware Analysis,7.14,CrowdStrike Inc.,Add/Remove Programs,"January 23, 2025 12:00:00 AM",,
1878,CrowdStrike Firmware Analysis Support Tool,7.14,CrowdStrike Inc.,Application,,C:\Program Files\CrowdStrike,1.0
1878,CrowdStrike On-Demand Scan Command-line Tool,7.32,CrowdStrike Inc.,Application,,C:\Program Files\CrowdStrike,1.0
1878,CrowdStrike On-Demand Scan Tool,7.32,CrowdStrike Inc.,Application,,C:\Program Files\CrowdStrike,1.0
1878,CrowdStrike Sensor Platform,7.32,CrowdStrike Inc.,Add/Remove Programs,"January 14, 2026 12:00:00 AM",,
1878,CrowdStrike Windows Sensor,7.32,CrowdStrike Inc.,Add/Remove Programs,"January 14, 2026 12:00:00 AM",,
1878,Definition Update for Microsoft Office 2016 (KB3115407) 64-Bit Edition,,Microsoft Corporation Inc.,Add/Remove Programs,,,
1878,DiscoveryHubApp,10.0,Microsoft Corporation Inc.,Application,,C:\Windows\SystemApps\Shared\AOT,2.0
1878,EC App,10.0,Microsoft Corporation Inc.,Application,,C:\Windows\SystemApps\Microsoft.ECApp_8wekyb3d8bbwe,1.0
1878,expediteupdater,10.0,Microsoft Corporation Inc.,Application,,C:\Program Files\Microsoft Update Health Tools,1.0
1878,File Explorer,10.0,Microsoft Corporation Inc.,Application,,C:\Windows\SystemApps\Microsoft.Windows.FileExplorer_cw5n1h2txyewy,1.0
1878,File Picker,10.0,Microsoft Corporation Inc.,Application,,C:\Windows\SystemApps\Microsoft.Windows.FilePicker_cw5n1h2txyewy,1.0
1878,Foxit PDF Preview Handler Host,12.1,Foxit Corporation,Application,,C:\Program Files (x86)\Foxit Software\Foxit PDF Reader\Shell Extensions,1.0
1878,Foxit PDF Reader,2024.2,Foxit Software Inc.,Application,"October 09, 2024 12:00:00 AM",C:\Program Files (x86)\Foxit Software\Foxit PDF Reader,1.0
1878,Foxit PDF Reader ConnectedPDF Windows Service.,2024.2,Foxit Software Inc.,Application,,C:\Program Files (x86)\Foxit Software\Foxit PDF Reader,1.0
1878,Foxit PDF Reader Update Service,1.0,Foxit Software Inc.,Application,,C:\Program Files (x86)\Common Files\Foxit\Foxit PDF Reader,1.0
1878,Foxit Updater,2024.2,Foxit Corporation,Application,,C:\Program Files (x86)\Foxit Software\Foxit PDF Reader,1.0
1878,Google Chrome,144.0,Google LLC,Web Browser,"February 06, 2026 12:00:00 AM",C:\Program Files\Google\Chrome\Application,9.0
1878,Google Chrome,145.0,Google LLC,Web Browser,,C:\Program Files (x86)\Google\ChromeEnterpriseCompanion,1.0
1878,Google Chrome,146.0,Google LLC,Web Browser,,C:\Program Files\Google\Chrome\Application\PlatformExperienceHelper,1.0
1878,Google Update Helper,1.3,Google LLC,Add/Remove Programs,"July 01, 2022 12:00:00 AM",,
1878,Google Updater (x64),144.0,Google LLC,Application,,C:\Program Files (x86)\Google\Update,2.0
1878,Google Workspace Migration for Microsoft Outlook 4.3.29.0,4.3,Google Inc.,Add/Remove Programs,"May 15, 2025 12:00:00 AM",,
1878,Google Workspace Migration for Microsoft Outlook\x00AE,4.3,Google Inc.,Application,,C:\Program Files\Google\Google Apps Migration,1.0
1878,gusvc,2.0,Google,Application,,C:\Program Files (x86)\Google\Common\Google Updater,1.0
1878,HDLP Diagnostic Tool,11.12,Trellix,Application,,C:\Program Files\McAfee\DLP\Agent\Tools,1.0
1878,Herramientas de corrección de Microsoft Office 2016: español,16.0,Microsoft Corporation Inc.,Add/Remove Programs,"July 09, 2025 12:00:00 AM",C:\Program Files\Microsoft Office\,
1878,HP BIOS Configuration Utility,4.0,HP,Application,,C:\Windows\HP,1.0
1878,HP Firmware Update and Recovery,3.1,HP,Application,,C:\Windows\Firmware,4.0
1878,HP Firmware Update and Recovery,3.0,HP,Application,,C:\Windows\Firmware\{6b828df1-8ffa-4cae-b04e-3f0f2ee37a9a},1.0
1878,HP PC Hardware Diagnostics UEFI,10.5,HP,Add/Remove Programs,"February 17, 2025 12:00:00 AM",C:\Windows\HP\,
1878,HP System Default Settings,1.5,HP Inc.,Add/Remove Programs,"April 04, 2025 12:00:00 AM",C:\Program Files (x86)\HP\HP System Default Settings\,
1878,HP Toast Notification Activator,1.0,HP,Application,,C:\Windows\Firmware,4.0
1878,HPAudioCheck,1.4,HP Inc.,Application,,C:\Program Files (x86)\HP\HPX Support\Resources\HPAudioCheck,1.0
1878,HPNetworkCheck,9.1,HP Inc.,Application,,C:\Program Files (x86)\HP\HPX Support\Resources\HPNetworkCheck,1.0
1878,HPOSCheck,1.4,HP Inc.,Application,,C:\Program Files (x86)\HP\HPX Support\Resources\HPOSCheck,1.0
1878,HPPerformanceTuneup,2.2,HP Inc.,Application,,C:\Program Files (x86)\HP\HPX Support\Resources\HPPerformanceTuneup,1.0
1878,HPSACommands,1.0,HP Inc.,Application,,C:\Program Files (x86)\HP\HPX Support\Resources,1.0
1878,HPSALauncher,9.4,HP Inc.,Application,,C:\Program Files (x86)\HP\HPX Support\Resources,1.0
1878,HPSFReport,8.16,HP Inc.,Application,,C:\Program Files (x86)\HP\HPX Support\Resources,1.0
1878,HPSFViewer,8.6,HP Inc.,Application,,C:\Program Files (x86)\HP\HPX Support\Resources,1.0
1878,IEToEdge BHO,144.0,Microsoft Corporation Inc.,Application,,C:\Program Files (x86)\Microsoft\EdgeWebView\Application\144.0.3719.115\BHO,5.0
1878,Imaging Devices Control Panel,10.0,Microsoft Corporation Inc.,Application,,C:\Program Files (x86)\Windows Photo Viewer,2.0
1878,Intel TXT ACM driver for CML-S,1.13,HP Inc.,Application,,C:\Program Files\Intel\TXT,1.0
1878,Kaspersky Endpoint Security 11 for Windows,11.4,AO Kaspersky Lab,Application,,D:\standar komputer\KES 11.4\KES 12,1.0
1878,LibreOffice,7.6,The Document Foundation,Application,,C:\Program Files\LibreOffice\program,2.0
1878,LibreOffice 7.6.7.2,7.6,The Document Foundation,Add/Remove Programs,"October 09, 2024 12:00:00 AM",C:\Program Files\LibreOffice\,
1878,LibreOffice Base,7.6,The Document Foundation,Application,,C:\Program Files\LibreOffice\program,1.0
1878,LibreOffice Calc,7.6,The Document Foundation,Application,,C:\Program Files\LibreOffice\program,1.0
1878,LibreOffice Draw,7.6,The Document Foundation,Application,,C:\Program Files\LibreOffice\program,1.0
1878,LibreOffice Impress,7.6,The Document Foundation,Application,,C:\Program Files\LibreOffice\program,1.0
1878,LibreOffice Math,7.6,The Document Foundation,Application,,C:\Program Files\LibreOffice\program,1.0
1878,LibreOffice Writer,7.6,The Document Foundation,Application,,C:\Program Files\LibreOffice\program,1.0
1878,LibreOffice Writer (Web),7.6,The Document Foundation,Application,,C:\Program Files\LibreOffice\program,1.0
1878,MA Command Agent Binary,5.8,Musarubra US LLC.,Application,,C:\Program Files\McAfee\Agent,1.0
1878,MA Policy Upgrade Tool,5.8,Musarubra US LLC.,Application,,C:\Program Files\McAfee\Agent\x86,1.0
1878,MB Version update tool,4.8,Microsoft Corporation Inc.,Application,,C:\Windows\Microsoft.NET\Framework64\v4.0.30319,3.0
1878,Microsoft .NET Assembly Registration Utility,4.8,Microsoft Corporation Inc.,Application,,C:\Windows\Microsoft.NET\Framework64\v4.0.30319,2.0
1878,Microsoft .NET ClickOnce Launch Utility,4.8,Microsoft Corporation Inc.,Application,,C:\Windows\Microsoft.NET\Framework64\v4.0.30319,2.0
1878,Microsoft .NET Framework CAS Policy Manager,4.8,Microsoft Corporation Inc.,Application,,C:\Windows\Microsoft.NET\Framework64\v4.0.30319,2.0
1878,Microsoft .NET Framework IL assembler,4.8,Microsoft Corporation Inc.,Application,,C:\Windows\Microsoft.NET\Framework64\v4.0.30319,2.0
1878,Microsoft .NET Framework optimization service,4.8,Microsoft Corporation Inc.,Application,,C:\Windows\Microsoft.NET\Framework64\v4.0.30319,2.0
1878,Microsoft Application Error Reporting,16.0,Microsoft Corporation Inc.,Application,,C:\Program Files\Common Files\microsoft shared\DW,1.0
1878,Microsoft ASP.NET State Server,4.8,Microsoft Corporation Inc.,Application,,C:\Windows\Microsoft.NET\Framework64\v4.0.30319,2.0
1878,Microsoft Common Language Runtime native compiler,4.8,Microsoft Corporation Inc.,Application,,C:\Windows\Microsoft.NET\Framework64\v4.0.30319,2.0
1878,Microsoft Contacts Import Tool,10.0,Microsoft Corporation Inc.,Application,,C:\Program Files (x86)\Windows Mail,2.0
1878,Microsoft Data Loss Prevention MIP Agent,4.18,Microsoft Corporation Inc.,Application,,C:\Program Files\Windows Defender,1.0
1878,Microsoft Edge,144.0,Microsoft Corporation Inc.,Application,"February 07, 2026 12:00:00 AM",C:\Program Files (x86)\Microsoft\EdgeWebView\Application\144.0.3719.115,49.0
1878,Microsoft Edge COM Registration Helper ARM64,1.3,Microsoft Corporation Inc.,Application,,C:\Program Files (x86)\Microsoft\EdgeUpdate\1.3.217.3,1.0
1878,Microsoft Edge PWA Launcher,144.0,Microsoft Corporation Inc.,Application,,C:\Program Files (x86)\Microsoft\EdgeWebView\Application\144.0.3719.115,5.0
1878,Microsoft Edge Update,1.3,Microsoft Corporation Inc.,Application,,C:\Program Files (x86)\Microsoft\EdgeUpdate,5.0
1878,Microsoft Edge Update COM Registration Helper,1.3,Microsoft Corporation Inc.,Application,,C:\Program Files (x86)\Microsoft\EdgeUpdate\1.3.217.3,1.0
1878,Microsoft Edge WebView2,144.0,Microsoft Corporation Inc.,Application,,C:\Program Files (x86)\Microsoft\EdgeWebView\Application\144.0.3719.115,5.0
1878,Microsoft Edge WebView2 Runtime,144.0,Microsoft Corporation Inc.,Add/Remove Programs,"February 09, 2026 12:00:00 AM",C:\Program Files (x86)\Microsoft\EdgeWebView\Application,
1878,Microsoft Entra WAM plugin,10.0,Microsoft Corporation Inc.,Application,,C:\Windows\SystemApps\Microsoft.AAD.BrokerPlugin_cw5n1h2txyewy,1.0
1878,Microsoft Excel,16.0,Microsoft Corporation Inc.,Application,,C:\Program Files\Microsoft Office\Office16,2.0
1878,Microsoft Excel MUI (English) 2016,16.0,Microsoft Corporation Inc.,Add/Remove Programs,"February 11, 2026 12:00:00 AM",C:\Program Files\Microsoft Office\,
1878,Microsoft Family Safety,10.0,Microsoft Corporation Inc.,Application,,C:\Windows\SystemApps\ParentalControls_cw5n1h2txyewy,1.0
1878,Microsoft Filter Loader,16.0,Microsoft Corporation Inc.,Application,,C:\Program Files\Common Files\microsoft shared\OFFICE16,1.0
1878,Microsoft Groove MUI (English) 2016,16.0,Microsoft Corporation Inc.,Add/Remove Programs,"April 09, 2025 12:00:00 AM",C:\Program Files\Microsoft Office\,
1878,Microsoft Help and Support,10.0,Microsoft Corporation Inc.,Application,,C:\Windows,1.0
1878,Microsoft Internet Explorer,11.0,Microsoft Corporation Inc.,Web Browser,,C:\Program Files (x86)\Internet Explorer,9.0
1878,Microsoft Malware Protection Command Line Utility,4.18,Microsoft Corporation Inc.,Application,,C:\Program Files (x86)\Windows Defender,2.0
1878,Microsoft Malware Protection Copy Accelerator Utility,4.18,Microsoft Corporation Inc.,Application,,C:\Program Files\Windows Defender,1.0
1878,Microsoft Malware Protection DLP Command Line Utility,4.18,Microsoft Corporation Inc.,Application,,C:\Program Files\Windows Defender,1.0
1878,Microsoft Malware Protection DLP User Agent,4.18,Microsoft Corporation Inc.,Application,,C:\Program Files\Windows Defender,1.0
1878,Microsoft Mashup Evaluation Container,2.61,Microsoft Corporation Inc.,Application,,C:\Program Files\Microsoft Office\Office16\ADDINS\Microsoft Power Query for Excel Integrated\bin,3.0
1878,Microsoft Network Realtime Inspection Service,4.18,Microsoft Corporation Inc.,Application,,C:\Program Files\Windows Defender,1.0
1878,Microsoft Office,16.0,Microsoft Corporation Inc.,Application,,C:\Program Files\Microsoft Office\Office16,1.0
1878,Microsoft Office 15 Language Preferences,16.0,Microsoft Corporation Inc.,Application,,C:\Program Files\Microsoft Office\Office16,1.0
1878,Microsoft Office 2016,16.0,Microsoft Corporation Inc.,Application,,C:\Program Files\Microsoft Office\Office16,1.0
1878,Microsoft Office component,16.0,Microsoft Corporation Inc.,Application,,C:\Program Files\Common Files\microsoft shared\OFFICE16,1.0
1878,Microsoft Office Contact Retriever,16.0,Microsoft Corporation Inc.,Application,,C:\Program Files\Microsoft Office\Office16,1.0
1878,Microsoft Office Document Cache,16.0,Microsoft Corporation Inc.,Application,,C:\Program Files\Microsoft Office\Office16,1.0
1878,Microsoft Office Document Cache Migration,16.0,Microsoft Corporation Inc.,Application,,C:\Program Files (x86)\Common Files\Microsoft Shared\OFFICE16,2.0
1878,Microsoft Office Document Cache Sync Client Interface,16.0,Microsoft Corporation Inc.,Application,,C:\Program Files\Common Files\microsoft shared\OFFICE16,1.0
1878,Microsoft Office Help Viewer,16.0,Microsoft Corporation Inc.,Application,,C:\Program Files\Microsoft Office\Office16,1.0
1878,Microsoft Office Multi-Msi ActiveDirectory Deployment Tool.,16.0,Microsoft Corporation Inc.,Application,,C:\Program Files\Common Files\microsoft shared\OFFICE16\Office Setup Controller,1.0
1878,Microsoft Office OSM MUI (English) 2016,16.0,Microsoft Corporation Inc.,Add/Remove Programs,"April 09, 2025 12:00:00 AM",C:\Program Files\Microsoft Office\,
1878,Microsoft Office OSM UX MUI (English) 2016,16.0,Microsoft Corporation Inc.,Add/Remove Programs,"April 09, 2025 12:00:00 AM",C:\Program Files\Microsoft Office\,
1878,Microsoft Office Proofing (English) 2016,16.0,Microsoft Corporation Inc.,Add/Remove Programs,"April 09, 2025 12:00:00 AM",C:\Program Files\Microsoft Office\,
1878,Microsoft Office Proofing Tools 2016 - English,16.0,Microsoft Corporation Inc.,Add/Remove Programs,"July 09, 2025 12:00:00 AM",C:\Program Files\Microsoft Office\,
1878,Microsoft Office Screen Recorder,16.0,Microsoft Corporation Inc.,Application,,C:\Program Files\Microsoft Office\Office16,1.0
1878,Microsoft Office Shared 32-bit MUI (English) 2016,16.0,Microsoft Corporation Inc.,Add/Remove Programs,"February 11, 2026 12:00:00 AM",C:\Program Files\Microsoft Office\,
1878,Microsoft Office Shared MUI (English) 2016,16.0,Microsoft Corporation Inc.,Add/Remove Programs,"January 27, 2026 12:00:00 AM",C:\Program Files\Microsoft Office\,
1878,Microsoft Office Standard 2016,16.0,Microsoft Corporation Inc.,Add/Remove Programs,"February 11, 2026 12:00:00 AM",C:\Program Files\Microsoft Office,
1878,Microsoft Office Upload Center,16.0,Microsoft Corporation Inc.,Application,,C:\Program Files\Microsoft Office\Office16,1.0
1878,Microsoft OneDrive for Business,16.0,Microsoft Corporation Inc.,Application,,C:\Program Files\Microsoft Office\Office16,1.0
1878,Microsoft OneNote,16.0,Microsoft Corporation Inc.,Application,,C:\Program Files\Microsoft Office\Office16,1.0
1878,Microsoft OneNote Internet Explorer Content Service,16.0,Microsoft Corporation Inc.,Application,,C:\Program Files\Microsoft Office\Office16,1.0
1878,Microsoft OneNote MUI (English) 2016,16.0,Microsoft Corporation Inc.,Add/Remove Programs,"August 14, 2025 12:00:00 AM",C:\Program Files\Microsoft Office\,
1878,Microsoft Outlook,16.0,Microsoft Corporation Inc.,Application,,C:\Program Files\Microsoft Office\Office16,1.0
1878,Microsoft Outlook Data Files Scan/Repair Utility,16.0,Microsoft Corporation Inc.,Application,,C:\Program Files\Microsoft Office\Office16,1.0
1878,Microsoft Outlook MUI (English) 2016,16.0,Microsoft Corporation Inc.,Add/Remove Programs,"February 11, 2026 12:00:00 AM",C:\Program Files\Microsoft Office\,
1878,Microsoft PDF Reflow,16.0,Microsoft Corporation Inc.,Application,,C:\Program Files\Microsoft Office\Office16,1.0
1878,Microsoft PowerPoint,16.0,Microsoft Corporation Inc.,Application,,C:\Program Files\Microsoft Office\Office16,1.0
1878,Microsoft PowerPoint MUI (English) 2016,16.0,Microsoft Corporation Inc.,Add/Remove Programs,"February 11, 2026 12:00:00 AM",C:\Program Files\Microsoft Office\,
1878,Microsoft Publisher,16.0,Microsoft Corporation Inc.,Application,,C:\Program Files\Microsoft Office\Office16,1.0
1878,Microsoft Publisher MUI (English) 2016,16.0,Microsoft Corporation Inc.,Add/Remove Programs,"April 09, 2025 12:00:00 AM",C:\Program Files\Microsoft Office\,
1878,Microsoft Purview Data Loss Prevention Service,4.18,Microsoft Corporation Inc.,Application,,C:\Program Files\Windows Defender,1.0
1878,Microsoft Query,16.0,Microsoft Corporation Inc.,Application,,C:\Program Files\Microsoft Office\Office16,1.0
1878,Microsoft Resource File To COFF Object Conversion Utility,14.29,Microsoft Corporation Inc.,Application,,C:\Windows\Microsoft.NET\Framework64\v4.0.30319,2.0
1878,Microsoft Security Client Policy Configuration Tool,4.18,Microsoft Corporation Inc.,Application,,C:\Program Files\Windows Defender,1.0
1878,Microsoft Tablet PC Component,10.0,Microsoft Corporation Inc.,Application,,C:\Program Files (x86)\Common Files\Microsoft Shared\ink,1.0
1878,Microsoft Teams Meeting Add-in for Microsoft Office,1.25,Microsoft Corporation Inc.,Add/Remove Programs,"November 03, 2025 12:00:00 AM",,
1878,Microsoft Update Health Service,10.0,Microsoft Corporation Inc.,Application,,C:\Program Files\Microsoft Update Health Tools,1.0
1878,Microsoft Update Health Tools,5.72,Microsoft Corporation Inc.,Add/Remove Programs,"November 03, 2023 12:00:00 AM",,
1878,Microsoft Visual C++ 2010 x64 Redistributable - 10.0.40219,10.0,Microsoft Corporation Inc.,Add/Remove Programs,"February 29, 2024 12:00:00 AM",,
1878,Microsoft Visual C++ 2010 x86 Redistributable - 10.0.40219,10.0,Microsoft Corporation Inc.,Add/Remove Programs,"February 29, 2024 12:00:00 AM",,
1878,Microsoft Visual C++ 2015-2022 Redistributable (x64) - 14.42.34438,14.42,Microsoft Corporation Inc.,Application,,C:\Windows\SystemTemp\{AA806F03-6074-4288-985E-1C655E62770D},1.0
1878,Microsoft Visual C++ 2022 X64 Additional Runtime - 14.42.34438,14.42,Microsoft Corporation Inc.,Add/Remove Programs,"October 28, 2025 12:00:00 AM",,
1878,Microsoft Visual C++ 2022 X64 Minimum Runtime - 14.42.34438,14.42,Microsoft Corporation Inc.,Add/Remove Programs,"October 28, 2025 12:00:00 AM",,
1878,Microsoft Visual Studio 2010 Tools for Office Runtime (x64),10.0,Microsoft Corporation Inc.,Add/Remove Programs,"February 29, 2024 12:00:00 AM",C:\Program Files\Common Files\Microsoft Shared\VSTO\10.0\,
1878,Microsoft Win32WebViewHost app,10.0,Microsoft Corporation Inc.,Application,,C:\Windows\SystemApps\Microsoft.Win32WebViewHost_cw5n1h2txyewy,1.0
1878,Microsoft Word,16.0,Microsoft Corporation Inc.,Application,,C:\Program Files\Microsoft Office\Office16,1.0
1878,Microsoft Word MUI (English) 2016,16.0,Microsoft Corporation Inc.,Add/Remove Programs,"February 11, 2026 12:00:00 AM",C:\Program Files\Microsoft Office\,
1878,MoUSO Core Worker Process,1507.2512,Microsoft Corporation Inc.,Application,,C:\Windows\UUS\Packages\Preview\amd64,1.0
1878,MoUSO Core Worker Process,1451.2512,Microsoft Corporation Inc.,Application,,C:\Windows\UUS\amd64,1.0
1878,Mozilla Maintenance Service,115.15,Mozilla,Add/Remove Programs,,,
1878,Mozilla Thunderbird (x86 en-US),115.15,Mozilla,Add/Remove Programs,,C:\Program Files (x86)\Mozilla Thunderbird,
1878,Narrator Home,10.0,Microsoft Corporation Inc.,Application,,C:\Windows\SystemApps\microsoft.windows.narratorquickstart_8wekyb3d8bbwe,1.0
1878,Notepad,10.0,Microsoft Corporation Inc.,Application,,C:\Windows,1.0
1878,Notifications host process,1451.2512,Microsoft Corporation Inc.,Application,,C:\Windows\UUS\amd64,1.0
1878,Notifications host process,1507.2512,Microsoft Corporation Inc.,Application,,C:\Windows\UUS\Packages\Preview\amd64,1.0
1878,OCChat,1.0,,Application,,C:\Program Files (x86)\HP\HPX Support\Resources\OCChat,1.0
1878,OESIS Framework V4 3rd Party Host,4.3,OPSWAT Inc.,Application,,C:\Program Files\BMC Software\Client Management\Client\bin\opswat,2.0
1878,OESIS Framework V4 Diagnose,4.3,OPSWAT Inc.,Application,,C:\Program Files\BMC Software\Client Management\Client\bin\opswat,1.0
1878,Office Licensing Admin Access Provider,16.0,Microsoft Corporation Inc.,Application,,C:\Program Files\Common Files\microsoft shared\OFFICE16,1.0
1878,Office Source Engine,16.0,Microsoft Corporation Inc.,Application,,C:\Program Files\Common Files\microsoft shared\Source Engine,2.0
1878,Office Subscription Licensing Heartbeat,16.0,Microsoft Corporation Inc.,Application,,C:\Program Files\Common Files\microsoft shared\OFFICE16,1.0
1878,Office Telemetry Agent,16.0,Microsoft Corporation Inc.,Application,,C:\Program Files\Microsoft Office\Office16,1.0
1878,Office Telemetry Dashboard,16.0,Microsoft Corporation Inc.,Application,,C:\Program Files\Microsoft Office\Office16,1.0
1878,Office Telemetry Log,16.0,Microsoft Corporation Inc.,Application,,C:\Program Files\Microsoft Office\Office16,1.0
1878,Office XML Handler,16.0,Microsoft Corporation Inc.,Application,,C:\Program Files\Common Files\microsoft shared\OFFICE16,1.0
1878,OOBE Captive Portal Flow,10.0,Microsoft Corporation Inc.,Application,,C:\Windows\SystemApps\Microsoft.Windows.OOBENetworkCaptivePortal_cw5n1h2txyewy,1.0
1878,OOBE Network Connection Flow,10.0,Microsoft Corporation Inc.,Application,,C:\Windows\SystemApps\Microsoft.Windows.OOBENetworkConnectionFlow_cw5n1h2txyewy,1.0
1878,Outils de vérification linguistique 2016 de Microsoft Office - Français,16.0,Microsoft Corporation Inc.,Add/Remove Programs,"July 09, 2025 12:00:00 AM",C:\Program Files\Microsoft Office\,
1878,Picasa,3.9,Google Inc.,Application,,C:\Program Files (x86)\Google\Picasa3,7.0
1878,Picasa 3,3.9,Google Inc.,Add/Remove Programs,,"""C:\Program Files (x86)\Google\Picasa3""",
1878,Picasa Photo Viewer,3.9,Google Inc.,Application,,C:\Program Files (x86)\Google\Picasa3,1.0
1878,Plugin Container for Thunderbird,115.15,Mozilla Corporation,Application,,C:\Program Files (x86)\Mozilla Thunderbird,1.0
1878,Print Dialog,10.0,Microsoft Corporation Inc.,Application,,C:\Windows\SystemApps\Windows.PrintDialog_cw5n1h2txyewy,1.0
1878,Print driver host for applications,10.0,Microsoft Corporation Inc.,Application,,C:\Windows,1.0
1878,Print Queue Action Center,10.0,Microsoft Corporation Inc.,Application,,C:\Windows\SystemApps\Microsoft.Windows.PrintQueueActionCenter_cw5n1h2txyewy,1.0
1878,PWA Identity Proxy Host,144.0,Microsoft Corporation Inc.,Application,,C:\Program Files (x86)\Microsoft\EdgeWebView\Application\144.0.3719.115,5.0
1878,PwaHelper executable for Identity Proxy,144.0,Microsoft Corporation Inc.,Application,,C:\Program Files (x86)\Microsoft\EdgeWebView\Application\144.0.3719.115,5.0
1878,Python,3.8,Python Software Foundation,Application,,C:\Program Files\LibreOffice\program\python-core-3.8.19\bin,1.0
1878,Registry Editor,10.0,Microsoft Corporation Inc.,Application,,C:\Windows,1.0
1878,Safe Reboot Application,9.6,Ivanti,Application,,C:\Program Files\BMC Software\Client Management\Client\data\PatchManagementPremium\workspace,2.0
1878,Security Update for Microsoft Access 2016 (KB5002720) 64-Bit Edition,,Microsoft Corporation Inc.,Add/Remove Programs,,,
1878,Security Update for Microsoft Excel 2016 (KB5002837) 64-Bit Edition,,Microsoft Corporation Inc.,Add/Remove Programs,,,
1878,Security Update for Microsoft Office 2016 (KB3085538) 64-Bit Edition,,Microsoft Corporation Inc.,Add/Remove Programs,,,
1878,Security Update for Microsoft Office 2016 (KB3191869) 64-Bit Edition,,Microsoft Corporation Inc.,Add/Remove Programs,,,
1878,Security Update for Microsoft Office 2016 (KB3213551) 64-Bit Edition,,Microsoft Corporation Inc.,Add/Remove Programs,,,
1878,Security Update for Microsoft Office 2016 (KB4011574) 64-Bit Edition,,Microsoft Corporation Inc.,Add/Remove Programs,,,
1878,Security Update for Microsoft Office 2016 (KB4022176) 64-Bit Edition,,Microsoft Corporation Inc.,Add/Remove Programs,,,
1878,Security Update for Microsoft Office 2016 (KB4462148) 64-Bit Edition,,Microsoft Corporation Inc.,Add/Remove Programs,,,
1878,Security Update for Microsoft Office 2016 (KB4464583) 64-Bit Edition,,Microsoft Corporation Inc.,Add/Remove Programs,,,
1878,Security Update for Microsoft Office 2016 (KB4475581) 64-Bit Edition,,Microsoft Corporation Inc.,Add/Remove Programs,,,
1878,Security Update for Microsoft Office 2016 (KB4475587) 64-Bit Edition,,Microsoft Corporation Inc.,Add/Remove Programs,,,
1878,Security Update for Microsoft Office 2016 (KB4484103) 64-Bit Edition,,Microsoft Corporation Inc.,Add/Remove Programs,,,
1878,Security Update for Microsoft Office 2016 (KB4484432) 64-Bit Edition,,Microsoft Corporation Inc.,Add/Remove Programs,,,
1878,Security Update for Microsoft Office 2016 (KB5001941) 64-Bit Edition,,Microsoft Corporation Inc.,Add/Remove Programs,,,
1878,Security Update for Microsoft Office 2016 (KB5002341) 64-Bit Edition,,Microsoft Corporation Inc.,Add/Remove Programs,,,
1878,Security Update for Microsoft Office 2016 (KB5002576) 64-Bit Edition,,Microsoft Corporation Inc.,Add/Remove Programs,,,
1878,Security Update for Microsoft Office 2016 (KB5002616) 64-Bit Edition,,Microsoft Corporation Inc.,Add/Remove Programs,,,
1878,Security Update for Microsoft Office 2016 (KB5002669) 64-Bit Edition,,Microsoft Corporation Inc.,Add/Remove Programs,,,
1878,Security Update for Microsoft Office 2016 (KB5002713) 64-Bit Edition,,Microsoft Corporation Inc.,Add/Remove Programs,,,
1878,Security Update for Microsoft Office 2016 (KB5002762) 64-Bit Edition,,Microsoft Corporation Inc.,Add/Remove Programs,,,
1878,Security Update for Microsoft Office 2016 (KB5002766) 64-Bit Edition,,Microsoft Corporation Inc.,Add/Remove Programs,,,
1878,Security Update for Microsoft Office 2016 (KB5002812) 64-Bit Edition,,Microsoft Corporation Inc.,Add/Remove Programs,,,
1878,Security Update for Microsoft Office 2016 (KB5002818) 64-Bit Edition,,Microsoft Corporation Inc.,Add/Remove Programs,,,
1878,Security Update for Microsoft Office 2016 (KB5002826) 64-Bit Edition,,Microsoft Corporation Inc.,Add/Remove Programs,,,
1878,Security Update for Microsoft PowerPoint 2016 (KB5002790) 64-Bit Edition,,Microsoft Corporation Inc.,Add/Remove Programs,,,
1878,Security Update for Microsoft Project 2016 (KB5002652) 64-Bit Edition,,Microsoft Corporation Inc.,Add/Remove Programs,,,
1878,Security Update for Microsoft Publisher 2016 (KB5002566) 64-Bit Edition,,Microsoft Corporation Inc.,Add/Remove Programs,,,
1878,Security Update for Microsoft Visio 2016 (KB5002634) 64-Bit Edition,,Microsoft Corporation Inc.,Add/Remove Programs,,,
1878,Security Update for Microsoft Word 2016 (KB5002839) 64-Bit Edition,,Microsoft Corporation Inc.,Add/Remove Programs,,,
1878,Send to OneNote Tool,16.0,Microsoft Corporation Inc.,Application,,C:\Program Files\Microsoft Office\Office16,1.0
1878,SendCrashReport,12.0,Foxit Corporation,Application,,C:\Program Files (x86)\Foxit Software\Foxit PDF Reader,1.0
1878,Settings,10.0,Microsoft Corporation Inc.,Application,,C:\Windows\ImmersiveControlPanel,1.0
1878,SFU Service,1.1,HP Inc.,Application,,C:\Windows\Firmware,1.0
1878,Speech Recognition,10.0,Microsoft Corporation Inc.,Application,,C:\Windows\Speech\Common,1.0
1878,SQL External minidumper,11.0,Microsoft Corporation Inc.,Application,,C:\Program Files (x86)\Microsoft Analysis Services\AS OLEDB\110,2.0
1878,ST Deploy,9.6,Ivanti,Application,,C:\Program Files\BMC Software\Client Management\Client\data\PatchManagementPremium\workspace,1.0
1878,ST Remote Command,9.6,Ivanti,Application,,C:\Program Files\BMC Software\Client Management\Client\data\PatchManagementPremium\workspace,1.0
1878,System Information,10.0,Microsoft Corporation Inc.,Application,,C:\Program Files (x86)\Common Files\Microsoft Shared\MSInfo,2.0
1878,TA Compat service,5.8,Musarubra US LLC.,Application,,C:\Program Files\McAfee\Agent\x86,1.0
1878,Take a Test,0.0,Microsoft Corporation Inc.,Application,,C:\Windows\SystemApps\Microsoft.Windows.SecureAssessmentBrowser_cw5n1h2txyewy,1.0
1878,TCUI.UAP,0.0,Microsoft Corporation Inc.,Application,,C:\Windows\SystemApps\Microsoft.XboxGameCallableUI_cw5n1h2txyewy,1.0
1878,Thunderbird,115.15,Mozilla Corporation,Application,,C:\Program Files (x86)\Mozilla Thunderbird,1.0
1878,Thunderbird,18.05,Mozilla,Application,,D:\standar komputer,1.0
1878,Thunderbird Helper,115.15,Mozilla Corporation,Application,,C:\Program Files (x86)\Mozilla Thunderbird\uninstall,1.0
1878,Thunderbird Software Updater,115.15,Mozilla Foundation,Application,,C:\Program Files (x86)\Mozilla Thunderbird,1.0
1878,Thunderbird Windows Search Integration Handler,115.15,Mozilla Foundation,Application,,C:\Program Files (x86)\Mozilla Thunderbird,1.0
1878,Touch Keyboard and Handwriting Panel,10.0,Microsoft Corporation Inc.,Application,,C:\Program Files\Common Files\microsoft shared\ink,1.0
1878,Touch Keyboard and Handwriting Panel Helper,10.0,Microsoft Corporation Inc.,Application,,C:\Program Files (x86)\Common Files\Microsoft Shared\ink,1.0
1878,Track Review,2024.2,Foxit Software Inc.,Application,,C:\Program Files (x86)\Foxit Software\Foxit PDF Reader,1.0
1878,Trellix Agent,5.08,Trellix,MSI Database,"October 10, 2025 12:00:00 AM",C:\Program Files\McAfee\Agent\,
1878,Trellix Agent,5.8,Trellix,Add/Remove Programs,"October 10, 2025 12:00:00 AM",C:\Program Files\McAfee\Agent\,
1878,Trellix Agent AAC Host,5.8,Musarubra US LLC.,Application,,C:\Program Files\McAfee\Agent\x86,1.0
1878,Trellix Agent Common Services,5.8,Musarubra US LLC.,Application,,C:\Program Files\McAfee\Agent,1.0
1878,Trellix Agent Configurator,5.8,Musarubra US LLC.,Application,,C:\Program Files\McAfee\Agent,2.0
1878,Trellix Agent Extension Updater,5.8,Musarubra US LLC.,Application,,C:\Program Files\McAfee\Agent,1.0
1878,Trellix Agent McScanCheck,5.8,Musarubra US LLC.,Application,,C:\Program Files\McAfee\Agent\x86,1.0
1878,Trellix Agent Repository Mirror,5.8,Musarubra US LLC.,Application,,C:\Program Files\McAfee\Agent\x86,1.0
1878,Trellix Agent Script Engine,5.8,Musarubra US LLC.,Application,,C:\Program Files\McAfee\Agent\x86,2.0
1878,Trellix Agent Service,5.8,Musarubra US LLC.,Application,,C:\Program Files\McAfee\Agent,1.0
1878,Trellix Data Exchange Layer for TA,6.0,Trellix,Add/Remove Programs,"October 10, 2025 12:00:00 AM",,
1878,Trellix Data Loss Prevention - Endpoint,11.12,Trellix,Add/Remove Programs,"October 28, 2025 12:00:00 AM",C:\Program Files\McAfee\DLP\Agent\,
1878,Trellix Dlp Diagnostic,11.12,Trellix,Application,,C:\Program Files\McAfee\DLP\Agent,2.0
1878,Trellix DLP Endpoint Agent,11.12,Trellix,Application,,C:\Program Files\McAfee\DLP\Agent,1.0
1878,Trellix DLP Endpoint Outlook Monitor,11.12,Trellix,Application,,C:\Program Files\McAfee\DLP\Agent,1.0
1878,Trellix DLP Endpoint Performance Monitor,11.12,Trellix,Application,,C:\Program Files\McAfee\DLP\Agent,1.0
1878,Trellix DLP Endpoint Service,11.12,Trellix,Application,,C:\Program Files\McAfee\DLP\Agent,1.0
1878,Trellix DLP Endpoint Service WatchDog,11.12,Trellix,Application,,C:\Program Files\McAfee\DLP\Agent,1.0
1878,Trellix DLP Endpoint Text Extractor,11.12,Trellix,Application,,C:\Program Files\McAfee\DLP\Agent,1.0
1878,Trellix DLP Native Messaging Host,11.12,Trellix,Application,,C:\Program Files\McAfee\DLP\Agent,2.0
1878,Trellix Email Storage Crawler,11.12,Trellix,Application,,C:\Program Files\McAfee\DLP\Agent,2.0
1878,Trellix Tray Application,2.2,Trellix,Application,,C:\Program Files\McAfee\Agent\x86,1.0
1878,Update for Microsoft Office 2016 (KB2920678) 64-Bit Edition,,Microsoft Corporation Inc.,Add/Remove Programs,,,
1878,Update for Microsoft Office 2016 (KB2920717) 64-Bit Edition,,Microsoft Corporation Inc.,Add/Remove Programs,,,
1878,Update for Microsoft Office 2016 (KB2920720) 64-Bit Edition,,Microsoft Corporation Inc.,Add/Remove Programs,,,
1878,Update for Microsoft Office 2016 (KB2920724) 64-Bit Edition,,Microsoft Corporation Inc.,Add/Remove Programs,,,
1878,Update for Microsoft Office 2016 (KB3114524) 64-Bit Edition,,Microsoft Corporation Inc.,Add/Remove Programs,,,
1878,Update for Microsoft Office 2016 (KB3114903) 64-Bit Edition,,Microsoft Corporation Inc.,Add/Remove Programs,,,
1878,Update for Microsoft Office 2016 (KB3115081) 64-Bit Edition,,Microsoft Corporation Inc.,Add/Remove Programs,,,
1878,Update for Microsoft Office 2016 (KB3118262) 64-Bit Edition,,Microsoft Corporation Inc.,Add/Remove Programs,,,
1878,Update for Microsoft Office 2016 (KB3118263) 64-Bit Edition,,Microsoft Corporation Inc.,Add/Remove Programs,,,
1878,Update for Microsoft Office 2016 (KB3118264) 64-Bit Edition,,Microsoft Corporation Inc.,Add/Remove Programs,,,
1878,Update for Microsoft Office 2016 (KB3191929) 64-Bit Edition,,Microsoft Corporation Inc.,Add/Remove Programs,,,
1878,Update for Microsoft Office 2016 (KB3213650) 64-Bit Edition,,Microsoft Corporation Inc.,Add/Remove Programs,,,
1878,Update for Microsoft Office 2016 (KB4011035) 64-Bit Edition,,Microsoft Corporation Inc.,Add/Remove Programs,,,
1878,Update for Microsoft Office 2016 (KB4011259) 64-Bit Edition,,Microsoft Corporation Inc.,Add/Remove Programs,,,
1878,Update for Microsoft Office 2016 (KB4011621) 64-Bit Edition,,Microsoft Corporation Inc.,Add/Remove Programs,,,
1878,Update for Microsoft Office 2016 (KB4011629) 64-Bit Edition,,Microsoft Corporation Inc.,Add/Remove Programs,,,
1878,Update for Microsoft Office 2016 (KB4011634) 64-Bit Edition,,Microsoft Corporation Inc.,Add/Remove Programs,,,
1878,Update for Microsoft Office 2016 (KB4022193) 64-Bit Edition,,Microsoft Corporation Inc.,Add/Remove Programs,,,
1878,Update for Microsoft Office 2016 (KB4032254) 64-Bit Edition,,Microsoft Corporation Inc.,Add/Remove Programs,,,
1878,Update for Microsoft Office 2016 (KB4464587) 64-Bit Edition,,Microsoft Corporation Inc.,Add/Remove Programs,,,
1878,Update for Microsoft Office 2016 (KB4484104) 64-Bit Edition,,Microsoft Corporation Inc.,Add/Remove Programs,,,
1878,Update for Microsoft Office 2016 (KB4484145) 64-Bit Edition,,Microsoft Corporation Inc.,Add/Remove Programs,,,
1878,Update for Microsoft Office 2016 (KB5002050) 64-Bit Edition,,Microsoft Corporation Inc.,Add/Remove Programs,,,
1878,Update for Microsoft Office 2016 (KB5002251) 64-Bit Edition,,Microsoft Corporation Inc.,Add/Remove Programs,,,
1878,Update for Microsoft Office 2016 (KB5002466) 64-Bit Edition,,Microsoft Corporation Inc.,Add/Remove Programs,,,
1878,Update for Microsoft Office 2016 (KB5002623) 64-Bit Edition,,Microsoft Corporation Inc.,Add/Remove Programs,,,
1878,Update for Microsoft OneDrive for Business (KB4022219) 64-Bit Edition,,Microsoft Corporation Inc.,Add/Remove Programs,,,
1878,Update for Microsoft OneNote 2016 (KB5002761) 64-Bit Edition,,Microsoft Corporation Inc.,Add/Remove Programs,,,
1878,Update for Microsoft Outlook 2016 (KB5002747) 64-Bit Edition,,Microsoft Corporation Inc.,Add/Remove Programs,,,
1878,Update for Microsoft Visio Viewer 2016 (KB2920709) 64-Bit Edition,,Microsoft Corporation Inc.,Add/Remove Programs,,,
1878,Update for Skype for Business 2016 (KB5002567) 64-Bit Edition,,Microsoft Corporation Inc.,Add/Remove Programs,,,
1878,Update ML Engine,1507.2512,Microsoft Corporation Inc.,Application,,C:\Windows\UUS\Packages\Preview\amd64,1.0
1878,Visual Basic Command Line Compiler,14.8,Microsoft Corporation Inc.,Application,,C:\Windows\Microsoft.NET\Framework64\v4.0.30319,2.0
1878,Visual C# Command Line Compiler,4.8,Microsoft Corporation Inc.,Application,,C:\Windows\Microsoft.NET\Framework64\v4.0.30319,2.0
1878,WaasMedic Agent Exe,10.0,Microsoft Corporation Inc.,Application,,C:\Windows\UUS\amd64,1.0
1878,Watson Subscriber for SENS Network Notifications,16.0,Microsoft Corporation Inc.,Application,,C:\Program Files\Common Files\microsoft shared\DW,1.0
1878,Windows Contacts,10.0,Microsoft Corporation Inc.,Application,,C:\Program Files (x86)\Windows Mail,2.0
1878,Windows Defender Advanced Threat Protection - Sense AP module,0.3,,Application,,C:\Program Files\Windows Defender Advanced Threat Protection,1.0
1878,Windows Defender Advanced Threat Protection – Sense AP notification module,0.1,,Application,,C:\Program Files\Windows Defender Advanced Threat Protection,1.0
1878,Windows Defender Advanced Threat Protection - Sense NDR module,4.0,Microsoft Corporation Inc.,Application,,C:\Program Files\Windows Defender Advanced Threat Protection,1.0
1878,Windows Defender Advanced Threat Protection IMDSCollector module,10.8805,Microsoft Corporation Inc.,Application,,C:\Program Files\Windows Defender Advanced Threat Protection,1.0
1878,Windows Defender Advanced Threat Protection Sample Upload module,10.8805,Microsoft Corporation Inc.,Application,,C:\Program Files\Windows Defender Advanced Threat Protection,1.0
1878,Windows Defender Advanced Threat Protection Security Configuration Module,2.1037,Microsoft Corporation Inc.,Application,,C:\Program Files\Windows Defender Advanced Threat Protection,1.0
1878,Windows Defender Advanced Threat Protection Sense CE module,10.8805,Microsoft Corporation Inc.,Application,,C:\Program Files\Windows Defender Advanced Threat Protection\Classification,1.0
1878,Windows Defender Advanced Threat Protection Sense Dlp Processor module,10.8805,Microsoft Corporation Inc.,Application,,C:\Program Files\Windows Defender Advanced Threat Protection,1.0
1878,Windows Defender Advanced Threat Protection Sense Event Tracer module,10.8805,Microsoft Corporation Inc.,Application,,C:\Program Files\Windows Defender Advanced Threat Protection,1.0
1878,Windows Defender Advanced Threat Protection Sense Group Policy module,10.8805,Microsoft Corporation Inc.,Application,,C:\Program Files\Windows Defender Advanced Threat Protection,1.0
1878,Windows Defender Advanced Threat Protection Sense Identity module,3.0,Microsoft Corporation Inc.,Application,,C:\Program Files\Windows Defender Advanced Threat Protection,1.0
1878,Windows Defender Advanced Threat Protection Sense IR module,10.8805,Microsoft Corporation Inc.,Application,,C:\Program Files\Windows Defender Advanced Threat Protection,1.0
1878,Windows Defender Advanced Threat Protection Sense TVM module,1.4,,Application,,C:\Program Files\Windows Defender Advanced Threat Protection,1.0
1878,Windows Defender Advanced Threat Protection Service Executable,10.8805,Microsoft Corporation Inc.,Application,,C:\Program Files\Windows Defender Advanced Threat Protection,1.0
1878,Windows Defender Offline Shell,4.18,Microsoft Corporation Inc.,Application,,C:\Program Files\Windows Defender\Offline,1.0
1878,Windows Explorer,10.0,Microsoft Corporation Inc.,Application,,C:\Windows,1.0
1878,Windows Media Player,12.0,Microsoft Corporation Inc.,Application,,C:\Program Files (x86)\Windows Media Player,2.0
1878,Windows Media Player Configuration,12.0,Microsoft Corporation Inc.,Application,,C:\Program Files (x86)\Windows Media Player,2.0
1878,Windows Media Player Folder Sharing Executable,12.0,Microsoft Corporation Inc.,Application,,C:\Program Files (x86)\Windows Media Player,2.0
1878,Windows Media Player Launcher,12.0,Microsoft Corporation Inc.,Application,,C:\Program Files (x86)\Windows Media Player,2.0
1878,Windows Media Player Network Sharing Service,12.0,Microsoft Corporation Inc.,Application,,C:\Program Files\Windows Media Player,1.0
1878,Windows Media Player Network Sharing Service Configuration Application,12.0,Microsoft Corporation Inc.,Application,,C:\Program Files\Windows Media Player,1.0
1878,Windows Media Player Rich Preview Handler,12.0,Microsoft Corporation Inc.,Application,,C:\Program Files (x86)\Windows Media Player,2.0
1878,Windows My People,10.0,Microsoft Corporation Inc.,Application,,C:\Windows\SystemApps\Microsoft.Windows.PeopleExperienceHost_cw5n1h2txyewy,1.0
1878,Windows Shell Experience Host,10.0,Microsoft Corporation Inc.,Application,,C:\Windows\SystemApps\ShellExperienceHost_cw5n1h2txyewy,1.0
1878,Windows Start Experience Host,10.0,Microsoft Corporation Inc.,Application,,C:\Windows\SystemApps\Microsoft.Windows.StartMenuExperienceHost_cw5n1h2txyewy,1.0
1878,Windows Update,1507.2512,Microsoft Corporation Inc.,Application,,C:\Windows\UUS\Packages\Preview\amd64,1.0
1878,Windows Update,1451.2512,Microsoft Corporation Inc.,Application,,C:\Windows\UUS\amd64,1.0
1878,WizLink Application,1.0,,Application,,C:\Program Files (x86)\Online Services\Adobe,2.0
1878,XGPU Eject Dialog,10.0,Microsoft Corporation Inc.,Application,,C:\Windows\SystemApps\Microsoft.Windows.XGpuEjectDialog_cw5n1h2txyewy,1.0
