Asset_ID,Name Sort Not sorted  Name,Version Sort Not sorted  Version,Software Manufacturer Sort Not sorted  Software Manufacturer,Type Sort Not sorted  Type,Installation Date Sort Not sorted  Installation Date,Installation Directory Sort Not sorted  Installation Directory,File Count Sort Not sorted  File Count
15566,.NET Runtime Optimization Service,4.8,Microsoft Corporation Inc.,Application,,C:\Windows\Microsoft.NET\Framework64\v4.0.30319,2.0
15566,64Bit MAPI Mail Agent,1.0,Foxit Software Inc.,Application,,C:\Program Files (x86)\Foxit Software\Foxit PDF Reader,1.0
15566,7-Zip 24.08 (x64),24.08,Igor Pavlov,Add/Remove Programs,,C:\Program Files\7-Zip\,
15566,7-Zip Console,24.08,Igor Pavlov,Application,,C:\Program Files\7-Zip,1.0
15566,7-Zip File Manager,24.08,Igor Pavlov,Application,,C:\Program Files\7-Zip,1.0
15566,7-Zip GUI,24.08,Igor Pavlov,Application,,C:\Program Files\7-Zip,1.0
15566,Accounts Control Host,10.0,Microsoft Corporation Inc.,Application,,C:\Windows\SystemApps\Microsoft.AccountsControl_cw5n1h2txyewy,1.0
15566,AddSuggestedFoldersToLibraryDialog,10.0,Microsoft Corporation Inc.,Application,,C:\Windows\SystemApps\Microsoft.Windows.AddSuggestedFoldersToLibraryDialog_cw5n1h2txyewy,1.0
15566,Antimalware Core Service,4.18,Microsoft Corporation Inc.,Application,,C:\Program Files\Windows Defender,1.0
15566,AntiMalware Platform Update (amd64fre),4.18,Microsoft Corporation Inc.,Application,,C:\Windows\SystemTemp\01159C77-A9AB-436B-A2EB-BF3D517494BDMpCommU,1.0
15566,Antimalware Service Executable,4.18,Microsoft Corporation Inc.,Application,,C:\Program Files\Windows Defender,1.0
15566,AppResolverUX,10.0,Microsoft Corporation Inc.,Application,,C:\Windows\SystemApps\Microsoft.Windows.AppResolverUX_cw5n1h2txyewy,1.0
15566,AsyncTextService,10.0,Microsoft Corporation Inc.,Application,,C:\Windows\SystemApps\Microsoft.AsyncTextService_8wekyb3d8bbwe,1.0
15566,Biometric Enrollment Host,10.0,Microsoft Corporation Inc.,Application,,C:\Windows\SystemApps\Microsoft.BioEnrollment_cw5n1h2txyewy,1.0
15566,BMC Client Management Agent,24.1.01.240624,BMC Software Inc.,Application,,C:\Program Files\BMC Software\Client Management\Client\bin,1.0
15566,BMC Client Management Certificate Generator,24.1.01.240624,BMC Software Inc.,Application,,C:\Program Files\BMC Software\Client Management\Client\bin,1.0
15566,BMC Client Management Chilli Interpreter,24.1.01.240624,BMC Software Inc.,Application,,C:\Program Files\BMC Software\Client Management\Client\bin,1.0
15566,BMC Client Management Direct Access Proxy Agent,24.1.01.240624,BMC Software Inc.,Application,,C:\Program Files\BMC Software\Client Management\Client\bin,1.0
15566,BMC Client Management Opswat Proxy Agent,24.1.01.240624,BMC Software Inc.,Application,,C:\Program Files\BMC Software\Client Management\Client\bin,1.0
15566,BMC Client Management Package Viewer,24.1.01.240624,BMC Software Inc.,Application,,C:\Program Files\BMC Software\Client Management\Client\bin,1.0
15566,BMC Client Management Patch Broker,24.1.01.240624,BMC Software Inc.,Application,,C:\Program Files\BMC Software\Client Management\Client\bin,1.0
15566,BMC Client Management Proxy Agent,24.1.01.240624,BMC Software Inc.,Application,,C:\Program Files\BMC Software\Client Management\Client\bin,1.0
15566,BMC Client Management Remote Control proxy,24.1.01.240624,BMC Software Inc.,Application,,C:\Program Files\BMC Software\Client Management\Client\bin,1.0
15566,BMC Client Management SCAP,24.1.01.240624,BMC Software Inc.,Application,,C:\Program Files\BMC Software\Client Management\Client\bin,1.0
15566,BMC Client Management SFX,24.1.01.240624,BMC Software Inc.,Application,,C:\Users\support.local02\Downloads,2.0
15566,BMC Client Management Video Proxy Agent,24.1.01.240624,BMC Software Inc.,Application,,C:\Program Files\BMC Software\Client Management\Client\bin,1.0
15566,Boot File Servicing Utility,10.0,Microsoft Corporation Inc.,Application,,C:\Windows,1.0
15566,Browser Protection Native Messaging Host,4.18,Microsoft Corporation Inc.,Application,,C:\Program Files\Windows Defender,1.0
15566,BrowserCore,10.0,Microsoft Corporation Inc.,Application,,C:\Windows\BrowserCore,1.0
15566,Build20200511,2.0,Hikvision,Application,,C:\Program Files (x86)\iVMS-4200 Site\iVMS-4200 Client\Client,1.0
15566,Build20230908,3.0,Hikvision,Application,,C:\Program Files (x86)\iVMS-4200 Site\iVMS-4200 Client\Client,1.0
15566,CameraBarcodeScannerPreview,10.0,Microsoft Corporation Inc.,Application,,C:\Windows\SystemApps\Windows.CBSPreview_cw5n1h2txyewy,1.0
15566,CancelEventHandler,52.01,HP Inc.,Application,,C:\Program Files (x86)\HP\HP LaserJet MFP M232-M237\bin,1.0
15566,ChromeEnterpriseCompanion,143.0,Google LLC,Application,,C:\Windows\SystemTemp\scoped_dir16324_595756892\scoped_dir16324_1020198559,1.0
15566,CL5,9.6,Ivanti,Application,,C:\Program Files\BMC Software\Client Management\Client\data\PatchManagementPremium\workspace,1.0
15566,ClickOnce,4.8,Microsoft Corporation Inc.,Application,,C:\Windows\Microsoft.NET\Framework64\v4.0.30319,3.0
15566,Common User Interface,5.8,Musarubra US LLC.,Application,,C:\Program Files\McAfee\Agent\x86,1.0
15566,ConfigBrowserEdge,1.0,,Application,,C:\Program Files (x86)\iVMS-4200 Site\iVMS-4200 Client\Client,1.0
15566,Copilot,144.0,Microsoft Corporation Inc.,Application,,C:\Program Files (x86)\Microsoft\EdgeWebView\Application\144.0.3719.115,3.0
15566,Copilot Update,1.3,Microsoft Corporation Inc.,Application,,C:\Program Files (x86)\Microsoft\EdgeUpdate,2.0
15566,Credential Dialog Host,10.0,Microsoft Corporation Inc.,Application,,C:\Windows\SystemApps\microsoft.creddialoghost_cw5n1h2txyewy,1.0
15566,CrowdStrike Device Control,7.29,CrowdStrike Inc.,Add/Remove Programs,"November 14, 2025 12:00:00 AM",,
15566,CrowdStrike Device Control Support Tool,7.29,CrowdStrike Inc.,Application,,C:\Program Files\CrowdStrike,1.0
15566,CrowdStrike Falcon Connector,7.32,CrowdStrike Inc.,Application,,C:\Program Files\CrowdStrike,1.0
15566,CrowdStrike Falcon Sensor,7.32,CrowdStrike Inc.,Application,,C:\Program Files\CrowdStrike,1.0
15566,CrowdStrike Falcon Sensor Controller,7.32,CrowdStrike Inc.,Application,,C:\Program Files\CrowdStrike,1.0
15566,CrowdStrike Falcon Sensor Service,7.32,CrowdStrike Inc.,Application,,C:\Program Files\CrowdStrike,1.0
15566,CrowdStrike Falcon Sensor Servlet Container,7.32,CrowdStrike Inc.,Application,,C:\Program Files\CrowdStrike,1.0
15566,CrowdStrike Falcon Sensor Settings Tool,7.32,CrowdStrike Inc.,Application,,C:\Program Files\CrowdStrike,1.0
15566,CrowdStrike Falcon Sensor System Tray Application,7.32,CrowdStrike Inc.,Application,,C:\Program Files\CrowdStrike,2.0
15377,.NET Runtime Optimization Service,4.8,Microsoft Corporation Inc.,Application,,C:\Windows\Microsoft.NET\Framework64\v4.0.30319,2.0
15377,64Bit MAPI Mail Agent,1.0,Foxit Software Inc.,Application,,C:\Program Files (x86)\Foxit Software\Foxit PDF Reader,1.0
15377,7-Zip 24.08 (x64),24.08,Igor Pavlov,Add/Remove Programs,,C:\Program Files\7-Zip\,
15377,7-Zip Console,24.08,Igor Pavlov,Application,,C:\Program Files\7-Zip,1.0
15377,7-Zip File Manager,24.08,Igor Pavlov,Application,,C:\Program Files\7-Zip,1.0
15377,7-Zip GUI,24.08,Igor Pavlov,Application,,C:\Program Files\7-Zip,1.0
15377,Accounts Control Host,10.0,Microsoft Corporation Inc.,Application,,C:\Windows\SystemApps\Microsoft.AccountsControl_cw5n1h2txyewy,1.0
15377,AddSuggestedFoldersToLibraryDialog,10.0,Microsoft Corporation Inc.,Application,,C:\Windows\SystemApps\Microsoft.Windows.AddSuggestedFoldersToLibraryDialog_cw5n1h2txyewy,1.0
15377,Antimalware Core Service,4.18,Microsoft Corporation Inc.,Application,,C:\Program Files\Windows Defender,1.0
15377,AntiMalware Definition Update,1.439,Microsoft Corporation Inc.,Application,,C:\Windows\SystemTemp\38B26FCD-0FDC-4600-81BB-5663C1CB9617MpCommU,1.0
15377,Antimalware Service Executable,4.18,Microsoft Corporation Inc.,Application,,C:\Program Files\Windows Defender,1.0
15377,AppResolverUX,10.0,Microsoft Corporation Inc.,Application,,C:\Windows\SystemApps\Microsoft.Windows.AppResolverUX_cw5n1h2txyewy,1.0
15377,AsyncTextService,10.0,Microsoft Corporation Inc.,Application,,C:\Windows\SystemApps\Microsoft.AsyncTextService_8wekyb3d8bbwe,1.0
15377,Biometric Enrollment Host,10.0,Microsoft Corporation Inc.,Application,,C:\Windows\SystemApps\Microsoft.BioEnrollment_cw5n1h2txyewy,1.0
15377,BMC Client Management Agent,24.1.01.240624,BMC Software Inc.,Application,,C:\Program Files\BMC Software\Client Management\Client\bin,1.0
15377,BMC Client Management Certificate Generator,24.1.01.240624,BMC Software Inc.,Application,,C:\Program Files\BMC Software\Client Management\Client\bin,1.0
15377,BMC Client Management Chilli Interpreter,24.1.01.240624,BMC Software Inc.,Application,,C:\Program Files\BMC Software\Client Management\Client\bin,1.0
15377,BMC Client Management Direct Access Proxy Agent,24.1.01.240624,BMC Software Inc.,Application,,C:\Program Files\BMC Software\Client Management\Client\bin,1.0
15377,BMC Client Management Opswat Proxy Agent,24.1.01.240624,BMC Software Inc.,Application,,C:\Program Files\BMC Software\Client Management\Client\bin,1.0
15377,BMC Client Management Package Viewer,24.1.01.240624,BMC Software Inc.,Application,,C:\Program Files\BMC Software\Client Management\Client\bin,1.0
15377,BMC Client Management Patch Broker,24.1.01.240624,BMC Software Inc.,Application,,C:\Program Files\BMC Software\Client Management\Client\bin,1.0
15377,BMC Client Management Proxy Agent,24.1.01.240624,BMC Software Inc.,Application,,C:\Program Files\BMC Software\Client Management\Client\bin,1.0
15377,BMC Client Management Remote Control proxy,24.1.01.240624,BMC Software Inc.,Application,,C:\Program Files\BMC Software\Client Management\Client\bin,1.0
15377,BMC Client Management SCAP,24.1.01.240624,BMC Software Inc.,Application,,C:\Program Files\BMC Software\Client Management\Client\bin,1.0
15377,BMC Client Management SFX,24.1.01.240624,BMC Software Inc.,Application,,D:\BFI Standarisasi\bmc,1.0
15377,BMC Client Management Video Proxy Agent,24.1.01.240624,BMC Software Inc.,Application,,C:\Program Files\BMC Software\Client Management\Client\bin,1.0
15377,Boot File Servicing Utility,10.0,Microsoft Corporation Inc.,Application,,C:\Windows,1.0
15377,Browser Protection Native Messaging Host,4.18,Microsoft Corporation Inc.,Application,,C:\Program Files\Windows Defender,1.0
15377,BrowserCore,10.0,Microsoft Corporation Inc.,Application,,C:\Windows\BrowserCore,1.0
15377,CameraBarcodeScannerPreview,10.0,Microsoft Corporation Inc.,Application,,C:\Windows\SystemApps\Windows.CBSPreview_cw5n1h2txyewy,1.0
15377,ChromeEnterpriseCompanion,143.0,Google LLC,Application,,C:\Windows\SystemTemp\scoped_dir6768_1217809046\scoped_dir6768_1929605181,1.0
15377,CL5,9.6,Ivanti,Application,,C:\Program Files\BMC Software\Client Management\Client\data\PatchManagementPremium\workspace,1.0
15377,ClickOnce,4.8,Microsoft Corporation Inc.,Application,,C:\Windows\Microsoft.NET\Framework64\v4.0.30319,3.0
15377,Common User Interface,5.8,Musarubra US LLC.,Application,,C:\Program Files\McAfee\Agent\x86,1.0
15377,Copilot,144.0,Microsoft Corporation Inc.,Application,,C:\Program Files (x86)\Microsoft\EdgeWebView\Application\144.0.3719.115,5.0
15377,Copilot Update,1.3,Microsoft Corporation Inc.,Application,,C:\Program Files (x86)\Microsoft\EdgeUpdate,2.0
15377,Credential Dialog Host,10.0,Microsoft Corporation Inc.,Application,,C:\Windows\SystemApps\microsoft.creddialoghost_cw5n1h2txyewy,1.0
15377,CrowdStrike Device Control,7.29,CrowdStrike Inc.,Add/Remove Programs,"November 14, 2025 12:00:00 AM",,
15377,CrowdStrike Device Control Support Tool,7.29,CrowdStrike Inc.,Application,,C:\Program Files\CrowdStrike,1.0
15377,CrowdStrike Falcon Connector,7.32,CrowdStrike Inc.,Application,,C:\Program Files\CrowdStrike,1.0
15377,CrowdStrike Falcon Sensor,7.32,CrowdStrike Inc.,Application,,C:\Program Files\CrowdStrike,1.0
15377,CrowdStrike Falcon Sensor Controller,7.32,CrowdStrike Inc.,Application,,C:\Program Files\CrowdStrike,1.0
15377,CrowdStrike Falcon Sensor Service,7.32,CrowdStrike Inc.,Application,,C:\Program Files\CrowdStrike,1.0
15377,CrowdStrike Falcon Sensor Servlet Container,7.32,CrowdStrike Inc.,Application,,C:\Program Files\CrowdStrike,1.0
15377,CrowdStrike Falcon Sensor Settings Tool,7.32,CrowdStrike Inc.,Application,,C:\Program Files\CrowdStrike,1.0
15377,CrowdStrike Falcon Sensor System Tray Application,7.32,CrowdStrike Inc.,Application,,C:\Program Files\CrowdStrike,2.0
15377,CrowdStrike Firmware Analysis,7.14,CrowdStrike Inc.,Add/Remove Programs,"April 24, 2025 12:00:00 AM",,
15377,CrowdStrike Firmware Analysis Support Tool,7.14,CrowdStrike Inc.,Application,,C:\Program Files\CrowdStrike,1.0
15377,CrowdStrike On-Demand Scan Command-line Tool,7.32,CrowdStrike Inc.,Application,,C:\Program Files\CrowdStrike,1.0
15377,CrowdStrike On-Demand Scan Tool,7.32,CrowdStrike Inc.,Application,,C:\Program Files\CrowdStrike,1.0
15381,.NET Runtime Optimization Service,4.8,Microsoft Corporation Inc.,Application,,C:\Windows\Microsoft.NET\Framework64\v4.0.30319,2.0
15381,Accounts Control Host,10.0,Microsoft Corporation Inc.,Application,,C:\Windows\SystemApps\Microsoft.AccountsControl_cw5n1h2txyewy,1.0
15381,AddSuggestedFoldersToLibraryDialog,10.0,Microsoft Corporation Inc.,Application,,C:\Windows\SystemApps\Microsoft.Windows.AddSuggestedFoldersToLibraryDialog_cw5n1h2txyewy,1.0
15381,Antimalware Core Service,4.18,Microsoft Corporation Inc.,Application,,C:\Program Files\Windows Defender,1.0
15381,AntiMalware Definition Update,1.443,Microsoft Corporation Inc.,Application,,C:\Windows\SystemTemp\2A5D88BB-E932-426F-B916-683C2939E401MpCommU,1.0
15381,AntiMalware Platform Update (amd64fre),4.18,Microsoft Corporation Inc.,Application,,C:\Windows\SystemTemp\CEAAEB87-4E1D-4C3F-B930-D3082CA36459MpCommU,2.0
15381,Antimalware Service Executable,4.18,Microsoft Corporation Inc.,Application,,C:\Program Files\Windows Defender,1.0
15381,AppFollower,1.3,Conexant Systems Inc.,Application,,C:\Program Files\CONEXANT\Flow,1.0
15381,AppResolverUX,10.0,Microsoft Corporation Inc.,Application,,C:\Windows\SystemApps\Microsoft.Windows.AppResolverUX_cw5n1h2txyewy,1.0
15381,AsyncTextService,10.0,Microsoft Corporation Inc.,Application,,C:\Windows\SystemApps\Microsoft.AsyncTextService_8wekyb3d8bbwe,1.0
15381,Audio Control,4.0,Conexant Systems LLC.,Application,,C:\Program Files\CONEXANT\Install\Audio\SA3\SA3\Dyson,2.0
15381,Audio Controls Control Panel,4.0,Conexant Systems LLC.,Application,,C:\Program Files\CONEXANT\SA3\HP-NB-AIO,3.0
15381,Bang & Olufsen,4.0,Conexant Systems LLC.,Application,,C:\Program Files\CONEXANT\Install\Audio\SA3\SA3\BandO,2.0
15381,Biometric Enrollment Host,10.0,Microsoft Corporation Inc.,Application,,C:\Windows\SystemApps\Microsoft.BioEnrollment_cw5n1h2txyewy,1.0
15381,BMC Client Management Agent,24.1.01.240624,BMC Software Inc.,Application,,C:\Program Files\BMC Software\Client Management\Client\bin,1.0
15381,BMC Client Management Certificate Generator,24.1.01.240624,BMC Software Inc.,Application,,C:\Program Files\BMC Software\Client Management\Client\bin,1.0
15381,BMC Client Management Chilli Interpreter,24.1.01.240624,BMC Software Inc.,Application,,C:\Program Files\BMC Software\Client Management\Client\bin,1.0
15381,BMC Client Management Direct Access Proxy Agent,24.1.01.240624,BMC Software Inc.,Application,,C:\Program Files\BMC Software\Client Management\Client\bin,1.0
15381,BMC Client Management Opswat Proxy Agent,24.1.01.240624,BMC Software Inc.,Application,,C:\Program Files\BMC Software\Client Management\Client\bin,1.0
15381,BMC Client Management Package Viewer,24.1.01.240624,BMC Software Inc.,Application,,C:\Program Files\BMC Software\Client Management\Client\bin,1.0
15381,BMC Client Management Patch Broker,24.1.01.240624,BMC Software Inc.,Application,,C:\Program Files\BMC Software\Client Management\Client\bin,1.0
15381,BMC Client Management Proxy Agent,24.1.01.240624,BMC Software Inc.,Application,,C:\Program Files\BMC Software\Client Management\Client\bin,1.0
15381,BMC Client Management Remote Control proxy,24.1.01.240624,BMC Software Inc.,Application,,C:\Program Files\BMC Software\Client Management\Client\bin,1.0
15381,BMC Client Management SCAP,24.1.01.240624,BMC Software Inc.,Application,,C:\Program Files\BMC Software\Client Management\Client\bin,1.0
15381,BMC Client Management SFX,24.1.01.240624,BMC Software Inc.,Application,,C:\Users\Support.local02\Downloads,1.0
15381,BMC Client Management Video Proxy Agent,24.1.01.240624,BMC Software Inc.,Application,,C:\Program Files\BMC Software\Client Management\Client\bin,1.0
15381,Boot File Servicing Utility,10.0,Microsoft Corporation Inc.,Application,,C:\Windows,1.0
15381,Browser Protection Native Messaging Host,4.18,Microsoft Corporation Inc.,Application,,C:\Program Files\Windows Defender,1.0
15381,BrowserCore,10.0,Microsoft Corporation Inc.,Application,,C:\Windows\BrowserCore,1.0
15381,CameraBarcodeScannerPreview,10.0,Microsoft Corporation Inc.,Application,,C:\Windows\SystemApps\Windows.CBSPreview_cw5n1h2txyewy,1.0
15381,CL5,9.6,Ivanti,Application,,C:\Program Files\BMC Software\Client Management\Client\data\PatchManagementPremium\workspace,3.0
15381,ClickOnce,4.8,Microsoft Corporation Inc.,Application,,C:\Windows\Microsoft.NET\Framework64\v4.0.30319,3.0
15381,CnxtNotify,1.0,Conexant Systems Inc.,Application,,C:\Program Files\CONEXANT\SA3\HP-NB-AIO,1.0
15381,Copilot,144.0,Microsoft Corporation Inc.,Application,,C:\Program Files (x86)\Microsoft\EdgeWebView\Application\144.0.3719.93,7.0
15381,Copilot Update,1.3,Microsoft Corporation Inc.,Application,,C:\Program Files (x86)\Microsoft\EdgeUpdate,2.0
15381,Credential Dialog Host,10.0,Microsoft Corporation Inc.,Application,,C:\Windows\SystemApps\microsoft.creddialoghost_cw5n1h2txyewy,1.0
15381,CrowdStrike Device Control,7.29,CrowdStrike Inc.,Add/Remove Programs,"December 03, 2025 12:00:00 AM",,
15381,CrowdStrike Device Control Support Tool,7.29,CrowdStrike Inc.,Application,,C:\Program Files\CrowdStrike,1.0
15381,CrowdStrike Falcon Connector,7.32,CrowdStrike Inc.,Application,,C:\Program Files\CrowdStrike,1.0
15381,CrowdStrike Falcon Sensor,7.32,CrowdStrike Inc.,Application,,C:\Program Files\CrowdStrike,1.0
15381,CrowdStrike Falcon Sensor Controller,7.32,CrowdStrike Inc.,Application,,C:\Program Files\CrowdStrike,1.0
15381,CrowdStrike Falcon Sensor Service,7.32,CrowdStrike Inc.,Application,,C:\Program Files\CrowdStrike,1.0
15381,CrowdStrike Falcon Sensor Servlet Container,7.32,CrowdStrike Inc.,Application,,C:\Program Files\CrowdStrike,1.0
15381,CrowdStrike Falcon Sensor Settings Tool,7.32,CrowdStrike Inc.,Application,,C:\Program Files\CrowdStrike,1.0
15381,CrowdStrike Falcon Sensor System Tray Application,7.32,CrowdStrike Inc.,Application,,C:\Program Files\CrowdStrike,2.0
15381,CrowdStrike Firmware Analysis,7.14,CrowdStrike Inc.,Add/Remove Programs,"December 03, 2025 12:00:00 AM",,
15381,CrowdStrike Firmware Analysis Support Tool,7.14,CrowdStrike Inc.,Application,,C:\Program Files\CrowdStrike,1.0
15381,CrowdStrike On-Demand Scan Command-line Tool,7.32,CrowdStrike Inc.,Application,,C:\Program Files\CrowdStrike,1.0
15381,CrowdStrike On-Demand Scan Tool,7.32,CrowdStrike Inc.,Application,,C:\Program Files\CrowdStrike,1.0
15381,CrowdStrike Sensor Platform,7.32,CrowdStrike Inc.,Add/Remove Programs,"January 14, 2026 12:00:00 AM",,
7200,.NET Framework,3.0,Microsoft Corporation Inc.,Application,,C:\Windows\Microsoft.NET\Framework64\v3.0\Windows Communication Foundation,2.0
7200,.NET Runtime Optimization Service,4.8,Microsoft Corporation Inc.,Application,,C:\Windows\Microsoft.NET\Framework64\v4.0.30319,2.0
7200,.NET Runtime Optimization Service,2.0,Microsoft Corporation Inc.,Application,,C:\Windows\Microsoft.NET\Framework64\v2.0.50727,2.0
7200,64Bit MAPI Mail Agent,1.0,Foxit Software Inc.,Application,,C:\Program Files (x86)\Foxit Software\Foxit PDF Reader,1.0
7200,7-Zip 24.08 (x64 edition),24.08,Igor Pavlov,Add/Remove Programs,"December 02, 2024 12:00:00 AM",,
7200,7-Zip Console,24.08,Igor Pavlov,Application,,C:\Program Files\7-Zip,1.0
7200,7-Zip File Manager,24.08,Igor Pavlov,Application,,C:\Program Files\7-Zip,1.0
7200,7-Zip GUI,24.08,Igor Pavlov,Application,,C:\Program Files\7-Zip,1.0
7200,Accounts Control Host,10.0,Microsoft Corporation Inc.,Application,,C:\Windows\SystemApps\Microsoft.AccountsControl_cw5n1h2txyewy,1.0
7200,AddSuggestedFoldersToLibraryDialog,10.0,Microsoft Corporation Inc.,Application,,C:\Windows\SystemApps\Microsoft.Windows.AddSuggestedFoldersToLibraryDialog_cw5n1h2txyewy,1.0
7200,Antimalware Core Service,4.18,Microsoft Corporation Inc.,Application,,C:\Program Files\Windows Defender,1.0
7200,Antimalware Service Executable,4.18,Microsoft Corporation Inc.,Application,,C:\Program Files\Windows Defender,1.0
7200,AppResolverUX,10.0,Microsoft Corporation Inc.,Application,,C:\Windows\SystemApps\Microsoft.Windows.AppResolverUX_cw5n1h2txyewy,1.0
7200,AsyncTextService,10.0,Microsoft Corporation Inc.,Application,,C:\Windows\SystemApps\Microsoft.AsyncTextService_8wekyb3d8bbwe,1.0
7200,Biometric Enrollment Host,10.0,Microsoft Corporation Inc.,Application,,C:\Windows\SystemApps\Microsoft.BioEnrollment_cw5n1h2txyewy,1.0
7200,BMC Client Management Agent,24.1.01.240624,BMC Software Inc.,Application,,C:\Program Files\BMC Software\Client Management\Client\bin,1.0
7200,BMC Client Management Certificate Generator,24.1.01.240624,BMC Software Inc.,Application,,C:\Program Files\BMC Software\Client Management\Client\bin,1.0
7200,BMC Client Management Chilli Interpreter,24.1.01.240624,BMC Software Inc.,Application,,C:\Program Files\BMC Software\Client Management\Client\bin,1.0
7200,BMC Client Management Direct Access Proxy Agent,24.1.01.240624,BMC Software Inc.,Application,,C:\Program Files\BMC Software\Client Management\Client\bin,1.0
7200,BMC Client Management Opswat Proxy Agent,24.1.01.240624,BMC Software Inc.,Application,,C:\Program Files\BMC Software\Client Management\Client\bin,1.0
7200,BMC Client Management Package Viewer,24.1.01.240624,BMC Software Inc.,Application,,C:\Program Files\BMC Software\Client Management\Client\bin,1.0
7200,BMC Client Management Patch Broker,24.1.01.240624,BMC Software Inc.,Application,,C:\Program Files\BMC Software\Client Management\Client\bin,1.0
7200,BMC Client Management Proxy Agent,24.1.01.240624,BMC Software Inc.,Application,,C:\Program Files\BMC Software\Client Management\Client\bin,1.0
7200,BMC Client Management Remote Control proxy,24.1.01.240624,BMC Software Inc.,Application,,C:\Program Files\BMC Software\Client Management\Client\bin,1.0
7200,BMC Client Management SCAP,24.1.01.240624,BMC Software Inc.,Application,,C:\Program Files\BMC Software\Client Management\Client\bin,1.0
7200,BMC Client Management Video Proxy Agent,24.1.01.240624,BMC Software Inc.,Application,,C:\Program Files\BMC Software\Client Management\Client\bin,1.0
7200,Boot File Servicing Utility,10.0,Microsoft Corporation Inc.,Application,,C:\Windows,1.0
7200,Browser Protection Native Messaging Host,4.18,Microsoft Corporation Inc.,Application,,C:\Program Files\Windows Defender,1.0
7200,BrowserCore,10.0,Microsoft Corporation Inc.,Application,,C:\Windows\BrowserCore,1.0
7200,CameraBarcodeScannerPreview,10.0,Microsoft Corporation Inc.,Application,,C:\Windows\SystemApps\Windows.CBSPreview_cw5n1h2txyewy,1.0
7200,CL5,9.6,Ivanti,Application,,C:\Program Files\BMC Software\Client Management\Client\data\PatchManagementPremium\workspace,1.0
7200,ClickOnce,4.8,Microsoft Corporation Inc.,Application,,C:\Windows\Microsoft.NET\Framework64\v4.0.30319,3.0
7200,Common User Interface,5.8,Musarubra US LLC.,Application,,C:\Program Files\McAfee\Agent\x86,1.0
7200,Copilot,144.0,Microsoft Corporation Inc.,Application,,C:\Program Files (x86)\Microsoft\EdgeWebView\Application\144.0.3719.115,5.0
7200,Copilot Update,1.3,Microsoft Corporation Inc.,Application,,C:\Program Files (x86)\Microsoft\EdgeUpdate,2.0
7200,Create a self-signed digital certificate,15.0,Microsoft Corporation Inc.,Application,,C:\Program Files\Microsoft Office\Office15,1.0
7200,Credential Dialog Host,10.0,Microsoft Corporation Inc.,Application,,C:\Windows\SystemApps\microsoft.creddialoghost_cw5n1h2txyewy,1.0
7200,CrowdStrike Device Control,7.29,CrowdStrike Inc.,Add/Remove Programs,"November 14, 2025 12:00:00 AM",,
7200,CrowdStrike Device Control Support Tool,7.29,CrowdStrike Inc.,Application,,C:\Program Files\CrowdStrike,1.0
7200,CrowdStrike Falcon Connector,7.32,CrowdStrike Inc.,Application,,C:\Program Files\CrowdStrike,1.0
7200,CrowdStrike Falcon Sensor,7.32,CrowdStrike Inc.,Application,,C:\Program Files\CrowdStrike,1.0
7200,CrowdStrike Falcon Sensor Controller,7.32,CrowdStrike Inc.,Application,,C:\Program Files\CrowdStrike,1.0
7200,CrowdStrike Falcon Sensor Service,7.32,CrowdStrike Inc.,Application,,C:\Program Files\CrowdStrike,1.0
7200,CrowdStrike Falcon Sensor Servlet Container,7.32,CrowdStrike Inc.,Application,,C:\Program Files\CrowdStrike,1.0
7200,CrowdStrike Falcon Sensor Settings Tool,7.32,CrowdStrike Inc.,Application,,C:\Program Files\CrowdStrike,1.0
7200,CrowdStrike Falcon Sensor System Tray Application,7.32,CrowdStrike Inc.,Application,,C:\Program Files\CrowdStrike,2.0
7200,CrowdStrike Firmware Analysis,7.14,CrowdStrike Inc.,Add/Remove Programs,"July 24, 2025 12:00:00 AM",,
7200,CrowdStrike Firmware Analysis Support Tool,7.14,CrowdStrike Inc.,Application,,C:\Program Files\CrowdStrike,1.0
7200,CrowdStrike On-Demand Scan Command-line Tool,7.32,CrowdStrike Inc.,Application,,C:\Program Files\CrowdStrike,1.0
7200,CrowdStrike On-Demand Scan Tool,7.32,CrowdStrike Inc.,Application,,C:\Program Files\CrowdStrike,1.0
17763,.NET Runtime Optimization Service,4.8,Microsoft Corporation Inc.,Application,,C:\Windows\Microsoft.NET\Framework64\v4.0.30319,2.0
17763,64Bit MAPI Mail Agent,1.0,Foxit Software Inc.,Application,,C:\Program Files (x86)\Foxit Software\Foxit PDF Reader,1.0
17763,7-Zip 24.09 (x64),24.09,Igor Pavlov,Add/Remove Programs,,C:\Program Files\7-Zip\,
17763,7-Zip Console,24.09,Igor Pavlov,Application,,C:\Program Files\7-Zip,1.0
17763,7-Zip File Manager,24.09,Igor Pavlov,Application,,C:\Program Files\7-Zip,1.0
17763,7-Zip GUI,24.09,Igor Pavlov,Application,,C:\Program Files\7-Zip,1.0
17763,Accounts Control Host,10.0,Microsoft Corporation Inc.,Application,,C:\Windows\SystemApps\Microsoft.AccountsControl_cw5n1h2txyewy,1.0
17763,AddSuggestedFoldersToLibraryDialog,10.0,Microsoft Corporation Inc.,Application,,C:\Windows\SystemApps\Microsoft.Windows.AddSuggestedFoldersToLibraryDialog_cw5n1h2txyewy,1.0
17763,Antimalware Core Service,4.18,Microsoft Corporation Inc.,Application,,C:\Program Files\Windows Defender,1.0
17763,Antimalware Service Executable,4.18,Microsoft Corporation Inc.,Application,,C:\Program Files\Windows Defender,1.0
17763,AppResolverUX,10.0,Microsoft Corporation Inc.,Application,,C:\Windows\SystemApps\Microsoft.Windows.AppResolverUX_cw5n1h2txyewy,1.0
17763,AsyncTextService,10.0,Microsoft Corporation Inc.,Application,,C:\Windows\SystemApps\Microsoft.AsyncTextService_8wekyb3d8bbwe,1.0
17763,Biometric Enrollment Host,10.0,Microsoft Corporation Inc.,Application,,C:\Windows\SystemApps\Microsoft.BioEnrollment_cw5n1h2txyewy,1.0
17763,BMC Client Management Agent,24.1.01.240624,BMC Software Inc.,Application,,C:\Program Files\BMC Software\Client Management\Client\bin,1.0
17763,BMC Client Management Certificate Generator,24.1.01.240624,BMC Software Inc.,Application,,C:\Program Files\BMC Software\Client Management\Client\bin,1.0
17763,BMC Client Management Chilli Interpreter,24.1.01.240624,BMC Software Inc.,Application,,C:\Program Files\BMC Software\Client Management\Client\bin,1.0
17763,BMC Client Management Direct Access Proxy Agent,24.1.01.240624,BMC Software Inc.,Application,,C:\Program Files\BMC Software\Client Management\Client\bin,1.0
17763,BMC Client Management Opswat Proxy Agent,24.1.01.240624,BMC Software Inc.,Application,,C:\Program Files\BMC Software\Client Management\Client\bin,1.0
17763,BMC Client Management Package Viewer,24.1.01.240624,BMC Software Inc.,Application,,C:\Program Files\BMC Software\Client Management\Client\bin,1.0
17763,BMC Client Management Patch Broker,24.1.01.240624,BMC Software Inc.,Application,,C:\Program Files\BMC Software\Client Management\Client\bin,1.0
17763,BMC Client Management Proxy Agent,24.1.01.240624,BMC Software Inc.,Application,,C:\Program Files\BMC Software\Client Management\Client\bin,1.0
17763,BMC Client Management Remote Control proxy,24.1.01.240624,BMC Software Inc.,Application,,C:\Program Files\BMC Software\Client Management\Client\bin,1.0
17763,BMC Client Management SCAP,24.1.01.240624,BMC Software Inc.,Application,,C:\Program Files\BMC Software\Client Management\Client\bin,1.0
17763,BMC Client Management SFX,24.1.01.240624,BMC Software Inc.,Application,,D:\Master IT,1.0
17763,BMC Client Management Video Proxy Agent,24.1.01.240624,BMC Software Inc.,Application,,C:\Program Files\BMC Software\Client Management\Client\bin,1.0
17763,Boot File Servicing Utility,10.0,Microsoft Corporation Inc.,Application,,C:\Windows,1.0
17763,Browser Protection Native Messaging Host,4.18,Microsoft Corporation Inc.,Application,,C:\Program Files\Windows Defender,1.0
17763,BrowserCore,10.0,Microsoft Corporation Inc.,Application,,C:\Windows\BrowserCore,1.0
17763,CameraBarcodeScannerPreview,10.0,Microsoft Corporation Inc.,Application,,C:\Windows\SystemApps\Windows.CBSPreview_cw5n1h2txyewy,1.0
17763,ChromeEnterpriseCompanion,143.0,Google LLC,Application,,C:\Windows\SystemTemp\scoped_dir7860_1239196949\scoped_dir7860_1579877322,1.0
17763,ClickOnce,4.8,Microsoft Corporation Inc.,Application,,C:\Windows\Microsoft.NET\Framework64\v4.0.30319,3.0
17763,Common User Interface,5.8,Musarubra US LLC.,Application,,C:\Program Files\McAfee\Agent\x86,1.0
17763,Credential Dialog Host,10.0,Microsoft Corporation Inc.,Application,,C:\Windows\SystemApps\microsoft.creddialoghost_cw5n1h2txyewy,1.0
17763,CrowdStrike Device Control,7.29,CrowdStrike Inc.,Add/Remove Programs,"November 24, 2025 12:00:00 AM",,
17763,CrowdStrike Device Control Support Tool,7.29,CrowdStrike Inc.,Application,,C:\Program Files\CrowdStrike,1.0
17763,CrowdStrike Falcon Connector,7.32,CrowdStrike Inc.,Application,,C:\Program Files\CrowdStrike,1.0
17763,CrowdStrike Falcon Sensor,7.32,CrowdStrike Inc.,Application,,C:\Program Files\CrowdStrike,1.0
17763,CrowdStrike Falcon Sensor Controller,7.32,CrowdStrike Inc.,Application,,C:\Program Files\CrowdStrike,1.0
17763,CrowdStrike Falcon Sensor Service,7.32,CrowdStrike Inc.,Application,,C:\Program Files\CrowdStrike,1.0
17763,CrowdStrike Falcon Sensor Servlet Container,7.32,CrowdStrike Inc.,Application,,C:\Program Files\CrowdStrike,1.0
17763,CrowdStrike Falcon Sensor Settings Tool,7.32,CrowdStrike Inc.,Application,,C:\Program Files\CrowdStrike,1.0
17763,CrowdStrike Falcon Sensor System Tray Application,7.32,CrowdStrike Inc.,Application,,C:\Program Files\CrowdStrike,2.0
17763,CrowdStrike Firmware Analysis,7.14,CrowdStrike Inc.,Add/Remove Programs,"July 30, 2025 12:00:00 AM",,
17763,CrowdStrike Firmware Analysis Support Tool,7.14,CrowdStrike Inc.,Application,,C:\Program Files\CrowdStrike,1.0
17763,CrowdStrike On-Demand Scan Command-line Tool,7.32,CrowdStrike Inc.,Application,,C:\Program Files\CrowdStrike,1.0
17763,CrowdStrike On-Demand Scan Tool,7.32,CrowdStrike Inc.,Application,,C:\Program Files\CrowdStrike,1.0
17763,CrowdStrike Sensor Platform,7.32,CrowdStrike Inc.,Add/Remove Programs,"January 15, 2026 12:00:00 AM",,
17763,CrowdStrike Windows Sensor,7.32,CrowdStrike Inc.,Add/Remove Programs,"January 15, 2026 12:00:00 AM",,
17763,CrowdStrike Windows Sensor,7.19,CrowdStrike Inc.,Application,,D:\Master IT,1.0
17763,EC App,10.0,Microsoft Corporation Inc.,Application,,C:\Windows\SystemApps\Microsoft.ECApp_8wekyb3d8bbwe,1.0
14920,.NET Runtime Optimization Service,4.8,Microsoft Corporation Inc.,Application,,C:\Windows\Microsoft.NET\Framework64\v4.0.30319,2.0
14920,64Bit MAPI Mail Agent,1.0,Foxit Software Inc.,Application,,C:\Program Files (x86)\Foxit Software\Foxit PDF Reader,1.0
14920,7-Zip 24.08 (x64 edition),24.08,Igor Pavlov,Add/Remove Programs,"January 25, 2025 12:00:00 AM",,
14920,7-Zip Console,24.08,Igor Pavlov,Application,,C:\Program Files\7-Zip,1.0
14920,7-Zip File Manager,24.08,Igor Pavlov,Application,,C:\Program Files\7-Zip,1.0
14920,7-Zip GUI,24.08,Igor Pavlov,Application,,C:\Program Files\7-Zip,1.0
14920,AAD token broker plugin,10.0,Microsoft Corporation Inc.,Application,,C:\Windows\SystemApps\Microsoft.AAD.BrokerPlugin_cw5n1h2txyewy,1.0
14920,Accounts Control Host,10.0,Microsoft Corporation Inc.,Application,,C:\Windows\SystemApps\Microsoft.AccountsControl_cw5n1h2txyewy,1.0
14920,AddSuggestedFoldersToLibraryDialog,10.0,Microsoft Corporation Inc.,Application,,C:\Windows\SystemApps\Microsoft.Windows.AddSuggestedFoldersToLibraryDialog_cw5n1h2txyewy,1.0
14920,AntiMalware Platform Update (amd64fre),4.18,Microsoft Corporation Inc.,Application,,C:\Windows\SystemTemp,6.0
14920,Antimalware Service Executable,4.18,Microsoft Corporation Inc.,Application,,C:\Program Files\Windows Defender,1.0
14920,AppResolverUX,10.0,Microsoft Corporation Inc.,Application,,C:\Windows\SystemApps\Microsoft.Windows.AppResolverUX_cw5n1h2txyewy,1.0
14920,AsyncTextService,10.0,Microsoft Corporation Inc.,Application,,C:\Windows\SystemApps\Microsoft.AsyncTextService_8wekyb3d8bbwe,1.0
14920,Biometric Enrollment Host,10.0,Microsoft Corporation Inc.,Application,,C:\Windows\SystemApps\Microsoft.BioEnrollment_cw5n1h2txyewy,1.0
14920,BMC Client Management Agent,24.1.01.240624,BMC Software Inc.,Application,,C:\Program Files\BMC Software\Client Management\Client\bin,1.0
14920,BMC Client Management Certificate Generator,24.1.01.240624,BMC Software Inc.,Application,,C:\Program Files\BMC Software\Client Management\Client\bin,1.0
14920,BMC Client Management Chilli Interpreter,24.1.01.240624,BMC Software Inc.,Application,,C:\Program Files\BMC Software\Client Management\Client\bin,1.0
14920,BMC Client Management Direct Access Proxy Agent,24.1.01.240624,BMC Software Inc.,Application,,C:\Program Files\BMC Software\Client Management\Client\bin,1.0
14920,BMC Client Management Opswat Proxy Agent,24.1.01.240624,BMC Software Inc.,Application,,C:\Program Files\BMC Software\Client Management\Client\bin,1.0
14920,BMC Client Management Package Viewer,24.1.01.240624,BMC Software Inc.,Application,,C:\Program Files\BMC Software\Client Management\Client\bin,1.0
14920,BMC Client Management Patch Broker,24.1.01.240624,BMC Software Inc.,Application,,C:\Program Files\BMC Software\Client Management\Client\bin,1.0
14920,BMC Client Management Proxy Agent,24.1.01.240624,BMC Software Inc.,Application,,C:\Program Files\BMC Software\Client Management\Client\bin,1.0
14920,BMC Client Management Remote Control proxy,24.1.01.240624,BMC Software Inc.,Application,,C:\Program Files\BMC Software\Client Management\Client\bin,1.0
14920,BMC Client Management SCAP,24.1.01.240624,BMC Software Inc.,Application,,C:\Program Files\BMC Software\Client Management\Client\bin,1.0
14920,BMC Client Management Video Proxy Agent,24.1.01.240624,BMC Software Inc.,Application,,C:\Program Files\BMC Software\Client Management\Client\bin,1.0
14920,Boot File Servicing Utility,10.0,Microsoft Corporation Inc.,Application,,C:\Windows,1.0
14920,BrowserCore,10.0,Microsoft Corporation Inc.,Application,,C:\Windows\BrowserCore,1.0
14920,Calling App to host call progress on shell,10.0,Microsoft Corporation Inc.,Application,,C:\Windows\SystemApps\Microsoft.Windows.CallingShellApp_cw5n1h2txyewy,1.0
14920,CameraBarcodeScannerPreview,10.0,Microsoft Corporation Inc.,Application,,C:\Windows\SystemApps\Windows.CBSPreview_cw5n1h2txyewy,1.0
14920,ChromeEnterpriseCompanion,143.0,Google LLC,Application,,C:\Windows\SystemTemp\scoped_dir6920_1819769449\scoped_dir6920_256361538,1.0
14920,CL5,9.6,Ivanti,Application,,C:\Program Files\BMC Software\Client Management\Client\data\PatchManagementPremium\workspace,1.0
14920,ClickOnce,4.8,Microsoft Corporation Inc.,Application,,C:\Windows\Microsoft.NET\Framework64\v4.0.30319,3.0
14920,Common User Interface,5.8,Musarubra US LLC.,Application,,C:\Program Files\McAfee\Agent\x86,1.0
14920,Credential Dialog Host,10.0,Microsoft Corporation Inc.,Application,,C:\Windows\SystemApps\microsoft.creddialoghost_cw5n1h2txyewy,1.0
14920,CrowdStrike Device Control,7.29,CrowdStrike Inc.,Add/Remove Programs,"November 14, 2025 12:00:00 AM",,
14920,CrowdStrike Device Control Support Tool,7.29,CrowdStrike Inc.,Application,,C:\Program Files\CrowdStrike,1.0
14920,CrowdStrike Falcon Connector,7.32,CrowdStrike Inc.,Application,,C:\Program Files\CrowdStrike,1.0
14920,CrowdStrike Falcon Sensor,7.32,CrowdStrike Inc.,Application,,C:\Program Files\CrowdStrike,1.0
14920,CrowdStrike Falcon Sensor Controller,7.32,CrowdStrike Inc.,Application,,C:\Program Files\CrowdStrike,1.0
14920,CrowdStrike Falcon Sensor Service,7.32,CrowdStrike Inc.,Application,,C:\Program Files\CrowdStrike,1.0
14920,CrowdStrike Falcon Sensor Servlet Container,7.32,CrowdStrike Inc.,Application,,C:\Program Files\CrowdStrike,1.0
14920,CrowdStrike Falcon Sensor Settings Tool,7.32,CrowdStrike Inc.,Application,,C:\Program Files\CrowdStrike,1.0
14920,CrowdStrike Falcon Sensor System Tray Application,7.32,CrowdStrike Inc.,Application,,C:\Program Files\CrowdStrike,2.0
14920,CrowdStrike Firmware Analysis,7.14,CrowdStrike Inc.,Add/Remove Programs,"June 18, 2025 12:00:00 AM",,
14920,CrowdStrike Firmware Analysis Support Tool,7.14,CrowdStrike Inc.,Application,,C:\Program Files\CrowdStrike,1.0
14920,CrowdStrike Forensic Data Collection Tool,1.0,CrowdStrike Inc.,Application,,C:,2.0
14920,CrowdStrike On-Demand Scan Command-line Tool,7.32,CrowdStrike Inc.,Application,,C:\Program Files\CrowdStrike,1.0
14920,CrowdStrike On-Demand Scan Tool,7.32,CrowdStrike Inc.,Application,,C:\Program Files\CrowdStrike,1.0
14920,CrowdStrike Sensor Platform,7.32,CrowdStrike Inc.,Add/Remove Programs,"January 14, 2026 12:00:00 AM",,
14920,CrowdStrike Windows Sensor,7.32,CrowdStrike Inc.,Add/Remove Programs,"January 14, 2026 12:00:00 AM",,
8271,.NET Framework,3.0,Microsoft Corporation Inc.,Application,,C:\Windows\Microsoft.NET\Framework64\v3.0\Windows Communication Foundation,2.0
8271,.NET Runtime Optimization Service,4.8,Microsoft Corporation Inc.,Application,,C:\Windows\Microsoft.NET\Framework64\v4.0.30319,2.0
8271,.NET Runtime Optimization Service,2.0,Microsoft Corporation Inc.,Application,,C:\Windows\Microsoft.NET\Framework64\v2.0.50727,2.0
8271,64Bit MAPI Mail Agent,1.0,Foxit Software Inc.,Application,,C:\Program Files (x86)\Foxit Software\Foxit Reader,1.0
8271,7-Zip 24.08 (x64 edition),24.08,Igor Pavlov,Add/Remove Programs,"December 12, 2024 12:00:00 AM",,
8271,7-Zip Console,24.08,Igor Pavlov,Application,,C:\Program Files\7-Zip,1.0
8271,7-Zip File Manager,24.08,Igor Pavlov,Application,,C:\Program Files\7-Zip,1.0
8271,7-Zip GUI,24.08,Igor Pavlov,Application,,C:\Program Files\7-Zip,1.0
8271,Accounts Control Host,10.0,Microsoft Corporation Inc.,Application,,C:\Windows\SystemApps\Microsoft.AccountsControl_cw5n1h2txyewy,1.0
8271,AddSuggestedFoldersToLibraryDialog,10.0,Microsoft Corporation Inc.,Application,,C:\Windows\SystemApps\Microsoft.Windows.AddSuggestedFoldersToLibraryDialog_cw5n1h2txyewy,1.0
8271,Antimalware Core Service,4.18,Microsoft Corporation Inc.,Application,,C:\Program Files\Windows Defender,1.0
8271,Antimalware Service Executable,4.18,Microsoft Corporation Inc.,Application,,C:\Program Files\Windows Defender,1.0
8271,AppResolverUX,10.0,Microsoft Corporation Inc.,Application,,C:\Windows\SystemApps\Microsoft.Windows.AppResolverUX_cw5n1h2txyewy,1.0
8271,AsyncTextService,10.0,Microsoft Corporation Inc.,Application,,C:\Windows\SystemApps\Microsoft.AsyncTextService_8wekyb3d8bbwe,1.0
8271,Biometric Enrollment Host,10.0,Microsoft Corporation Inc.,Application,,C:\Windows\SystemApps\Microsoft.BioEnrollment_cw5n1h2txyewy,1.0
8271,BMC Client Management Agent,24.1.01.240624,BMC Software Inc.,Application,,C:\Program Files\BMC Software\Client Management\Client\bin,1.0
8271,BMC Client Management Certificate Generator,24.1.01.240624,BMC Software Inc.,Application,,C:\Program Files\BMC Software\Client Management\Client\bin,1.0
8271,BMC Client Management Chilli Interpreter,24.1.01.240624,BMC Software Inc.,Application,,C:\Program Files\BMC Software\Client Management\Client\bin,1.0
8271,BMC Client Management Direct Access Proxy Agent,24.1.01.240624,BMC Software Inc.,Application,,C:\Program Files\BMC Software\Client Management\Client\bin,1.0
8271,BMC Client Management Opswat Proxy Agent,24.1.01.240624,BMC Software Inc.,Application,,C:\Program Files\BMC Software\Client Management\Client\bin,1.0
8271,BMC Client Management Package Viewer,24.1.01.240624,BMC Software Inc.,Application,,C:\Program Files\BMC Software\Client Management\Client\bin,1.0
8271,BMC Client Management Patch Broker,24.1.01.240624,BMC Software Inc.,Application,,C:\Program Files\BMC Software\Client Management\Client\bin,1.0
8271,BMC Client Management Proxy Agent,24.1.01.240624,BMC Software Inc.,Application,,C:\Program Files\BMC Software\Client Management\Client\bin,1.0
8271,BMC Client Management Remote Control proxy,24.1.01.240624,BMC Software Inc.,Application,,C:\Program Files\BMC Software\Client Management\Client\bin,1.0
8271,BMC Client Management SCAP,24.1.01.240624,BMC Software Inc.,Application,,C:\Program Files\BMC Software\Client Management\Client\bin,1.0
8271,BMC Client Management Video Proxy Agent,24.1.01.240624,BMC Software Inc.,Application,,C:\Program Files\BMC Software\Client Management\Client\bin,1.0
8271,Boot File Servicing Utility,10.0,Microsoft Corporation Inc.,Application,,C:\Windows,1.0
8271,Browser Protection Native Messaging Host,4.18,Microsoft Corporation Inc.,Application,,C:\Program Files\Windows Defender,1.0
8271,BrowserCore,10.0,Microsoft Corporation Inc.,Application,,C:\Windows\BrowserCore,1.0
8271,CameraBarcodeScannerPreview,10.0,Microsoft Corporation Inc.,Application,,C:\Windows\SystemApps\Windows.CBSPreview_cw5n1h2txyewy,1.0
8271,CL5,9.6,Ivanti,Application,,C:\Program Files\BMC Software\Client Management\Client\data\PatchManagementPremium\workspace,1.0
8271,ClickOnce,4.8,Microsoft Corporation Inc.,Application,,C:\Windows\Microsoft.NET\Framework64\v4.0.30319,3.0
8271,Common User Interface,5.8,Musarubra US LLC.,Application,,C:\Program Files\McAfee\Agent\x86,1.0
8271,Copilot,144.0,Microsoft Corporation Inc.,Application,,C:\Program Files (x86)\Microsoft\EdgeWebView\Application\144.0.3719.93,6.0
8271,Copilot Update,1.3,Microsoft Corporation Inc.,Application,,C:\Program Files (x86)\Microsoft\EdgeUpdate,2.0
8271,Create a self-signed digital certificate,15.0,Microsoft Corporation Inc.,Application,,C:\Program Files\Microsoft Office\Office15,1.0
8271,Create Virtual Machine,10.0,Microsoft Corporation Inc.,Application,,C:\Program Files\Hyper-V,1.0
8271,Credential Dialog Host,10.0,Microsoft Corporation Inc.,Application,,C:\Windows\SystemApps\microsoft.creddialoghost_cw5n1h2txyewy,1.0
8271,CrowdStrike Device Control,7.29,CrowdStrike Inc.,Add/Remove Programs,"November 14, 2025 12:00:00 AM",,
8271,CrowdStrike Device Control Support Tool,7.29,CrowdStrike Inc.,Application,,C:\Program Files\CrowdStrike,1.0
8271,CrowdStrike Falcon Connector,7.32,CrowdStrike Inc.,Application,,C:\Program Files\CrowdStrike,1.0
8271,CrowdStrike Falcon Sensor,7.32,CrowdStrike Inc.,Application,,C:\Program Files\CrowdStrike,1.0
8271,CrowdStrike Falcon Sensor Controller,7.32,CrowdStrike Inc.,Application,,C:\Program Files\CrowdStrike,1.0
8271,CrowdStrike Falcon Sensor Service,7.32,CrowdStrike Inc.,Application,,C:\Program Files\CrowdStrike,1.0
8271,CrowdStrike Falcon Sensor Servlet Container,7.32,CrowdStrike Inc.,Application,,C:\Program Files\CrowdStrike,1.0
8271,CrowdStrike Falcon Sensor Settings Tool,7.32,CrowdStrike Inc.,Application,,C:\Program Files\CrowdStrike,1.0
8271,CrowdStrike Falcon Sensor System Tray Application,7.32,CrowdStrike Inc.,Application,,C:\Program Files\CrowdStrike,2.0
8271,CrowdStrike Firmware Analysis,7.14,CrowdStrike Inc.,Add/Remove Programs,"April 29, 2025 12:00:00 AM",,
8271,CrowdStrike Firmware Analysis Support Tool,7.14,CrowdStrike Inc.,Application,,C:\Program Files\CrowdStrike,1.0
8271,CrowdStrike On-Demand Scan Command-line Tool,7.32,CrowdStrike Inc.,Application,,C:\Program Files\CrowdStrike,1.0
6410,.NET Runtime Optimization Service,4.8,Microsoft Corporation Inc.,Application,,C:\Windows\Microsoft.NET\Framework64\v4.0.30319,2.0
6410,64Bit MAPI Mail Agent,1.0,Foxit Software Inc.,Application,,C:\Program Files\Foxit Software\Foxit PDF Reader,1.0
6410,7-Zip 24.08 (x64),24.08,Igor Pavlov,Add/Remove Programs,,C:\Program Files\7-Zip\,
6410,7-Zip Console,24.08,Igor Pavlov,Application,,C:\Program Files\7-Zip,1.0
6410,7-Zip File Manager,24.08,Igor Pavlov,Application,,C:\Program Files\7-Zip,1.0
6410,7-Zip GUI,24.08,Igor Pavlov,Application,,C:\Program Files\7-Zip,1.0
6410,Accounts Control Host,10.0,Microsoft Corporation Inc.,Application,,C:\Windows\SystemApps\Microsoft.AccountsControl_cw5n1h2txyewy,1.0
6410,AddSuggestedFoldersToLibraryDialog,10.0,Microsoft Corporation Inc.,Application,,C:\Windows\SystemApps\Microsoft.Windows.AddSuggestedFoldersToLibraryDialog_cw5n1h2txyewy,1.0
6410,Antimalware Core Service,4.18,Microsoft Corporation Inc.,Application,,C:\Program Files\Windows Defender,1.0
6410,AntiMalware Definition Update,1.443,Microsoft Corporation Inc.,Application,,C:\Windows\SoftwareDistribution\Download\Install,1.0
6410,Antimalware Service Executable,4.18,Microsoft Corporation Inc.,Application,,C:\Program Files\Windows Defender,1.0
6410,AppResolverUX,10.0,Microsoft Corporation Inc.,Application,,C:\Windows\SystemApps\Microsoft.Windows.AppResolverUX_cw5n1h2txyewy,1.0
6410,AsyncTextService,10.0,Microsoft Corporation Inc.,Application,,C:\Windows\SystemApps\Microsoft.AsyncTextService_8wekyb3d8bbwe,1.0
6410,Biometric Enrollment Host,10.0,Microsoft Corporation Inc.,Application,,C:\Windows\SystemApps\Microsoft.BioEnrollment_cw5n1h2txyewy,1.0
6410,BMC Client Management Agent,24.1.01.240624,BMC Software Inc.,Application,,C:\Program Files\BMC Software\Client Management\Client\bin,1.0
6410,BMC Client Management Certificate Generator,24.1.01.240624,BMC Software Inc.,Application,,C:\Program Files\BMC Software\Client Management\Client\bin,1.0
6410,BMC Client Management Chilli Interpreter,24.1.01.240624,BMC Software Inc.,Application,,C:\Program Files\BMC Software\Client Management\Client\bin,1.0
6410,BMC Client Management Direct Access Proxy Agent,24.1.01.240624,BMC Software Inc.,Application,,C:\Program Files\BMC Software\Client Management\Client\bin,1.0
6410,BMC Client Management Opswat Proxy Agent,24.1.01.240624,BMC Software Inc.,Application,,C:\Program Files\BMC Software\Client Management\Client\bin,1.0
6410,BMC Client Management Package Viewer,24.1.01.240624,BMC Software Inc.,Application,,C:\Program Files\BMC Software\Client Management\Client\bin,1.0
6410,BMC Client Management Patch Broker,24.1.01.240624,BMC Software Inc.,Application,,C:\Program Files\BMC Software\Client Management\Client\bin,1.0
6410,BMC Client Management Proxy Agent,24.1.01.240624,BMC Software Inc.,Application,,C:\Program Files\BMC Software\Client Management\Client\bin,1.0
6410,BMC Client Management Remote Control proxy,24.1.01.240624,BMC Software Inc.,Application,,C:\Program Files\BMC Software\Client Management\Client\bin,1.0
6410,BMC Client Management SCAP,24.1.01.240624,BMC Software Inc.,Application,,C:\Program Files\BMC Software\Client Management\Client\bin,1.0
6410,BMC Client Management SFX,24.1.01.240624,BMC Software Inc.,Application,,C:\Users\support.local01\Downloads,1.0
6410,BMC Client Management Video Proxy Agent,24.1.01.240624,BMC Software Inc.,Application,,C:\Program Files\BMC Software\Client Management\Client\bin,1.0
6410,Boot File Servicing Utility,10.0,Microsoft Corporation Inc.,Application,,C:\Windows,1.0
6410,Browser Protection Native Messaging Host,4.18,Microsoft Corporation Inc.,Application,,C:\Program Files\Windows Defender,1.0
6410,BrowserCore,10.0,Microsoft Corporation Inc.,Application,,C:\Windows\BrowserCore,1.0
6410,CameraBarcodeScannerPreview,10.0,Microsoft Corporation Inc.,Application,,C:\Windows\SystemApps\Windows.CBSPreview_cw5n1h2txyewy,1.0
6410,ClickOnce,4.8,Microsoft Corporation Inc.,Application,,C:\Windows\Microsoft.NET\Framework64\v4.0.30319,3.0
6410,Copilot Update,1.3,Microsoft Corporation Inc.,Application,,C:\Program Files (x86)\Microsoft\EdgeUpdate,2.0
6410,Credential Dialog Host,10.0,Microsoft Corporation Inc.,Application,,C:\Windows\SystemApps\microsoft.creddialoghost_cw5n1h2txyewy,1.0
6410,EC App,10.0,Microsoft Corporation Inc.,Application,,C:\Windows\SystemApps\Microsoft.ECApp_8wekyb3d8bbwe,1.0
6410,File Explorer,10.0,Microsoft Corporation Inc.,Application,,C:\Windows\SystemApps\Microsoft.Windows.FileExplorer_cw5n1h2txyewy,1.0
6410,File Picker,10.0,Microsoft Corporation Inc.,Application,,C:\Windows\SystemApps\Microsoft.Windows.FilePicker_cw5n1h2txyewy,1.0
6410,Foxit PDF Preview Handler Host,12.1,Foxit Corporation,Application,,C:\Program Files\Foxit Software\Foxit PDF Reader\Shell Extensions,1.0
6410,Foxit PDF Reader,2025.2,Foxit Software Inc.,Application,"November 21, 2025 12:00:00 AM",C:\Program Files\Foxit Software\Foxit PDF Reader,1.0
6410,Foxit PDF Reader Update Service,2.0,Foxit Software Inc.,Application,,C:\Program Files\Common Files\Foxit\Foxit PDF Reader,1.0
6410,Foxit Updater,2025.2,Foxit Corporation,Application,,C:\Program Files\Foxit Software\Foxit PDF Reader,1.0
6410,Google Chrome,144.0,Google LLC,Web Browser,,C:\Program Files\Google\Chrome\Application\PlatformExperienceHelper,1.0
6410,Google Chrome,142.0,Google LLC,Web Browser,"November 21, 2025 12:00:00 AM",C:\Program Files\Google\Chrome\Application,9.0
6410,Google Updater (x64),143.0,Google LLC,Application,,C:\Program Files (x86)\Google\Update,2.0
6410,Google Updater (x64),144.0,Google LLC,Application,,C:\Program Files (x86)\Google\GoogleUpdater\144.0.7547.0,1.0
6410,IEToEdge BHO,142.0,Microsoft Corporation Inc.,Application,,C:\Program Files (x86)\Microsoft\EdgeWebView\Application\142.0.3595.90\BHO,3.0
6410,Imaging Devices Control Panel,10.0,Microsoft Corporation Inc.,Application,,C:\Program Files (x86)\Windows Photo Viewer,2.0
6410,LibreOffice,25.8,The Document Foundation,Application,,C:\Program Files\LibreOffice\program,2.0
6410,LibreOffice 25.8.3.2,25.8,The Document Foundation,Add/Remove Programs,"November 21, 2025 12:00:00 AM",C:\Program Files\LibreOffice\,
6410,LibreOffice Base,25.8,The Document Foundation,Application,,C:\Program Files\LibreOffice\program,1.0
6410,LibreOffice Calc,25.8,The Document Foundation,Application,,C:\Program Files\LibreOffice\program,1.0
6801,.NET Runtime Optimization Service,4.8,Microsoft Corporation Inc.,Application,,C:\Windows\Microsoft.NET\Framework64\v4.0.30319,2.0
6801,64Bit MAPI Mail Agent,1.0,Foxit Software Inc.,Application,,C:\Program Files (x86)\Foxit Software\Foxit PDF Reader,1.0
6801,7-Zip 24.09 (x64),24.09,Igor Pavlov,Add/Remove Programs,,C:\Program Files\7-Zip\,
6801,7-Zip Console,24.09,Igor Pavlov,Application,,C:\Program Files\7-Zip,1.0
6801,7-Zip File Manager,24.09,Igor Pavlov,Application,,C:\Program Files\7-Zip,1.0
6801,7-Zip GUI,24.09,Igor Pavlov,Application,,C:\Program Files\7-Zip,1.0
6801,Accounts Control Host,10.0,Microsoft Corporation Inc.,Application,,C:\Windows\SystemApps\Microsoft.AccountsControl_cw5n1h2txyewy,1.0
6801,AddSuggestedFoldersToLibraryDialog,10.0,Microsoft Corporation Inc.,Application,,C:\Windows\SystemApps\Microsoft.Windows.AddSuggestedFoldersToLibraryDialog_cw5n1h2txyewy,1.0
6801,Antimalware Core Service,4.18,Microsoft Corporation Inc.,Application,,C:\Program Files\Windows Defender,1.0
6801,Antimalware Service Executable,4.18,Microsoft Corporation Inc.,Application,,C:\Program Files\Windows Defender,1.0
6801,AppFollower,1.3,Conexant Systems Inc.,Application,,C:\Program Files\CONEXANT\Flow,1.0
6801,AppResolverUX,10.0,Microsoft Corporation Inc.,Application,,C:\Windows\SystemApps\Microsoft.Windows.AppResolverUX_cw5n1h2txyewy,1.0
6801,AsyncTextService,10.0,Microsoft Corporation Inc.,Application,,C:\Windows\SystemApps\Microsoft.AsyncTextService_8wekyb3d8bbwe,1.0
6801,Audio Control,4.0,Conexant Systems LLC.,Application,,C:\Program Files\CONEXANT\Install\Audio\SA3\SA3\Dyson,2.0
6801,Audio Controls Control Panel,4.0,Conexant Systems LLC.,Application,,C:\Program Files\CONEXANT\SA3\HP-NB-AIO,3.0
6801,Bang & Olufsen,4.0,Conexant Systems LLC.,Application,,C:\Program Files\CONEXANT\Install\Audio\SA3\SA3\BandO,2.0
6801,Biometric Enrollment Host,10.0,Microsoft Corporation Inc.,Application,,C:\Windows\SystemApps\Microsoft.BioEnrollment_cw5n1h2txyewy,1.0
6801,BMC Client Management Agent,24.1.01.240624,BMC Software Inc.,Application,,C:\Program Files\BMC Software\Client Management\Client\bin,1.0
6801,BMC Client Management Certificate Generator,24.1.01.240624,BMC Software Inc.,Application,,C:\Program Files\BMC Software\Client Management\Client\bin,1.0
6801,BMC Client Management Chilli Interpreter,24.1.01.240624,BMC Software Inc.,Application,,C:\Program Files\BMC Software\Client Management\Client\bin,1.0
6801,BMC Client Management Direct Access Proxy Agent,24.1.01.240624,BMC Software Inc.,Application,,C:\Program Files\BMC Software\Client Management\Client\bin,1.0
6801,BMC Client Management Opswat Proxy Agent,24.1.01.240624,BMC Software Inc.,Application,,C:\Program Files\BMC Software\Client Management\Client\bin,1.0
6801,BMC Client Management Package Viewer,24.1.01.240624,BMC Software Inc.,Application,,C:\Program Files\BMC Software\Client Management\Client\bin,1.0
6801,BMC Client Management Patch Broker,24.1.01.240624,BMC Software Inc.,Application,,C:\Program Files\BMC Software\Client Management\Client\bin,1.0
6801,BMC Client Management Proxy Agent,24.1.01.240624,BMC Software Inc.,Application,,C:\Program Files\BMC Software\Client Management\Client\bin,1.0
6801,BMC Client Management Remote Control proxy,24.1.01.240624,BMC Software Inc.,Application,,C:\Program Files\BMC Software\Client Management\Client\bin,1.0
6801,BMC Client Management SCAP,24.1.01.240624,BMC Software Inc.,Application,,C:\Program Files\BMC Software\Client Management\Client\bin,1.0
6801,BMC Client Management SFX,24.1.01.240624,BMC Software Inc.,Application,,D:\Master IT,1.0
6801,BMC Client Management Video Proxy Agent,24.1.01.240624,BMC Software Inc.,Application,,C:\Program Files\BMC Software\Client Management\Client\bin,1.0
6801,Boot File Servicing Utility,10.0,Microsoft Corporation Inc.,Application,,C:\Windows,1.0
6801,Browser Protection Native Messaging Host,4.18,Microsoft Corporation Inc.,Application,,C:\Program Files\Windows Defender,1.0
6801,BrowserCore,10.0,Microsoft Corporation Inc.,Application,,C:\Windows\BrowserCore,1.0
6801,CameraBarcodeScannerPreview,10.0,Microsoft Corporation Inc.,Application,,C:\Windows\SystemApps\Windows.CBSPreview_cw5n1h2txyewy,1.0
6801,CL5,9.6,Ivanti,Application,,C:\Program Files\BMC Software\Client Management\Client\data\PatchManagementPremium\workspace,1.0
6801,ClickOnce,4.8,Microsoft Corporation Inc.,Application,,C:\Windows\Microsoft.NET\Framework64\v4.0.30319,3.0
6801,CnxtNotify,1.0,Conexant Systems Inc.,Application,,C:\Program Files\CONEXANT\SA3\HP-NB-AIO,1.0
6801,Common User Interface,5.8,Musarubra US LLC.,Application,,C:\Program Files\McAfee\Agent\x86,1.0
6801,Credential Dialog Host,10.0,Microsoft Corporation Inc.,Application,,C:\Windows\SystemApps\microsoft.creddialoghost_cw5n1h2txyewy,1.0
6801,CrowdStrike Device Control,7.29,CrowdStrike Inc.,Add/Remove Programs,"November 15, 2025 12:00:00 AM",,
6801,CrowdStrike Device Control Support Tool,7.29,CrowdStrike Inc.,Application,,C:\Program Files\CrowdStrike,1.0
6801,CrowdStrike Falcon Connector,7.32,CrowdStrike Inc.,Application,,C:\Program Files\CrowdStrike,1.0
6801,CrowdStrike Falcon Sensor,7.32,CrowdStrike Inc.,Application,,C:\Program Files\CrowdStrike,1.0
6801,CrowdStrike Falcon Sensor Controller,7.32,CrowdStrike Inc.,Application,,C:\Program Files\CrowdStrike,1.0
6801,CrowdStrike Falcon Sensor Service,7.32,CrowdStrike Inc.,Application,,C:\Program Files\CrowdStrike,1.0
6801,CrowdStrike Falcon Sensor Servlet Container,7.32,CrowdStrike Inc.,Application,,C:\Program Files\CrowdStrike,1.0
6801,CrowdStrike Falcon Sensor Settings Tool,7.32,CrowdStrike Inc.,Application,,C:\Program Files\CrowdStrike,1.0
6801,CrowdStrike Falcon Sensor System Tray Application,7.32,CrowdStrike Inc.,Application,,C:\Program Files\CrowdStrike,2.0
6801,CrowdStrike Firmware Analysis,7.14,CrowdStrike Inc.,Add/Remove Programs,"July 29, 2025 12:00:00 AM",,
6801,CrowdStrike Firmware Analysis Support Tool,7.14,CrowdStrike Inc.,Application,,C:\Program Files\CrowdStrike,1.0
6801,CrowdStrike On-Demand Scan Command-line Tool,7.32,CrowdStrike Inc.,Application,,C:\Program Files\CrowdStrike,1.0
6561,.NET Runtime Optimization Service,4.8,Microsoft Corporation Inc.,Application,,C:\Windows\Microsoft.NET\Framework64\v4.0.30319,2.0
6561,64Bit MAPI Mail Agent,1.0,Foxit Software Inc.,Application,,C:\Program Files (x86)\Foxit Software\Foxit PDF Reader,1.0
6561,7-Zip 24.08 (x64 edition),24.08,Igor Pavlov,Add/Remove Programs,"November 29, 2024 12:00:00 AM",,
6561,7-Zip Console,24.08,Igor Pavlov,Application,,C:\Program Files\7-Zip,1.0
6561,7-Zip File Manager,24.08,Igor Pavlov,Application,,C:\Program Files\7-Zip,1.0
6561,7-Zip GUI,24.08,Igor Pavlov,Application,,C:\Program Files\7-Zip,1.0
6561,Accounts Control Host,10.0,Microsoft Corporation Inc.,Application,,C:\Windows\SystemApps\Microsoft.AccountsControl_cw5n1h2txyewy,1.0
6561,AddSuggestedFoldersToLibraryDialog,10.0,Microsoft Corporation Inc.,Application,,C:\Windows\SystemApps\Microsoft.Windows.AddSuggestedFoldersToLibraryDialog_cw5n1h2txyewy,1.0
6561,Antimalware Core Service,4.18,Microsoft Corporation Inc.,Application,,C:\Program Files\Windows Defender,1.0
6561,AntiMalware Platform Update (amd64fre),4.18,Microsoft Corporation Inc.,Application,,C:\Windows\SystemTemp,1.0
6561,Antimalware Service Executable,4.18,Microsoft Corporation Inc.,Application,,C:\Program Files\Windows Defender,1.0
6561,AppResolverUX,10.0,Microsoft Corporation Inc.,Application,,C:\Windows\SystemApps\Microsoft.Windows.AppResolverUX_cw5n1h2txyewy,1.0
6561,AsyncTextService,10.0,Microsoft Corporation Inc.,Application,,C:\Windows\SystemApps\Microsoft.AsyncTextService_8wekyb3d8bbwe,1.0
6561,Biometric Enrollment Host,10.0,Microsoft Corporation Inc.,Application,,C:\Windows\SystemApps\Microsoft.BioEnrollment_cw5n1h2txyewy,1.0
6561,BMC Client Management Agent,24.1.01.240624,BMC Software Inc.,Application,,C:\Program Files\BMC Software\Client Management\Client\bin,1.0
6561,BMC Client Management Certificate Generator,24.1.01.240624,BMC Software Inc.,Application,,C:\Program Files\BMC Software\Client Management\Client\bin,1.0
6561,BMC Client Management Chilli Interpreter,24.1.01.240624,BMC Software Inc.,Application,,C:\Program Files\BMC Software\Client Management\Client\bin,1.0
6561,BMC Client Management Direct Access Proxy Agent,24.1.01.240624,BMC Software Inc.,Application,,C:\Program Files\BMC Software\Client Management\Client\bin,1.0
6561,BMC Client Management Opswat Proxy Agent,24.1.01.240624,BMC Software Inc.,Application,,C:\Program Files\BMC Software\Client Management\Client\bin,1.0
6561,BMC Client Management Package Viewer,24.1.01.240624,BMC Software Inc.,Application,,C:\Program Files\BMC Software\Client Management\Client\bin,1.0
6561,BMC Client Management Patch Broker,24.1.01.240624,BMC Software Inc.,Application,,C:\Program Files\BMC Software\Client Management\Client\bin,1.0
6561,BMC Client Management Proxy Agent,24.1.01.240624,BMC Software Inc.,Application,,C:\Program Files\BMC Software\Client Management\Client\bin,1.0
6561,BMC Client Management Remote Control proxy,24.1.01.240624,BMC Software Inc.,Application,,C:\Program Files\BMC Software\Client Management\Client\bin,1.0
6561,BMC Client Management SCAP,24.1.01.240624,BMC Software Inc.,Application,,C:\Program Files\BMC Software\Client Management\Client\bin,1.0
6561,BMC Client Management Video Proxy Agent,24.1.01.240624,BMC Software Inc.,Application,,C:\Program Files\BMC Software\Client Management\Client\bin,1.0
6561,Boot File Servicing Utility,10.0,Microsoft Corporation Inc.,Application,,C:\Windows,1.0
6561,Browser Protection Native Messaging Host,4.18,Microsoft Corporation Inc.,Application,,C:\Program Files\Windows Defender,1.0
6561,BrowserCore,10.0,Microsoft Corporation Inc.,Application,,C:\Windows\BrowserCore,1.0
6561,CameraBarcodeScannerPreview,10.0,Microsoft Corporation Inc.,Application,,C:\Windows\SystemApps\Windows.CBSPreview_cw5n1h2txyewy,1.0
6561,ChromeEnterpriseCompanion,143.0,Google LLC,Application,,C:\Windows\SystemTemp\scoped_dir16892_363876374\scoped_dir16892_1200625505,1.0
6561,CL5,9.6,Ivanti,Application,,C:\Program Files\BMC Software\Client Management\Client\data\PatchManagementPremium\workspace,3.0
6561,ClickOnce,4.8,Microsoft Corporation Inc.,Application,,C:\Windows\Microsoft.NET\Framework64\v4.0.30319,3.0
6561,Common User Interface,5.8,Musarubra US LLC.,Application,,C:\Program Files\McAfee\Agent\x86,1.0
6561,Copilot,144.0,Microsoft Corporation Inc.,Application,,C:\Program Files (x86)\Microsoft\EdgeWebView\Application\144.0.3719.115,5.0
6561,Copilot Update,1.3,Microsoft Corporation Inc.,Application,,C:\Program Files (x86)\Microsoft\EdgeUpdate,2.0
6561,Credential Dialog Host,10.0,Microsoft Corporation Inc.,Application,,C:\Windows\SystemApps\microsoft.creddialoghost_cw5n1h2txyewy,1.0
6561,CrowdStrike Device Control,7.29,CrowdStrike Inc.,Add/Remove Programs,"November 14, 2025 12:00:00 AM",,
6561,CrowdStrike Device Control Support Tool,7.29,CrowdStrike Inc.,Application,,C:\Program Files\CrowdStrike,1.0
6561,CrowdStrike Falcon Connector,7.32,CrowdStrike Inc.,Application,,C:\Program Files\CrowdStrike,1.0
6561,CrowdStrike Falcon Sensor,7.32,CrowdStrike Inc.,Application,,C:\Program Files\CrowdStrike,1.0
6561,CrowdStrike Falcon Sensor Controller,7.32,CrowdStrike Inc.,Application,,C:\Program Files\CrowdStrike,1.0
6561,CrowdStrike Falcon Sensor Service,7.32,CrowdStrike Inc.,Application,,C:\Program Files\CrowdStrike,1.0
6561,CrowdStrike Falcon Sensor Servlet Container,7.32,CrowdStrike Inc.,Application,,C:\Program Files\CrowdStrike,1.0
6561,CrowdStrike Falcon Sensor Settings Tool,7.32,CrowdStrike Inc.,Application,,C:\Program Files\CrowdStrike,1.0
6561,CrowdStrike Falcon Sensor System Tray Application,7.32,CrowdStrike Inc.,Application,,C:\Program Files\CrowdStrike,2.0
6561,CrowdStrike Firmware Analysis,7.14,CrowdStrike Inc.,Add/Remove Programs,"April 29, 2025 12:00:00 AM",,
6561,CrowdStrike Firmware Analysis Support Tool,7.14,CrowdStrike Inc.,Application,,C:\Program Files\CrowdStrike,1.0
6561,CrowdStrike Forensic Data Collection Tool,1.0,CrowdStrike Inc.,Application,,C:,2.0
6561,CrowdStrike On-Demand Scan Command-line Tool,7.32,CrowdStrike Inc.,Application,,C:\Program Files\CrowdStrike,1.0
6561,CrowdStrike On-Demand Scan Tool,7.32,CrowdStrike Inc.,Application,,C:\Program Files\CrowdStrike,1.0
14879,.NET Framework,3.0,Microsoft Corporation Inc.,Application,,C:\Windows\Microsoft.NET\Framework64\v3.0\Windows Communication Foundation,2.0
14879,.NET Runtime Optimization Service,4.8,Microsoft Corporation Inc.,Application,,C:\Windows\Microsoft.NET\Framework64\v4.0.30319,2.0
14879,.NET Runtime Optimization Service,2.0,Microsoft Corporation Inc.,Application,,C:\Windows\Microsoft.NET\Framework64\v2.0.50727,2.0
14879,64Bit MAPI Mail Agent,1.0,Foxit Software Inc.,Application,,C:\Program Files (x86)\Foxit Software\Foxit Reader,1.0
14879,7-Zip 23.00 (x64),23.0,Igor Pavlov,Add/Remove Programs,,C:\Program Files\7-Zip\,
14879,7-Zip Console,23.0,Igor Pavlov,Application,,C:\Program Files\7-Zip,1.0
14879,7-Zip File Manager,23.0,Igor Pavlov,Application,,C:\Program Files\7-Zip,1.0
14879,7-Zip GUI,23.0,Igor Pavlov,Application,,C:\Program Files\7-Zip,1.0
14879,AAD token broker plugin,10.0,Microsoft Corporation Inc.,Application,,C:\Windows\SystemApps\Microsoft.AAD.BrokerPlugin_cw5n1h2txyewy,1.0
14879,Accounts Control Host,10.0,Microsoft Corporation Inc.,Application,,C:\Windows\SystemApps\Microsoft.AccountsControl_cw5n1h2txyewy,1.0
14879,AddSuggestedFoldersToLibraryDialog,10.0,Microsoft Corporation Inc.,Application,,C:\Windows\SystemApps\Microsoft.Windows.AddSuggestedFoldersToLibraryDialog_cw5n1h2txyewy,1.0
14879,Antimalware Service Executable,4.18,Microsoft Corporation Inc.,Application,,C:\Program Files\Windows Defender,1.0
14879,AppResolverUX,10.0,Microsoft Corporation Inc.,Application,,C:\Windows\SystemApps\Microsoft.Windows.AppResolverUX_cw5n1h2txyewy,1.0
14879,AsyncTextService,10.0,Microsoft Corporation Inc.,Application,,C:\Windows\SystemApps\Microsoft.AsyncTextService_8wekyb3d8bbwe,1.0
14879,Biometric Enrollment Host,10.0,Microsoft Corporation Inc.,Application,,C:\Windows\SystemApps\Microsoft.BioEnrollment_cw5n1h2txyewy,1.0
14879,BMC Client Management Agent,24.1.01.240624,BMC Software Inc.,Application,,C:\Program Files\BMC Software\Client Management\Client\bin,1.0
14879,BMC Client Management Certificate Generator,24.1.01.240624,BMC Software Inc.,Application,,C:\Program Files\BMC Software\Client Management\Client\bin,1.0
14879,BMC Client Management Chilli Interpreter,24.1.01.240624,BMC Software Inc.,Application,,C:\Program Files\BMC Software\Client Management\Client\bin,1.0
14879,BMC Client Management Direct Access Proxy Agent,24.1.01.240624,BMC Software Inc.,Application,,C:\Program Files\BMC Software\Client Management\Client\bin,1.0
14879,BMC Client Management Opswat Proxy Agent,24.1.01.240624,BMC Software Inc.,Application,,C:\Program Files\BMC Software\Client Management\Client\bin,1.0
14879,BMC Client Management Package Viewer,24.1.01.240624,BMC Software Inc.,Application,,C:\Program Files\BMC Software\Client Management\Client\bin,1.0
14879,BMC Client Management Patch Broker,24.1.01.240624,BMC Software Inc.,Application,,C:\Program Files\BMC Software\Client Management\Client\bin,1.0
14879,BMC Client Management Proxy Agent,24.1.01.240624,BMC Software Inc.,Application,,C:\Program Files\BMC Software\Client Management\Client\bin,1.0
14879,BMC Client Management Remote Control proxy,24.1.01.240624,BMC Software Inc.,Application,,C:\Program Files\BMC Software\Client Management\Client\bin,1.0
14879,BMC Client Management SCAP,24.1.01.240624,BMC Software Inc.,Application,,C:\Program Files\BMC Software\Client Management\Client\bin,1.0
14879,BMC Client Management Video Proxy Agent,24.1.01.240624,BMC Software Inc.,Application,,C:\Program Files\BMC Software\Client Management\Client\bin,1.0
14879,Boot File Servicing Utility,10.0,Microsoft Corporation Inc.,Application,,C:\Windows,1.0
14879,BrowserCore,10.0,Microsoft Corporation Inc.,Application,,C:\Windows\BrowserCore,1.0
14879,Calling App to host call progress on shell,10.0,Microsoft Corporation Inc.,Application,,C:\Windows\SystemApps\Microsoft.Windows.CallingShellApp_cw5n1h2txyewy,1.0
14879,CameraBarcodeScannerPreview,10.0,Microsoft Corporation Inc.,Application,,C:\Windows\SystemApps\Windows.CBSPreview_cw5n1h2txyewy,1.0
14879,CL5,9.6,Ivanti,Application,,C:\Program Files\BMC Software\Client Management\Client\data\PatchManagementPremium\workspace,1.0
14879,ClickOnce,4.8,Microsoft Corporation Inc.,Application,,C:\Windows\Microsoft.NET\Framework64\v4.0.30319,3.0
14879,Common User Interface,5.8,Musarubra US LLC.,Application,,C:\Program Files\McAfee\Agent\x86,1.0
14879,Create Virtual Machine,10.0,Microsoft Corporation Inc.,Application,,C:\Program Files\Hyper-V,1.0
14879,Credential Dialog Host,10.0,Microsoft Corporation Inc.,Application,,C:\Windows\SystemApps\microsoft.creddialoghost_cw5n1h2txyewy,1.0
14879,CrowdStrike Device Control,7.29,CrowdStrike Inc.,Add/Remove Programs,"November 14, 2025 12:00:00 AM",,
14879,CrowdStrike Device Control Support Tool,7.29,CrowdStrike Inc.,Application,,C:\Program Files\CrowdStrike,1.0
14879,CrowdStrike Falcon Connector,7.32,CrowdStrike Inc.,Application,,C:\Program Files\CrowdStrike,1.0
14879,CrowdStrike Falcon Sensor,7.32,CrowdStrike Inc.,Application,,C:\Program Files\CrowdStrike,1.0
14879,CrowdStrike Falcon Sensor Controller,7.32,CrowdStrike Inc.,Application,,C:\Program Files\CrowdStrike,1.0
14879,CrowdStrike Falcon Sensor Service,7.32,CrowdStrike Inc.,Application,,C:\Program Files\CrowdStrike,1.0
14879,CrowdStrike Falcon Sensor Servlet Container,7.32,CrowdStrike Inc.,Application,,C:\Program Files\CrowdStrike,1.0
14879,CrowdStrike Falcon Sensor Settings Tool,7.32,CrowdStrike Inc.,Application,,C:\Program Files\CrowdStrike,1.0
14879,CrowdStrike Falcon Sensor System Tray Application,7.32,CrowdStrike Inc.,Application,,C:\Program Files\CrowdStrike,2.0
14879,CrowdStrike Firmware Analysis,7.14,CrowdStrike Inc.,Add/Remove Programs,"June 18, 2025 12:00:00 AM",,
14879,CrowdStrike Firmware Analysis Support Tool,7.14,CrowdStrike Inc.,Application,,C:\Program Files\CrowdStrike,1.0
14879,CrowdStrike On-Demand Scan Command-line Tool,7.32,CrowdStrike Inc.,Application,,C:\Program Files\CrowdStrike,1.0
14879,CrowdStrike On-Demand Scan Tool,7.32,CrowdStrike Inc.,Application,,C:\Program Files\CrowdStrike,1.0
14879,CrowdStrike Sensor Platform,7.32,CrowdStrike Inc.,Add/Remove Programs,"January 15, 2026 12:00:00 AM",,
14879,CrowdStrike Windows Sensor,7.32,CrowdStrike Inc.,Add/Remove Programs,"January 15, 2026 12:00:00 AM",,
15174,.NET Runtime Optimization Service,4.8,Microsoft Corporation Inc.,Application,,C:\Windows\Microsoft.NET\Framework64\v4.0.30319,2.0
15174,64Bit MAPI Mail Agent,1.0,Foxit Software Inc.,Application,,C:\Program Files (x86)\Foxit Software\Foxit PDF Reader,1.0
15174,7-Zip 24.08 (x64),24.08,Igor Pavlov,Add/Remove Programs,,C:\Program Files\7-Zip\,
15174,7-Zip Console,24.08,Igor Pavlov,Application,,C:\Program Files\7-Zip,1.0
15174,7-Zip File Manager,24.08,Igor Pavlov,Application,,C:\Program Files\7-Zip,1.0
15174,7-Zip GUI,24.08,Igor Pavlov,Application,,C:\Program Files\7-Zip,1.0
15174,Accounts Control Host,10.0,Microsoft Corporation Inc.,Application,,C:\Windows\SystemApps\Microsoft.AccountsControl_cw5n1h2txyewy,1.0
15174,AddSuggestedFoldersToLibraryDialog,10.0,Microsoft Corporation Inc.,Application,,C:\Windows\SystemApps\Microsoft.Windows.AddSuggestedFoldersToLibraryDialog_cw5n1h2txyewy,1.0
15174,Antimalware Core Service,4.18,Microsoft Corporation Inc.,Application,,C:\Program Files\Windows Defender,1.0
15174,Antimalware Service Executable,4.18,Microsoft Corporation Inc.,Application,,C:\Program Files\Windows Defender,1.0
15174,AppResolverUX,10.0,Microsoft Corporation Inc.,Application,,C:\Windows\SystemApps\Microsoft.Windows.AppResolverUX_cw5n1h2txyewy,1.0
15174,AsyncTextService,10.0,Microsoft Corporation Inc.,Application,,C:\Windows\SystemApps\Microsoft.AsyncTextService_8wekyb3d8bbwe,1.0
15174,Biometric Enrollment Host,10.0,Microsoft Corporation Inc.,Application,,C:\Windows\SystemApps\Microsoft.BioEnrollment_cw5n1h2txyewy,1.0
15174,BMC Client Management Agent,24.1.01.240624,BMC Software Inc.,Application,,C:\Program Files\BMC Software\Client Management\Client\bin,1.0
15174,BMC Client Management Certificate Generator,24.1.01.240624,BMC Software Inc.,Application,,C:\Program Files\BMC Software\Client Management\Client\bin,1.0
15174,BMC Client Management Chilli Interpreter,24.1.01.240624,BMC Software Inc.,Application,,C:\Program Files\BMC Software\Client Management\Client\bin,1.0
15174,BMC Client Management Direct Access Proxy Agent,24.1.01.240624,BMC Software Inc.,Application,,C:\Program Files\BMC Software\Client Management\Client\bin,1.0
15174,BMC Client Management Opswat Proxy Agent,24.1.01.240624,BMC Software Inc.,Application,,C:\Program Files\BMC Software\Client Management\Client\bin,1.0
15174,BMC Client Management Package Viewer,24.1.01.240624,BMC Software Inc.,Application,,C:\Program Files\BMC Software\Client Management\Client\bin,1.0
15174,BMC Client Management Patch Broker,24.1.01.240624,BMC Software Inc.,Application,,C:\Program Files\BMC Software\Client Management\Client\bin,1.0
15174,BMC Client Management Proxy Agent,24.1.01.240624,BMC Software Inc.,Application,,C:\Program Files\BMC Software\Client Management\Client\bin,1.0
15174,BMC Client Management Remote Control proxy,24.1.01.240624,BMC Software Inc.,Application,,C:\Program Files\BMC Software\Client Management\Client\bin,1.0
15174,BMC Client Management SCAP,24.1.01.240624,BMC Software Inc.,Application,,C:\Program Files\BMC Software\Client Management\Client\bin,1.0
15174,BMC Client Management SFX,24.1.01.240624,BMC Software Inc.,Application,,D:\BFI Standarisasi\bmc,1.0
15174,BMC Client Management Video Proxy Agent,24.1.01.240624,BMC Software Inc.,Application,,C:\Program Files\BMC Software\Client Management\Client\bin,1.0
15174,Boot File Servicing Utility,10.0,Microsoft Corporation Inc.,Application,,C:\Windows,1.0
15174,Browser Protection Native Messaging Host,4.18,Microsoft Corporation Inc.,Application,,C:\Program Files\Windows Defender,1.0
15174,BrowserCore,10.0,Microsoft Corporation Inc.,Application,,C:\Windows\BrowserCore,1.0
15174,CameraBarcodeScannerPreview,10.0,Microsoft Corporation Inc.,Application,,C:\Windows\SystemApps\Windows.CBSPreview_cw5n1h2txyewy,1.0
15174,ChromeEnterpriseCompanion,143.0,Google LLC,Application,,C:\Windows\SystemTemp\scoped_dir10328_382210636\scoped_dir10328_2084315773,1.0
15174,CL5,9.6,Ivanti,Application,,C:\Program Files\BMC Software\Client Management\Client\data\PatchManagementPremium\workspace,1.0
15174,ClickOnce,4.8,Microsoft Corporation Inc.,Application,,C:\Windows\Microsoft.NET\Framework64\v4.0.30319,3.0
15174,Common User Interface,5.8,Musarubra US LLC.,Application,,C:\Program Files\McAfee\Agent\x86,1.0
15174,Copilot,144.0,Microsoft Corporation Inc.,Application,,C:\Program Files (x86)\Microsoft\EdgeWebView\Application\144.0.3719.93,7.0
15174,Copilot Update,1.3,Microsoft Corporation Inc.,Application,,C:\Program Files (x86)\Microsoft\EdgeUpdate,2.0
15174,Credential Dialog Host,10.0,Microsoft Corporation Inc.,Application,,C:\Windows\SystemApps\microsoft.creddialoghost_cw5n1h2txyewy,1.0
15174,CrowdStrike Device Control,7.29,CrowdStrike Inc.,Add/Remove Programs,"November 14, 2025 12:00:00 AM",,
15174,CrowdStrike Device Control Support Tool,7.29,CrowdStrike Inc.,Application,,C:\Program Files\CrowdStrike,1.0
15174,CrowdStrike Falcon Connector,7.32,CrowdStrike Inc.,Application,,C:\Program Files\CrowdStrike,1.0
15174,CrowdStrike Falcon Sensor,7.32,CrowdStrike Inc.,Application,,C:\Program Files\CrowdStrike,1.0
15174,CrowdStrike Falcon Sensor Controller,7.32,CrowdStrike Inc.,Application,,C:\Program Files\CrowdStrike,1.0
15174,CrowdStrike Falcon Sensor Service,7.32,CrowdStrike Inc.,Application,,C:\Program Files\CrowdStrike,1.0
15174,CrowdStrike Falcon Sensor Servlet Container,7.32,CrowdStrike Inc.,Application,,C:\Program Files\CrowdStrike,1.0
15174,CrowdStrike Falcon Sensor Settings Tool,7.32,CrowdStrike Inc.,Application,,C:\Program Files\CrowdStrike,1.0
15174,CrowdStrike Falcon Sensor System Tray Application,7.32,CrowdStrike Inc.,Application,,C:\Program Files\CrowdStrike,2.0
15174,CrowdStrike Firmware Analysis,7.14,CrowdStrike Inc.,Add/Remove Programs,"May 22, 2025 12:00:00 AM",,
15174,CrowdStrike Firmware Analysis Support Tool,7.14,CrowdStrike Inc.,Application,,C:\Program Files\CrowdStrike,1.0
15174,CrowdStrike On-Demand Scan Command-line Tool,7.32,CrowdStrike Inc.,Application,,C:\Program Files\CrowdStrike,1.0
15174,CrowdStrike On-Demand Scan Tool,7.32,CrowdStrike Inc.,Application,,C:\Program Files\CrowdStrike,1.0
15174,CrowdStrike Sensor Platform,7.32,CrowdStrike Inc.,Add/Remove Programs,"January 14, 2026 12:00:00 AM",,
6709,.NET Runtime Optimization Service,4.8,Microsoft Corporation Inc.,Application,,C:\Windows\Microsoft.NET\Framework64\v4.0.30319,2.0
6709,64Bit MAPI Mail Agent,1.0,Foxit Software Inc.,Application,,C:\Program Files (x86)\Foxit Software\Foxit PDF Reader,1.0
6709,7-Zip 24.09 (x64),24.09,Igor Pavlov,Add/Remove Programs,,C:\Program Files\7-Zip\,
6709,7-Zip Console,24.09,Igor Pavlov,Application,,C:\Program Files\7-Zip,1.0
6709,7-Zip File Manager,24.09,Igor Pavlov,Application,,C:\Program Files\7-Zip,1.0
6709,7-Zip GUI,24.09,Igor Pavlov,Application,,C:\Program Files\7-Zip,1.0
6709,Accounts Control Host,10.0,Microsoft Corporation Inc.,Application,,C:\Windows\SystemApps\Microsoft.AccountsControl_cw5n1h2txyewy,1.0
6709,AddSuggestedFoldersToLibraryDialog,10.0,Microsoft Corporation Inc.,Application,,C:\Windows\SystemApps\Microsoft.Windows.AddSuggestedFoldersToLibraryDialog_cw5n1h2txyewy,1.0
6709,Antimalware Core Service,4.18,Microsoft Corporation Inc.,Application,,C:\Program Files\Windows Defender,1.0
6709,Antimalware Service Executable,4.18,Microsoft Corporation Inc.,Application,,C:\Program Files\Windows Defender,1.0
6709,AppFollower,1.3,Conexant Systems Inc.,Application,,C:\Program Files\CONEXANT\Flow,1.0
6709,AppResolverUX,10.0,Microsoft Corporation Inc.,Application,,C:\Windows\SystemApps\Microsoft.Windows.AppResolverUX_cw5n1h2txyewy,1.0
6709,AsyncTextService,10.0,Microsoft Corporation Inc.,Application,,C:\Windows\SystemApps\Microsoft.AsyncTextService_8wekyb3d8bbwe,1.0
6709,Audio Control,4.0,Conexant Systems LLC.,Application,,C:\Program Files\CONEXANT\Install\Audio\SA3\SA3\Dyson,2.0
6709,Audio Controls Control Panel,4.0,Conexant Systems LLC.,Application,,C:\Program Files\CONEXANT\SA3\HP-NB-AIO,3.0
6709,Bang & Olufsen,4.0,Conexant Systems LLC.,Application,,C:\Program Files\CONEXANT\Install\Audio\SA3\SA3\BandO,2.0
6709,Biometric Enrollment Host,10.0,Microsoft Corporation Inc.,Application,,C:\Windows\SystemApps\Microsoft.BioEnrollment_cw5n1h2txyewy,1.0
6709,BMC Client Management Agent,24.1.01.240624,BMC Software Inc.,Application,,C:\Program Files\BMC Software\Client Management\Client\bin,1.0
6709,BMC Client Management Certificate Generator,24.1.01.240624,BMC Software Inc.,Application,,C:\Program Files\BMC Software\Client Management\Client\bin,1.0
6709,BMC Client Management Chilli Interpreter,24.1.01.240624,BMC Software Inc.,Application,,C:\Program Files\BMC Software\Client Management\Client\bin,1.0
6709,BMC Client Management Direct Access Proxy Agent,24.1.01.240624,BMC Software Inc.,Application,,C:\Program Files\BMC Software\Client Management\Client\bin,1.0
6709,BMC Client Management Opswat Proxy Agent,24.1.01.240624,BMC Software Inc.,Application,,C:\Program Files\BMC Software\Client Management\Client\bin,1.0
6709,BMC Client Management Package Viewer,24.1.01.240624,BMC Software Inc.,Application,,C:\Program Files\BMC Software\Client Management\Client\bin,1.0
6709,BMC Client Management Patch Broker,24.1.01.240624,BMC Software Inc.,Application,,C:\Program Files\BMC Software\Client Management\Client\bin,1.0
6709,BMC Client Management Proxy Agent,24.1.01.240624,BMC Software Inc.,Application,,C:\Program Files\BMC Software\Client Management\Client\bin,1.0
6709,BMC Client Management Remote Control proxy,24.1.01.240624,BMC Software Inc.,Application,,C:\Program Files\BMC Software\Client Management\Client\bin,1.0
6709,BMC Client Management SCAP,24.1.01.240624,BMC Software Inc.,Application,,C:\Program Files\BMC Software\Client Management\Client\bin,1.0
6709,BMC Client Management SFX,24.1.01.240624,BMC Software Inc.,Application,,D:\Master IT,1.0
6709,BMC Client Management Video Proxy Agent,24.1.01.240624,BMC Software Inc.,Application,,C:\Program Files\BMC Software\Client Management\Client\bin,1.0
6709,Boot File Servicing Utility,10.0,Microsoft Corporation Inc.,Application,,C:\Windows,1.0
6709,Browser Protection Native Messaging Host,4.18,Microsoft Corporation Inc.,Application,,C:\Program Files\Windows Defender,1.0
6709,BrowserCore,10.0,Microsoft Corporation Inc.,Application,,C:\Windows\BrowserCore,1.0
6709,CameraBarcodeScannerPreview,10.0,Microsoft Corporation Inc.,Application,,C:\Windows\SystemApps\Windows.CBSPreview_cw5n1h2txyewy,1.0
6709,CL5,9.6,Ivanti,Application,,C:\Program Files\BMC Software\Client Management\Client\data\PatchManagementPremium\workspace,1.0
6709,ClickOnce,4.8,Microsoft Corporation Inc.,Application,,C:\Windows\Microsoft.NET\Framework64\v4.0.30319,3.0
6709,CnxtNotify,1.0,Conexant Systems Inc.,Application,,C:\Program Files\CONEXANT\SA3\HP-NB-AIO,1.0
6709,Common User Interface,5.8,Musarubra US LLC.,Application,,C:\Program Files\McAfee\Agent\x86,1.0
6709,Credential Dialog Host,10.0,Microsoft Corporation Inc.,Application,,C:\Windows\SystemApps\microsoft.creddialoghost_cw5n1h2txyewy,1.0
6709,CrowdStrike Device Control,7.29,CrowdStrike Inc.,Add/Remove Programs,"November 14, 2025 12:00:00 AM",,
6709,CrowdStrike Device Control Support Tool,7.29,CrowdStrike Inc.,Application,,C:\Program Files\CrowdStrike,1.0
6709,CrowdStrike Falcon Connector,7.32,CrowdStrike Inc.,Application,,C:\Program Files\CrowdStrike,1.0
6709,CrowdStrike Falcon Sensor,7.32,CrowdStrike Inc.,Application,,C:\Program Files\CrowdStrike,1.0
6709,CrowdStrike Falcon Sensor Controller,7.32,CrowdStrike Inc.,Application,,C:\Program Files\CrowdStrike,1.0
6709,CrowdStrike Falcon Sensor Service,7.32,CrowdStrike Inc.,Application,,C:\Program Files\CrowdStrike,1.0
6709,CrowdStrike Falcon Sensor Servlet Container,7.32,CrowdStrike Inc.,Application,,C:\Program Files\CrowdStrike,1.0
6709,CrowdStrike Falcon Sensor Settings Tool,7.32,CrowdStrike Inc.,Application,,C:\Program Files\CrowdStrike,1.0
6709,CrowdStrike Falcon Sensor System Tray Application,7.32,CrowdStrike Inc.,Application,,C:\Program Files\CrowdStrike,2.0
6709,CrowdStrike Firmware Analysis,7.14,CrowdStrike Inc.,Add/Remove Programs,"July 30, 2025 12:00:00 AM",,
6709,CrowdStrike Firmware Analysis Support Tool,7.14,CrowdStrike Inc.,Application,,C:\Program Files\CrowdStrike,1.0
6709,CrowdStrike On-Demand Scan Command-line Tool,7.32,CrowdStrike Inc.,Application,,C:\Program Files\CrowdStrike,1.0
7907,.NET Runtime Optimization Service,4.8,Microsoft Corporation Inc.,Application,,C:\Windows\Microsoft.NET\Framework64\v4.0.30319,2.0
7907,64Bit MAPI Mail Agent,1.0,Foxit Software Inc.,Application,,C:\Program Files (x86)\Foxit Software\Foxit PDF Reader,1.0
7907,7-Zip 24.09 (x64),24.09,Igor Pavlov,Add/Remove Programs,,C:\Program Files\7-Zip\,
7907,7-Zip Console,24.09,Igor Pavlov,Application,,C:\Program Files\7-Zip,1.0
7907,7-Zip File Manager,24.09,Igor Pavlov,Application,,C:\Program Files\7-Zip,1.0
7907,7-Zip GUI,24.09,Igor Pavlov,Application,,C:\Program Files\7-Zip,1.0
7907,Accounts Control Host,10.0,Microsoft Corporation Inc.,Application,,C:\Windows\SystemApps\Microsoft.AccountsControl_cw5n1h2txyewy,1.0
7907,AddSuggestedFoldersToLibraryDialog,10.0,Microsoft Corporation Inc.,Application,,C:\Windows\SystemApps\Microsoft.Windows.AddSuggestedFoldersToLibraryDialog_cw5n1h2txyewy,1.0
7907,Antimalware Core Service,4.18,Microsoft Corporation Inc.,Application,,C:\Program Files\Windows Defender,1.0
7907,Antimalware Service Executable,4.18,Microsoft Corporation Inc.,Application,,C:\Program Files\Windows Defender,1.0
7907,AppResolverUX,10.0,Microsoft Corporation Inc.,Application,,C:\Windows\SystemApps\Microsoft.Windows.AppResolverUX_cw5n1h2txyewy,1.0
7907,AsyncTextService,10.0,Microsoft Corporation Inc.,Application,,C:\Windows\SystemApps\Microsoft.AsyncTextService_8wekyb3d8bbwe,1.0
7907,Biometric Enrollment Host,10.0,Microsoft Corporation Inc.,Application,,C:\Windows\SystemApps\Microsoft.BioEnrollment_cw5n1h2txyewy,1.0
7907,BMC Client Management Agent,24.1.01.240624,BMC Software Inc.,Application,,C:\Program Files\BMC Software\Client Management\Client\bin,1.0
7907,BMC Client Management Certificate Generator,24.1.01.240624,BMC Software Inc.,Application,,C:\Program Files\BMC Software\Client Management\Client\bin,1.0
7907,BMC Client Management Chilli Interpreter,24.1.01.240624,BMC Software Inc.,Application,,C:\Program Files\BMC Software\Client Management\Client\bin,1.0
7907,BMC Client Management Direct Access Proxy Agent,24.1.01.240624,BMC Software Inc.,Application,,C:\Program Files\BMC Software\Client Management\Client\bin,1.0
7907,BMC Client Management Opswat Proxy Agent,24.1.01.240624,BMC Software Inc.,Application,,C:\Program Files\BMC Software\Client Management\Client\bin,1.0
7907,BMC Client Management Package Viewer,24.1.01.240624,BMC Software Inc.,Application,,C:\Program Files\BMC Software\Client Management\Client\bin,1.0
7907,BMC Client Management Patch Broker,24.1.01.240624,BMC Software Inc.,Application,,C:\Program Files\BMC Software\Client Management\Client\bin,1.0
7907,BMC Client Management Proxy Agent,24.1.01.240624,BMC Software Inc.,Application,,C:\Program Files\BMC Software\Client Management\Client\bin,1.0
7907,BMC Client Management Remote Control proxy,24.1.01.240624,BMC Software Inc.,Application,,C:\Program Files\BMC Software\Client Management\Client\bin,1.0
7907,BMC Client Management SCAP,24.1.01.240624,BMC Software Inc.,Application,,C:\Program Files\BMC Software\Client Management\Client\bin,1.0
7907,BMC Client Management SFX,24.1.01.240624,BMC Software Inc.,Application,,D:\Master IT,1.0
7907,BMC Client Management Video Proxy Agent,24.1.01.240624,BMC Software Inc.,Application,,C:\Program Files\BMC Software\Client Management\Client\bin,1.0
7907,Boot File Servicing Utility,10.0,Microsoft Corporation Inc.,Application,,C:\Windows,1.0
7907,Browser Protection Native Messaging Host,4.18,Microsoft Corporation Inc.,Application,,C:\Program Files\Windows Defender,1.0
7907,BrowserCore,10.0,Microsoft Corporation Inc.,Application,,C:\Windows\BrowserCore,1.0
7907,CameraBarcodeScannerPreview,10.0,Microsoft Corporation Inc.,Application,,C:\Windows\SystemApps\Windows.CBSPreview_cw5n1h2txyewy,1.0
7907,ChromeEnterpriseCompanion,143.0,Google LLC,Application,,C:\Windows\SystemTemp\scoped_dir7220_1169687324\scoped_dir7220_1951457645,1.0
7907,CL5,9.6,Ivanti,Application,,C:\Program Files\BMC Software\Client Management\Client\data\PatchManagementPremium\workspace,4.0
7907,ClickOnce,4.8,Microsoft Corporation Inc.,Application,,C:\Windows\Microsoft.NET\Framework64\v4.0.30319,3.0
7907,Common User Interface,5.8,Musarubra US LLC.,Application,,C:\Program Files\McAfee\Agent\x86,1.0
7907,Copilot,144.0,Microsoft Corporation Inc.,Application,,C:\Program Files (x86)\Microsoft\EdgeWebView\Application\144.0.3719.115,5.0
7907,Copilot Update,1.3,Microsoft Corporation Inc.,Application,,C:\Program Files (x86)\Microsoft\EdgeUpdate,2.0
7907,Credential Dialog Host,10.0,Microsoft Corporation Inc.,Application,,C:\Windows\SystemApps\microsoft.creddialoghost_cw5n1h2txyewy,1.0
7907,CrowdStrike Device Control,7.29,CrowdStrike Inc.,Add/Remove Programs,"November 14, 2025 12:00:00 AM",,
7907,CrowdStrike Device Control Support Tool,7.29,CrowdStrike Inc.,Application,,C:\Program Files\CrowdStrike,1.0
7907,CrowdStrike Falcon Connector,7.32,CrowdStrike Inc.,Application,,C:\Program Files\CrowdStrike,1.0
7907,CrowdStrike Falcon Sensor,7.32,CrowdStrike Inc.,Application,,C:\Program Files\CrowdStrike,1.0
7907,CrowdStrike Falcon Sensor Controller,7.32,CrowdStrike Inc.,Application,,C:\Program Files\CrowdStrike,1.0
7907,CrowdStrike Falcon Sensor Service,7.32,CrowdStrike Inc.,Application,,C:\Program Files\CrowdStrike,1.0
7907,CrowdStrike Falcon Sensor Servlet Container,7.32,CrowdStrike Inc.,Application,,C:\Program Files\CrowdStrike,1.0
7907,CrowdStrike Falcon Sensor Settings Tool,7.32,CrowdStrike Inc.,Application,,C:\Program Files\CrowdStrike,1.0
7907,CrowdStrike Falcon Sensor System Tray Application,7.32,CrowdStrike Inc.,Application,,C:\Program Files\CrowdStrike,2.0
7907,CrowdStrike Firmware Analysis,7.14,CrowdStrike Inc.,Add/Remove Programs,"July 25, 2025 12:00:00 AM",,
7907,CrowdStrike Firmware Analysis Support Tool,7.14,CrowdStrike Inc.,Application,,C:\Program Files\CrowdStrike,1.0
7907,CrowdStrike On-Demand Scan Command-line Tool,7.32,CrowdStrike Inc.,Application,,C:\Program Files\CrowdStrike,1.0
7907,CrowdStrike On-Demand Scan Tool,7.32,CrowdStrike Inc.,Application,,C:\Program Files\CrowdStrike,1.0
7907,CrowdStrike Sensor Platform,7.32,CrowdStrike Inc.,Add/Remove Programs,"January 14, 2026 12:00:00 AM",,
10005,.NET Framework,3.0,Microsoft Corporation Inc.,Application,,C:\Windows\Microsoft.NET\Framework64\v3.0\Windows Communication Foundation,2.0
10005,.NET Runtime Optimization Service,2.0,Microsoft Corporation Inc.,Application,,C:\Windows\Microsoft.NET\Framework64\v2.0.50727,2.0
10005,.NET Runtime Optimization Service,4.8,Microsoft Corporation Inc.,Application,,C:\Windows\Microsoft.NET\Framework64\v4.0.30319,2.0
10005,64Bit MAPI Mail Agent,1.0,Foxit Software Inc.,Application,,C:\Program Files (x86)\Foxit Software\Foxit Reader,1.0
10005,7-Zip 24.08 (x64 edition),24.08,Igor Pavlov,Add/Remove Programs,"November 26, 2024 12:00:00 AM",,
10005,7-Zip Console,24.08,Igor Pavlov,Application,,C:\Program Files\7-Zip,1.0
10005,7-Zip File Manager,24.08,Igor Pavlov,Application,,C:\Program Files\7-Zip,1.0
10005,7-Zip GUI,24.08,Igor Pavlov,Application,,C:\Program Files\7-Zip,1.0
10005,Accounts Control Host,10.0,Microsoft Corporation Inc.,Application,,C:\Windows\SystemApps\Microsoft.AccountsControl_cw5n1h2txyewy,1.0
10005,AddSuggestedFoldersToLibraryDialog,10.0,Microsoft Corporation Inc.,Application,,C:\Windows\SystemApps\Microsoft.Windows.AddSuggestedFoldersToLibraryDialog_cw5n1h2txyewy,1.0
10005,Antimalware Core Service,4.18,Microsoft Corporation Inc.,Application,,C:\Program Files\Windows Defender,1.0
10005,Antimalware Service Executable,4.18,Microsoft Corporation Inc.,Application,,C:\Program Files\Windows Defender,1.0
10005,AppResolverUX,10.0,Microsoft Corporation Inc.,Application,,C:\Windows\SystemApps\Microsoft.Windows.AppResolverUX_cw5n1h2txyewy,1.0
10005,AsyncTextService,10.0,Microsoft Corporation Inc.,Application,,C:\Windows\SystemApps\Microsoft.AsyncTextService_8wekyb3d8bbwe,1.0
10005,Biometric Enrollment Host,10.0,Microsoft Corporation Inc.,Application,,C:\Windows\SystemApps\Microsoft.BioEnrollment_cw5n1h2txyewy,1.0
10005,BMC Client Management Agent,24.1.01.240624,BMC Software Inc.,Application,,C:\Program Files\BMC Software\Client Management\Client\bin,1.0
10005,BMC Client Management Certificate Generator,24.1.01.240624,BMC Software Inc.,Application,,C:\Program Files\BMC Software\Client Management\Client\bin,1.0
10005,BMC Client Management Chilli Interpreter,24.1.01.240624,BMC Software Inc.,Application,,C:\Program Files\BMC Software\Client Management\Client\bin,1.0
10005,BMC Client Management Direct Access Proxy Agent,24.1.01.240624,BMC Software Inc.,Application,,C:\Program Files\BMC Software\Client Management\Client\bin,1.0
10005,BMC Client Management Opswat Proxy Agent,24.1.01.240624,BMC Software Inc.,Application,,C:\Program Files\BMC Software\Client Management\Client\bin,1.0
10005,BMC Client Management Package Viewer,24.1.01.240624,BMC Software Inc.,Application,,C:\Program Files\BMC Software\Client Management\Client\bin,1.0
10005,BMC Client Management Patch Broker,24.1.01.240624,BMC Software Inc.,Application,,C:\Program Files\BMC Software\Client Management\Client\bin,1.0
10005,BMC Client Management Proxy Agent,24.1.01.240624,BMC Software Inc.,Application,,C:\Program Files\BMC Software\Client Management\Client\bin,1.0
10005,BMC Client Management Remote Control proxy,24.1.01.240624,BMC Software Inc.,Application,,C:\Program Files\BMC Software\Client Management\Client\bin,1.0
10005,BMC Client Management SCAP,24.1.01.240624,BMC Software Inc.,Application,,C:\Program Files\BMC Software\Client Management\Client\bin,1.0
10005,BMC Client Management Video Proxy Agent,24.1.01.240624,BMC Software Inc.,Application,,C:\Program Files\BMC Software\Client Management\Client\bin,1.0
10005,Boot File Servicing Utility,10.0,Microsoft Corporation Inc.,Application,,C:\Windows,1.0
10005,Browser Protection Native Messaging Host,4.18,Microsoft Corporation Inc.,Application,,C:\Program Files\Windows Defender,1.0
10005,BrowserCore,10.0,Microsoft Corporation Inc.,Application,,C:\Windows\BrowserCore,1.0
10005,CameraBarcodeScannerPreview,10.0,Microsoft Corporation Inc.,Application,,C:\Windows\SystemApps\Windows.CBSPreview_cw5n1h2txyewy,1.0
10005,CL5,9.6,Ivanti,Application,,C:\Program Files\BMC Software\Client Management\Client\data\PatchManagementPremium\workspace,1.0
10005,ClickOnce,4.8,Microsoft Corporation Inc.,Application,,C:\Windows\Microsoft.NET\Framework64\v4.0.30319,3.0
10005,Common User Interface,5.8,Musarubra US LLC.,Application,,C:\Program Files\McAfee\Agent\x86,1.0
10005,Copilot,144.0,Microsoft Corporation Inc.,Application,,C:\Program Files (x86)\Microsoft\EdgeWebView\Application\144.0.3719.115,5.0
10005,Copilot Update,1.3,Microsoft Corporation Inc.,Application,,C:\Program Files (x86)\Microsoft\EdgeUpdate,2.0
10005,Create a self-signed digital certificate,15.0,Microsoft Corporation Inc.,Application,,C:\Program Files\Microsoft Office\Office15,1.0
10005,Create Virtual Machine,10.0,Microsoft Corporation Inc.,Application,,C:\Program Files\Hyper-V,1.0
10005,Credential Dialog Host,10.0,Microsoft Corporation Inc.,Application,,C:\Windows\SystemApps\microsoft.creddialoghost_cw5n1h2txyewy,1.0
10005,CrowdStrike Device Control,7.29,CrowdStrike Inc.,Add/Remove Programs,"November 14, 2025 12:00:00 AM",,
10005,CrowdStrike Device Control Support Tool,7.29,CrowdStrike Inc.,Application,,C:\Program Files\CrowdStrike,1.0
10005,CrowdStrike Falcon Connector,7.32,CrowdStrike Inc.,Application,,C:\Program Files\CrowdStrike,1.0
10005,CrowdStrike Falcon Sensor,7.32,CrowdStrike Inc.,Application,,C:\Program Files\CrowdStrike,1.0
10005,CrowdStrike Falcon Sensor Controller,7.32,CrowdStrike Inc.,Application,,C:\Program Files\CrowdStrike,1.0
10005,CrowdStrike Falcon Sensor Service,7.32,CrowdStrike Inc.,Application,,C:\Program Files\CrowdStrike,1.0
10005,CrowdStrike Falcon Sensor Servlet Container,7.32,CrowdStrike Inc.,Application,,C:\Program Files\CrowdStrike,1.0
10005,CrowdStrike Falcon Sensor Settings Tool,7.32,CrowdStrike Inc.,Application,,C:\Program Files\CrowdStrike,1.0
10005,CrowdStrike Falcon Sensor System Tray Application,7.32,CrowdStrike Inc.,Application,,C:\Program Files\CrowdStrike,2.0
10005,CrowdStrike Firmware Analysis,7.14,CrowdStrike Inc.,Add/Remove Programs,"July 24, 2025 12:00:00 AM",,
10005,CrowdStrike Firmware Analysis Support Tool,7.14,CrowdStrike Inc.,Application,,C:\Program Files\CrowdStrike,1.0
10005,CrowdStrike On-Demand Scan Command-line Tool,7.32,CrowdStrike Inc.,Application,,C:\Program Files\CrowdStrike,1.0
11696,.NET Runtime Optimization Service,4.8,Microsoft Corporation Inc.,Application,,C:\Windows\Microsoft.NET\Framework64\v4.0.30319,2.0
11696,64Bit MAPI Mail Agent,1.0,Foxit Software Inc.,Application,,C:\Program Files (x86)\Foxit Software\Foxit PDF Reader,1.0
11696,7-Zip 24.08 (x64 edition),24.08,Igor Pavlov,Add/Remove Programs,"November 26, 2024 12:00:00 AM",,
11696,7-Zip Console,24.08,Igor Pavlov,Application,,C:\Program Files\7-Zip,1.0
11696,7-Zip File Manager,24.08,Igor Pavlov,Application,,C:\Program Files\7-Zip,1.0
11696,7-Zip GUI,24.08,Igor Pavlov,Application,,C:\Program Files\7-Zip,1.0
11696,AAD token broker plugin,10.0,Microsoft Corporation Inc.,Application,,C:\Windows\SystemApps\Microsoft.AAD.BrokerPlugin_cw5n1h2txyewy,1.0
11696,Accounts Control Host,10.0,Microsoft Corporation Inc.,Application,,C:\Windows\SystemApps\Microsoft.AccountsControl_cw5n1h2txyewy,1.0
11696,AddSuggestedFoldersToLibraryDialog,10.0,Microsoft Corporation Inc.,Application,,C:\Windows\SystemApps\Microsoft.Windows.AddSuggestedFoldersToLibraryDialog_cw5n1h2txyewy,1.0
11696,Antimalware Service Executable,4.18,Microsoft Corporation Inc.,Application,,C:\Program Files\Windows Defender,1.0
11696,AppResolverUX,10.0,Microsoft Corporation Inc.,Application,,C:\Windows\SystemApps\Microsoft.Windows.AppResolverUX_cw5n1h2txyewy,1.0
11696,AsyncTextService,10.0,Microsoft Corporation Inc.,Application,,C:\Windows\SystemApps\Microsoft.AsyncTextService_8wekyb3d8bbwe,1.0
11696,Biometric Enrollment Host,10.0,Microsoft Corporation Inc.,Application,,C:\Windows\SystemApps\Microsoft.BioEnrollment_cw5n1h2txyewy,1.0
11696,BMC Client Management Agent,24.1.01.240624,BMC Software Inc.,Application,,C:\Program Files\BMC Software\Client Management\Client\bin,1.0
11696,BMC Client Management Certificate Generator,24.1.01.240624,BMC Software Inc.,Application,,C:\Program Files\BMC Software\Client Management\Client\bin,1.0
11696,BMC Client Management Chilli Interpreter,24.1.01.240624,BMC Software Inc.,Application,,C:\Program Files\BMC Software\Client Management\Client\bin,1.0
11696,BMC Client Management Direct Access Proxy Agent,24.1.01.240624,BMC Software Inc.,Application,,C:\Program Files\BMC Software\Client Management\Client\bin,1.0
11696,BMC Client Management Opswat Proxy Agent,24.1.01.240624,BMC Software Inc.,Application,,C:\Program Files\BMC Software\Client Management\Client\bin,1.0
11696,BMC Client Management Package Viewer,24.1.01.240624,BMC Software Inc.,Application,,C:\Program Files\BMC Software\Client Management\Client\bin,1.0
11696,BMC Client Management Patch Broker,24.1.01.240624,BMC Software Inc.,Application,,C:\Program Files\BMC Software\Client Management\Client\bin,1.0
11696,BMC Client Management Proxy Agent,24.1.01.240624,BMC Software Inc.,Application,,C:\Program Files\BMC Software\Client Management\Client\bin,1.0
11696,BMC Client Management Remote Control proxy,24.1.01.240624,BMC Software Inc.,Application,,C:\Program Files\BMC Software\Client Management\Client\bin,1.0
11696,BMC Client Management SCAP,24.1.01.240624,BMC Software Inc.,Application,,C:\Program Files\BMC Software\Client Management\Client\bin,1.0
11696,BMC Client Management Video Proxy Agent,24.1.01.240624,BMC Software Inc.,Application,,C:\Program Files\BMC Software\Client Management\Client\bin,1.0
11696,Boot File Servicing Utility,10.0,Microsoft Corporation Inc.,Application,,C:\Windows,1.0
11696,BrowserCore,10.0,Microsoft Corporation Inc.,Application,,C:\Windows\BrowserCore,1.0
11696,Calling App to host call progress on shell,10.0,Microsoft Corporation Inc.,Application,,C:\Windows\SystemApps\Microsoft.Windows.CallingShellApp_cw5n1h2txyewy,1.0
11696,CameraBarcodeScannerPreview,10.0,Microsoft Corporation Inc.,Application,,C:\Windows\SystemApps\Windows.CBSPreview_cw5n1h2txyewy,1.0
11696,CDA Client Application,1.62,,Application,,C:\Program Files (x86)\HP\Easy Printer Manager,2.0
11696,CDA Recovery,1.2,,Application,,C:\Program Files (x86)\HP\Easy Printer Manager,1.0
11696,CDA Server,1.62,,Application,,C:\Program Files (x86)\Common Files\Common Desktop Agent,2.0
11696,ChromeEnterpriseCompanion,143.0,Google LLC,Application,,C:\Windows\SystemTemp\scoped_dir8508_1586599132\scoped_dir8508_866527325,1.0
11696,CL5,9.6,Ivanti,Application,,C:\Program Files\BMC Software\Client Management\Client\data\PatchManagementPremium\workspace,1.0
11696,ClickOnce,4.8,Microsoft Corporation Inc.,Application,,C:\Windows\Microsoft.NET\Framework64\v4.0.30319,3.0
11696,Common Desktop Agent,1.62,OEM,Add/Remove Programs,"July 20, 2023 12:00:00 AM",,
11696,Credential Dialog Host,10.0,Microsoft Corporation Inc.,Application,,C:\Windows\SystemApps\microsoft.creddialoghost_cw5n1h2txyewy,1.0
11696,CrowdStrike Device Control,7.29,CrowdStrike Inc.,Add/Remove Programs,"November 14, 2025 12:00:00 AM",,
11696,CrowdStrike Device Control Support Tool,7.29,CrowdStrike Inc.,Application,,C:\Program Files\CrowdStrike,1.0
11696,CrowdStrike Falcon Connector,7.32,CrowdStrike Inc.,Application,,C:\Program Files\CrowdStrike,1.0
11696,CrowdStrike Falcon Sensor,7.32,CrowdStrike Inc.,Application,,C:\Program Files\CrowdStrike,1.0
11696,CrowdStrike Falcon Sensor Controller,7.32,CrowdStrike Inc.,Application,,C:\Program Files\CrowdStrike,1.0
11696,CrowdStrike Falcon Sensor Service,7.32,CrowdStrike Inc.,Application,,C:\Program Files\CrowdStrike,1.0
11696,CrowdStrike Falcon Sensor Servlet Container,7.32,CrowdStrike Inc.,Application,,C:\Program Files\CrowdStrike,1.0
11696,CrowdStrike Falcon Sensor Settings Tool,7.32,CrowdStrike Inc.,Application,,C:\Program Files\CrowdStrike,1.0
11696,CrowdStrike Falcon Sensor System Tray Application,7.32,CrowdStrike Inc.,Application,,C:\Program Files\CrowdStrike,2.0
11696,CrowdStrike Firmware Analysis,7.14,CrowdStrike Inc.,Add/Remove Programs,"May 22, 2025 12:00:00 AM",,
11696,CrowdStrike Firmware Analysis Support Tool,7.14,CrowdStrike Inc.,Application,,C:\Program Files\CrowdStrike,1.0
11696,CrowdStrike On-Demand Scan Command-line Tool,7.32,CrowdStrike Inc.,Application,,C:\Program Files\CrowdStrike,1.0
11696,CrowdStrike On-Demand Scan Tool,7.32,CrowdStrike Inc.,Application,,C:\Program Files\CrowdStrike,1.0
11696,CrowdStrike Sensor Platform,7.32,CrowdStrike Inc.,Add/Remove Programs,"January 14, 2026 12:00:00 AM",,
16734,.NET Runtime Optimization Service,4.8,Microsoft Corporation Inc.,Application,,C:\Windows\Microsoft.NET\Framework64\v4.0.30319,2.0
16734,64Bit MAPI Mail Agent,1.0,Foxit Software Inc.,Application,,C:\Program Files (x86)\Foxit Software\Foxit PDF Reader,1.0
16734,7-Zip 24.09 (x64),24.09,Igor Pavlov,Add/Remove Programs,,C:\Program Files\7-Zip\,
16734,7-Zip Console,24.09,Igor Pavlov,Application,,C:\Program Files\7-Zip,1.0
16734,7-Zip File Manager,24.09,Igor Pavlov,Application,,C:\Program Files\7-Zip,1.0
16734,7-Zip GUI,24.09,Igor Pavlov,Application,,C:\Program Files\7-Zip,1.0
16734,Accounts Control Host,10.0,Microsoft Corporation Inc.,Application,,C:\Windows\SystemApps\Microsoft.AccountsControl_cw5n1h2txyewy,1.0
16734,AddSuggestedFoldersToLibraryDialog,10.0,Microsoft Corporation Inc.,Application,,C:\Windows\SystemApps\Microsoft.Windows.AddSuggestedFoldersToLibraryDialog_cw5n1h2txyewy,1.0
16734,Antimalware Core Service,4.18,Microsoft Corporation Inc.,Application,,C:\Program Files\Windows Defender,1.0
16734,Antimalware Service Executable,4.18,Microsoft Corporation Inc.,Application,,C:\Program Files\Windows Defender,1.0
16734,AppResolverUX,10.0,Microsoft Corporation Inc.,Application,,C:\Windows\SystemApps\Microsoft.Windows.AppResolverUX_cw5n1h2txyewy,1.0
16734,AsyncTextService,10.0,Microsoft Corporation Inc.,Application,,C:\Windows\SystemApps\Microsoft.AsyncTextService_8wekyb3d8bbwe,1.0
16734,Biometric Enrollment Host,10.0,Microsoft Corporation Inc.,Application,,C:\Windows\SystemApps\Microsoft.BioEnrollment_cw5n1h2txyewy,1.0
16734,BMC Client Management Agent,24.1.01.240624,BMC Software Inc.,Application,,C:\Program Files\BMC Software\Client Management\Client\bin,1.0
16734,BMC Client Management Certificate Generator,24.1.01.240624,BMC Software Inc.,Application,,C:\Program Files\BMC Software\Client Management\Client\bin,1.0
16734,BMC Client Management Chilli Interpreter,24.1.01.240624,BMC Software Inc.,Application,,C:\Program Files\BMC Software\Client Management\Client\bin,1.0
16734,BMC Client Management Direct Access Proxy Agent,24.1.01.240624,BMC Software Inc.,Application,,C:\Program Files\BMC Software\Client Management\Client\bin,1.0
16734,BMC Client Management Opswat Proxy Agent,24.1.01.240624,BMC Software Inc.,Application,,C:\Program Files\BMC Software\Client Management\Client\bin,1.0
16734,BMC Client Management Package Viewer,24.1.01.240624,BMC Software Inc.,Application,,C:\Program Files\BMC Software\Client Management\Client\bin,1.0
16734,BMC Client Management Patch Broker,24.1.01.240624,BMC Software Inc.,Application,,C:\Program Files\BMC Software\Client Management\Client\bin,1.0
16734,BMC Client Management Proxy Agent,24.1.01.240624,BMC Software Inc.,Application,,C:\Program Files\BMC Software\Client Management\Client\bin,1.0
16734,BMC Client Management Remote Control proxy,24.1.01.240624,BMC Software Inc.,Application,,C:\Program Files\BMC Software\Client Management\Client\bin,1.0
16734,BMC Client Management SCAP,24.1.01.240624,BMC Software Inc.,Application,,C:\Program Files\BMC Software\Client Management\Client\bin,1.0
16734,BMC Client Management SFX,24.1.01.240624,BMC Software Inc.,Application,,C:\IT\BMC,2.0
16734,BMC Client Management Video Proxy Agent,24.1.01.240624,BMC Software Inc.,Application,,C:\Program Files\BMC Software\Client Management\Client\bin,1.0
16734,Boot File Servicing Utility,10.0,Microsoft Corporation Inc.,Application,,C:\Windows,1.0
16734,Browser Protection Native Messaging Host,4.18,Microsoft Corporation Inc.,Application,,C:\Program Files\Windows Defender,1.0
16734,BrowserCore,10.0,Microsoft Corporation Inc.,Application,,C:\Windows\BrowserCore,1.0
16734,CameraBarcodeScannerPreview,10.0,Microsoft Corporation Inc.,Application,,C:\Windows\SystemApps\Windows.CBSPreview_cw5n1h2txyewy,1.0
16734,CL5,9.6,Ivanti,Application,,C:\Program Files\BMC Software\Client Management\Client\data\PatchManagementPremium\workspace,1.0
16734,ClickOnce,4.8,Microsoft Corporation Inc.,Application,,C:\Windows\Microsoft.NET\Framework64\v4.0.30319,3.0
16734,Credential Dialog Host,10.0,Microsoft Corporation Inc.,Application,,C:\Windows\SystemApps\microsoft.creddialoghost_cw5n1h2txyewy,1.0
16734,CrowdStrike Device Control,7.29,CrowdStrike Inc.,Add/Remove Programs,"November 14, 2025 12:00:00 AM",,
16734,CrowdStrike Device Control Support Tool,7.29,CrowdStrike Inc.,Application,,C:\Program Files\CrowdStrike,1.0
16734,CrowdStrike Falcon Connector,7.32,CrowdStrike Inc.,Application,,C:\Program Files\CrowdStrike,1.0
16734,CrowdStrike Falcon Sensor,7.32,CrowdStrike Inc.,Application,,C:\Program Files\CrowdStrike,1.0
16734,CrowdStrike Falcon Sensor Controller,7.32,CrowdStrike Inc.,Application,,C:\Program Files\CrowdStrike,1.0
16734,CrowdStrike Falcon Sensor Service,7.32,CrowdStrike Inc.,Application,,C:\Program Files\CrowdStrike,1.0
16734,CrowdStrike Falcon Sensor Servlet Container,7.32,CrowdStrike Inc.,Application,,C:\Program Files\CrowdStrike,1.0
16734,CrowdStrike Falcon Sensor Settings Tool,7.32,CrowdStrike Inc.,Application,,C:\Program Files\CrowdStrike,1.0
16734,CrowdStrike Falcon Sensor System Tray Application,7.32,CrowdStrike Inc.,Application,,C:\Program Files\CrowdStrike,2.0
16734,CrowdStrike Firmware Analysis,7.14,CrowdStrike Inc.,Add/Remove Programs,"August 18, 2025 12:00:00 AM",,
16734,CrowdStrike Firmware Analysis Support Tool,7.14,CrowdStrike Inc.,Application,,C:\Program Files\CrowdStrike,1.0
16734,CrowdStrike On-Demand Scan Command-line Tool,7.32,CrowdStrike Inc.,Application,,C:\Program Files\CrowdStrike,1.0
16734,CrowdStrike On-Demand Scan Tool,7.32,CrowdStrike Inc.,Application,,C:\Program Files\CrowdStrike,1.0
16734,CrowdStrike Sensor Platform,7.32,CrowdStrike Inc.,Add/Remove Programs,"January 14, 2026 12:00:00 AM",,
16734,CrowdStrike Windows Sensor,7.32,CrowdStrike Inc.,Add/Remove Programs,"January 14, 2026 12:00:00 AM",,
16734,CrowdStrike Windows Sensor,7.05,CrowdStrike Inc.,Application,,D:\BERSAMA\IT,1.0
16734,CrowdStrike Windows Sensor,7.12,CrowdStrike Inc.,Application,,D:\BERSAMA\IT\Crowdstrike 7.12,1.0
16734,CrowdStrike Windows Sensor,6.54,CrowdStrike Inc.,Application,,D:\BERSAMA\COLL\DATA D JANET\IT\crowdstrike,1.0
10096,.NET Runtime Optimization Service,4.8,Microsoft Corporation Inc.,Application,,C:\Windows\Microsoft.NET\Framework64\v4.0.30319,2.0
10096,64Bit MAPI Mail Agent,1.0,Foxit Software Inc.,Application,,C:\Program Files (x86)\Foxit Software\Foxit PDF Reader,1.0
10096,7-Zip 24.09 (x64),24.09,Igor Pavlov,Add/Remove Programs,,C:\Program Files\7-Zip\,
10096,7-Zip Console,24.09,Igor Pavlov,Application,,C:\Program Files\7-Zip,1.0
10096,7-Zip File Manager,24.09,Igor Pavlov,Application,,C:\Program Files\7-Zip,1.0
10096,7-Zip GUI,24.09,Igor Pavlov,Application,,C:\Program Files\7-Zip,1.0
10096,Accounts Control Host,10.0,Microsoft Corporation Inc.,Application,,C:\Windows\SystemApps\Microsoft.AccountsControl_cw5n1h2txyewy,1.0
10096,AddSuggestedFoldersToLibraryDialog,10.0,Microsoft Corporation Inc.,Application,,C:\Windows\SystemApps\Microsoft.Windows.AddSuggestedFoldersToLibraryDialog_cw5n1h2txyewy,1.0
10096,Antimalware Core Service,4.18,Microsoft Corporation Inc.,Application,,C:\Program Files\Windows Defender,1.0
10096,AntiMalware Platform Update (amd64fre),4.18,Microsoft Corporation Inc.,Application,,C:\Windows\SystemTemp\30299AF6-386D-41D2-81D5-278AD617D3DAMpCommU,1.0
10096,Antimalware Service Executable,4.18,Microsoft Corporation Inc.,Application,,C:\Program Files\Windows Defender,1.0
10096,AppResolverUX,10.0,Microsoft Corporation Inc.,Application,,C:\Windows\SystemApps\Microsoft.Windows.AppResolverUX_cw5n1h2txyewy,1.0
10096,AsyncTextService,10.0,Microsoft Corporation Inc.,Application,,C:\Windows\SystemApps\Microsoft.AsyncTextService_8wekyb3d8bbwe,1.0
10096,Biometric Enrollment Host,10.0,Microsoft Corporation Inc.,Application,,C:\Windows\SystemApps\Microsoft.BioEnrollment_cw5n1h2txyewy,1.0
10096,BMC Client Management Agent,24.1.01.240624,BMC Software Inc.,Application,,C:\Program Files\BMC Software\Client Management\Client\bin,1.0
10096,BMC Client Management Certificate Generator,24.1.01.240624,BMC Software Inc.,Application,,C:\Program Files\BMC Software\Client Management\Client\bin,1.0
10096,BMC Client Management Chilli Interpreter,24.1.01.240624,BMC Software Inc.,Application,,C:\Program Files\BMC Software\Client Management\Client\bin,1.0
10096,BMC Client Management Direct Access Proxy Agent,24.1.01.240624,BMC Software Inc.,Application,,C:\Program Files\BMC Software\Client Management\Client\bin,1.0
10096,BMC Client Management Opswat Proxy Agent,24.1.01.240624,BMC Software Inc.,Application,,C:\Program Files\BMC Software\Client Management\Client\bin,1.0
10096,BMC Client Management Package Viewer,24.1.01.240624,BMC Software Inc.,Application,,C:\Program Files\BMC Software\Client Management\Client\bin,1.0
10096,BMC Client Management Patch Broker,24.1.01.240624,BMC Software Inc.,Application,,C:\Program Files\BMC Software\Client Management\Client\bin,1.0
10096,BMC Client Management Proxy Agent,24.1.01.240624,BMC Software Inc.,Application,,C:\Program Files\BMC Software\Client Management\Client\bin,1.0
10096,BMC Client Management Remote Control proxy,24.1.01.240624,BMC Software Inc.,Application,,C:\Program Files\BMC Software\Client Management\Client\bin,1.0
10096,BMC Client Management SCAP,24.1.01.240624,BMC Software Inc.,Application,,C:\Program Files\BMC Software\Client Management\Client\bin,1.0
10096,BMC Client Management SFX,24.1.01.240624,BMC Software Inc.,Application,,D:\IT\BMC,1.0
10096,BMC Client Management Video Proxy Agent,24.1.01.240624,BMC Software Inc.,Application,,C:\Program Files\BMC Software\Client Management\Client\bin,1.0
10096,Boot File Servicing Utility,10.0,Microsoft Corporation Inc.,Application,,C:\Windows,1.0
10096,Browser Protection Native Messaging Host,4.18,Microsoft Corporation Inc.,Application,,C:\Program Files\Windows Defender,1.0
10096,BrowserCore,10.0,Microsoft Corporation Inc.,Application,,C:\Windows\BrowserCore,1.0
10096,CameraBarcodeScannerPreview,10.0,Microsoft Corporation Inc.,Application,,C:\Windows\SystemApps\Windows.CBSPreview_cw5n1h2txyewy,1.0
10096,ChromeEnterpriseCompanion,143.0,Google LLC,Application,,C:\Windows\SystemTemp\scoped_dir1512_1489242134\scoped_dir1512_1759654612,1.0
10096,CL5,9.6,Ivanti,Application,,C:\Program Files\BMC Software\Client Management\Client\data\PatchManagementPremium\workspace,1.0
10096,ClickOnce,4.8,Microsoft Corporation Inc.,Application,,C:\Windows\Microsoft.NET\Framework64\v4.0.30319,3.0
10096,Common User Interface,5.8,Musarubra US LLC.,Application,,C:\Program Files\McAfee\Agent\x86,1.0
10096,Copilot,144.0,Microsoft Corporation Inc.,Application,,C:\Program Files (x86)\Microsoft\EdgeWebView\Application\144.0.3719.115,3.0
10096,Copilot Update,1.3,Microsoft Corporation Inc.,Application,,C:\Program Files (x86)\Microsoft\EdgeUpdate,2.0
10096,Create a self-signed digital certificate,15.0,Microsoft Corporation Inc.,Application,,C:\Program Files\Microsoft Office\Office15,1.0
10096,Credential Dialog Host,10.0,Microsoft Corporation Inc.,Application,,C:\Windows\SystemApps\microsoft.creddialoghost_cw5n1h2txyewy,1.0
10096,CrowdStrike Device Control,7.29,CrowdStrike Inc.,Add/Remove Programs,"November 14, 2025 12:00:00 AM",,
10096,CrowdStrike Device Control Support Tool,7.29,CrowdStrike Inc.,Application,,C:\Program Files\CrowdStrike,1.0
10096,CrowdStrike Falcon Connector,7.32,CrowdStrike Inc.,Application,,C:\Program Files\CrowdStrike,1.0
10096,CrowdStrike Falcon Sensor,7.32,CrowdStrike Inc.,Application,,C:\Program Files\CrowdStrike,1.0
10096,CrowdStrike Falcon Sensor Controller,7.32,CrowdStrike Inc.,Application,,C:\Program Files\CrowdStrike,1.0
10096,CrowdStrike Falcon Sensor Service,7.32,CrowdStrike Inc.,Application,,C:\Program Files\CrowdStrike,1.0
10096,CrowdStrike Falcon Sensor Servlet Container,7.32,CrowdStrike Inc.,Application,,C:\Program Files\CrowdStrike,1.0
10096,CrowdStrike Falcon Sensor Settings Tool,7.32,CrowdStrike Inc.,Application,,C:\Program Files\CrowdStrike,1.0
10096,CrowdStrike Falcon Sensor System Tray Application,7.32,CrowdStrike Inc.,Application,,C:\Program Files\CrowdStrike,2.0
10096,CrowdStrike Firmware Analysis,7.14,CrowdStrike Inc.,Add/Remove Programs,"August 18, 2025 12:00:00 AM",,
10096,CrowdStrike Firmware Analysis Support Tool,7.14,CrowdStrike Inc.,Application,,C:\Program Files\CrowdStrike,1.0
10096,CrowdStrike On-Demand Scan Command-line Tool,7.32,CrowdStrike Inc.,Application,,C:\Program Files\CrowdStrike,1.0
10074,.NET Framework,3.0,Microsoft Corporation Inc.,Application,,C:\Windows\Microsoft.NET\Framework64\v3.0\Windows Communication Foundation,2.0
10074,.NET Runtime Optimization Service,4.8,Microsoft Corporation Inc.,Application,,C:\Windows\Microsoft.NET\Framework64\v4.0.30319,2.0
10074,.NET Runtime Optimization Service,2.0,Microsoft Corporation Inc.,Application,,C:\Windows\Microsoft.NET\Framework64\v2.0.50727,2.0
10074,64Bit MAPI Mail Agent,1.0,Foxit Software Inc.,Application,,C:\Program Files (x86)\Foxit Software\Foxit Reader,1.0
10074,7-Zip 24.08 (x64 edition),24.08,Igor Pavlov,Add/Remove Programs,"November 28, 2024 12:00:00 AM",,
10074,7-Zip Console,24.08,Igor Pavlov,Application,,C:\Program Files\7-Zip,1.0
10074,7-Zip File Manager,24.08,Igor Pavlov,Application,,C:\Program Files\7-Zip,1.0
10074,7-Zip GUI,24.08,Igor Pavlov,Application,,C:\Program Files\7-Zip,1.0
10074,AAD token broker plugin,10.0,Microsoft Corporation Inc.,Application,,C:\Windows\SystemApps\Microsoft.AAD.BrokerPlugin_cw5n1h2txyewy,1.0
10074,Accounts Control Host,10.0,Microsoft Corporation Inc.,Application,,C:\Windows\SystemApps\Microsoft.AccountsControl_cw5n1h2txyewy,1.0
10074,AddSuggestedFoldersToLibraryDialog,10.0,Microsoft Corporation Inc.,Application,,C:\Windows\SystemApps\Microsoft.Windows.AddSuggestedFoldersToLibraryDialog_cw5n1h2txyewy,1.0
10074,Antimalware Service Executable,4.18,Microsoft Corporation Inc.,Application,,C:\Program Files\Windows Defender,1.0
10074,AppResolverUX,10.0,Microsoft Corporation Inc.,Application,,C:\Windows\SystemApps\Microsoft.Windows.AppResolverUX_cw5n1h2txyewy,1.0
10074,AsyncTextService,10.0,Microsoft Corporation Inc.,Application,,C:\Windows\SystemApps\Microsoft.AsyncTextService_8wekyb3d8bbwe,1.0
10074,Biometric Enrollment Host,10.0,Microsoft Corporation Inc.,Application,,C:\Windows\SystemApps\Microsoft.BioEnrollment_cw5n1h2txyewy,1.0
10074,BMC Client Management Agent,24.1.01.240624,BMC Software Inc.,Application,,C:\Program Files\BMC Software\Client Management\Client\bin,1.0
10074,BMC Client Management Certificate Generator,24.1.01.240624,BMC Software Inc.,Application,,C:\Program Files\BMC Software\Client Management\Client\bin,1.0
10074,BMC Client Management Chilli Interpreter,24.1.01.240624,BMC Software Inc.,Application,,C:\Program Files\BMC Software\Client Management\Client\bin,1.0
10074,BMC Client Management Direct Access Proxy Agent,24.1.01.240624,BMC Software Inc.,Application,,C:\Program Files\BMC Software\Client Management\Client\bin,1.0
10074,BMC Client Management Opswat Proxy Agent,24.1.01.240624,BMC Software Inc.,Application,,C:\Program Files\BMC Software\Client Management\Client\bin,1.0
10074,BMC Client Management Package Viewer,24.1.01.240624,BMC Software Inc.,Application,,C:\Program Files\BMC Software\Client Management\Client\bin,1.0
10074,BMC Client Management Patch Broker,24.1.01.240624,BMC Software Inc.,Application,,C:\Program Files\BMC Software\Client Management\Client\bin,1.0
10074,BMC Client Management Proxy Agent,24.1.01.240624,BMC Software Inc.,Application,,C:\Program Files\BMC Software\Client Management\Client\bin,1.0
10074,BMC Client Management Remote Control proxy,24.1.01.240624,BMC Software Inc.,Application,,C:\Program Files\BMC Software\Client Management\Client\bin,1.0
10074,BMC Client Management SCAP,24.1.01.240624,BMC Software Inc.,Application,,C:\Program Files\BMC Software\Client Management\Client\bin,1.0
10074,BMC Client Management Video Proxy Agent,24.1.01.240624,BMC Software Inc.,Application,,C:\Program Files\BMC Software\Client Management\Client\bin,1.0
10074,Boot File Servicing Utility,10.0,Microsoft Corporation Inc.,Application,,C:\Windows,1.0
10074,BrowserCore,10.0,Microsoft Corporation Inc.,Application,,C:\Windows\BrowserCore,1.0
10074,Calling App to host call progress on shell,10.0,Microsoft Corporation Inc.,Application,,C:\Windows\SystemApps\Microsoft.Windows.CallingShellApp_cw5n1h2txyewy,1.0
10074,CameraBarcodeScannerPreview,10.0,Microsoft Corporation Inc.,Application,,C:\Windows\SystemApps\Windows.CBSPreview_cw5n1h2txyewy,1.0
10074,CL5,9.6,Ivanti,Application,,C:\Program Files\BMC Software\Client Management\Client\data\PatchManagementPremium\workspace,1.0
10074,ClickOnce,4.8,Microsoft Corporation Inc.,Application,,C:\Windows\Microsoft.NET\Framework64\v4.0.30319,3.0
10074,Common User Interface,5.8,Musarubra US LLC.,Application,,C:\Program Files\McAfee\Agent\x86,1.0
10074,Create Virtual Machine,10.0,Microsoft Corporation Inc.,Application,,C:\Program Files\Hyper-V,1.0
10074,Credential Dialog Host,10.0,Microsoft Corporation Inc.,Application,,C:\Windows\SystemApps\microsoft.creddialoghost_cw5n1h2txyewy,1.0
10074,CrowdStrike Device Control,7.29,CrowdStrike Inc.,Add/Remove Programs,"November 14, 2025 12:00:00 AM",,
10074,CrowdStrike Device Control Support Tool,7.29,CrowdStrike Inc.,Application,,C:\Program Files\CrowdStrike,1.0
10074,CrowdStrike Falcon Connector,7.32,CrowdStrike Inc.,Application,,C:\Program Files\CrowdStrike,1.0
10074,CrowdStrike Falcon Sensor,7.32,CrowdStrike Inc.,Application,,C:\Program Files\CrowdStrike,1.0
10074,CrowdStrike Falcon Sensor Controller,7.32,CrowdStrike Inc.,Application,,C:\Program Files\CrowdStrike,1.0
10074,CrowdStrike Falcon Sensor Service,7.32,CrowdStrike Inc.,Application,,C:\Program Files\CrowdStrike,1.0
10074,CrowdStrike Falcon Sensor Servlet Container,7.32,CrowdStrike Inc.,Application,,C:\Program Files\CrowdStrike,1.0
10074,CrowdStrike Falcon Sensor Settings Tool,7.32,CrowdStrike Inc.,Application,,C:\Program Files\CrowdStrike,1.0
10074,CrowdStrike Falcon Sensor System Tray Application,7.32,CrowdStrike Inc.,Application,,C:\Program Files\CrowdStrike,2.0
10074,CrowdStrike Firmware Analysis,7.14,CrowdStrike Inc.,Add/Remove Programs,"July 20, 2024 12:00:00 AM",,
10074,CrowdStrike Firmware Analysis Support Tool,7.14,CrowdStrike Inc.,Application,,C:\Program Files\CrowdStrike,1.0
10074,CrowdStrike On-Demand Scan Command-line Tool,7.32,CrowdStrike Inc.,Application,,C:\Program Files\CrowdStrike,1.0
10074,CrowdStrike On-Demand Scan Tool,7.32,CrowdStrike Inc.,Application,,C:\Program Files\CrowdStrike,1.0
10074,CrowdStrike Sensor Platform,7.32,CrowdStrike Inc.,Add/Remove Programs,"January 14, 2026 12:00:00 AM",,
10074,CrowdStrike Windows Sensor,7.32,CrowdStrike Inc.,Add/Remove Programs,"January 14, 2026 12:00:00 AM",,
17252,.NET Runtime Optimization Service,4.8,Microsoft Corporation Inc.,Application,,C:\Windows\Microsoft.NET\Framework64\v4.0.30319,2.0
17252,64Bit MAPI Mail Agent,1.0,Foxit Software Inc.,Application,,C:\Program Files (x86)\Foxit Software\Foxit PDF Reader,1.0
17252,7-Zip 24.09 (x64),24.09,Igor Pavlov,Add/Remove Programs,,C:\Program Files\7-Zip\,
17252,7-Zip Console,24.09,Igor Pavlov,Application,,C:\Program Files\7-Zip,1.0
17252,7-Zip File Manager,24.09,Igor Pavlov,Application,,C:\Program Files\7-Zip,1.0
17252,7-Zip GUI,24.09,Igor Pavlov,Application,,C:\Program Files\7-Zip,1.0
17252,Accounts Control Host,10.0,Microsoft Corporation Inc.,Application,,C:\Windows\SystemApps\Microsoft.AccountsControl_cw5n1h2txyewy,1.0
17252,AddSuggestedFoldersToLibraryDialog,10.0,Microsoft Corporation Inc.,Application,,C:\Windows\SystemApps\Microsoft.Windows.AddSuggestedFoldersToLibraryDialog_cw5n1h2txyewy,1.0
17252,Antimalware Core Service,4.18,Microsoft Corporation Inc.,Application,,C:\Program Files\Windows Defender,1.0
17252,Antimalware Service Executable,4.18,Microsoft Corporation Inc.,Application,,C:\Program Files\Windows Defender,1.0
17252,AppResolverUX,10.0,Microsoft Corporation Inc.,Application,,C:\Windows\SystemApps\Microsoft.Windows.AppResolverUX_cw5n1h2txyewy,1.0
17252,AsyncTextService,10.0,Microsoft Corporation Inc.,Application,,C:\Windows\SystemApps\Microsoft.AsyncTextService_8wekyb3d8bbwe,1.0
17252,Biometric Enrollment Host,10.0,Microsoft Corporation Inc.,Application,,C:\Windows\SystemApps\Microsoft.BioEnrollment_cw5n1h2txyewy,1.0
17252,BMC Client Management Agent,24.1.01.240624,BMC Software Inc.,Application,,C:\Program Files\BMC Software\Client Management\Client\bin,1.0
17252,BMC Client Management Certificate Generator,24.1.01.240624,BMC Software Inc.,Application,,C:\Program Files\BMC Software\Client Management\Client\bin,1.0
17252,BMC Client Management Chilli Interpreter,24.1.01.240624,BMC Software Inc.,Application,,C:\Program Files\BMC Software\Client Management\Client\bin,1.0
17252,BMC Client Management Direct Access Proxy Agent,24.1.01.240624,BMC Software Inc.,Application,,C:\Program Files\BMC Software\Client Management\Client\bin,1.0
17252,BMC Client Management Opswat Proxy Agent,24.1.01.240624,BMC Software Inc.,Application,,C:\Program Files\BMC Software\Client Management\Client\bin,1.0
17252,BMC Client Management Package Viewer,24.1.01.240624,BMC Software Inc.,Application,,C:\Program Files\BMC Software\Client Management\Client\bin,1.0
17252,BMC Client Management Patch Broker,24.1.01.240624,BMC Software Inc.,Application,,C:\Program Files\BMC Software\Client Management\Client\bin,1.0
17252,BMC Client Management Proxy Agent,24.1.01.240624,BMC Software Inc.,Application,,C:\Program Files\BMC Software\Client Management\Client\bin,1.0
17252,BMC Client Management Remote Control proxy,24.1.01.240624,BMC Software Inc.,Application,,C:\Program Files\BMC Software\Client Management\Client\bin,1.0
17252,BMC Client Management SCAP,24.1.01.240624,BMC Software Inc.,Application,,C:\Program Files\BMC Software\Client Management\Client\bin,1.0
17252,BMC Client Management SFX,24.1.01.240624,BMC Software Inc.,Application,,D:\IT\BMC,1.0
17252,BMC Client Management Video Proxy Agent,24.1.01.240624,BMC Software Inc.,Application,,C:\Program Files\BMC Software\Client Management\Client\bin,1.0
17252,Boot File Servicing Utility,10.0,Microsoft Corporation Inc.,Application,,C:\Windows,1.0
17252,Browser Protection Native Messaging Host,4.18,Microsoft Corporation Inc.,Application,,C:\Program Files\Windows Defender,1.0
17252,BrowserCore,10.0,Microsoft Corporation Inc.,Application,,C:\Windows\BrowserCore,1.0
17252,CameraBarcodeScannerPreview,10.0,Microsoft Corporation Inc.,Application,,C:\Windows\SystemApps\Windows.CBSPreview_cw5n1h2txyewy,1.0
17252,CL5,9.6,Ivanti,Application,,C:\Program Files\BMC Software\Client Management\Client\data\PatchManagementPremium\workspace,1.0
17252,ClickOnce,4.8,Microsoft Corporation Inc.,Application,,C:\Windows\Microsoft.NET\Framework64\v4.0.30319,3.0
17252,Common User Interface,5.8,Musarubra US LLC.,Application,,C:\Program Files\McAfee\Agent\x86,1.0
17252,Credential Dialog Host,10.0,Microsoft Corporation Inc.,Application,,C:\Windows\SystemApps\microsoft.creddialoghost_cw5n1h2txyewy,1.0
17252,CrowdStrike Device Control,7.29,CrowdStrike Inc.,Add/Remove Programs,"November 14, 2025 12:00:00 AM",,
17252,CrowdStrike Device Control Support Tool,7.29,CrowdStrike Inc.,Application,,C:\Program Files\CrowdStrike,1.0
17252,CrowdStrike Falcon Connector,7.32,CrowdStrike Inc.,Application,,C:\Program Files\CrowdStrike,1.0
17252,CrowdStrike Falcon Sensor,7.32,CrowdStrike Inc.,Application,,C:\Program Files\CrowdStrike,1.0
17252,CrowdStrike Falcon Sensor Controller,7.32,CrowdStrike Inc.,Application,,C:\Program Files\CrowdStrike,1.0
17252,CrowdStrike Falcon Sensor Service,7.32,CrowdStrike Inc.,Application,,C:\Program Files\CrowdStrike,1.0
17252,CrowdStrike Falcon Sensor Servlet Container,7.32,CrowdStrike Inc.,Application,,C:\Program Files\CrowdStrike,1.0
17252,CrowdStrike Falcon Sensor Settings Tool,7.32,CrowdStrike Inc.,Application,,C:\Program Files\CrowdStrike,1.0
17252,CrowdStrike Falcon Sensor System Tray Application,7.32,CrowdStrike Inc.,Application,,C:\Program Files\CrowdStrike,2.0
17252,CrowdStrike Firmware Analysis,7.14,CrowdStrike Inc.,Add/Remove Programs,"August 19, 2025 12:00:00 AM",,
17252,CrowdStrike Firmware Analysis Support Tool,7.14,CrowdStrike Inc.,Application,,C:\Program Files\CrowdStrike,1.0
17252,CrowdStrike On-Demand Scan Command-line Tool,7.32,CrowdStrike Inc.,Application,,C:\Program Files\CrowdStrike,1.0
17252,CrowdStrike On-Demand Scan Tool,7.32,CrowdStrike Inc.,Application,,C:\Program Files\CrowdStrike,1.0
17252,CrowdStrike Sensor Platform,7.32,CrowdStrike Inc.,Add/Remove Programs,"January 14, 2026 12:00:00 AM",,
17252,CrowdStrike Windows Sensor,7.32,CrowdStrike Inc.,Add/Remove Programs,"January 14, 2026 12:00:00 AM",,
17252,CrowdStrike Windows Sensor,7.16,CrowdStrike Inc.,Application,,D:\IT\CS,1.0
17252,EC App,10.0,Microsoft Corporation Inc.,Application,,C:\Windows\SystemApps\Microsoft.ECApp_8wekyb3d8bbwe,1.0
10069,.NET Runtime Optimization Service,4.8,Microsoft Corporation Inc.,Application,,C:\Windows\Microsoft.NET\Framework64\v4.0.30319,2.0
10069,64Bit MAPI Mail Agent,1.0,Foxit Software Inc.,Application,,C:\Program Files (x86)\Foxit Software\Foxit PDF Reader,1.0
10069,7-Zip 24.09 (x64),24.09,Igor Pavlov,Add/Remove Programs,,C:\Program Files\7-Zip\,
10069,7-Zip Console,24.09,Igor Pavlov,Application,,C:\Program Files\7-Zip,1.0
10069,7-Zip File Manager,24.09,Igor Pavlov,Application,,C:\Program Files\7-Zip,1.0
10069,7-Zip GUI,24.09,Igor Pavlov,Application,,C:\Program Files\7-Zip,1.0
10069,Accounts Control Host,10.0,Microsoft Corporation Inc.,Application,,C:\Windows\SystemApps\Microsoft.AccountsControl_cw5n1h2txyewy,1.0
10069,AddSuggestedFoldersToLibraryDialog,10.0,Microsoft Corporation Inc.,Application,,C:\Windows\SystemApps\Microsoft.Windows.AddSuggestedFoldersToLibraryDialog_cw5n1h2txyewy,1.0
10069,Antimalware Core Service,4.18,Microsoft Corporation Inc.,Application,,C:\Program Files\Windows Defender,1.0
10069,Antimalware Service Executable,4.18,Microsoft Corporation Inc.,Application,,C:\Program Files\Windows Defender,1.0
10069,AppResolverUX,10.0,Microsoft Corporation Inc.,Application,,C:\Windows\SystemApps\Microsoft.Windows.AppResolverUX_cw5n1h2txyewy,1.0
10069,AsyncTextService,10.0,Microsoft Corporation Inc.,Application,,C:\Windows\SystemApps\Microsoft.AsyncTextService_8wekyb3d8bbwe,1.0
10069,Biometric Enrollment Host,10.0,Microsoft Corporation Inc.,Application,,C:\Windows\SystemApps\Microsoft.BioEnrollment_cw5n1h2txyewy,1.0
10069,BMC Client Management Agent,24.1.01.240624,BMC Software Inc.,Application,,C:\Program Files\BMC Software\Client Management\Client\bin,1.0
10069,BMC Client Management Certificate Generator,24.1.01.240624,BMC Software Inc.,Application,,C:\Program Files\BMC Software\Client Management\Client\bin,1.0
10069,BMC Client Management Chilli Interpreter,24.1.01.240624,BMC Software Inc.,Application,,C:\Program Files\BMC Software\Client Management\Client\bin,1.0
10069,BMC Client Management Direct Access Proxy Agent,24.1.01.240624,BMC Software Inc.,Application,,C:\Program Files\BMC Software\Client Management\Client\bin,1.0
10069,BMC Client Management Opswat Proxy Agent,24.1.01.240624,BMC Software Inc.,Application,,C:\Program Files\BMC Software\Client Management\Client\bin,1.0
10069,BMC Client Management Package Viewer,24.1.01.240624,BMC Software Inc.,Application,,C:\Program Files\BMC Software\Client Management\Client\bin,1.0
10069,BMC Client Management Patch Broker,24.1.01.240624,BMC Software Inc.,Application,,C:\Program Files\BMC Software\Client Management\Client\bin,1.0
10069,BMC Client Management Proxy Agent,24.1.01.240624,BMC Software Inc.,Application,,C:\Program Files\BMC Software\Client Management\Client\bin,1.0
10069,BMC Client Management Remote Control proxy,24.1.01.240624,BMC Software Inc.,Application,,C:\Program Files\BMC Software\Client Management\Client\bin,1.0
10069,BMC Client Management SCAP,24.1.01.240624,BMC Software Inc.,Application,,C:\Program Files\BMC Software\Client Management\Client\bin,1.0
10069,BMC Client Management SFX,24.1.01.240624,BMC Software Inc.,Application,,D:\IT\BMC,1.0
10069,BMC Client Management Video Proxy Agent,24.1.01.240624,BMC Software Inc.,Application,,C:\Program Files\BMC Software\Client Management\Client\bin,1.0
10069,Boot File Servicing Utility,10.0,Microsoft Corporation Inc.,Application,,C:\Windows,1.0
10069,Browser Protection Native Messaging Host,4.18,Microsoft Corporation Inc.,Application,,C:\Program Files\Windows Defender,1.0
10069,BrowserCore,10.0,Microsoft Corporation Inc.,Application,,C:\Windows\BrowserCore,1.0
10069,CameraBarcodeScannerPreview,10.0,Microsoft Corporation Inc.,Application,,C:\Windows\SystemApps\Windows.CBSPreview_cw5n1h2txyewy,1.0
10069,CL5,9.6,Ivanti,Application,,C:\Program Files\BMC Software\Client Management\Client\data\PatchManagementPremium\workspace,1.0
10069,ClickOnce,4.8,Microsoft Corporation Inc.,Application,,C:\Windows\Microsoft.NET\Framework64\v4.0.30319,3.0
10069,Common User Interface,5.8,Musarubra US LLC.,Application,,C:\Program Files\McAfee\Agent\x86,1.0
10069,Credential Dialog Host,10.0,Microsoft Corporation Inc.,Application,,C:\Windows\SystemApps\microsoft.creddialoghost_cw5n1h2txyewy,1.0
10069,CrowdStrike Device Control,7.29,CrowdStrike Inc.,Add/Remove Programs,"November 14, 2025 12:00:00 AM",,
10069,CrowdStrike Device Control Support Tool,7.29,CrowdStrike Inc.,Application,,C:\Program Files\CrowdStrike,1.0
10069,CrowdStrike Falcon Connector,7.32,CrowdStrike Inc.,Application,,C:\Program Files\CrowdStrike,1.0
10069,CrowdStrike Falcon Sensor,7.32,CrowdStrike Inc.,Application,,C:\Program Files\CrowdStrike,1.0
10069,CrowdStrike Falcon Sensor Controller,7.32,CrowdStrike Inc.,Application,,C:\Program Files\CrowdStrike,1.0
10069,CrowdStrike Falcon Sensor Service,7.32,CrowdStrike Inc.,Application,,C:\Program Files\CrowdStrike,1.0
10069,CrowdStrike Falcon Sensor Servlet Container,7.32,CrowdStrike Inc.,Application,,C:\Program Files\CrowdStrike,1.0
10069,CrowdStrike Falcon Sensor Settings Tool,7.32,CrowdStrike Inc.,Application,,C:\Program Files\CrowdStrike,1.0
10069,CrowdStrike Falcon Sensor System Tray Application,7.32,CrowdStrike Inc.,Application,,C:\Program Files\CrowdStrike,2.0
10069,CrowdStrike Firmware Analysis,7.14,CrowdStrike Inc.,Add/Remove Programs,"August 18, 2025 12:00:00 AM",,
10069,CrowdStrike Firmware Analysis Support Tool,7.14,CrowdStrike Inc.,Application,,C:\Program Files\CrowdStrike,1.0
10069,CrowdStrike On-Demand Scan Command-line Tool,7.32,CrowdStrike Inc.,Application,,C:\Program Files\CrowdStrike,1.0
10069,CrowdStrike On-Demand Scan Tool,7.32,CrowdStrike Inc.,Application,,C:\Program Files\CrowdStrike,1.0
10069,CrowdStrike Sensor Platform,7.32,CrowdStrike Inc.,Add/Remove Programs,"January 14, 2026 12:00:00 AM",,
10069,CrowdStrike Windows Sensor,7.32,CrowdStrike Inc.,Add/Remove Programs,"January 14, 2026 12:00:00 AM",,
10069,CrowdStrike Windows Sensor,7.16,CrowdStrike Inc.,Application,,D:\IT\CS,1.0
10069,EC App,10.0,Microsoft Corporation Inc.,Application,,C:\Windows\SystemApps\Microsoft.ECApp_8wekyb3d8bbwe,1.0
9916,.NET Runtime Optimization Service,4.8,Microsoft Corporation Inc.,Application,,C:\Windows\Microsoft.NET\Framework64\v4.0.30319,2.0
9916,64Bit MAPI Mail Agent,1.0,Foxit Software Inc.,Application,,C:\Program Files (x86)\Foxit Software\Foxit PDF Reader,1.0
9916,7-Zip 24.09 (x64),24.09,Igor Pavlov,Add/Remove Programs,,C:\Program Files\7-Zip\,
9916,7-Zip Console,24.09,Igor Pavlov,Application,,C:\Program Files\7-Zip,1.0
9916,7-Zip File Manager,24.09,Igor Pavlov,Application,,C:\Program Files\7-Zip,1.0
9916,7-Zip GUI,24.09,Igor Pavlov,Application,,C:\Program Files\7-Zip,1.0
9916,Accounts Control Host,10.0,Microsoft Corporation Inc.,Application,,C:\Windows\SystemApps\Microsoft.AccountsControl_cw5n1h2txyewy,1.0
9916,AddSuggestedFoldersToLibraryDialog,10.0,Microsoft Corporation Inc.,Application,,C:\Windows\SystemApps\Microsoft.Windows.AddSuggestedFoldersToLibraryDialog_cw5n1h2txyewy,1.0
9916,Antimalware Core Service,4.18,Microsoft Corporation Inc.,Application,,C:\Program Files\Windows Defender,1.0
9916,Antimalware Service Executable,4.18,Microsoft Corporation Inc.,Application,,C:\Program Files\Windows Defender,1.0
9916,AppResolverUX,10.0,Microsoft Corporation Inc.,Application,,C:\Windows\SystemApps\Microsoft.Windows.AppResolverUX_cw5n1h2txyewy,1.0
9916,AsyncTextService,10.0,Microsoft Corporation Inc.,Application,,C:\Windows\SystemApps\Microsoft.AsyncTextService_8wekyb3d8bbwe,1.0
9916,Biometric Enrollment Host,10.0,Microsoft Corporation Inc.,Application,,C:\Windows\SystemApps\Microsoft.BioEnrollment_cw5n1h2txyewy,1.0
9916,BMC Client Management Agent,24.1.01.240624,BMC Software Inc.,Application,,C:\Program Files\BMC Software\Client Management\Client\bin,1.0
9916,BMC Client Management Certificate Generator,24.1.01.240624,BMC Software Inc.,Application,,C:\Program Files\BMC Software\Client Management\Client\bin,1.0
9916,BMC Client Management Chilli Interpreter,24.1.01.240624,BMC Software Inc.,Application,,C:\Program Files\BMC Software\Client Management\Client\bin,1.0
9916,BMC Client Management Direct Access Proxy Agent,24.1.01.240624,BMC Software Inc.,Application,,C:\Program Files\BMC Software\Client Management\Client\bin,1.0
9916,BMC Client Management Opswat Proxy Agent,24.1.01.240624,BMC Software Inc.,Application,,C:\Program Files\BMC Software\Client Management\Client\bin,1.0
9916,BMC Client Management Package Viewer,24.1.01.240624,BMC Software Inc.,Application,,C:\Program Files\BMC Software\Client Management\Client\bin,1.0
9916,BMC Client Management Patch Broker,24.1.01.240624,BMC Software Inc.,Application,,C:\Program Files\BMC Software\Client Management\Client\bin,1.0
9916,BMC Client Management Proxy Agent,24.1.01.240624,BMC Software Inc.,Application,,C:\Program Files\BMC Software\Client Management\Client\bin,1.0
9916,BMC Client Management Remote Control proxy,24.1.01.240624,BMC Software Inc.,Application,,C:\Program Files\BMC Software\Client Management\Client\bin,1.0
9916,BMC Client Management SCAP,24.1.01.240624,BMC Software Inc.,Application,,C:\Program Files\BMC Software\Client Management\Client\bin,1.0
9916,BMC Client Management SFX,24.1.01.240624,BMC Software Inc.,Application,,D:\IT\BMC,1.0
9916,BMC Client Management Video Proxy Agent,24.1.01.240624,BMC Software Inc.,Application,,C:\Program Files\BMC Software\Client Management\Client\bin,1.0
9916,Boot File Servicing Utility,10.0,Microsoft Corporation Inc.,Application,,C:\Windows,1.0
9916,Browser Protection Native Messaging Host,4.18,Microsoft Corporation Inc.,Application,,C:\Program Files\Windows Defender,1.0
9916,BrowserCore,10.0,Microsoft Corporation Inc.,Application,,C:\Windows\BrowserCore,1.0
9916,CameraBarcodeScannerPreview,10.0,Microsoft Corporation Inc.,Application,,C:\Windows\SystemApps\Windows.CBSPreview_cw5n1h2txyewy,1.0
9916,CL5,9.6,Ivanti,Application,,C:\Program Files\BMC Software\Client Management\Client\data\PatchManagementPremium\workspace,1.0
9916,ClickOnce,4.8,Microsoft Corporation Inc.,Application,,C:\Windows\Microsoft.NET\Framework64\v4.0.30319,3.0
9916,Common User Interface,5.8,Musarubra US LLC.,Application,,C:\Program Files\McAfee\Agent\x86,1.0
9916,Credential Dialog Host,10.0,Microsoft Corporation Inc.,Application,,C:\Windows\SystemApps\microsoft.creddialoghost_cw5n1h2txyewy,1.0
9916,CrowdStrike Device Control,7.29,CrowdStrike Inc.,Add/Remove Programs,"November 14, 2025 12:00:00 AM",,
9916,CrowdStrike Device Control Support Tool,7.29,CrowdStrike Inc.,Application,,C:\Program Files\CrowdStrike,1.0
9916,CrowdStrike Falcon Connector,7.32,CrowdStrike Inc.,Application,,C:\Program Files\CrowdStrike,1.0
9916,CrowdStrike Falcon Sensor,7.32,CrowdStrike Inc.,Application,,C:\Program Files\CrowdStrike,1.0
9916,CrowdStrike Falcon Sensor Controller,7.32,CrowdStrike Inc.,Application,,C:\Program Files\CrowdStrike,1.0
9916,CrowdStrike Falcon Sensor Service,7.32,CrowdStrike Inc.,Application,,C:\Program Files\CrowdStrike,1.0
9916,CrowdStrike Falcon Sensor Servlet Container,7.32,CrowdStrike Inc.,Application,,C:\Program Files\CrowdStrike,1.0
9916,CrowdStrike Falcon Sensor Settings Tool,7.32,CrowdStrike Inc.,Application,,C:\Program Files\CrowdStrike,1.0
9916,CrowdStrike Falcon Sensor System Tray Application,7.32,CrowdStrike Inc.,Application,,C:\Program Files\CrowdStrike,2.0
9916,CrowdStrike Firmware Analysis,7.14,CrowdStrike Inc.,Add/Remove Programs,"August 19, 2025 12:00:00 AM",,
9916,CrowdStrike Firmware Analysis Support Tool,7.14,CrowdStrike Inc.,Application,,C:\Program Files\CrowdStrike,1.0
9916,CrowdStrike On-Demand Scan Command-line Tool,7.32,CrowdStrike Inc.,Application,,C:\Program Files\CrowdStrike,1.0
9916,CrowdStrike On-Demand Scan Tool,7.32,CrowdStrike Inc.,Application,,C:\Program Files\CrowdStrike,1.0
9916,CrowdStrike Sensor Platform,7.32,CrowdStrike Inc.,Add/Remove Programs,"January 14, 2026 12:00:00 AM",,
9916,CrowdStrike Windows Sensor,7.32,CrowdStrike Inc.,Add/Remove Programs,"January 14, 2026 12:00:00 AM",,
9916,CrowdStrike Windows Sensor,7.16,CrowdStrike Inc.,Application,,D:\IT\CS,1.0
9916,EC App,10.0,Microsoft Corporation Inc.,Application,,C:\Windows\SystemApps\Microsoft.ECApp_8wekyb3d8bbwe,1.0
10018,.NET Runtime Optimization Service,4.8,Microsoft Corporation Inc.,Application,,C:\Windows\Microsoft.NET\Framework64\v4.0.30319,2.0
10018,64Bit MAPI Mail Agent,1.0,Foxit Software Inc.,Application,,C:\Program Files (x86)\Foxit Software\Foxit PDF Reader,1.0
10018,7-Zip 24.09 (x64),24.09,Igor Pavlov,Add/Remove Programs,,C:\Program Files\7-Zip\,
10018,7-Zip Console,24.09,Igor Pavlov,Application,,C:\Program Files\7-Zip,1.0
10018,7-Zip File Manager,24.09,Igor Pavlov,Application,,C:\Program Files\7-Zip,1.0
10018,7-Zip GUI,24.09,Igor Pavlov,Application,,C:\Program Files\7-Zip,1.0
10018,Accounts Control Host,10.0,Microsoft Corporation Inc.,Application,,C:\Windows\SystemApps\Microsoft.AccountsControl_cw5n1h2txyewy,1.0
10018,AddSuggestedFoldersToLibraryDialog,10.0,Microsoft Corporation Inc.,Application,,C:\Windows\SystemApps\Microsoft.Windows.AddSuggestedFoldersToLibraryDialog_cw5n1h2txyewy,1.0
10018,Antimalware Core Service,4.18,Microsoft Corporation Inc.,Application,,C:\Program Files\Windows Defender,1.0
10018,AntiMalware Platform Update (amd64fre),4.18,Microsoft Corporation Inc.,Application,,C:\Windows\SystemTemp\1CA2652B-B665-4D9B-AB79-48B3DE2A3357MpCommU,1.0
10018,Antimalware Service Executable,4.18,Microsoft Corporation Inc.,Application,,C:\Program Files\Windows Defender,1.0
10018,AppResolverUX,10.0,Microsoft Corporation Inc.,Application,,C:\Windows\SystemApps\Microsoft.Windows.AppResolverUX_cw5n1h2txyewy,1.0
10018,AsyncTextService,10.0,Microsoft Corporation Inc.,Application,,C:\Windows\SystemApps\Microsoft.AsyncTextService_8wekyb3d8bbwe,1.0
10018,Biometric Enrollment Host,10.0,Microsoft Corporation Inc.,Application,,C:\Windows\SystemApps\Microsoft.BioEnrollment_cw5n1h2txyewy,1.0
10018,BMC Client Management Agent,24.1.01.240624,BMC Software Inc.,Application,,C:\Program Files\BMC Software\Client Management\Client\bin,1.0
10018,BMC Client Management Certificate Generator,24.1.01.240624,BMC Software Inc.,Application,,C:\Program Files\BMC Software\Client Management\Client\bin,1.0
10018,BMC Client Management Chilli Interpreter,24.1.01.240624,BMC Software Inc.,Application,,C:\Program Files\BMC Software\Client Management\Client\bin,1.0
10018,BMC Client Management Direct Access Proxy Agent,24.1.01.240624,BMC Software Inc.,Application,,C:\Program Files\BMC Software\Client Management\Client\bin,1.0
10018,BMC Client Management Opswat Proxy Agent,24.1.01.240624,BMC Software Inc.,Application,,C:\Program Files\BMC Software\Client Management\Client\bin,1.0
10018,BMC Client Management Package Viewer,24.1.01.240624,BMC Software Inc.,Application,,C:\Program Files\BMC Software\Client Management\Client\bin,1.0
10018,BMC Client Management Patch Broker,24.1.01.240624,BMC Software Inc.,Application,,C:\Program Files\BMC Software\Client Management\Client\bin,1.0
10018,BMC Client Management Proxy Agent,24.1.01.240624,BMC Software Inc.,Application,,C:\Program Files\BMC Software\Client Management\Client\bin,1.0
10018,BMC Client Management Remote Control proxy,24.1.01.240624,BMC Software Inc.,Application,,C:\Program Files\BMC Software\Client Management\Client\bin,1.0
10018,BMC Client Management SCAP,24.1.01.240624,BMC Software Inc.,Application,,C:\Program Files\BMC Software\Client Management\Client\bin,1.0
10018,BMC Client Management SFX,24.1.01.240624,BMC Software Inc.,Application,,D:\IT\BMC,1.0
10018,BMC Client Management Video Proxy Agent,24.1.01.240624,BMC Software Inc.,Application,,C:\Program Files\BMC Software\Client Management\Client\bin,1.0
10018,Boot File Servicing Utility,10.0,Microsoft Corporation Inc.,Application,,C:\Windows,1.0
10018,Browser Protection Native Messaging Host,4.18,Microsoft Corporation Inc.,Application,,C:\Program Files\Windows Defender,1.0
10018,BrowserCore,10.0,Microsoft Corporation Inc.,Application,,C:\Windows\BrowserCore,1.0
10018,Build20200511,2.0,Hikvision,Application,,C:\Program Files (x86)\iVMS-4200 Site\iVMS-4200 Client\Client,1.0
10018,Build20230908,3.0,Hikvision,Application,,C:\Program Files (x86)\iVMS-4200 Site\iVMS-4200 Client\Client,1.0
10018,CameraBarcodeScannerPreview,10.0,Microsoft Corporation Inc.,Application,,C:\Windows\SystemApps\Windows.CBSPreview_cw5n1h2txyewy,1.0
10018,ChromeEnterpriseCompanion,143.0,Google LLC,Application,,C:\Windows\SystemTemp\scoped_dir23236_1645359328\scoped_dir23236_491782410,1.0
10018,CL5,9.6,Ivanti,Application,,C:\Program Files\BMC Software\Client Management\Client\data\PatchManagementPremium\workspace,1.0
10018,ClickOnce,4.8,Microsoft Corporation Inc.,Application,,C:\Windows\Microsoft.NET\Framework64\v4.0.30319,3.0
10018,Common User Interface,5.8,Musarubra US LLC.,Application,,C:\Program Files\McAfee\Agent\x86,1.0
10018,ConfigBrowserEdge,1.0,,Application,,C:\Program Files (x86)\iVMS-4200 Site\iVMS-4200 Client\Client,1.0
10018,Copilot,144.0,Microsoft Corporation Inc.,Application,,C:\Program Files (x86)\Microsoft\EdgeWebView\Application\144.0.3719.115,5.0
10018,Copilot Update,1.3,Microsoft Corporation Inc.,Application,,C:\Program Files (x86)\Microsoft\EdgeUpdate,2.0
10018,Create a self-signed digital certificate,15.0,Microsoft Corporation Inc.,Application,,C:\Program Files\Microsoft Office\Office15,1.0
10018,Credential Dialog Host,10.0,Microsoft Corporation Inc.,Application,,C:\Windows\SystemApps\microsoft.creddialoghost_cw5n1h2txyewy,1.0
10018,CrowdStrike Device Control,7.29,CrowdStrike Inc.,Add/Remove Programs,"November 14, 2025 12:00:00 AM",,
10018,CrowdStrike Device Control Support Tool,7.29,CrowdStrike Inc.,Application,,C:\Program Files\CrowdStrike,1.0
10018,CrowdStrike Falcon Connector,7.32,CrowdStrike Inc.,Application,,C:\Program Files\CrowdStrike,1.0
10018,CrowdStrike Falcon Sensor,7.32,CrowdStrike Inc.,Application,,C:\Program Files\CrowdStrike,1.0
10018,CrowdStrike Falcon Sensor Controller,7.32,CrowdStrike Inc.,Application,,C:\Program Files\CrowdStrike,1.0
10018,CrowdStrike Falcon Sensor Service,7.32,CrowdStrike Inc.,Application,,C:\Program Files\CrowdStrike,1.0
10018,CrowdStrike Falcon Sensor Servlet Container,7.32,CrowdStrike Inc.,Application,,C:\Program Files\CrowdStrike,1.0
10018,CrowdStrike Falcon Sensor Settings Tool,7.32,CrowdStrike Inc.,Application,,C:\Program Files\CrowdStrike,1.0
10018,CrowdStrike Falcon Sensor System Tray Application,7.32,CrowdStrike Inc.,Application,,C:\Program Files\CrowdStrike,2.0
10681,.NET Runtime Optimization Service,4.8,Microsoft Corporation Inc.,Application,,C:\Windows\Microsoft.NET\Framework64\v4.0.30319,2.0
10681,64Bit MAPI Mail Agent,1.0,Foxit Software Inc.,Application,,C:\Program Files (x86)\Foxit Software\Foxit PDF Reader,1.0
10681,7-Zip 24.09 (x64),24.09,Igor Pavlov,Add/Remove Programs,,C:\Program Files\7-Zip\,
10681,7-Zip Console,24.09,Igor Pavlov,Application,,C:\Program Files\7-Zip,1.0
10681,7-Zip File Manager,24.09,Igor Pavlov,Application,,C:\Program Files\7-Zip,1.0
10681,7-Zip GUI,24.09,Igor Pavlov,Application,,C:\Program Files\7-Zip,1.0
10681,Accounts Control Host,10.0,Microsoft Corporation Inc.,Application,,C:\Windows\SystemApps\Microsoft.AccountsControl_cw5n1h2txyewy,1.0
10681,AddSuggestedFoldersToLibraryDialog,10.0,Microsoft Corporation Inc.,Application,,C:\Windows\SystemApps\Microsoft.Windows.AddSuggestedFoldersToLibraryDialog_cw5n1h2txyewy,1.0
10681,Antimalware Core Service,4.18,Microsoft Corporation Inc.,Application,,C:\Program Files\Windows Defender,1.0
10681,Antimalware Service Executable,4.18,Microsoft Corporation Inc.,Application,,C:\Program Files\Windows Defender,1.0
10681,AppResolverUX,10.0,Microsoft Corporation Inc.,Application,,C:\Windows\SystemApps\Microsoft.Windows.AppResolverUX_cw5n1h2txyewy,1.0
10681,AsyncTextService,10.0,Microsoft Corporation Inc.,Application,,C:\Windows\SystemApps\Microsoft.AsyncTextService_8wekyb3d8bbwe,1.0
10681,Biometric Enrollment Host,10.0,Microsoft Corporation Inc.,Application,,C:\Windows\SystemApps\Microsoft.BioEnrollment_cw5n1h2txyewy,1.0
10681,BMC Client Management Agent,24.1.01.240624,BMC Software Inc.,Application,,C:\Program Files\BMC Software\Client Management\Client\bin,1.0
10681,BMC Client Management Certificate Generator,24.1.01.240624,BMC Software Inc.,Application,,C:\Program Files\BMC Software\Client Management\Client\bin,1.0
10681,BMC Client Management Chilli Interpreter,24.1.01.240624,BMC Software Inc.,Application,,C:\Program Files\BMC Software\Client Management\Client\bin,1.0
10681,BMC Client Management Direct Access Proxy Agent,24.1.01.240624,BMC Software Inc.,Application,,C:\Program Files\BMC Software\Client Management\Client\bin,1.0
10681,BMC Client Management Opswat Proxy Agent,24.1.01.240624,BMC Software Inc.,Application,,C:\Program Files\BMC Software\Client Management\Client\bin,1.0
10681,BMC Client Management Package Viewer,24.1.01.240624,BMC Software Inc.,Application,,C:\Program Files\BMC Software\Client Management\Client\bin,1.0
10681,BMC Client Management Patch Broker,24.1.01.240624,BMC Software Inc.,Application,,C:\Program Files\BMC Software\Client Management\Client\bin,1.0
10681,BMC Client Management Proxy Agent,24.1.01.240624,BMC Software Inc.,Application,,C:\Program Files\BMC Software\Client Management\Client\bin,1.0
10681,BMC Client Management Remote Control proxy,24.1.01.240624,BMC Software Inc.,Application,,C:\Program Files\BMC Software\Client Management\Client\bin,1.0
10681,BMC Client Management SCAP,24.1.01.240624,BMC Software Inc.,Application,,C:\Program Files\BMC Software\Client Management\Client\bin,1.0
10681,BMC Client Management SFX,24.1.01.240624,BMC Software Inc.,Application,,D:\IT\BMC,1.0
10681,BMC Client Management Video Proxy Agent,24.1.01.240624,BMC Software Inc.,Application,,C:\Program Files\BMC Software\Client Management\Client\bin,1.0
10681,Boot File Servicing Utility,10.0,Microsoft Corporation Inc.,Application,,C:\Windows,1.0
10681,Browser Protection Native Messaging Host,4.18,Microsoft Corporation Inc.,Application,,C:\Program Files\Windows Defender,1.0
10681,BrowserCore,10.0,Microsoft Corporation Inc.,Application,,C:\Windows\BrowserCore,1.0
10681,CameraBarcodeScannerPreview,10.0,Microsoft Corporation Inc.,Application,,C:\Windows\SystemApps\Windows.CBSPreview_cw5n1h2txyewy,1.0
10681,CL5,9.6,Ivanti,Application,,C:\Program Files\BMC Software\Client Management\Client\data\PatchManagementPremium\workspace,1.0
10681,ClickOnce,4.8,Microsoft Corporation Inc.,Application,,C:\Windows\Microsoft.NET\Framework64\v4.0.30319,3.0
10681,Credential Dialog Host,10.0,Microsoft Corporation Inc.,Application,,C:\Windows\SystemApps\microsoft.creddialoghost_cw5n1h2txyewy,1.0
10681,CrowdStrike Device Control,7.29,CrowdStrike Inc.,Add/Remove Programs,"November 14, 2025 12:00:00 AM",,
10681,CrowdStrike Device Control Support Tool,7.29,CrowdStrike Inc.,Application,,C:\Program Files\CrowdStrike,1.0
10681,CrowdStrike Falcon Connector,7.32,CrowdStrike Inc.,Application,,C:\Program Files\CrowdStrike,1.0
10681,CrowdStrike Falcon Sensor,7.32,CrowdStrike Inc.,Application,,C:\Program Files\CrowdStrike,1.0
10681,CrowdStrike Falcon Sensor Controller,7.32,CrowdStrike Inc.,Application,,C:\Program Files\CrowdStrike,1.0
10681,CrowdStrike Falcon Sensor Service,7.32,CrowdStrike Inc.,Application,,C:\Program Files\CrowdStrike,1.0
10681,CrowdStrike Falcon Sensor Servlet Container,7.32,CrowdStrike Inc.,Application,,C:\Program Files\CrowdStrike,1.0
10681,CrowdStrike Falcon Sensor Settings Tool,7.32,CrowdStrike Inc.,Application,,C:\Program Files\CrowdStrike,1.0
10681,CrowdStrike Falcon Sensor System Tray Application,7.32,CrowdStrike Inc.,Application,,C:\Program Files\CrowdStrike,2.0
10681,CrowdStrike Firmware Analysis,7.14,CrowdStrike Inc.,Add/Remove Programs,"August 18, 2025 12:00:00 AM",,
10681,CrowdStrike Firmware Analysis Support Tool,7.14,CrowdStrike Inc.,Application,,C:\Program Files\CrowdStrike,1.0
10681,CrowdStrike On-Demand Scan Command-line Tool,7.32,CrowdStrike Inc.,Application,,C:\Program Files\CrowdStrike,1.0
10681,CrowdStrike On-Demand Scan Tool,7.32,CrowdStrike Inc.,Application,,C:\Program Files\CrowdStrike,1.0
10681,CrowdStrike Sensor Platform,7.32,CrowdStrike Inc.,Add/Remove Programs,"January 14, 2026 12:00:00 AM",,
10681,CrowdStrike Windows Sensor,7.32,CrowdStrike Inc.,Add/Remove Programs,"January 14, 2026 12:00:00 AM",,
10681,CrowdStrike Windows Sensor,7.16,CrowdStrike Inc.,Application,,D:\IT\CS,1.0
10681,EC App,10.0,Microsoft Corporation Inc.,Application,,C:\Windows\SystemApps\Microsoft.ECApp_8wekyb3d8bbwe,1.0
10681,File Explorer,10.0,Microsoft Corporation Inc.,Application,,C:\Windows\SystemApps\Microsoft.Windows.FileExplorer_cw5n1h2txyewy,1.0
9969,.NET Runtime Optimization Service,4.8,Microsoft Corporation Inc.,Application,,C:\Windows\Microsoft.NET\Framework64\v4.0.30319,2.0
9969,64Bit MAPI Mail Agent,1.0,Foxit Software Inc.,Application,,C:\Program Files (x86)\Foxit Software\Foxit PDF Reader,1.0
9969,7-Zip 24.09 (x64),24.09,Igor Pavlov,Add/Remove Programs,,C:\Program Files\7-Zip\,
9969,7-Zip Console,24.09,Igor Pavlov,Application,,C:\Program Files\7-Zip,1.0
9969,7-Zip File Manager,24.09,Igor Pavlov,Application,,C:\Program Files\7-Zip,1.0
9969,7-Zip GUI,24.09,Igor Pavlov,Application,,C:\Program Files\7-Zip,1.0
9969,Accounts Control Host,10.0,Microsoft Corporation Inc.,Application,,C:\Windows\SystemApps\Microsoft.AccountsControl_cw5n1h2txyewy,1.0
9969,AddSuggestedFoldersToLibraryDialog,10.0,Microsoft Corporation Inc.,Application,,C:\Windows\SystemApps\Microsoft.Windows.AddSuggestedFoldersToLibraryDialog_cw5n1h2txyewy,1.0
9969,Antimalware Core Service,4.18,Microsoft Corporation Inc.,Application,,C:\Program Files\Windows Defender,1.0
9969,Antimalware Service Executable,4.18,Microsoft Corporation Inc.,Application,,C:\Program Files\Windows Defender,1.0
9969,AppResolverUX,10.0,Microsoft Corporation Inc.,Application,,C:\Windows\SystemApps\Microsoft.Windows.AppResolverUX_cw5n1h2txyewy,1.0
9969,AsyncTextService,10.0,Microsoft Corporation Inc.,Application,,C:\Windows\SystemApps\Microsoft.AsyncTextService_8wekyb3d8bbwe,1.0
9969,Biometric Enrollment Host,10.0,Microsoft Corporation Inc.,Application,,C:\Windows\SystemApps\Microsoft.BioEnrollment_cw5n1h2txyewy,1.0
9969,BMC Client Management Agent,24.1.01.240624,BMC Software Inc.,Application,,C:\Program Files\BMC Software\Client Management\Client\bin,1.0
9969,BMC Client Management Certificate Generator,24.1.01.240624,BMC Software Inc.,Application,,C:\Program Files\BMC Software\Client Management\Client\bin,1.0
9969,BMC Client Management Chilli Interpreter,24.1.01.240624,BMC Software Inc.,Application,,C:\Program Files\BMC Software\Client Management\Client\bin,1.0
9969,BMC Client Management Direct Access Proxy Agent,24.1.01.240624,BMC Software Inc.,Application,,C:\Program Files\BMC Software\Client Management\Client\bin,1.0
9969,BMC Client Management Opswat Proxy Agent,24.1.01.240624,BMC Software Inc.,Application,,C:\Program Files\BMC Software\Client Management\Client\bin,1.0
9969,BMC Client Management Package Viewer,24.1.01.240624,BMC Software Inc.,Application,,C:\Program Files\BMC Software\Client Management\Client\bin,1.0
9969,BMC Client Management Patch Broker,24.1.01.240624,BMC Software Inc.,Application,,C:\Program Files\BMC Software\Client Management\Client\bin,1.0
9969,BMC Client Management Proxy Agent,24.1.01.240624,BMC Software Inc.,Application,,C:\Program Files\BMC Software\Client Management\Client\bin,1.0
9969,BMC Client Management Remote Control proxy,24.1.01.240624,BMC Software Inc.,Application,,C:\Program Files\BMC Software\Client Management\Client\bin,1.0
9969,BMC Client Management SCAP,24.1.01.240624,BMC Software Inc.,Application,,C:\Program Files\BMC Software\Client Management\Client\bin,1.0
9969,BMC Client Management SFX,24.1.01.240624,BMC Software Inc.,Application,,D:\IT\BMC,1.0
9969,BMC Client Management Video Proxy Agent,24.1.01.240624,BMC Software Inc.,Application,,C:\Program Files\BMC Software\Client Management\Client\bin,1.0
9969,Boot File Servicing Utility,10.0,Microsoft Corporation Inc.,Application,,C:\Windows,1.0
9969,Browser Protection Native Messaging Host,4.18,Microsoft Corporation Inc.,Application,,C:\Program Files\Windows Defender,1.0
9969,BrowserCore,10.0,Microsoft Corporation Inc.,Application,,C:\Windows\BrowserCore,1.0
9969,CameraBarcodeScannerPreview,10.0,Microsoft Corporation Inc.,Application,,C:\Windows\SystemApps\Windows.CBSPreview_cw5n1h2txyewy,1.0
9969,CL5,9.6,Ivanti,Application,,C:\Program Files\BMC Software\Client Management\Client\data\PatchManagementPremium\workspace,1.0
9969,ClickOnce,4.8,Microsoft Corporation Inc.,Application,,C:\Windows\Microsoft.NET\Framework64\v4.0.30319,3.0
9969,Credential Dialog Host,10.0,Microsoft Corporation Inc.,Application,,C:\Windows\SystemApps\microsoft.creddialoghost_cw5n1h2txyewy,1.0
9969,CrowdStrike Device Control,7.29,CrowdStrike Inc.,Add/Remove Programs,"November 14, 2025 12:00:00 AM",,
9969,CrowdStrike Device Control Support Tool,7.29,CrowdStrike Inc.,Application,,C:\Program Files\CrowdStrike,1.0
9969,CrowdStrike Falcon Connector,7.32,CrowdStrike Inc.,Application,,C:\Program Files\CrowdStrike,1.0
9969,CrowdStrike Falcon Sensor,7.32,CrowdStrike Inc.,Application,,C:\Program Files\CrowdStrike,1.0
9969,CrowdStrike Falcon Sensor Controller,7.32,CrowdStrike Inc.,Application,,C:\Program Files\CrowdStrike,1.0
9969,CrowdStrike Falcon Sensor Service,7.32,CrowdStrike Inc.,Application,,C:\Program Files\CrowdStrike,1.0
9969,CrowdStrike Falcon Sensor Servlet Container,7.32,CrowdStrike Inc.,Application,,C:\Program Files\CrowdStrike,1.0
9969,CrowdStrike Falcon Sensor Settings Tool,7.32,CrowdStrike Inc.,Application,,C:\Program Files\CrowdStrike,1.0
9969,CrowdStrike Falcon Sensor System Tray Application,7.32,CrowdStrike Inc.,Application,,C:\Program Files\CrowdStrike,2.0
9969,CrowdStrike Firmware Analysis,7.14,CrowdStrike Inc.,Add/Remove Programs,"August 18, 2025 12:00:00 AM",,
9969,CrowdStrike Firmware Analysis Support Tool,7.14,CrowdStrike Inc.,Application,,C:\Program Files\CrowdStrike,1.0
9969,CrowdStrike On-Demand Scan Command-line Tool,7.32,CrowdStrike Inc.,Application,,C:\Program Files\CrowdStrike,1.0
9969,CrowdStrike On-Demand Scan Tool,7.32,CrowdStrike Inc.,Application,,C:\Program Files\CrowdStrike,1.0
9969,CrowdStrike Sensor Platform,7.32,CrowdStrike Inc.,Add/Remove Programs,"January 14, 2026 12:00:00 AM",,
9969,CrowdStrike Windows Sensor,7.32,CrowdStrike Inc.,Add/Remove Programs,"January 14, 2026 12:00:00 AM",,
9969,CrowdStrike Windows Sensor,7.16,CrowdStrike Inc.,Application,,D:\IT\CS,1.0
9969,EC App,10.0,Microsoft Corporation Inc.,Application,,C:\Windows\SystemApps\Microsoft.ECApp_8wekyb3d8bbwe,1.0
9969,File Explorer,10.0,Microsoft Corporation Inc.,Application,,C:\Windows\SystemApps\Microsoft.Windows.FileExplorer_cw5n1h2txyewy,1.0
10084,.NET Runtime Optimization Service,4.8,Microsoft Corporation Inc.,Application,,C:\Windows\Microsoft.NET\Framework64\v4.0.30319,2.0
10084,64Bit MAPI Mail Agent,1.0,Foxit Software Inc.,Application,,C:\Program Files (x86)\FOXIT SOFTWARE\FOXIT PDF READER,1.0
10084,7-Zip 24.09 (x64),24.09,Igor Pavlov,Add/Remove Programs,,C:\Program Files\7-Zip\,
10084,7-Zip Console,24.09,Igor Pavlov,Application,,C:\Program Files\7-Zip,1.0
10084,7-Zip File Manager,24.09,Igor Pavlov,Application,,C:\Program Files\7-Zip,1.0
10084,7-Zip GUI,24.09,Igor Pavlov,Application,,C:\Program Files\7-Zip,1.0
10084,Accounts Control Host,10.0,Microsoft Corporation Inc.,Application,,C:\Windows\SystemApps\Microsoft.AccountsControl_cw5n1h2txyewy,1.0
10084,AddSuggestedFoldersToLibraryDialog,10.0,Microsoft Corporation Inc.,Application,,C:\Windows\SystemApps\Microsoft.Windows.AddSuggestedFoldersToLibraryDialog_cw5n1h2txyewy,1.0
10084,Antimalware Core Service,4.18,Microsoft Corporation Inc.,Application,,C:\Program Files\Windows Defender,1.0
10084,AntiMalware Platform Update (amd64fre),4.18,Microsoft Corporation Inc.,Application,,C:\Windows\SystemTemp\C6634A4D-07C2-4FE8-A579-F33EB04CAFF2MpCommU,1.0
10084,Antimalware Service Executable,4.18,Microsoft Corporation Inc.,Application,,C:\Program Files\Windows Defender,1.0
10084,AppResolverUX,10.0,Microsoft Corporation Inc.,Application,,C:\Windows\SystemApps\Microsoft.Windows.AppResolverUX_cw5n1h2txyewy,1.0
10084,AsyncTextService,10.0,Microsoft Corporation Inc.,Application,,C:\Windows\SystemApps\Microsoft.AsyncTextService_8wekyb3d8bbwe,1.0
10084,Biometric Enrollment Host,10.0,Microsoft Corporation Inc.,Application,,C:\Windows\SystemApps\Microsoft.BioEnrollment_cw5n1h2txyewy,1.0
10084,BMC Client Management Agent,24.1.01.240624,BMC Software Inc.,Application,,C:\Program Files\BMC Software\Client Management\Client\bin,1.0
10084,BMC Client Management Certificate Generator,24.1.01.240624,BMC Software Inc.,Application,,C:\Program Files\BMC Software\Client Management\Client\bin,1.0
10084,BMC Client Management Chilli Interpreter,24.1.01.240624,BMC Software Inc.,Application,,C:\Program Files\BMC Software\Client Management\Client\bin,1.0
10084,BMC Client Management Direct Access Proxy Agent,24.1.01.240624,BMC Software Inc.,Application,,C:\Program Files\BMC Software\Client Management\Client\bin,1.0
10084,BMC Client Management Opswat Proxy Agent,24.1.01.240624,BMC Software Inc.,Application,,C:\Program Files\BMC Software\Client Management\Client\bin,1.0
10084,BMC Client Management Package Viewer,24.1.01.240624,BMC Software Inc.,Application,,C:\Program Files\BMC Software\Client Management\Client\bin,1.0
10084,BMC Client Management Patch Broker,24.1.01.240624,BMC Software Inc.,Application,,C:\Program Files\BMC Software\Client Management\Client\bin,1.0
10084,BMC Client Management Proxy Agent,24.1.01.240624,BMC Software Inc.,Application,,C:\Program Files\BMC Software\Client Management\Client\bin,1.0
10084,BMC Client Management Remote Control proxy,24.1.01.240624,BMC Software Inc.,Application,,C:\Program Files\BMC Software\Client Management\Client\bin,1.0
10084,BMC Client Management SCAP,24.1.01.240624,BMC Software Inc.,Application,,C:\Program Files\BMC Software\Client Management\Client\bin,1.0
10084,BMC Client Management SFX,24.1.01.240624,BMC Software Inc.,Application,,D:\IT\BMC,1.0
10084,BMC Client Management Video Proxy Agent,24.1.01.240624,BMC Software Inc.,Application,,C:\Program Files\BMC Software\Client Management\Client\bin,1.0
10084,Boot File Servicing Utility,10.0,Microsoft Corporation Inc.,Application,,C:\Windows,1.0
10084,Browser Protection Native Messaging Host,4.18,Microsoft Corporation Inc.,Application,,C:\Program Files\Windows Defender,1.0
10084,BrowserCore,10.0,Microsoft Corporation Inc.,Application,,C:\Windows\BrowserCore,1.0
10084,CameraBarcodeScannerPreview,10.0,Microsoft Corporation Inc.,Application,,C:\Windows\SystemApps\Windows.CBSPreview_cw5n1h2txyewy,1.0
10084,ChromeEnterpriseCompanion,143.0,Google LLC,Application,,C:\Windows\SystemTemp\scoped_dir2892_1829510350\scoped_dir2892_965231069,1.0
10084,CL5,9.6,Ivanti,Application,,C:\Program Files\BMC Software\Client Management\Client\data\PatchManagementPremium\workspace,1.0
10084,ClickOnce,4.8,Microsoft Corporation Inc.,Application,,C:\Windows\Microsoft.NET\Framework64\v4.0.30319,3.0
10084,Common User Interface,5.8,Musarubra US LLC.,Application,,C:\Program Files\McAfee\Agent\x86,1.0
10084,Copilot,144.0,Microsoft Corporation Inc.,Application,,C:\Program Files (x86)\Microsoft\EdgeWebView\Application\144.0.3719.115,5.0
10084,Copilot Update,1.3,Microsoft Corporation Inc.,Application,,C:\Program Files (x86)\Microsoft\EdgeUpdate,2.0
10084,Credential Dialog Host,10.0,Microsoft Corporation Inc.,Application,,C:\Windows\SystemApps\microsoft.creddialoghost_cw5n1h2txyewy,1.0
10084,CrowdStrike Device Control,7.29,CrowdStrike Inc.,Add/Remove Programs,"November 14, 2025 12:00:00 AM",,
10084,CrowdStrike Device Control Support Tool,7.29,CrowdStrike Inc.,Application,,C:\Program Files\CrowdStrike,1.0
10084,CrowdStrike Falcon Connector,7.32,CrowdStrike Inc.,Application,,C:\Program Files\CrowdStrike,1.0
10084,CrowdStrike Falcon Sensor,7.32,CrowdStrike Inc.,Application,,C:\Program Files\CrowdStrike,1.0
10084,CrowdStrike Falcon Sensor Controller,7.32,CrowdStrike Inc.,Application,,C:\Program Files\CrowdStrike,1.0
10084,CrowdStrike Falcon Sensor Service,7.32,CrowdStrike Inc.,Application,,C:\Program Files\CrowdStrike,1.0
10084,CrowdStrike Falcon Sensor Servlet Container,7.32,CrowdStrike Inc.,Application,,C:\Program Files\CrowdStrike,1.0
10084,CrowdStrike Falcon Sensor Settings Tool,7.32,CrowdStrike Inc.,Application,,C:\Program Files\CrowdStrike,1.0
10084,CrowdStrike Falcon Sensor System Tray Application,7.32,CrowdStrike Inc.,Application,,C:\Program Files\CrowdStrike,2.0
10084,CrowdStrike Firmware Analysis,7.14,CrowdStrike Inc.,Add/Remove Programs,"August 18, 2025 12:00:00 AM",,
10084,CrowdStrike Firmware Analysis Support Tool,7.14,CrowdStrike Inc.,Application,,C:\Program Files\CrowdStrike,1.0
10084,CrowdStrike On-Demand Scan Command-line Tool,7.32,CrowdStrike Inc.,Application,,C:\Program Files\CrowdStrike,1.0
10084,CrowdStrike On-Demand Scan Tool,7.32,CrowdStrike Inc.,Application,,C:\Program Files\CrowdStrike,1.0
7936,.NET Framework,3.0,Microsoft Corporation Inc.,Application,,C:\Windows\Microsoft.NET\Framework64\v3.0\Windows Communication Foundation,2.0
7936,.NET Runtime Optimization Service,4.8,Microsoft Corporation Inc.,Application,,C:\Windows\Microsoft.NET\Framework64\v4.0.30319,2.0
7936,.NET Runtime Optimization Service,2.0,Microsoft Corporation Inc.,Application,,C:\Windows\Microsoft.NET\Framework64\v2.0.50727,2.0
7936,64Bit MAPI Mail Agent,1.0,Foxit Software Inc.,Application,,C:\Program Files (x86)\Foxit Software\Foxit PDF Reader,1.0
7936,7-Zip 24.08 (x64 edition),24.08,Igor Pavlov,Add/Remove Programs,"November 26, 2024 12:00:00 AM",,
7936,7-Zip Console,24.08,Igor Pavlov,Application,,C:\Program Files\7-Zip,1.0
7936,7-Zip File Manager,24.08,Igor Pavlov,Application,,C:\Program Files\7-Zip,1.0
7936,7-Zip GUI,24.08,Igor Pavlov,Application,,C:\Program Files\7-Zip,1.0
7936,Accounts Control Host,10.0,Microsoft Corporation Inc.,Application,,C:\Windows\SystemApps\Microsoft.AccountsControl_cw5n1h2txyewy,1.0
7936,AddSuggestedFoldersToLibraryDialog,10.0,Microsoft Corporation Inc.,Application,,C:\Windows\SystemApps\Microsoft.Windows.AddSuggestedFoldersToLibraryDialog_cw5n1h2txyewy,1.0
7936,Antimalware Core Service,4.18,Microsoft Corporation Inc.,Application,,C:\Program Files\Windows Defender,1.0
7936,Antimalware Service Executable,4.18,Microsoft Corporation Inc.,Application,,C:\Program Files\Windows Defender,1.0
7936,AppResolverUX,10.0,Microsoft Corporation Inc.,Application,,C:\Windows\SystemApps\Microsoft.Windows.AppResolverUX_cw5n1h2txyewy,1.0
7936,AsyncTextService,10.0,Microsoft Corporation Inc.,Application,,C:\Windows\SystemApps\Microsoft.AsyncTextService_8wekyb3d8bbwe,1.0
7936,Biometric Enrollment Host,10.0,Microsoft Corporation Inc.,Application,,C:\Windows\SystemApps\Microsoft.BioEnrollment_cw5n1h2txyewy,1.0
7936,BMC Client Management Agent,24.1.01.240624,BMC Software Inc.,Application,,C:\Program Files\BMC Software\Client Management\Client\bin,1.0
7936,BMC Client Management Certificate Generator,24.1.01.240624,BMC Software Inc.,Application,,C:\Program Files\BMC Software\Client Management\Client\bin,1.0
7936,BMC Client Management Chilli Interpreter,24.1.01.240624,BMC Software Inc.,Application,,C:\Program Files\BMC Software\Client Management\Client\bin,1.0
7936,BMC Client Management Direct Access Proxy Agent,24.1.01.240624,BMC Software Inc.,Application,,C:\Program Files\BMC Software\Client Management\Client\bin,1.0
7936,BMC Client Management Opswat Proxy Agent,24.1.01.240624,BMC Software Inc.,Application,,C:\Program Files\BMC Software\Client Management\Client\bin,1.0
7936,BMC Client Management Package Viewer,24.1.01.240624,BMC Software Inc.,Application,,C:\Program Files\BMC Software\Client Management\Client\bin,1.0
7936,BMC Client Management Patch Broker,24.1.01.240624,BMC Software Inc.,Application,,C:\Program Files\BMC Software\Client Management\Client\bin,1.0
7936,BMC Client Management Proxy Agent,24.1.01.240624,BMC Software Inc.,Application,,C:\Program Files\BMC Software\Client Management\Client\bin,1.0
7936,BMC Client Management Remote Control proxy,24.1.01.240624,BMC Software Inc.,Application,,C:\Program Files\BMC Software\Client Management\Client\bin,1.0
7936,BMC Client Management SCAP,24.1.01.240624,BMC Software Inc.,Application,,C:\Program Files\BMC Software\Client Management\Client\bin,1.0
7936,BMC Client Management SFX,24.1.01.240624,BMC Software Inc.,Application,,D:\Apps,1.0
7936,BMC Client Management Video Proxy Agent,24.1.01.240624,BMC Software Inc.,Application,,C:\Program Files\BMC Software\Client Management\Client\bin,1.0
7936,Boot File Servicing Utility,10.0,Microsoft Corporation Inc.,Application,,C:\Windows,1.0
7936,Browser Protection Native Messaging Host,4.18,Microsoft Corporation Inc.,Application,,C:\Program Files\Windows Defender,1.0
7936,BrowserCore,10.0,Microsoft Corporation Inc.,Application,,C:\Windows\BrowserCore,1.0
7936,CameraBarcodeScannerPreview,10.0,Microsoft Corporation Inc.,Application,,C:\Windows\SystemApps\Windows.CBSPreview_cw5n1h2txyewy,1.0
7936,CL5,9.6,Ivanti,Application,,C:\Program Files\BMC Software\Client Management\Client\data\PatchManagementPremium\workspace,1.0
7936,ClickOnce,4.8,Microsoft Corporation Inc.,Application,,C:\Windows\Microsoft.NET\Framework64\v4.0.30319,3.0
7936,Common User Interface,5.8,Musarubra US LLC.,Application,,C:\Program Files\McAfee\Agent\x86,1.0
7936,Copilot,144.0,Microsoft Corporation Inc.,Application,,C:\Program Files (x86)\Microsoft\EdgeWebView\Application\144.0.3719.115,5.0
7936,Copilot Update,1.3,Microsoft Corporation Inc.,Application,,C:\Program Files (x86)\Microsoft\EdgeUpdate,2.0
7936,Credential Dialog Host,10.0,Microsoft Corporation Inc.,Application,,C:\Windows\SystemApps\microsoft.creddialoghost_cw5n1h2txyewy,1.0
7936,CrowdStrike Device Control,7.29,CrowdStrike Inc.,Add/Remove Programs,"November 14, 2025 12:00:00 AM",,
7936,CrowdStrike Device Control Support Tool,7.29,CrowdStrike Inc.,Application,,C:\Program Files\CrowdStrike,1.0
7936,CrowdStrike Falcon Connector,7.32,CrowdStrike Inc.,Application,,C:\Program Files\CrowdStrike,1.0
7936,CrowdStrike Falcon Sensor,7.32,CrowdStrike Inc.,Application,,C:\Program Files\CrowdStrike,1.0
7936,CrowdStrike Falcon Sensor Controller,7.32,CrowdStrike Inc.,Application,,C:\Program Files\CrowdStrike,1.0
7936,CrowdStrike Falcon Sensor Service,7.32,CrowdStrike Inc.,Application,,C:\Program Files\CrowdStrike,1.0
7936,CrowdStrike Falcon Sensor Servlet Container,7.32,CrowdStrike Inc.,Application,,C:\Program Files\CrowdStrike,1.0
7936,CrowdStrike Falcon Sensor Settings Tool,7.32,CrowdStrike Inc.,Application,,C:\Program Files\CrowdStrike,1.0
7936,CrowdStrike Falcon Sensor System Tray Application,7.32,CrowdStrike Inc.,Application,,C:\Program Files\CrowdStrike,2.0
7936,CrowdStrike Firmware Analysis,7.14,CrowdStrike Inc.,Add/Remove Programs,"January 07, 2025 12:00:00 AM",,
7936,CrowdStrike Firmware Analysis Support Tool,7.14,CrowdStrike Inc.,Application,,C:\Program Files\CrowdStrike,1.0
7936,CrowdStrike On-Demand Scan Command-line Tool,7.32,CrowdStrike Inc.,Application,,C:\Program Files\CrowdStrike,1.0
7936,CrowdStrike On-Demand Scan Tool,7.32,CrowdStrike Inc.,Application,,C:\Program Files\CrowdStrike,1.0
16422,.NET Runtime Optimization Service,4.8,Microsoft Corporation Inc.,Application,,C:\Windows\Microsoft.NET\Framework64\v4.0.30319,2.0
16422,64Bit MAPI Mail Agent,1.0,Foxit Software Inc.,Application,,C:\Program Files (x86)\Foxit Software\Foxit PDF Reader,1.0
16422,7-Zip 23.01 (x64),23.01,Igor Pavlov,Add/Remove Programs,,C:\Program Files\7-Zip\,
16422,7-Zip Console,23.01,Igor Pavlov,Application,,C:\Program Files\7-Zip,1.0
16422,7-Zip File Manager,23.01,Igor Pavlov,Application,,C:\Program Files\7-Zip,1.0
16422,7-Zip GUI,23.01,Igor Pavlov,Application,,C:\Program Files\7-Zip,1.0
16422,Accounts Control Host,10.0,Microsoft Corporation Inc.,Application,,C:\Windows\SystemApps\Microsoft.AccountsControl_cw5n1h2txyewy,1.0
16422,AddSuggestedFoldersToLibraryDialog,10.0,Microsoft Corporation Inc.,Application,,C:\Windows\SystemApps\Microsoft.Windows.AddSuggestedFoldersToLibraryDialog_cw5n1h2txyewy,1.0
16422,Antimalware Core Service,4.18,Microsoft Corporation Inc.,Application,,C:\Program Files\Windows Defender,1.0
16422,Antimalware Service Executable,4.18,Microsoft Corporation Inc.,Application,,C:\Program Files\Windows Defender,1.0
16422,AppResolverUX,10.0,Microsoft Corporation Inc.,Application,,C:\Windows\SystemApps\Microsoft.Windows.AppResolverUX_cw5n1h2txyewy,1.0
16422,AsyncTextService,10.0,Microsoft Corporation Inc.,Application,,C:\Windows\SystemApps\Microsoft.AsyncTextService_8wekyb3d8bbwe,1.0
16422,Biometric Enrollment Host,10.0,Microsoft Corporation Inc.,Application,,C:\Windows\SystemApps\Microsoft.BioEnrollment_cw5n1h2txyewy,1.0
16422,BMC Client Management Agent,24.1.01.240624,BMC Software Inc.,Application,,C:\Program Files\BMC Software\Client Management\Client\bin,1.0
16422,BMC Client Management Certificate Generator,24.1.01.240624,BMC Software Inc.,Application,,C:\Program Files\BMC Software\Client Management\Client\bin,1.0
16422,BMC Client Management Chilli Interpreter,24.1.01.240624,BMC Software Inc.,Application,,C:\Program Files\BMC Software\Client Management\Client\bin,1.0
16422,BMC Client Management Direct Access Proxy Agent,24.1.01.240624,BMC Software Inc.,Application,,C:\Program Files\BMC Software\Client Management\Client\bin,1.0
16422,BMC Client Management Opswat Proxy Agent,24.1.01.240624,BMC Software Inc.,Application,,C:\Program Files\BMC Software\Client Management\Client\bin,1.0
16422,BMC Client Management Package Viewer,24.1.01.240624,BMC Software Inc.,Application,,C:\Program Files\BMC Software\Client Management\Client\bin,1.0
16422,BMC Client Management Patch Broker,24.1.01.240624,BMC Software Inc.,Application,,C:\Program Files\BMC Software\Client Management\Client\bin,1.0
16422,BMC Client Management Proxy Agent,24.1.01.240624,BMC Software Inc.,Application,,C:\Program Files\BMC Software\Client Management\Client\bin,1.0
16422,BMC Client Management Remote Control proxy,24.1.01.240624,BMC Software Inc.,Application,,C:\Program Files\BMC Software\Client Management\Client\bin,1.0
16422,BMC Client Management SCAP,24.1.01.240624,BMC Software Inc.,Application,,C:\Program Files\BMC Software\Client Management\Client\bin,1.0
16422,BMC Client Management SFX,24.1.01.240624,BMC Software Inc.,Application,,D:\Apps\BMC,2.0
16422,BMC Client Management Video Proxy Agent,24.1.01.240624,BMC Software Inc.,Application,,C:\Program Files\BMC Software\Client Management\Client\bin,1.0
16422,Boot File Servicing Utility,10.0,Microsoft Corporation Inc.,Application,,C:\Windows,1.0
16422,Browser Protection Native Messaging Host,4.18,Microsoft Corporation Inc.,Application,,C:\Program Files\Windows Defender,1.0
16422,BrowserCore,10.0,Microsoft Corporation Inc.,Application,,C:\Windows\BrowserCore,1.0
16422,CameraBarcodeScannerPreview,10.0,Microsoft Corporation Inc.,Application,,C:\Windows\SystemApps\Windows.CBSPreview_cw5n1h2txyewy,1.0
16422,CL5,9.6,Ivanti,Application,,C:\Program Files\BMC Software\Client Management\Client\data\PatchManagementPremium\workspace,1.0
16422,ClickOnce,4.8,Microsoft Corporation Inc.,Application,,C:\Windows\Microsoft.NET\Framework64\v4.0.30319,3.0
16422,Credential Dialog Host,10.0,Microsoft Corporation Inc.,Application,,C:\Windows\SystemApps\microsoft.creddialoghost_cw5n1h2txyewy,1.0
16422,CrowdStrike Device Control,7.29,CrowdStrike Inc.,Add/Remove Programs,"January 20, 2026 12:00:00 AM",,
16422,CrowdStrike Device Control Support Tool,7.29,CrowdStrike Inc.,Application,,C:\Program Files\CrowdStrike,1.0
16422,CrowdStrike Falcon Connector,7.32,CrowdStrike Inc.,Application,,C:\Program Files\CrowdStrike,1.0
16422,CrowdStrike Falcon Sensor,7.32,CrowdStrike Inc.,Application,,C:\Program Files\CrowdStrike,1.0
16422,CrowdStrike Falcon Sensor Controller,7.32,CrowdStrike Inc.,Application,,C:\Program Files\CrowdStrike,1.0
16422,CrowdStrike Falcon Sensor Service,7.32,CrowdStrike Inc.,Application,,C:\Program Files\CrowdStrike,1.0
16422,CrowdStrike Falcon Sensor Servlet Container,7.32,CrowdStrike Inc.,Application,,C:\Program Files\CrowdStrike,1.0
16422,CrowdStrike Falcon Sensor Settings Tool,7.32,CrowdStrike Inc.,Application,,C:\Program Files\CrowdStrike,1.0
16422,CrowdStrike Falcon Sensor System Tray Application,7.32,CrowdStrike Inc.,Application,,C:\Program Files\CrowdStrike,2.0
16422,CrowdStrike Firmware Analysis,7.14,CrowdStrike Inc.,Add/Remove Programs,"January 20, 2026 12:00:00 AM",,
16422,CrowdStrike Firmware Analysis Support Tool,7.14,CrowdStrike Inc.,Application,,C:\Program Files\CrowdStrike,1.0
16422,CrowdStrike On-Demand Scan Command-line Tool,7.32,CrowdStrike Inc.,Application,,C:\Program Files\CrowdStrike,1.0
16422,CrowdStrike On-Demand Scan Tool,7.32,CrowdStrike Inc.,Application,,C:\Program Files\CrowdStrike,1.0
16422,CrowdStrike Sensor Platform,7.32,CrowdStrike Inc.,Add/Remove Programs,"January 20, 2026 12:00:00 AM",,
16422,CrowdStrike Windows Sensor,7.32,CrowdStrike Inc.,Add/Remove Programs,"January 20, 2026 12:00:00 AM",,
16422,CrowdStrike Windows Sensor,7.19,CrowdStrike Inc.,Application,,D:\Apps\cs,1.0
16422,EC App,10.0,Microsoft Corporation Inc.,Application,,C:\Windows\SystemApps\Microsoft.ECApp_8wekyb3d8bbwe,1.0
16422,File Explorer,10.0,Microsoft Corporation Inc.,Application,,C:\Windows\SystemApps\Microsoft.Windows.FileExplorer_cw5n1h2txyewy,1.0
9592,.NET Runtime Optimization Service,4.8,Microsoft Corporation Inc.,Application,,C:\Windows\Microsoft.NET\Framework64\v4.0.30319,2.0
9592,64Bit MAPI Mail Agent,1.0,Foxit Software Inc.,Application,,C:\Program Files (x86)\Foxit Software\Foxit PDF Reader,1.0
9592,7-Zip 19.00 (x64),19.0,Igor Pavlov,Add/Remove Programs,,C:\Program Files\7-Zip\,
9592,7-Zip Console,19.0,Igor Pavlov,Application,,C:\Program Files\7-Zip,1.0
9592,7-Zip File Manager,19.0,Igor Pavlov,Application,,C:\Program Files\7-Zip,1.0
9592,7-Zip GUI,19.0,Igor Pavlov,Application,,C:\Program Files\7-Zip,1.0
9592,AAD token broker plugin,10.0,Microsoft Corporation Inc.,Application,,C:\Windows\SystemApps\Microsoft.AAD.BrokerPlugin_cw5n1h2txyewy,1.0
9592,Accounts Control Host,10.0,Microsoft Corporation Inc.,Application,,C:\Windows\SystemApps\Microsoft.AccountsControl_cw5n1h2txyewy,1.0
9592,AddSuggestedFoldersToLibraryDialog,10.0,Microsoft Corporation Inc.,Application,,C:\Windows\SystemApps\Microsoft.Windows.AddSuggestedFoldersToLibraryDialog_cw5n1h2txyewy,1.0
9592,Antimalware Service Executable,4.18,Microsoft Corporation Inc.,Application,,C:\Program Files\Windows Defender,1.0
9592,AppResolverUX,10.0,Microsoft Corporation Inc.,Application,,C:\Windows\SystemApps\Microsoft.Windows.AppResolverUX_cw5n1h2txyewy,1.0
9592,AsyncTextService,10.0,Microsoft Corporation Inc.,Application,,C:\Windows\SystemApps\Microsoft.AsyncTextService_8wekyb3d8bbwe,1.0
9592,Biometric Enrollment Host,10.0,Microsoft Corporation Inc.,Application,,C:\Windows\SystemApps\Microsoft.BioEnrollment_cw5n1h2txyewy,1.0
9592,BMC Client Management Agent,24.1.01.240624,BMC Software Inc.,Application,,C:\Program Files\BMC Software\Client Management\Client\bin,1.0
9592,BMC Client Management Certificate Generator,24.1.01.240624,BMC Software Inc.,Application,,C:\Program Files\BMC Software\Client Management\Client\bin,1.0
9592,BMC Client Management Chilli Interpreter,24.1.01.240624,BMC Software Inc.,Application,,C:\Program Files\BMC Software\Client Management\Client\bin,1.0
9592,BMC Client Management Direct Access Proxy Agent,24.1.01.240624,BMC Software Inc.,Application,,C:\Program Files\BMC Software\Client Management\Client\bin,1.0
9592,BMC Client Management Opswat Proxy Agent,24.1.01.240624,BMC Software Inc.,Application,,C:\Program Files\BMC Software\Client Management\Client\bin,1.0
9592,BMC Client Management Package Viewer,24.1.01.240624,BMC Software Inc.,Application,,C:\Program Files\BMC Software\Client Management\Client\bin,1.0
9592,BMC Client Management Patch Broker,24.1.01.240624,BMC Software Inc.,Application,,C:\Program Files\BMC Software\Client Management\Client\bin,1.0
9592,BMC Client Management Proxy Agent,24.1.01.240624,BMC Software Inc.,Application,,C:\Program Files\BMC Software\Client Management\Client\bin,1.0
9592,BMC Client Management Remote Control proxy,24.1.01.240624,BMC Software Inc.,Application,,C:\Program Files\BMC Software\Client Management\Client\bin,1.0
9592,BMC Client Management SCAP,24.1.01.240624,BMC Software Inc.,Application,,C:\Program Files\BMC Software\Client Management\Client\bin,1.0
9592,BMC Client Management Video Proxy Agent,24.1.01.240624,BMC Software Inc.,Application,,C:\Program Files\BMC Software\Client Management\Client\bin,1.0
9592,Boot File Servicing Utility,10.0,Microsoft Corporation Inc.,Application,,C:\Windows,1.0
9592,BrowserCore,10.0,Microsoft Corporation Inc.,Application,,C:\Windows\BrowserCore,1.0
9592,Calling App to host call progress on shell,10.0,Microsoft Corporation Inc.,Application,,C:\Windows\SystemApps\Microsoft.Windows.CallingShellApp_cw5n1h2txyewy,1.0
9592,CameraBarcodeScannerPreview,10.0,Microsoft Corporation Inc.,Application,,C:\Windows\SystemApps\Windows.CBSPreview_cw5n1h2txyewy,1.0
9592,CL5,9.6,Ivanti,Application,,C:\Program Files\BMC Software\Client Management\Client\data\PatchManagementPremium\workspace,3.0
9592,ClickOnce,4.8,Microsoft Corporation Inc.,Application,,C:\Windows\Microsoft.NET\Framework64\v4.0.30319,3.0
9592,Common User Interface,5.8,Musarubra US LLC.,Application,,C:\Program Files\McAfee\Agent\x86,1.0
9592,Credential Dialog Host,10.0,Microsoft Corporation Inc.,Application,,C:\Windows\SystemApps\microsoft.creddialoghost_cw5n1h2txyewy,1.0
9592,CrowdStrike Device Control,7.29,CrowdStrike Inc.,Add/Remove Programs,"November 14, 2025 12:00:00 AM",,
9592,CrowdStrike Device Control Support Tool,7.29,CrowdStrike Inc.,Application,,C:\Program Files\CrowdStrike,1.0
9592,CrowdStrike Falcon Connector,7.32,CrowdStrike Inc.,Application,,C:\Program Files\CrowdStrike,1.0
9592,CrowdStrike Falcon Sensor,7.32,CrowdStrike Inc.,Application,,C:\Program Files\CrowdStrike,1.0
9592,CrowdStrike Falcon Sensor Controller,7.32,CrowdStrike Inc.,Application,,C:\Program Files\CrowdStrike,1.0
9592,CrowdStrike Falcon Sensor Service,7.32,CrowdStrike Inc.,Application,,C:\Program Files\CrowdStrike,1.0
9592,CrowdStrike Falcon Sensor Servlet Container,7.32,CrowdStrike Inc.,Application,,C:\Program Files\CrowdStrike,1.0
9592,CrowdStrike Falcon Sensor Settings Tool,7.32,CrowdStrike Inc.,Application,,C:\Program Files\CrowdStrike,1.0
9592,CrowdStrike Falcon Sensor System Tray Application,7.32,CrowdStrike Inc.,Application,,C:\Program Files\CrowdStrike,2.0
9592,CrowdStrike Firmware Analysis,7.14,CrowdStrike Inc.,Add/Remove Programs,"June 18, 2025 12:00:00 AM",,
9592,CrowdStrike Firmware Analysis Support Tool,7.14,CrowdStrike Inc.,Application,,C:\Program Files\CrowdStrike,1.0
9592,CrowdStrike Forensic Data Collection Tool,1.0,CrowdStrike Inc.,Application,,C:,2.0
9592,CrowdStrike On-Demand Scan Command-line Tool,7.32,CrowdStrike Inc.,Application,,C:\Program Files\CrowdStrike,1.0
9592,CrowdStrike On-Demand Scan Tool,7.32,CrowdStrike Inc.,Application,,C:\Program Files\CrowdStrike,1.0
9592,CrowdStrike Sensor Platform,7.32,CrowdStrike Inc.,Add/Remove Programs,"January 14, 2026 12:00:00 AM",,
9592,CrowdStrike Windows Sensor,7.32,CrowdStrike Inc.,Add/Remove Programs,"January 14, 2026 12:00:00 AM",,
9592,CrowdStrike Windows Sensor,6.54,CrowdStrike Inc.,Application,,C:\crowdstrike,1.0
9592,Direct To Update Driver,10.0,Microsoft Corporation Inc.,Application,,C:\Program Files\RUXIM,1.0
7906,.NET Framework,3.0,Microsoft Corporation Inc.,Application,,C:\Windows\Microsoft.NET\Framework64\v3.0\Windows Communication Foundation,2.0
7906,.NET Runtime Optimization Service,4.8,Microsoft Corporation Inc.,Application,,C:\Windows\Microsoft.NET\Framework64\v4.0.30319,2.0
7906,.NET Runtime Optimization Service,2.0,Microsoft Corporation Inc.,Application,,C:\Windows\Microsoft.NET\Framework64\v2.0.50727,2.0
7906,64Bit MAPI Mail Agent,1.0,Foxit Software Inc.,Application,,C:\Program Files (x86)\Foxit Software\Foxit PDF Reader,1.0
7906,7-Zip 24.08 (x64 edition),24.08,Igor Pavlov,Add/Remove Programs,"November 26, 2024 12:00:00 AM",,
7906,7-Zip Console,24.08,Igor Pavlov,Application,,C:\Program Files\7-Zip,1.0
7906,7-Zip File Manager,24.08,Igor Pavlov,Application,,C:\Program Files\7-Zip,1.0
7906,7-Zip GUI,24.08,Igor Pavlov,Application,,C:\Program Files\7-Zip,1.0
7906,AAD token broker plugin,10.0,Microsoft Corporation Inc.,Application,,C:\Windows\SystemApps\Microsoft.AAD.BrokerPlugin_cw5n1h2txyewy,1.0
7906,Accounts Control Host,10.0,Microsoft Corporation Inc.,Application,,C:\Windows\SystemApps\Microsoft.AccountsControl_cw5n1h2txyewy,1.0
7906,AddSuggestedFoldersToLibraryDialog,10.0,Microsoft Corporation Inc.,Application,,C:\Windows\SystemApps\Microsoft.Windows.AddSuggestedFoldersToLibraryDialog_cw5n1h2txyewy,1.0
7906,Antimalware Service Executable,4.18,Microsoft Corporation Inc.,Application,,C:\Program Files\Windows Defender,1.0
7906,AppResolverUX,10.0,Microsoft Corporation Inc.,Application,,C:\Windows\SystemApps\Microsoft.Windows.AppResolverUX_cw5n1h2txyewy,1.0
7906,AsyncTextService,10.0,Microsoft Corporation Inc.,Application,,C:\Windows\SystemApps\Microsoft.AsyncTextService_8wekyb3d8bbwe,1.0
7906,Biometric Enrollment Host,10.0,Microsoft Corporation Inc.,Application,,C:\Windows\SystemApps\Microsoft.BioEnrollment_cw5n1h2txyewy,1.0
7906,BMC Client Management Agent,24.1.01.240624,BMC Software Inc.,Application,,C:\Program Files\BMC Software\Client Management\Client\bin,1.0
7906,BMC Client Management Certificate Generator,24.1.01.240624,BMC Software Inc.,Application,,C:\Program Files\BMC Software\Client Management\Client\bin,1.0
7906,BMC Client Management Chilli Interpreter,24.1.01.240624,BMC Software Inc.,Application,,C:\Program Files\BMC Software\Client Management\Client\bin,1.0
7906,BMC Client Management Direct Access Proxy Agent,24.1.01.240624,BMC Software Inc.,Application,,C:\Program Files\BMC Software\Client Management\Client\bin,1.0
7906,BMC Client Management Opswat Proxy Agent,24.1.01.240624,BMC Software Inc.,Application,,C:\Program Files\BMC Software\Client Management\Client\bin,1.0
7906,BMC Client Management Package Viewer,24.1.01.240624,BMC Software Inc.,Application,,C:\Program Files\BMC Software\Client Management\Client\bin,1.0
7906,BMC Client Management Patch Broker,24.1.01.240624,BMC Software Inc.,Application,,C:\Program Files\BMC Software\Client Management\Client\bin,1.0
7906,BMC Client Management Proxy Agent,24.1.01.240624,BMC Software Inc.,Application,,C:\Program Files\BMC Software\Client Management\Client\bin,1.0
7906,BMC Client Management Remote Control proxy,24.1.01.240624,BMC Software Inc.,Application,,C:\Program Files\BMC Software\Client Management\Client\bin,1.0
7906,BMC Client Management SCAP,24.1.01.240624,BMC Software Inc.,Application,,C:\Program Files\BMC Software\Client Management\Client\bin,1.0
7906,BMC Client Management SFX,24.1.01.240624,BMC Software Inc.,Application,,D:\Apps,1.0
7906,BMC Client Management Video Proxy Agent,24.1.01.240624,BMC Software Inc.,Application,,C:\Program Files\BMC Software\Client Management\Client\bin,1.0
7906,Boot File Servicing Utility,10.0,Microsoft Corporation Inc.,Application,,C:\Windows,1.0
7906,BrowserCore,10.0,Microsoft Corporation Inc.,Application,,C:\Windows\BrowserCore,1.0
7906,Calling App to host call progress on shell,10.0,Microsoft Corporation Inc.,Application,,C:\Windows\SystemApps\Microsoft.Windows.CallingShellApp_cw5n1h2txyewy,1.0
7906,CameraBarcodeScannerPreview,10.0,Microsoft Corporation Inc.,Application,,C:\Windows\SystemApps\Windows.CBSPreview_cw5n1h2txyewy,1.0
7906,Canon LBP6000/LBP6018,,,Add/Remove Programs,,,
7906,CL5,9.6,Ivanti,Application,,C:\Program Files\BMC Software\Client Management\Client\data\PatchManagementPremium\workspace,1.0
7906,ClickOnce,4.8,Microsoft Corporation Inc.,Application,,C:\Windows\Microsoft.NET\Framework64\v4.0.30319,3.0
7906,Common User Interface,5.8,Musarubra US LLC.,Application,,C:\Program Files\McAfee\Agent\x86,1.0
7906,Copilot Update,1.3,Microsoft Corporation Inc.,Application,,C:\Program Files (x86)\Microsoft\EdgeUpdate,2.0
7906,Create a self-signed digital certificate,15.0,Microsoft Corporation Inc.,Application,,C:\Program Files\Microsoft Office\Office15,1.0
7906,Create Virtual Machine,10.0,Microsoft Corporation Inc.,Application,,C:\Program Files\Hyper-V,1.0
7906,Credential Dialog Host,10.0,Microsoft Corporation Inc.,Application,,C:\Windows\SystemApps\microsoft.creddialoghost_cw5n1h2txyewy,1.0
7906,CrowdStrike Device Control,7.29,CrowdStrike Inc.,Add/Remove Programs,"November 14, 2025 12:00:00 AM",,
7906,CrowdStrike Device Control Support Tool,7.29,CrowdStrike Inc.,Application,,C:\Program Files\CrowdStrike,1.0
7906,CrowdStrike Falcon Connector,7.32,CrowdStrike Inc.,Application,,C:\Program Files\CrowdStrike,1.0
7906,CrowdStrike Falcon Sensor,7.32,CrowdStrike Inc.,Application,,C:\Program Files\CrowdStrike,1.0
7906,CrowdStrike Falcon Sensor Controller,7.32,CrowdStrike Inc.,Application,,C:\Program Files\CrowdStrike,1.0
7906,CrowdStrike Falcon Sensor Service,7.32,CrowdStrike Inc.,Application,,C:\Program Files\CrowdStrike,1.0
7906,CrowdStrike Falcon Sensor Servlet Container,7.32,CrowdStrike Inc.,Application,,C:\Program Files\CrowdStrike,1.0
7906,CrowdStrike Falcon Sensor Settings Tool,7.32,CrowdStrike Inc.,Application,,C:\Program Files\CrowdStrike,1.0
7906,CrowdStrike Falcon Sensor System Tray Application,7.32,CrowdStrike Inc.,Application,,C:\Program Files\CrowdStrike,2.0
7906,CrowdStrike Firmware Analysis,7.14,CrowdStrike Inc.,Add/Remove Programs,"April 29, 2025 12:00:00 AM",,
7906,CrowdStrike Firmware Analysis Support Tool,7.14,CrowdStrike Inc.,Application,,C:\Program Files\CrowdStrike,1.0
17882,.NET Runtime Optimization Service,4.8,Microsoft Corporation Inc.,Application,,C:\Windows\Microsoft.NET\Framework64\v4.0.30319,2.0
17882,64Bit MAPI Mail Agent,1.0,Foxit Software Inc.,Application,,C:\Program Files (x86)\Foxit Software\Foxit PDF Reader,1.0
17882,7-Zip 19.00 (x64),19.0,Igor Pavlov,Add/Remove Programs,,C:\Program Files\7-Zip\,
17882,7-Zip Console,19.0,Igor Pavlov,Application,,C:\Program Files\7-Zip,1.0
17882,7-Zip File Manager,19.0,Igor Pavlov,Application,,C:\Program Files\7-Zip,1.0
17882,7-Zip GUI,19.0,Igor Pavlov,Application,,C:\Program Files\7-Zip,1.0
17882,Accounts Control Host,10.0,Microsoft Corporation Inc.,Application,,C:\Windows\SystemApps\Microsoft.AccountsControl_cw5n1h2txyewy,1.0
17882,AddSuggestedFoldersToLibraryDialog,10.0,Microsoft Corporation Inc.,Application,,C:\Windows\SystemApps\Microsoft.Windows.AddSuggestedFoldersToLibraryDialog_cw5n1h2txyewy,1.0
17882,Antimalware Core Service,4.18,Microsoft Corporation Inc.,Application,,C:\Program Files\Windows Defender,1.0
17882,Antimalware Service Executable,4.18,Microsoft Corporation Inc.,Application,,C:\Program Files\Windows Defender,1.0
17882,AppResolverUX,10.0,Microsoft Corporation Inc.,Application,,C:\Windows\SystemApps\Microsoft.Windows.AppResolverUX_cw5n1h2txyewy,1.0
17882,AsyncTextService,10.0,Microsoft Corporation Inc.,Application,,C:\Windows\SystemApps\Microsoft.AsyncTextService_8wekyb3d8bbwe,1.0
17882,Biometric Enrollment Host,10.0,Microsoft Corporation Inc.,Application,,C:\Windows\SystemApps\Microsoft.BioEnrollment_cw5n1h2txyewy,1.0
17882,BMC Client Management Agent,24.1.01.240624,BMC Software Inc.,Application,,C:\Program Files\BMC Software\Client Management\Client\bin,1.0
17882,BMC Client Management Certificate Generator,24.1.01.240624,BMC Software Inc.,Application,,C:\Program Files\BMC Software\Client Management\Client\bin,1.0
17882,BMC Client Management Chilli Interpreter,24.1.01.240624,BMC Software Inc.,Application,,C:\Program Files\BMC Software\Client Management\Client\bin,1.0
17882,BMC Client Management Direct Access Proxy Agent,24.1.01.240624,BMC Software Inc.,Application,,C:\Program Files\BMC Software\Client Management\Client\bin,1.0
17882,BMC Client Management Opswat Proxy Agent,24.1.01.240624,BMC Software Inc.,Application,,C:\Program Files\BMC Software\Client Management\Client\bin,1.0
17882,BMC Client Management Package Viewer,24.1.01.240624,BMC Software Inc.,Application,,C:\Program Files\BMC Software\Client Management\Client\bin,1.0
17882,BMC Client Management Patch Broker,24.1.01.240624,BMC Software Inc.,Application,,C:\Program Files\BMC Software\Client Management\Client\bin,1.0
17882,BMC Client Management Proxy Agent,24.1.01.240624,BMC Software Inc.,Application,,C:\Program Files\BMC Software\Client Management\Client\bin,1.0
17882,BMC Client Management Remote Control proxy,24.1.01.240624,BMC Software Inc.,Application,,C:\Program Files\BMC Software\Client Management\Client\bin,1.0
17882,BMC Client Management SCAP,24.1.01.240624,BMC Software Inc.,Application,,C:\Program Files\BMC Software\Client Management\Client\bin,1.0
17882,BMC Client Management SFX,24.1.01.240624,BMC Software Inc.,Application,,D:\Apps\BCM,2.0
17882,BMC Client Management Video Proxy Agent,24.1.01.240624,BMC Software Inc.,Application,,C:\Program Files\BMC Software\Client Management\Client\bin,1.0
17882,Boot File Servicing Utility,10.0,Microsoft Corporation Inc.,Application,,C:\Windows,1.0
17882,Browser Protection Native Messaging Host,4.18,Microsoft Corporation Inc.,Application,,C:\Program Files\Windows Defender,1.0
17882,BrowserCore,10.0,Microsoft Corporation Inc.,Application,,C:\Windows\BrowserCore,1.0
17882,CameraBarcodeScannerPreview,10.0,Microsoft Corporation Inc.,Application,,C:\Windows\SystemApps\Windows.CBSPreview_cw5n1h2txyewy,1.0
17882,ChromeEnterpriseCompanion,143.0,Google LLC,Application,,C:\Windows\SystemTemp\scoped_dir7660_644421884\scoped_dir7660_181479532,1.0
17882,CL5,9.6,Ivanti,Application,,C:\Program Files\BMC Software\Client Management\Client\data\PatchManagementPremium\workspace,1.0
17882,ClickOnce,4.8,Microsoft Corporation Inc.,Application,,C:\Windows\Microsoft.NET\Framework64\v4.0.30319,3.0
17882,Common User Interface,5.8,Musarubra US LLC.,Application,,C:\Program Files\McAfee\Agent\x86,1.0
17882,Credential Dialog Host,10.0,Microsoft Corporation Inc.,Application,,C:\Windows\SystemApps\microsoft.creddialoghost_cw5n1h2txyewy,1.0
17882,CrowdStrike Device Control,7.29,CrowdStrike Inc.,Add/Remove Programs,"December 09, 2025 12:00:00 AM",,
17882,CrowdStrike Device Control Support Tool,7.29,CrowdStrike Inc.,Application,,C:\Program Files\CrowdStrike,1.0
17882,CrowdStrike Falcon Connector,7.32,CrowdStrike Inc.,Application,,C:\Program Files\CrowdStrike,1.0
17882,CrowdStrike Falcon Sensor,7.32,CrowdStrike Inc.,Application,,C:\Program Files\CrowdStrike,1.0
17882,CrowdStrike Falcon Sensor Controller,7.32,CrowdStrike Inc.,Application,,C:\Program Files\CrowdStrike,1.0
17882,CrowdStrike Falcon Sensor Service,7.32,CrowdStrike Inc.,Application,,C:\Program Files\CrowdStrike,1.0
17882,CrowdStrike Falcon Sensor Servlet Container,7.32,CrowdStrike Inc.,Application,,C:\Program Files\CrowdStrike,1.0
17882,CrowdStrike Falcon Sensor Settings Tool,7.32,CrowdStrike Inc.,Application,,C:\Program Files\CrowdStrike,1.0
17882,CrowdStrike Falcon Sensor System Tray Application,7.32,CrowdStrike Inc.,Application,,C:\Program Files\CrowdStrike,2.0
17882,CrowdStrike Firmware Analysis,7.14,CrowdStrike Inc.,Add/Remove Programs,"August 04, 2025 12:00:00 AM",,
17882,CrowdStrike Firmware Analysis Support Tool,7.14,CrowdStrike Inc.,Application,,C:\Program Files\CrowdStrike,1.0
17882,CrowdStrike On-Demand Scan Command-line Tool,7.32,CrowdStrike Inc.,Application,,C:\Program Files\CrowdStrike,1.0
17882,CrowdStrike On-Demand Scan Tool,7.32,CrowdStrike Inc.,Application,,C:\Program Files\CrowdStrike,1.0
17882,CrowdStrike Sensor Platform,7.32,CrowdStrike Inc.,Add/Remove Programs,"January 13, 2026 12:00:00 AM",,
17882,CrowdStrike Windows Sensor,7.32,CrowdStrike Inc.,Add/Remove Programs,"January 13, 2026 12:00:00 AM",,
17882,CrowdStrike Windows Sensor,7.19,CrowdStrike Inc.,Application,,D:\Apps\CS,1.0
13410,.NET Framework,3.0,Microsoft Corporation Inc.,Application,,C:\Windows\Microsoft.NET\Framework64\v3.0\Windows Communication Foundation,2.0
13410,.NET Runtime Optimization Service,4.8,Microsoft Corporation Inc.,Application,,C:\Windows\Microsoft.NET\Framework64\v4.0.30319,2.0
13410,.NET Runtime Optimization Service,2.0,Microsoft Corporation Inc.,Application,,C:\Windows\Microsoft.NET\Framework64\v2.0.50727,2.0
13410,64Bit MAPI Mail Agent,1.0,Foxit Software Inc.,Application,,C:\Program Files (x86)\Foxit Software\Foxit PDF Reader,1.0
13410,7-Zip 23.01 (x64),23.01,Igor Pavlov,Add/Remove Programs,,C:\Program Files\7-Zip\,
13410,7-Zip Console,23.01,Igor Pavlov,Application,,C:\Program Files\7-Zip,1.0
13410,7-Zip File Manager,23.01,Igor Pavlov,Application,,C:\Program Files\7-Zip,1.0
13410,7-Zip GUI,23.01,Igor Pavlov,Application,,C:\Program Files\7-Zip,1.0
13410,AAD token broker plugin,10.0,Microsoft Corporation Inc.,Application,,C:\Windows\SystemApps\Microsoft.AAD.BrokerPlugin_cw5n1h2txyewy,1.0
13410,Accounts Control Host,10.0,Microsoft Corporation Inc.,Application,,C:\Windows\SystemApps\Microsoft.AccountsControl_cw5n1h2txyewy,1.0
13410,AddSuggestedFoldersToLibraryDialog,10.0,Microsoft Corporation Inc.,Application,,C:\Windows\SystemApps\Microsoft.Windows.AddSuggestedFoldersToLibraryDialog_cw5n1h2txyewy,1.0
13410,Antimalware Service Executable,4.18,Microsoft Corporation Inc.,Application,,C:\Program Files\Windows Defender,1.0
13410,AppResolverUX,10.0,Microsoft Corporation Inc.,Application,,C:\Windows\SystemApps\Microsoft.Windows.AppResolverUX_cw5n1h2txyewy,1.0
13410,AsyncTextService,10.0,Microsoft Corporation Inc.,Application,,C:\Windows\SystemApps\Microsoft.AsyncTextService_8wekyb3d8bbwe,1.0
13410,Biometric Enrollment Host,10.0,Microsoft Corporation Inc.,Application,,C:\Windows\SystemApps\Microsoft.BioEnrollment_cw5n1h2txyewy,1.0
13410,BMC Client Management Agent,24.1.01.240624,BMC Software Inc.,Application,,C:\Program Files\BMC Software\Client Management\Client\bin,1.0
13410,BMC Client Management Certificate Generator,24.1.01.240624,BMC Software Inc.,Application,,C:\Program Files\BMC Software\Client Management\Client\bin,1.0
13410,BMC Client Management Chilli Interpreter,24.1.01.240624,BMC Software Inc.,Application,,C:\Program Files\BMC Software\Client Management\Client\bin,1.0
13410,BMC Client Management Direct Access Proxy Agent,24.1.01.240624,BMC Software Inc.,Application,,C:\Program Files\BMC Software\Client Management\Client\bin,1.0
13410,BMC Client Management Opswat Proxy Agent,24.1.01.240624,BMC Software Inc.,Application,,C:\Program Files\BMC Software\Client Management\Client\bin,1.0
13410,BMC Client Management Package Viewer,24.1.01.240624,BMC Software Inc.,Application,,C:\Program Files\BMC Software\Client Management\Client\bin,1.0
13410,BMC Client Management Patch Broker,24.1.01.240624,BMC Software Inc.,Application,,C:\Program Files\BMC Software\Client Management\Client\bin,1.0
13410,BMC Client Management Proxy Agent,24.1.01.240624,BMC Software Inc.,Application,,C:\Program Files\BMC Software\Client Management\Client\bin,1.0
13410,BMC Client Management Remote Control proxy,24.1.01.240624,BMC Software Inc.,Application,,C:\Program Files\BMC Software\Client Management\Client\bin,1.0
13410,BMC Client Management SCAP,24.1.01.240624,BMC Software Inc.,Application,,C:\Program Files\BMC Software\Client Management\Client\bin,1.0
13410,BMC Client Management Video Proxy Agent,24.1.01.240624,BMC Software Inc.,Application,,C:\Program Files\BMC Software\Client Management\Client\bin,1.0
13410,Boot File Servicing Utility,10.0,Microsoft Corporation Inc.,Application,,C:\Windows,1.0
13410,BrowserCore,10.0,Microsoft Corporation Inc.,Application,,C:\Windows\BrowserCore,1.0
13410,Calling App to host call progress on shell,10.0,Microsoft Corporation Inc.,Application,,C:\Windows\SystemApps\Microsoft.Windows.CallingShellApp_cw5n1h2txyewy,1.0
13410,CameraBarcodeScannerPreview,10.0,Microsoft Corporation Inc.,Application,,C:\Windows\SystemApps\Windows.CBSPreview_cw5n1h2txyewy,1.0
13410,CL5,9.6,Ivanti,Application,,C:\Program Files\BMC Software\Client Management\Client\data\PatchManagementPremium\workspace,8.0
13410,ClickOnce,4.8,Microsoft Corporation Inc.,Application,,C:\Windows\Microsoft.NET\Framework64\v4.0.30319,3.0
13410,Common User Interface,5.8,Musarubra US LLC.,Application,,C:\Program Files\McAfee\Agent\x86,1.0
13410,Copilot Update,1.3,Microsoft Corporation Inc.,Application,,C:\Program Files (x86)\Microsoft\EdgeUpdate,2.0
13410,Credential Dialog Host,10.0,Microsoft Corporation Inc.,Application,,C:\Windows\SystemApps\microsoft.creddialoghost_cw5n1h2txyewy,1.0
13410,CrowdStrike Device Control,7.29,CrowdStrike Inc.,Add/Remove Programs,"November 14, 2025 12:00:00 AM",,
13410,CrowdStrike Device Control Support Tool,7.29,CrowdStrike Inc.,Application,,C:\Program Files\CrowdStrike,1.0
13410,CrowdStrike Falcon Connector,7.32,CrowdStrike Inc.,Application,,C:\Program Files\CrowdStrike,1.0
13410,CrowdStrike Falcon Sensor,7.32,CrowdStrike Inc.,Application,,C:\Program Files\CrowdStrike,1.0
13410,CrowdStrike Falcon Sensor Controller,7.32,CrowdStrike Inc.,Application,,C:\Program Files\CrowdStrike,1.0
13410,CrowdStrike Falcon Sensor Service,7.32,CrowdStrike Inc.,Application,,C:\Program Files\CrowdStrike,1.0
13410,CrowdStrike Falcon Sensor Servlet Container,7.32,CrowdStrike Inc.,Application,,C:\Program Files\CrowdStrike,1.0
13410,CrowdStrike Falcon Sensor Settings Tool,7.32,CrowdStrike Inc.,Application,,C:\Program Files\CrowdStrike,1.0
13410,CrowdStrike Falcon Sensor System Tray Application,7.32,CrowdStrike Inc.,Application,,C:\Program Files\CrowdStrike,2.0
13410,CrowdStrike Firmware Analysis,7.14,CrowdStrike Inc.,Add/Remove Programs,"January 24, 2025 12:00:00 AM",,
13410,CrowdStrike Firmware Analysis Support Tool,7.14,CrowdStrike Inc.,Application,,C:\Program Files\CrowdStrike,1.0
13410,CrowdStrike On-Demand Scan Command-line Tool,7.32,CrowdStrike Inc.,Application,,C:\Program Files\CrowdStrike,1.0
13410,CrowdStrike On-Demand Scan Tool,7.32,CrowdStrike Inc.,Application,,C:\Program Files\CrowdStrike,1.0
13410,CrowdStrike Sensor Platform,7.32,CrowdStrike Inc.,Add/Remove Programs,"January 14, 2026 12:00:00 AM",,
13410,CrowdStrike Windows Sensor,7.32,CrowdStrike Inc.,Add/Remove Programs,"January 14, 2026 12:00:00 AM",,
10107,.NET Runtime Optimization Service,4.8,Microsoft Corporation Inc.,Application,,C:\Windows\Microsoft.NET\Framework64\v4.0.30319,2.0
10107,64Bit MAPI Mail Agent,1.0,Foxit Software Inc.,Application,,C:\Program Files (x86)\Foxit Software\Foxit PDF Reader,1.0
10107,7-Zip 19.00 (x64),19.0,Igor Pavlov,Add/Remove Programs,,C:\Program Files\7-Zip\,
10107,7-Zip Console,19.0,Igor Pavlov,Application,,C:\Program Files\7-Zip,1.0
10107,7-Zip File Manager,19.0,Igor Pavlov,Application,,C:\Program Files\7-Zip,1.0
10107,7-Zip GUI,19.0,Igor Pavlov,Application,,C:\Program Files\7-Zip,1.0
10107,AAD token broker plugin,10.0,Microsoft Corporation Inc.,Application,,C:\Windows\SystemApps\Microsoft.AAD.BrokerPlugin_cw5n1h2txyewy,1.0
10107,Accounts Control Host,10.0,Microsoft Corporation Inc.,Application,,C:\Windows\SystemApps\Microsoft.AccountsControl_cw5n1h2txyewy,1.0
10107,AddSuggestedFoldersToLibraryDialog,10.0,Microsoft Corporation Inc.,Application,,C:\Windows\SystemApps\Microsoft.Windows.AddSuggestedFoldersToLibraryDialog_cw5n1h2txyewy,1.0
10107,Antimalware Service Executable,4.18,Microsoft Corporation Inc.,Application,,C:\Program Files\Windows Defender,1.0
10107,AppResolverUX,10.0,Microsoft Corporation Inc.,Application,,C:\Windows\SystemApps\Microsoft.Windows.AppResolverUX_cw5n1h2txyewy,1.0
10107,AsyncTextService,10.0,Microsoft Corporation Inc.,Application,,C:\Windows\SystemApps\Microsoft.AsyncTextService_8wekyb3d8bbwe,1.0
10107,Biometric Enrollment Host,10.0,Microsoft Corporation Inc.,Application,,C:\Windows\SystemApps\Microsoft.BioEnrollment_cw5n1h2txyewy,1.0
10107,BMC Client Management Agent,24.1.01.240624,BMC Software Inc.,Application,,C:\Program Files\BMC Software\Client Management\Client\bin,1.0
10107,BMC Client Management Certificate Generator,24.1.01.240624,BMC Software Inc.,Application,,C:\Program Files\BMC Software\Client Management\Client\bin,1.0
10107,BMC Client Management Chilli Interpreter,24.1.01.240624,BMC Software Inc.,Application,,C:\Program Files\BMC Software\Client Management\Client\bin,1.0
10107,BMC Client Management Direct Access Proxy Agent,24.1.01.240624,BMC Software Inc.,Application,,C:\Program Files\BMC Software\Client Management\Client\bin,1.0
10107,BMC Client Management Opswat Proxy Agent,24.1.01.240624,BMC Software Inc.,Application,,C:\Program Files\BMC Software\Client Management\Client\bin,1.0
10107,BMC Client Management Package Viewer,24.1.01.240624,BMC Software Inc.,Application,,C:\Program Files\BMC Software\Client Management\Client\bin,1.0
10107,BMC Client Management Patch Broker,24.1.01.240624,BMC Software Inc.,Application,,C:\Program Files\BMC Software\Client Management\Client\bin,1.0
10107,BMC Client Management Proxy Agent,24.1.01.240624,BMC Software Inc.,Application,,C:\Program Files\BMC Software\Client Management\Client\bin,1.0
10107,BMC Client Management Remote Control proxy,24.1.01.240624,BMC Software Inc.,Application,,C:\Program Files\BMC Software\Client Management\Client\bin,1.0
10107,BMC Client Management SCAP,24.1.01.240624,BMC Software Inc.,Application,,C:\Program Files\BMC Software\Client Management\Client\bin,1.0
10107,BMC Client Management Video Proxy Agent,24.1.01.240624,BMC Software Inc.,Application,,C:\Program Files\BMC Software\Client Management\Client\bin,1.0
10107,Boot File Servicing Utility,10.0,Microsoft Corporation Inc.,Application,,C:\Windows,1.0
10107,BrowserCore,10.0,Microsoft Corporation Inc.,Application,,C:\Windows\BrowserCore,1.0
10107,Calling App to host call progress on shell,10.0,Microsoft Corporation Inc.,Application,,C:\Windows\SystemApps\Microsoft.Windows.CallingShellApp_cw5n1h2txyewy,1.0
10107,CameraBarcodeScannerPreview,10.0,Microsoft Corporation Inc.,Application,,C:\Windows\SystemApps\Windows.CBSPreview_cw5n1h2txyewy,1.0
10107,CL5,9.6,Ivanti,Application,,C:\Program Files\BMC Software\Client Management\Client\data\PatchManagementPremium\workspace,4.0
10107,ClickOnce,4.8,Microsoft Corporation Inc.,Application,,C:\Windows\Microsoft.NET\Framework64\v4.0.30319,3.0
10107,Common User Interface,5.8,Musarubra US LLC.,Application,,C:\Program Files\McAfee\Agent\x86,1.0
10107,Copilot,144.0,Microsoft Corporation Inc.,Application,,C:\Program Files (x86)\Microsoft\EdgeWebView\Application\144.0.3719.93,6.0
10107,Copilot Update,1.3,Microsoft Corporation Inc.,Application,,C:\Program Files (x86)\Microsoft\EdgeUpdate,2.0
10107,Credential Dialog Host,10.0,Microsoft Corporation Inc.,Application,,C:\Windows\SystemApps\microsoft.creddialoghost_cw5n1h2txyewy,1.0
10107,CrowdStrike Device Control,7.29,CrowdStrike Inc.,Add/Remove Programs,"November 14, 2025 12:00:00 AM",,
10107,CrowdStrike Device Control Support Tool,7.29,CrowdStrike Inc.,Application,,C:\Program Files\CrowdStrike,1.0
10107,CrowdStrike Falcon Connector,7.32,CrowdStrike Inc.,Application,,C:\Program Files\CrowdStrike,1.0
10107,CrowdStrike Falcon Sensor,7.32,CrowdStrike Inc.,Application,,C:\Program Files\CrowdStrike,1.0
10107,CrowdStrike Falcon Sensor Controller,7.32,CrowdStrike Inc.,Application,,C:\Program Files\CrowdStrike,1.0
10107,CrowdStrike Falcon Sensor Service,7.32,CrowdStrike Inc.,Application,,C:\Program Files\CrowdStrike,1.0
10107,CrowdStrike Falcon Sensor Servlet Container,7.32,CrowdStrike Inc.,Application,,C:\Program Files\CrowdStrike,1.0
10107,CrowdStrike Falcon Sensor Settings Tool,7.32,CrowdStrike Inc.,Application,,C:\Program Files\CrowdStrike,1.0
10107,CrowdStrike Falcon Sensor System Tray Application,7.32,CrowdStrike Inc.,Application,,C:\Program Files\CrowdStrike,2.0
10107,CrowdStrike Firmware Analysis,7.14,CrowdStrike Inc.,Add/Remove Programs,"November 21, 2024 12:00:00 AM",,
10107,CrowdStrike Firmware Analysis Support Tool,7.14,CrowdStrike Inc.,Application,,C:\Program Files\CrowdStrike,1.0
10107,CrowdStrike Forensic Data Collection Tool,1.0,CrowdStrike Inc.,Application,,C:,2.0
10107,CrowdStrike On-Demand Scan Command-line Tool,7.32,CrowdStrike Inc.,Application,,C:\Program Files\CrowdStrike,1.0
10107,CrowdStrike On-Demand Scan Tool,7.32,CrowdStrike Inc.,Application,,C:\Program Files\CrowdStrike,1.0
10107,CrowdStrike Sensor Platform,7.32,CrowdStrike Inc.,Add/Remove Programs,"January 14, 2026 12:00:00 AM",,
10107,CrowdStrike Windows Sensor,7.32,CrowdStrike Inc.,Add/Remove Programs,"January 14, 2026 12:00:00 AM",,
10155,.NET Framework,3.0,Microsoft Corporation Inc.,Application,,C:\Windows\Microsoft.NET\Framework64\v3.0\Windows Communication Foundation,2.0
10155,.NET Runtime Optimization Service,4.8,Microsoft Corporation Inc.,Application,,C:\Windows\Microsoft.NET\Framework64\v4.0.30319,2.0
10155,.NET Runtime Optimization Service,2.0,Microsoft Corporation Inc.,Application,,C:\Windows\Microsoft.NET\Framework64\v2.0.50727,2.0
10155,64Bit MAPI Mail Agent,1.0,Foxit Software Inc.,Application,,C:\Program Files (x86)\Foxit Software\Foxit Reader,1.0
10155,7-Zip 23.00 (x64),23.0,Igor Pavlov,Add/Remove Programs,,C:\Program Files\7-Zip\,
10155,7-Zip Console,23.0,Igor Pavlov,Application,,C:\Program Files\7-Zip,1.0
10155,7-Zip File Manager,23.0,Igor Pavlov,Application,,C:\Program Files\7-Zip,1.0
10155,7-Zip GUI,23.0,Igor Pavlov,Application,,C:\Program Files\7-Zip,1.0
10155,AAD token broker plugin,10.0,Microsoft Corporation Inc.,Application,,C:\Windows\SystemApps\Microsoft.AAD.BrokerPlugin_cw5n1h2txyewy,1.0
10155,Accounts Control Host,10.0,Microsoft Corporation Inc.,Application,,C:\Windows\SystemApps\Microsoft.AccountsControl_cw5n1h2txyewy,1.0
10155,AddSuggestedFoldersToLibraryDialog,10.0,Microsoft Corporation Inc.,Application,,C:\Windows\SystemApps\Microsoft.Windows.AddSuggestedFoldersToLibraryDialog_cw5n1h2txyewy,1.0
10155,Antimalware Service Executable,4.18,Microsoft Corporation Inc.,Application,,C:\Program Files\Windows Defender,1.0
10155,AppResolverUX,10.0,Microsoft Corporation Inc.,Application,,C:\Windows\SystemApps\Microsoft.Windows.AppResolverUX_cw5n1h2txyewy,1.0
10155,AsyncTextService,10.0,Microsoft Corporation Inc.,Application,,C:\Windows\SystemApps\Microsoft.AsyncTextService_8wekyb3d8bbwe,1.0
10155,Biometric Enrollment Host,10.0,Microsoft Corporation Inc.,Application,,C:\Windows\SystemApps\Microsoft.BioEnrollment_cw5n1h2txyewy,1.0
10155,BMC Client Management Agent,24.1.01.240624,BMC Software Inc.,Application,,C:\Program Files\BMC Software\Client Management\Client\bin,1.0
10155,BMC Client Management Certificate Generator,24.1.01.240624,BMC Software Inc.,Application,,C:\Program Files\BMC Software\Client Management\Client\bin,1.0
10155,BMC Client Management Chilli Interpreter,24.1.01.240624,BMC Software Inc.,Application,,C:\Program Files\BMC Software\Client Management\Client\bin,1.0
10155,BMC Client Management Direct Access Proxy Agent,24.1.01.240624,BMC Software Inc.,Application,,C:\Program Files\BMC Software\Client Management\Client\bin,1.0
10155,BMC Client Management Opswat Proxy Agent,24.1.01.240624,BMC Software Inc.,Application,,C:\Program Files\BMC Software\Client Management\Client\bin,1.0
10155,BMC Client Management Package Viewer,24.1.01.240624,BMC Software Inc.,Application,,C:\Program Files\BMC Software\Client Management\Client\bin,1.0
10155,BMC Client Management Patch Broker,24.1.01.240624,BMC Software Inc.,Application,,C:\Program Files\BMC Software\Client Management\Client\bin,1.0
10155,BMC Client Management Proxy Agent,24.1.01.240624,BMC Software Inc.,Application,,C:\Program Files\BMC Software\Client Management\Client\bin,1.0
10155,BMC Client Management Remote Control proxy,24.1.01.240624,BMC Software Inc.,Application,,C:\Program Files\BMC Software\Client Management\Client\bin,1.0
10155,BMC Client Management SCAP,24.1.01.240624,BMC Software Inc.,Application,,C:\Program Files\BMC Software\Client Management\Client\bin,1.0
10155,BMC Client Management Video Proxy Agent,24.1.01.240624,BMC Software Inc.,Application,,C:\Program Files\BMC Software\Client Management\Client\bin,1.0
10155,Boot File Servicing Utility,10.0,Microsoft Corporation Inc.,Application,,C:\Windows,1.0
10155,BrowserCore,10.0,Microsoft Corporation Inc.,Application,,C:\Windows\BrowserCore,1.0
10155,Calling App to host call progress on shell,10.0,Microsoft Corporation Inc.,Application,,C:\Windows\SystemApps\Microsoft.Windows.CallingShellApp_cw5n1h2txyewy,1.0
10155,CameraBarcodeScannerPreview,10.0,Microsoft Corporation Inc.,Application,,C:\Windows\SystemApps\Windows.CBSPreview_cw5n1h2txyewy,1.0
10155,CL5,9.6,Ivanti,Application,,C:\Program Files\BMC Software\Client Management\Client\data\PatchManagementPremium\workspace,1.0
10155,ClickOnce,4.8,Microsoft Corporation Inc.,Application,,C:\Windows\Microsoft.NET\Framework64\v4.0.30319,3.0
10155,Common User Interface,5.8,Musarubra US LLC.,Application,,C:\Program Files\McAfee\Agent\x86,1.0
10155,Create Virtual Machine,10.0,Microsoft Corporation Inc.,Application,,C:\Program Files\Hyper-V,1.0
10155,Credential Dialog Host,10.0,Microsoft Corporation Inc.,Application,,C:\Windows\SystemApps\microsoft.creddialoghost_cw5n1h2txyewy,1.0
10155,CrowdStrike Device Control,7.29,CrowdStrike Inc.,Add/Remove Programs,"November 14, 2025 12:00:00 AM",,
10155,CrowdStrike Device Control Support Tool,7.29,CrowdStrike Inc.,Application,,C:\Program Files\CrowdStrike,1.0
10155,CrowdStrike Falcon Connector,7.32,CrowdStrike Inc.,Application,,C:\Program Files\CrowdStrike,1.0
10155,CrowdStrike Falcon Sensor,7.32,CrowdStrike Inc.,Application,,C:\Program Files\CrowdStrike,1.0
10155,CrowdStrike Falcon Sensor Controller,7.32,CrowdStrike Inc.,Application,,C:\Program Files\CrowdStrike,1.0
10155,CrowdStrike Falcon Sensor Service,7.32,CrowdStrike Inc.,Application,,C:\Program Files\CrowdStrike,1.0
10155,CrowdStrike Falcon Sensor Servlet Container,7.32,CrowdStrike Inc.,Application,,C:\Program Files\CrowdStrike,1.0
10155,CrowdStrike Falcon Sensor Settings Tool,7.32,CrowdStrike Inc.,Application,,C:\Program Files\CrowdStrike,1.0
10155,CrowdStrike Falcon Sensor System Tray Application,7.32,CrowdStrike Inc.,Application,,C:\Program Files\CrowdStrike,2.0
10155,CrowdStrike Firmware Analysis,7.14,CrowdStrike Inc.,Add/Remove Programs,"February 26, 2025 12:00:00 AM",,
10155,CrowdStrike Firmware Analysis Support Tool,7.14,CrowdStrike Inc.,Application,,C:\Program Files\CrowdStrike,1.0
10155,CrowdStrike On-Demand Scan Command-line Tool,7.32,CrowdStrike Inc.,Application,,C:\Program Files\CrowdStrike,1.0
10155,CrowdStrike On-Demand Scan Tool,7.32,CrowdStrike Inc.,Application,,C:\Program Files\CrowdStrike,1.0
10155,CrowdStrike Sensor Platform,7.32,CrowdStrike Inc.,Add/Remove Programs,"January 14, 2026 12:00:00 AM",,
10155,CrowdStrike Windows Sensor,7.32,CrowdStrike Inc.,Add/Remove Programs,"January 14, 2026 12:00:00 AM",,
7891,.NET Framework,3.0,Microsoft Corporation Inc.,Application,,C:\Windows\Microsoft.NET\Framework64\v3.0\Windows Communication Foundation,2.0
7891,.NET Runtime Optimization Service,4.8,Microsoft Corporation Inc.,Application,,C:\Windows\Microsoft.NET\Framework64\v4.0.30319,2.0
7891,.NET Runtime Optimization Service,2.0,Microsoft Corporation Inc.,Application,,C:\Windows\Microsoft.NET\Framework64\v2.0.50727,2.0
7891,64Bit MAPI Mail Agent,1.0,Foxit Software Inc.,Application,,C:\Program Files (x86)\Foxit Software\Foxit PDF Reader,1.0
7891,7-Zip 23.01 (x64),23.01,Igor Pavlov,Add/Remove Programs,,C:\Program Files\7-Zip\,
7891,7-Zip Console,23.01,Igor Pavlov,Application,,C:\Program Files\7-Zip,1.0
7891,7-Zip File Manager,23.01,Igor Pavlov,Application,,C:\Program Files\7-Zip,1.0
7891,7-Zip GUI,23.01,Igor Pavlov,Application,,C:\Program Files\7-Zip,1.0
7891,AAD token broker plugin,10.0,Microsoft Corporation Inc.,Application,,C:\Windows\SystemApps\Microsoft.AAD.BrokerPlugin_cw5n1h2txyewy,1.0
7891,Accounts Control Host,10.0,Microsoft Corporation Inc.,Application,,C:\Windows\SystemApps\Microsoft.AccountsControl_cw5n1h2txyewy,1.0
7891,AddSuggestedFoldersToLibraryDialog,10.0,Microsoft Corporation Inc.,Application,,C:\Windows\SystemApps\Microsoft.Windows.AddSuggestedFoldersToLibraryDialog_cw5n1h2txyewy,1.0
7891,Antimalware Service Executable,4.18,Microsoft Corporation Inc.,Application,,C:\Program Files\Windows Defender,1.0
7891,AppResolverUX,10.0,Microsoft Corporation Inc.,Application,,C:\Windows\SystemApps\Microsoft.Windows.AppResolverUX_cw5n1h2txyewy,1.0
7891,AsyncTextService,10.0,Microsoft Corporation Inc.,Application,,C:\Windows\SystemApps\Microsoft.AsyncTextService_8wekyb3d8bbwe,1.0
7891,Biometric Enrollment Host,10.0,Microsoft Corporation Inc.,Application,,C:\Windows\SystemApps\Microsoft.BioEnrollment_cw5n1h2txyewy,1.0
7891,BMC Client Management Agent,24.1.01.240624,BMC Software Inc.,Application,,C:\Program Files\BMC Software\Client Management\Client\bin,1.0
7891,BMC Client Management Certificate Generator,24.1.01.240624,BMC Software Inc.,Application,,C:\Program Files\BMC Software\Client Management\Client\bin,1.0
7891,BMC Client Management Chilli Interpreter,24.1.01.240624,BMC Software Inc.,Application,,C:\Program Files\BMC Software\Client Management\Client\bin,1.0
7891,BMC Client Management Direct Access Proxy Agent,24.1.01.240624,BMC Software Inc.,Application,,C:\Program Files\BMC Software\Client Management\Client\bin,1.0
7891,BMC Client Management Opswat Proxy Agent,24.1.01.240624,BMC Software Inc.,Application,,C:\Program Files\BMC Software\Client Management\Client\bin,1.0
7891,BMC Client Management Package Viewer,24.1.01.240624,BMC Software Inc.,Application,,C:\Program Files\BMC Software\Client Management\Client\bin,1.0
7891,BMC Client Management Patch Broker,24.1.01.240624,BMC Software Inc.,Application,,C:\Program Files\BMC Software\Client Management\Client\bin,1.0
7891,BMC Client Management Proxy Agent,24.1.01.240624,BMC Software Inc.,Application,,C:\Program Files\BMC Software\Client Management\Client\bin,1.0
7891,BMC Client Management Remote Control proxy,24.1.01.240624,BMC Software Inc.,Application,,C:\Program Files\BMC Software\Client Management\Client\bin,1.0
7891,BMC Client Management SCAP,24.1.01.240624,BMC Software Inc.,Application,,C:\Program Files\BMC Software\Client Management\Client\bin,1.0
7891,BMC Client Management SFX,24.1.01.240624,BMC Software Inc.,Application,,D:\Apps,1.0
7891,BMC Client Management Video Proxy Agent,24.1.01.240624,BMC Software Inc.,Application,,C:\Program Files\BMC Software\Client Management\Client\bin,1.0
7891,Boot File Servicing Utility,10.0,Microsoft Corporation Inc.,Application,,C:\Windows,1.0
7891,BrowserCore,10.0,Microsoft Corporation Inc.,Application,,C:\Windows\BrowserCore,1.0
7891,Calling App to host call progress on shell,10.0,Microsoft Corporation Inc.,Application,,C:\Windows\SystemApps\Microsoft.Windows.CallingShellApp_cw5n1h2txyewy,1.0
7891,CameraBarcodeScannerPreview,10.0,Microsoft Corporation Inc.,Application,,C:\Windows\SystemApps\Windows.CBSPreview_cw5n1h2txyewy,1.0
7891,ChromeEnterpriseCompanion,143.0,Google LLC,Application,,C:\Windows\SystemTemp\scoped_dir2700_161977910\scoped_dir2700_339874594,1.0
7891,CL5,9.6,Ivanti,Application,,C:\Program Files\BMC Software\Client Management\Client\data\PatchManagementPremium\workspace,4.0
7891,ClickOnce,4.8,Microsoft Corporation Inc.,Application,,C:\Windows\Microsoft.NET\Framework64\v4.0.30319,3.0
7891,Common User Interface,5.8,Musarubra US LLC.,Application,,C:\Program Files\McAfee\Agent\x86,1.0
7891,Credential Dialog Host,10.0,Microsoft Corporation Inc.,Application,,C:\Windows\SystemApps\microsoft.creddialoghost_cw5n1h2txyewy,1.0
7891,CrowdStrike Device Control,7.29,CrowdStrike Inc.,Add/Remove Programs,"November 14, 2025 12:00:00 AM",,
7891,CrowdStrike Device Control Support Tool,7.29,CrowdStrike Inc.,Application,,C:\Program Files\CrowdStrike,1.0
7891,CrowdStrike Falcon Connector,7.32,CrowdStrike Inc.,Application,,C:\Program Files\CrowdStrike,1.0
7891,CrowdStrike Falcon Sensor,7.32,CrowdStrike Inc.,Application,,C:\Program Files\CrowdStrike,1.0
7891,CrowdStrike Falcon Sensor Controller,7.32,CrowdStrike Inc.,Application,,C:\Program Files\CrowdStrike,1.0
7891,CrowdStrike Falcon Sensor Service,7.32,CrowdStrike Inc.,Application,,C:\Program Files\CrowdStrike,1.0
7891,CrowdStrike Falcon Sensor Servlet Container,7.32,CrowdStrike Inc.,Application,,C:\Program Files\CrowdStrike,1.0
7891,CrowdStrike Falcon Sensor Settings Tool,7.32,CrowdStrike Inc.,Application,,C:\Program Files\CrowdStrike,1.0
7891,CrowdStrike Falcon Sensor System Tray Application,7.32,CrowdStrike Inc.,Application,,C:\Program Files\CrowdStrike,2.0
7891,CrowdStrike Firmware Analysis,7.14,CrowdStrike Inc.,Add/Remove Programs,"January 23, 2025 12:00:00 AM",,
7891,CrowdStrike Firmware Analysis Support Tool,7.14,CrowdStrike Inc.,Application,,C:\Program Files\CrowdStrike,1.0
7891,CrowdStrike On-Demand Scan Command-line Tool,7.32,CrowdStrike Inc.,Application,,C:\Program Files\CrowdStrike,1.0
7891,CrowdStrike On-Demand Scan Tool,7.32,CrowdStrike Inc.,Application,,C:\Program Files\CrowdStrike,1.0
7891,CrowdStrike Sensor Platform,7.32,CrowdStrike Inc.,Add/Remove Programs,"January 14, 2026 12:00:00 AM",,
9577,.NET Framework,3.0,Microsoft Corporation Inc.,Application,,C:\Windows\Microsoft.NET\Framework64\v3.0\Windows Communication Foundation,2.0
9577,.NET Runtime Optimization Service,2.0,Microsoft Corporation Inc.,Application,,C:\Windows\Microsoft.NET\Framework64\v2.0.50727,2.0
9577,.NET Runtime Optimization Service,4.8,Microsoft Corporation Inc.,Application,,C:\Windows\Microsoft.NET\Framework64\v4.0.30319,2.0
9577,64Bit MAPI Mail Agent,1.0,Foxit Software Inc.,Application,,C:\Program Files (x86)\Foxit Software\Foxit PDF Reader,1.0
9577,7-Zip 24.08 (x64 edition),24.08,Igor Pavlov,Add/Remove Programs,"November 26, 2024 12:00:00 AM",,
9577,7-Zip Console,24.08,Igor Pavlov,Application,,C:\Program Files\7-Zip,1.0
9577,7-Zip File Manager,24.08,Igor Pavlov,Application,,C:\Program Files\7-Zip,1.0
9577,7-Zip GUI,24.08,Igor Pavlov,Application,,C:\Program Files\7-Zip,1.0
9577,Accounts Control Host,10.0,Microsoft Corporation Inc.,Application,,C:\Windows\SystemApps\Microsoft.AccountsControl_cw5n1h2txyewy,1.0
9577,AddSuggestedFoldersToLibraryDialog,10.0,Microsoft Corporation Inc.,Application,,C:\Windows\SystemApps\Microsoft.Windows.AddSuggestedFoldersToLibraryDialog_cw5n1h2txyewy,1.0
9577,Antimalware Core Service,4.18,Microsoft Corporation Inc.,Application,,C:\Program Files\Windows Defender,1.0
9577,Antimalware Service Executable,4.18,Microsoft Corporation Inc.,Application,,C:\Program Files\Windows Defender,1.0
9577,AppResolverUX,10.0,Microsoft Corporation Inc.,Application,,C:\Windows\SystemApps\Microsoft.Windows.AppResolverUX_cw5n1h2txyewy,1.0
9577,AsyncTextService,10.0,Microsoft Corporation Inc.,Application,,C:\Windows\SystemApps\Microsoft.AsyncTextService_8wekyb3d8bbwe,1.0
9577,Biometric Enrollment Host,10.0,Microsoft Corporation Inc.,Application,,C:\Windows\SystemApps\Microsoft.BioEnrollment_cw5n1h2txyewy,1.0
9577,BMC Client Management Agent,24.1.01.240624,BMC Software Inc.,Application,,C:\Program Files\BMC Software\Client Management\Client\bin,1.0
9577,BMC Client Management Certificate Generator,24.1.01.240624,BMC Software Inc.,Application,,C:\Program Files\BMC Software\Client Management\Client\bin,1.0
9577,BMC Client Management Chilli Interpreter,24.1.01.240624,BMC Software Inc.,Application,,C:\Program Files\BMC Software\Client Management\Client\bin,1.0
9577,BMC Client Management Direct Access Proxy Agent,24.1.01.240624,BMC Software Inc.,Application,,C:\Program Files\BMC Software\Client Management\Client\bin,1.0
9577,BMC Client Management Opswat Proxy Agent,24.1.01.240624,BMC Software Inc.,Application,,C:\Program Files\BMC Software\Client Management\Client\bin,1.0
9577,BMC Client Management Package Viewer,24.1.01.240624,BMC Software Inc.,Application,,C:\Program Files\BMC Software\Client Management\Client\bin,1.0
9577,BMC Client Management Patch Broker,24.1.01.240624,BMC Software Inc.,Application,,C:\Program Files\BMC Software\Client Management\Client\bin,1.0
9577,BMC Client Management Proxy Agent,24.1.01.240624,BMC Software Inc.,Application,,C:\Program Files\BMC Software\Client Management\Client\bin,1.0
9577,BMC Client Management Remote Control proxy,24.1.01.240624,BMC Software Inc.,Application,,C:\Program Files\BMC Software\Client Management\Client\bin,1.0
9577,BMC Client Management SCAP,24.1.01.240624,BMC Software Inc.,Application,,C:\Program Files\BMC Software\Client Management\Client\bin,1.0
9577,BMC Client Management Video Proxy Agent,24.1.01.240624,BMC Software Inc.,Application,,C:\Program Files\BMC Software\Client Management\Client\bin,1.0
9577,Boot File Servicing Utility,10.0,Microsoft Corporation Inc.,Application,,C:\Windows,1.0
9577,Browser Protection Native Messaging Host,4.18,Microsoft Corporation Inc.,Application,,C:\Program Files\Windows Defender,1.0
9577,BrowserCore,10.0,Microsoft Corporation Inc.,Application,,C:\Windows\BrowserCore,1.0
9577,CameraBarcodeScannerPreview,10.0,Microsoft Corporation Inc.,Application,,C:\Windows\SystemApps\Windows.CBSPreview_cw5n1h2txyewy,1.0
9577,CL5,9.6,Ivanti,Application,,C:\Program Files\BMC Software\Client Management\Client\data\PatchManagementPremium\workspace,1.0
9577,ClickOnce,4.8,Microsoft Corporation Inc.,Application,,C:\Windows\Microsoft.NET\Framework64\v4.0.30319,3.0
9577,Common User Interface,5.8,Musarubra US LLC.,Application,,C:\Program Files\McAfee\Agent\x86,1.0
9577,Copilot,144.0,Microsoft Corporation Inc.,Application,,C:\Program Files (x86)\Microsoft\EdgeWebView\Application\144.0.3719.115,5.0
9577,Copilot Update,1.3,Microsoft Corporation Inc.,Application,,C:\Program Files (x86)\Microsoft\EdgeUpdate,2.0
9577,Create a self-signed digital certificate,15.0,Microsoft Corporation Inc.,Application,,C:\Program Files\Microsoft Office\Office15,1.0
9577,Credential Dialog Host,10.0,Microsoft Corporation Inc.,Application,,C:\Windows\SystemApps\microsoft.creddialoghost_cw5n1h2txyewy,1.0
9577,CrowdStrike Device Control,7.29,CrowdStrike Inc.,Add/Remove Programs,"November 14, 2025 12:00:00 AM",,
9577,CrowdStrike Device Control Support Tool,7.29,CrowdStrike Inc.,Application,,C:\Program Files\CrowdStrike,1.0
9577,CrowdStrike Falcon Connector,7.32,CrowdStrike Inc.,Application,,C:\Program Files\CrowdStrike,1.0
9577,CrowdStrike Falcon Sensor,7.32,CrowdStrike Inc.,Application,,C:\Program Files\CrowdStrike,1.0
9577,CrowdStrike Falcon Sensor Controller,7.32,CrowdStrike Inc.,Application,,C:\Program Files\CrowdStrike,1.0
9577,CrowdStrike Falcon Sensor Service,7.32,CrowdStrike Inc.,Application,,C:\Program Files\CrowdStrike,1.0
9577,CrowdStrike Falcon Sensor Servlet Container,7.32,CrowdStrike Inc.,Application,,C:\Program Files\CrowdStrike,1.0
9577,CrowdStrike Falcon Sensor Settings Tool,7.32,CrowdStrike Inc.,Application,,C:\Program Files\CrowdStrike,1.0
9577,CrowdStrike Falcon Sensor System Tray Application,7.32,CrowdStrike Inc.,Application,,C:\Program Files\CrowdStrike,2.0
9577,CrowdStrike Firmware Analysis,7.14,CrowdStrike Inc.,Add/Remove Programs,"March 28, 2025 12:00:00 AM",,
9577,CrowdStrike Firmware Analysis Support Tool,7.14,CrowdStrike Inc.,Application,,C:\Program Files\CrowdStrike,1.0
9577,CrowdStrike On-Demand Scan Command-line Tool,7.32,CrowdStrike Inc.,Application,,C:\Program Files\CrowdStrike,1.0
9577,CrowdStrike On-Demand Scan Tool,7.32,CrowdStrike Inc.,Application,,C:\Program Files\CrowdStrike,1.0
9675,.NET Framework,3.0,Microsoft Corporation Inc.,Application,,C:\Windows\Microsoft.NET\Framework64\v3.0\Windows Communication Foundation,2.0
9675,.NET Runtime Optimization Service,4.8,Microsoft Corporation Inc.,Application,,C:\Windows\Microsoft.NET\Framework64\v4.0.30319,2.0
9675,.NET Runtime Optimization Service,2.0,Microsoft Corporation Inc.,Application,,C:\Windows\Microsoft.NET\Framework64\v2.0.50727,2.0
9675,64Bit MAPI Mail Agent,1.0,Foxit Software Inc.,Application,,C:\Program Files (x86)\Foxit Software\Foxit PDF Reader,1.0
9675,7-Zip 24.08 (x64 edition),24.08,Igor Pavlov,Add/Remove Programs,"November 26, 2024 12:00:00 AM",,
9675,7-Zip Console,24.08,Igor Pavlov,Application,,C:\Program Files\7-Zip,1.0
9675,7-Zip File Manager,24.08,Igor Pavlov,Application,,C:\Program Files\7-Zip,1.0
9675,7-Zip GUI,24.08,Igor Pavlov,Application,,C:\Program Files\7-Zip,1.0
9675,Accounts Control Host,10.0,Microsoft Corporation Inc.,Application,,C:\Windows\SystemApps\Microsoft.AccountsControl_cw5n1h2txyewy,1.0
9675,AddSuggestedFoldersToLibraryDialog,10.0,Microsoft Corporation Inc.,Application,,C:\Windows\SystemApps\Microsoft.Windows.AddSuggestedFoldersToLibraryDialog_cw5n1h2txyewy,1.0
9675,Antimalware Core Service,4.18,Microsoft Corporation Inc.,Application,,C:\Program Files\Windows Defender,1.0
9675,Antimalware Service Executable,4.18,Microsoft Corporation Inc.,Application,,C:\Program Files\Windows Defender,1.0
9675,AppResolverUX,10.0,Microsoft Corporation Inc.,Application,,C:\Windows\SystemApps\Microsoft.Windows.AppResolverUX_cw5n1h2txyewy,1.0
9675,AsyncTextService,10.0,Microsoft Corporation Inc.,Application,,C:\Windows\SystemApps\Microsoft.AsyncTextService_8wekyb3d8bbwe,1.0
9675,Biometric Enrollment Host,10.0,Microsoft Corporation Inc.,Application,,C:\Windows\SystemApps\Microsoft.BioEnrollment_cw5n1h2txyewy,1.0
9675,BMC Client Management Agent,24.1.01.240624,BMC Software Inc.,Application,,C:\Program Files\BMC Software\Client Management\Client\bin,1.0
9675,BMC Client Management Certificate Generator,24.1.01.240624,BMC Software Inc.,Application,,C:\Program Files\BMC Software\Client Management\Client\bin,1.0
9675,BMC Client Management Chilli Interpreter,24.1.01.240624,BMC Software Inc.,Application,,C:\Program Files\BMC Software\Client Management\Client\bin,1.0
9675,BMC Client Management Direct Access Proxy Agent,24.1.01.240624,BMC Software Inc.,Application,,C:\Program Files\BMC Software\Client Management\Client\bin,1.0
9675,BMC Client Management Opswat Proxy Agent,24.1.01.240624,BMC Software Inc.,Application,,C:\Program Files\BMC Software\Client Management\Client\bin,1.0
9675,BMC Client Management Package Viewer,24.1.01.240624,BMC Software Inc.,Application,,C:\Program Files\BMC Software\Client Management\Client\bin,1.0
9675,BMC Client Management Patch Broker,24.1.01.240624,BMC Software Inc.,Application,,C:\Program Files\BMC Software\Client Management\Client\bin,1.0
9675,BMC Client Management Proxy Agent,24.1.01.240624,BMC Software Inc.,Application,,C:\Program Files\BMC Software\Client Management\Client\bin,1.0
9675,BMC Client Management Remote Control proxy,24.1.01.240624,BMC Software Inc.,Application,,C:\Program Files\BMC Software\Client Management\Client\bin,1.0
9675,BMC Client Management SCAP,24.1.01.240624,BMC Software Inc.,Application,,C:\Program Files\BMC Software\Client Management\Client\bin,1.0
9675,BMC Client Management Video Proxy Agent,24.1.01.240624,BMC Software Inc.,Application,,C:\Program Files\BMC Software\Client Management\Client\bin,1.0
9675,Boot File Servicing Utility,10.0,Microsoft Corporation Inc.,Application,,C:\Windows,1.0
9675,Browser Protection Native Messaging Host,4.18,Microsoft Corporation Inc.,Application,,C:\Program Files\Windows Defender,1.0
9675,BrowserCore,10.0,Microsoft Corporation Inc.,Application,,C:\Windows\BrowserCore,1.0
9675,CameraBarcodeScannerPreview,10.0,Microsoft Corporation Inc.,Application,,C:\Windows\SystemApps\Windows.CBSPreview_cw5n1h2txyewy,1.0
9675,ChromeEnterpriseCompanion,143.0,Google LLC,Application,,C:\Windows\SystemTemp\scoped_dir1312_924377213\scoped_dir1312_564987653,1.0
9675,CL5,9.6,Ivanti,Application,,C:\Program Files\BMC Software\Client Management\Client\data\PatchManagementPremium\workspace,1.0
9675,ClickOnce,4.8,Microsoft Corporation Inc.,Application,,C:\Windows\Microsoft.NET\Framework64\v4.0.30319,3.0
9675,Common User Interface,5.8,Musarubra US LLC.,Application,,C:\Program Files\McAfee\Agent\x86,1.0
9675,Copilot,144.0,Microsoft Corporation Inc.,Application,,C:\Program Files (x86)\Microsoft\EdgeWebView\Application\144.0.3719.115,3.0
9675,Copilot Update,1.3,Microsoft Corporation Inc.,Application,,C:\Program Files (x86)\Microsoft\EdgeUpdate,2.0
9675,Credential Dialog Host,10.0,Microsoft Corporation Inc.,Application,,C:\Windows\SystemApps\microsoft.creddialoghost_cw5n1h2txyewy,1.0
9675,CrowdStrike Device Control,7.29,CrowdStrike Inc.,Add/Remove Programs,"November 14, 2025 12:00:00 AM",,
9675,CrowdStrike Device Control Support Tool,7.29,CrowdStrike Inc.,Application,,C:\Program Files\CrowdStrike,1.0
9675,CrowdStrike Falcon Connector,7.32,CrowdStrike Inc.,Application,,C:\Program Files\CrowdStrike,1.0
9675,CrowdStrike Falcon Sensor,7.32,CrowdStrike Inc.,Application,,C:\Program Files\CrowdStrike,1.0
9675,CrowdStrike Falcon Sensor Controller,7.32,CrowdStrike Inc.,Application,,C:\Program Files\CrowdStrike,1.0
9675,CrowdStrike Falcon Sensor Service,7.32,CrowdStrike Inc.,Application,,C:\Program Files\CrowdStrike,1.0
9675,CrowdStrike Falcon Sensor Servlet Container,7.32,CrowdStrike Inc.,Application,,C:\Program Files\CrowdStrike,1.0
9675,CrowdStrike Falcon Sensor Settings Tool,7.32,CrowdStrike Inc.,Application,,C:\Program Files\CrowdStrike,1.0
9675,CrowdStrike Falcon Sensor System Tray Application,7.32,CrowdStrike Inc.,Application,,C:\Program Files\CrowdStrike,2.0
9675,CrowdStrike Firmware Analysis,7.14,CrowdStrike Inc.,Add/Remove Programs,"June 18, 2025 12:00:00 AM",,
9675,CrowdStrike Firmware Analysis Support Tool,7.14,CrowdStrike Inc.,Application,,C:\Program Files\CrowdStrike,1.0
9675,CrowdStrike On-Demand Scan Command-line Tool,7.32,CrowdStrike Inc.,Application,,C:\Program Files\CrowdStrike,1.0
9675,CrowdStrike On-Demand Scan Tool,7.32,CrowdStrike Inc.,Application,,C:\Program Files\CrowdStrike,1.0
11097,"""nvspinfo.PROGRAM""",10.0,Microsoft Corporation Inc.,Application,,C:\Windows\SoftwareDistribution\Download\af1e07b7cf5f01a9c8bd141fd1d76654\Microsoft-Windows-EditionPack-Professional-Package~~amd64~~10.0.26100.1\amd64_microsoft-hyper-v-d..s-vmswitch-netsetup_31bf3856ad364e35_10.0.26100.1_none_815b742cc3d8eca1,2.0
11097,.NET Framework,3.0,Microsoft Corporation Inc.,Application,,C:\Windows\SoftwareDistribution\Download\af1e07b7cf5f01a9c8bd141fd1d76654\Microsoft-Windows-EditionPack-Professional-Package~~amd64~~10.0.26100.1\msil_servicemodelreg_b03f5f7f11d50a3a_10.0.26100.1_none_ef0c64fcaf8f69dc,2.0
11097,.NET Runtime Crash Dump Generator,8.0,Microsoft Corporation Inc.,Application,,C:\Program Files (x86)\Trend Micro\Endpoint Basecamp\modules\vom\modules\UiBridgeModule\VOneAgentConsole,1.0
11097,.NET Runtime Optimization Service,4.8,Microsoft Corporation Inc.,Application,,C:\Windows\SoftwareDistribution\Download\af1e07b7cf5f01a9c8bd141fd1d76654\Microsoft-Windows-EditionPack-Professional-Package~~amd64~~10.0.26100.1\x86_netfx4-mscorsvw_exe_b03f5f7f11d50a3a_4.0.15912.0_none_c6c9a6c536b87ee9,4.0
11097,7-Zip 19.00 (x64),19.0,Igor Pavlov,Add/Remove Programs,,C:\Program Files\7-Zip\,
11097,7-Zip Console,19.0,Igor Pavlov,Application,,C:\Program Files\7-Zip,1.0
11097,7-Zip Console,25.01,Igor Pavlov,Application,,C:\Program Files (x86)\Trend Micro\Security Agent,4.0
11097,7-Zip File Manager,19.0,Igor Pavlov,Application,,C:\Program Files\7-Zip,1.0
11097,7-Zip GUI,19.0,Igor Pavlov,Application,,C:\Program Files\7-Zip,1.0
11097,AAD token broker plugin,10.0,Microsoft Corporation Inc.,Application,,C:\Windows\SystemApps\Microsoft.AAD.BrokerPlugin_cw5n1h2txyewy,1.0
11097,Accessibility On-Screen Keyboard,10.0,Microsoft Corporation Inc.,Application,,C:\Windows\SoftwareDistribution\Download\af1e07b7cf5f01a9c8bd141fd1d76654\Microsoft-Windows-Client-Desktop-Required-Package~~amd64~~10.0.26100.1\amd64_microsoft-windows-osk_31bf3856ad364e35_10.0.26100.1_none_a7b07bccc27b4c06,1.0
11097,Accessibility shortcut keys,10.0,Microsoft Corporation Inc.,Application,,C:\Windows\SoftwareDistribution\Download\af1e07b7cf5f01a9c8bd141fd1d76654\Microsoft-Windows-Client-Desktop-Required-WOW64-Package~~amd64~~10.0.26100.1\wow64_microsoft-windows-sethc_31bf3856ad364e35_10.0.26100.1_none_6a0891ac1208aad1,2.0
11097,Accounts Control Host,10.0,Microsoft Corporation Inc.,Application,,C:\Windows\SystemApps\Microsoft.AccountsControl_cw5n1h2txyewy,1.0
11097,Acquire IMDS response,10.0,Microsoft Corporation Inc.,Application,,C:\Windows\SoftwareDistribution\Download\af1e07b7cf5f01a9c8bd141fd1d76654\Microsoft-Windows-EditionPack-Professional-Package~~amd64~~10.0.26100.1\amd64_microsoft-client-li..e-flexible-platform_31bf3856ad364e35_10.0.26100.1_none_3e956ed7e6c6fe06,1.0
11097,ActiveUpdate module.,2.88,Trend Micro Inc.,Application,,C:\Program Files (x86)\Trend Micro\Security Agent,2.0
11097,Add Hardware Wizard,10.0,Microsoft Corporation Inc.,Application,,C:\Windows\SoftwareDistribution\Download\af1e07b7cf5f01a9c8bd141fd1d76654\Microsoft-Windows-Client-Desktop-Required-WOW64-Package~~amd64~~10.0.26100.1\wow64_microsoft-windows-legacyhwui_31bf3856ad364e35_10.0.26100.1_none_e9bc7515e52e45ce,2.0
11097,AddSuggestedFoldersToLibraryDialog,10.0,Microsoft Corporation Inc.,Application,,C:\Windows\SystemApps\Microsoft.Windows.AddSuggestedFoldersToLibraryDialog_cw5n1h2txyewy,1.0
11097,Advanced User Accounts Control Panel,10.0,Microsoft Corporation Inc.,Application,,C:\Windows\SoftwareDistribution\Download\af1e07b7cf5f01a9c8bd141fd1d76654\Microsoft-Windows-Client-Desktop-Required-WOW64-Package~~amd64~~10.0.26100.1\wow64_microsoft-windows-netplwiz-exe_31bf3856ad364e35_10.0.26100.1_none_f49f0778ad4f459c,2.0
11097,Antimalware Core Service,4.18,Microsoft Corporation Inc.,Application,,C:\Windows\SoftwareDistribution\Download\af1e07b7cf5f01a9c8bd141fd1d76654\Microsoft-Windows-Client-Desktop-Required-Package~~amd64~~10.0.26100.1\amd64_windows-defender-service_31bf3856ad364e35_10.0.26100.1_none_c299cb2ebf592e77,1.0
11097,Antimalware Service Executable,4.18,Microsoft Corporation Inc.,Application,,C:\Windows\SoftwareDistribution\Download\af1e07b7cf5f01a9c8bd141fd1d76654\Microsoft-Windows-Client-Desktop-Required-Package~~amd64~~10.0.26100.1\amd64_windows-defender-service_31bf3856ad364e35_10.0.26100.1_none_c299cb2ebf592e77,2.0
11097,API for MDM Enrollment,10.0,Microsoft Corporation Inc.,Application,,C:\Windows\SoftwareDistribution\Download\af1e07b7cf5f01a9c8bd141fd1d76654\Microsoft-Windows-Client-Desktop-Required-Package~~amd64~~10.0.26100.1\amd64_microsoft-windows-deviceenroller_31bf3856ad364e35_10.0.26100.1_none_be38fa0b75d7b334,1.0
11097,AppContainer Network Isolation Diagnostic Tool,10.0,Microsoft Corporation Inc.,Application,,C:\Windows\SoftwareDistribution\Download\af1e07b7cf5f01a9c8bd141fd1d76654\Microsoft-Windows-Client-Features-WOW64-Package~~amd64~~10.0.26100.1\wow64_networking-mpssvc-netsh_31bf3856ad364e35_10.0.26100.1_none_b638e7de639d1c91,2.0
11097,AppID Certificate Store Verification Task,10.0,Microsoft Corporation Inc.,Application,,C:\Windows\SoftwareDistribution\Download\af1e07b7cf5f01a9c8bd141fd1d76654\Microsoft-Windows-Client-Desktop-Required-Package~~amd64~~10.0.26100.1\amd64_microsoft-windows-appid_31bf3856ad364e35_10.0.26100.1_none_543fb8ac1ab3e68b,1.0
11097,AppID Policy Converter Task,10.0,Microsoft Corporation Inc.,Application,,C:\Windows\SoftwareDistribution\Download\af1e07b7cf5f01a9c8bd141fd1d76654\Microsoft-Windows-Client-Desktop-Required-Package~~amd64~~10.0.26100.1\amd64_microsoft-windows-appid_31bf3856ad364e35_10.0.26100.1_none_543fb8ac1ab3e68b,1.0
11097,Application Impact Telemetry Static Analyzer,10.0,Microsoft Corporation Inc.,Application,,C:\Windows\SoftwareDistribution\Download\af1e07b7cf5f01a9c8bd141fd1d76654\Microsoft-Windows-Client-Desktop-Required-Package~~amd64~~10.0.26100.1\amd64_microsoft-windows-a..perience-ait-static_31bf3856ad364e35_10.0.26100.1_none_2dd83f6916d198e4,1.0
11097,Application Layer Gateway Service,10.0,Microsoft Corporation Inc.,Application,,C:\Windows\SoftwareDistribution\Download\af1e07b7cf5f01a9c8bd141fd1d76654\Microsoft-Windows-Client-Desktop-Required-Package~~amd64~~10.0.26100.1\amd64_microsoft-windows-alg_31bf3856ad364e35_10.0.26100.1_none_a5dcfa80c3ab23c1,1.0
11097,Application Server Command Line Admin Tool,10.0,Microsoft Corporation Inc.,Application,,C:\Windows\SoftwareDistribution\Download\af1e07b7cf5f01a9c8bd141fd1d76654\Microsoft-Windows-EditionPack-Professional-Package~~amd64~~10.0.26100.1\wow64_microsoft-windows-i..raries-servercommon_31bf3856ad364e35_10.0.26100.1_none_b0d3de420cfbf405,2.0
11097,Apply Boot Experience related BCD settings to the image,10.0,Microsoft Corporation Inc.,Application,,C:\Windows\SoftwareDistribution\Download\af1e07b7cf5f01a9c8bd141fd1d76654\Microsoft-Windows-EditionPack-Professional-Package~~amd64~~10.0.26100.1\amd64_microsoft-windows-embedded-bootexp_31bf3856ad364e35_10.0.26100.1_none_c654ffda6c4696e3,1.0
11097,AppResolverUX,10.0,Microsoft Corporation Inc.,Application,,C:\Windows\SystemApps\Microsoft.Windows.AppResolverUX_cw5n1h2txyewy,1.0
11097,AppX Deployment User Data Source EXE,10.0,Microsoft Corporation Inc.,Application,,C:\Windows\SoftwareDistribution\Download\af1e07b7cf5f01a9c8bd141fd1d76654\Microsoft-Windows-Client-Features-Package~~amd64~~10.0.26100.1\amd64_microsoft-windows-a..ment-userdatasource_31bf3856ad364e35_10.0.26100.1_none_62847f4fa4876179,1.0
11097,AsyncTextService,10.0,Microsoft Corporation Inc.,Application,,C:\Windows\SystemApps\Microsoft.AsyncTextService_8wekyb3d8bbwe,1.0
11097,Attribute Utility,10.0,Microsoft Corporation Inc.,Application,,C:\Windows\SoftwareDistribution\Download\af1e07b7cf5f01a9c8bd141fd1d76654\Microsoft-Windows-Client-Features-WOW64-Package~~amd64~~10.0.26100.1\wow64_microsoft-windows-attrib_31bf3856ad364e35_10.0.26100.1_none_b9d66d642921dc90,2.0
11097,Audit,10.0,Microsoft Corporation Inc.,Application,,C:\Windows\SoftwareDistribution\Download\af1e07b7cf5f01a9c8bd141fd1d76654\Microsoft-Windows-Client-Desktop-Required-Package~~amd64~~10.0.26100.1\amd64_microsoft-windows-audit-component_31bf3856ad364e35_10.0.26100.1_none_a3abe7a4df6b292a,1.0
11097,Audit Mode Desktop Switch Utility,10.0,Microsoft Corporation Inc.,Application,,C:\Windows\SoftwareDistribution\Download\af1e07b7cf5f01a9c8bd141fd1d76654\Microsoft-Windows-Client-Desktop-Required-Package~~amd64~~10.0.26100.1\amd64_microsoft-windows-audit-component_31bf3856ad364e35_10.0.26100.1_none_a3abe7a4df6b292a,1.0
11097,Audit Policy Program,10.0,Microsoft Corporation Inc.,Application,,C:\Windows\SoftwareDistribution\Download\af1e07b7cf5f01a9c8bd141fd1d76654\Microsoft-Windows-Client-Features-WOW64-Package~~amd64~~10.0.26100.1\wow64_microsoft-windows-msaudittools_31bf3856ad364e35_10.0.26100.1_none_1ecd646959af4e74,2.0
11097,Auto Check Utility,10.0,Microsoft Corporation Inc.,Application,,C:\Windows\SoftwareDistribution\Download\af1e07b7cf5f01a9c8bd141fd1d76654\Microsoft-Windows-Client-Desktop-Required-WOW64-Package~~amd64~~10.0.26100.1\wow64_microsoft-windows-autochk_31bf3856ad364e35_10.0.26100.1_none_e93c3ffc5eae7f6f,2.0
11097,Automatic Maintenance,10.0,Microsoft Corporation Inc.,Application,,C:\Windows\SoftwareDistribution\Download\af1e07b7cf5f01a9c8bd141fd1d76654\Microsoft-Windows-Client-Desktop-Required-Package~~amd64~~10.0.26100.1\amd64_microsoft-windows-mschedexe_31bf3856ad364e35_10.0.26100.1_none_dc91fd1f1af84c4d,1.0
11097,Bcdboot utility,10.0,Microsoft Corporation Inc.,Application,,C:\Windows\SoftwareDistribution\Download\af1e07b7cf5f01a9c8bd141fd1d76654\Microsoft-Windows-Client-Desktop-Required-Package~~amd64~~10.0.26100.1\amd64_microsoft-windows-bcdboot-cmdlinetool_31bf3856ad364e35_10.0.26100.1_none_5e498cf5a6b10113,1.0
11097,BDE UI Launcher,10.0,Microsoft Corporation Inc.,Application,,C:\Windows\SoftwareDistribution\Download\af1e07b7cf5f01a9c8bd141fd1d76654\Microsoft-Windows-EditionPack-Professional-Package~~amd64~~10.0.26100.1\amd64_microsoft-windows-securestartup-service_31bf3856ad364e35_10.0.26100.1_none_61995c6d0da41fc9,1.0
11097,Biometric Enrollment Host,10.0,Microsoft Corporation Inc.,Application,,C:\Windows\SystemApps\Microsoft.BioEnrollment_cw5n1h2txyewy,2.0
11097,BitLocker Drive Encryption,10.0,Microsoft Corporation Inc.,Application,,C:\Windows\SoftwareDistribution\Download\af1e07b7cf5f01a9c8bd141fd1d76654\Microsoft-Windows-EditionPack-Professional-Package~~amd64~~10.0.26100.1\amd64_microsoft-windows-securestartup-prompt_31bf3856ad364e35_10.0.26100.1_none_ed0315824c80c112,1.0
11097,BitLocker Drive Encryption Notification Utility,10.0,Microsoft Corporation Inc.,Application,,C:\Windows\SoftwareDistribution\Download\af1e07b7cf5f01a9c8bd141fd1d76654\Microsoft-Windows-EditionPack-Professional-Package~~amd64~~10.0.26100.1\amd64_microsoft-windows-securestartup-notify_31bf3856ad364e35_10.0.26100.1_none_19e613be108c5c51,1.0
11097,BitLocker Drive Encryption Wizard,10.0,Microsoft Corporation Inc.,Application,,C:\Windows\SoftwareDistribution\Download\af1e07b7cf5f01a9c8bd141fd1d76654\Microsoft-Windows-EditionPack-Professional-Package~~amd64~~10.0.26100.1\amd64_microsoft-windows-securestartup-cpl_31bf3856ad364e35_10.0.26100.1_none_5479ffb4f3a4fa33,1.0
11097,BitLocker Drive Encryption: Configuration Tool,10.0,Microsoft Corporation Inc.,Application,,C:\Windows\SoftwareDistribution\Download\af1e07b7cf5f01a9c8bd141fd1d76654\Microsoft-Windows-EditionPack-Professional-Package~~amd64~~10.0.26100.1\amd64_microsoft-windows-securestartup-tool-exe_31bf3856ad364e35_10.0.26100.1_none_f70e66181fe2eced,1.0
11097,BitLocker Drive Encryption: Drive Preparation Tool,10.0,Microsoft Corporation Inc.,Application,,C:\Windows\SoftwareDistribution\Download\af1e07b7cf5f01a9c8bd141fd1d76654\Microsoft-Windows-EditionPack-Professional-Package~~amd64~~10.0.26100.1\amd64_microsoft-windows-s..up-drivepreparation_31bf3856ad364e35_10.0.26100.1_none_9de52fbbd18a142f,1.0
11097,BitLocker Drive Encryption: Repair Tool,10.0,Microsoft Corporation Inc.,Application,,C:\Windows\SoftwareDistribution\Download\af1e07b7cf5f01a9c8bd141fd1d76654\Microsoft-Windows-EditionPack-Professional-Package~~amd64~~10.0.26100.1\amd64_microsoft-windows-s..restartup-repairbde_31bf3856ad364e35_10.0.26100.1_none_cee7e9b87891de0a,1.0
11097,BitLocker Unlock,10.0,Microsoft Corporation Inc.,Application,,C:\Windows\SoftwareDistribution\Download\af1e07b7cf5f01a9c8bd141fd1d76654\Microsoft-Windows-EditionPack-Professional-Package~~amd64~~10.0.26100.1\amd64_microsoft-windows-securestartup-unlock_31bf3856ad364e35_10.0.26100.1_none_61895966950582dc,1.0
11097,BITS administration utility,7.8,Microsoft Corporation Inc.,Application,,C:\Windows\SoftwareDistribution\Download\af1e07b7cf5f01a9c8bd141fd1d76654\Microsoft-Windows-Client-Desktop-Required-WOW64-Package~~amd64~~10.0.26100.1\wow64_microsoft-windows-bits-bitsadmin_31bf3856ad364e35_10.0.26100.1_none_5459e3b4a959687e,2.0
11097,BMC Client Management Agent,24.1.01.240624,BMC Software Inc.,Application,,C:\Program Files\BMC Software\Client Management\Client\bin,1.0
11097,BMC Client Management Certificate Generator,24.1.01.240624,BMC Software Inc.,Application,,C:\Program Files\BMC Software\Client Management\Client\bin,1.0
9727,.NET Framework,3.0,Microsoft Corporation Inc.,Application,,C:\Windows\Microsoft.NET\Framework64\v3.0\Windows Communication Foundation,2.0
9727,.NET Runtime Optimization Service,4.8,Microsoft Corporation Inc.,Application,,C:\Windows\Microsoft.NET\Framework64\v4.0.30319,2.0
9727,.NET Runtime Optimization Service,2.0,Microsoft Corporation Inc.,Application,,C:\Windows\Microsoft.NET\Framework64\v2.0.50727,2.0
9727,64Bit MAPI Mail Agent,1.0,Foxit Software Inc.,Application,,C:\Program Files (x86)\Foxit Software\Foxit PDF Reader,1.0
9727,7-Zip 24.08 (x64 edition),24.08,Igor Pavlov,Add/Remove Programs,"November 26, 2024 12:00:00 AM",,
9727,7-Zip Console,24.08,Igor Pavlov,Application,,C:\Program Files\7-Zip,1.0
9727,7-Zip File Manager,24.08,Igor Pavlov,Application,,C:\Program Files\7-Zip,1.0
9727,7-Zip GUI,24.08,Igor Pavlov,Application,,C:\Program Files\7-Zip,1.0
9727,Accounts Control Host,10.0,Microsoft Corporation Inc.,Application,,C:\Windows\SystemApps\Microsoft.AccountsControl_cw5n1h2txyewy,1.0
9727,AddSuggestedFoldersToLibraryDialog,10.0,Microsoft Corporation Inc.,Application,,C:\Windows\SystemApps\Microsoft.Windows.AddSuggestedFoldersToLibraryDialog_cw5n1h2txyewy,1.0
9727,Antimalware Core Service,4.18,Microsoft Corporation Inc.,Application,,C:\Program Files\Windows Defender,1.0
9727,Antimalware Service Executable,4.18,Microsoft Corporation Inc.,Application,,C:\Program Files\Windows Defender,1.0
9727,AppResolverUX,10.0,Microsoft Corporation Inc.,Application,,C:\Windows\SystemApps\Microsoft.Windows.AppResolverUX_cw5n1h2txyewy,1.0
9727,AsyncTextService,10.0,Microsoft Corporation Inc.,Application,,C:\Windows\SystemApps\Microsoft.AsyncTextService_8wekyb3d8bbwe,1.0
9727,Biometric Enrollment Host,10.0,Microsoft Corporation Inc.,Application,,C:\Windows\SystemApps\Microsoft.BioEnrollment_cw5n1h2txyewy,1.0
9727,BMC Client Management Agent,24.1.01.240624,BMC Software Inc.,Application,,C:\Program Files\BMC Software\Client Management\Client\bin,1.0
9727,BMC Client Management Certificate Generator,24.1.01.240624,BMC Software Inc.,Application,,C:\Program Files\BMC Software\Client Management\Client\bin,1.0
9727,BMC Client Management Chilli Interpreter,24.1.01.240624,BMC Software Inc.,Application,,C:\Program Files\BMC Software\Client Management\Client\bin,1.0
9727,BMC Client Management Direct Access Proxy Agent,24.1.01.240624,BMC Software Inc.,Application,,C:\Program Files\BMC Software\Client Management\Client\bin,1.0
9727,BMC Client Management Opswat Proxy Agent,24.1.01.240624,BMC Software Inc.,Application,,C:\Program Files\BMC Software\Client Management\Client\bin,1.0
9727,BMC Client Management Package Viewer,24.1.01.240624,BMC Software Inc.,Application,,C:\Program Files\BMC Software\Client Management\Client\bin,1.0
9727,BMC Client Management Patch Broker,24.1.01.240624,BMC Software Inc.,Application,,C:\Program Files\BMC Software\Client Management\Client\bin,1.0
9727,BMC Client Management Proxy Agent,24.1.01.240624,BMC Software Inc.,Application,,C:\Program Files\BMC Software\Client Management\Client\bin,1.0
9727,BMC Client Management Remote Control proxy,24.1.01.240624,BMC Software Inc.,Application,,C:\Program Files\BMC Software\Client Management\Client\bin,1.0
9727,BMC Client Management SCAP,24.1.01.240624,BMC Software Inc.,Application,,C:\Program Files\BMC Software\Client Management\Client\bin,1.0
9727,BMC Client Management Video Proxy Agent,24.1.01.240624,BMC Software Inc.,Application,,C:\Program Files\BMC Software\Client Management\Client\bin,1.0
9727,Boot File Servicing Utility,10.0,Microsoft Corporation Inc.,Application,,C:\Windows,1.0
9727,Browser Protection Native Messaging Host,4.18,Microsoft Corporation Inc.,Application,,C:\Program Files\Windows Defender,1.0
9727,BrowserCore,10.0,Microsoft Corporation Inc.,Application,,C:\Windows\BrowserCore,1.0
9727,CameraBarcodeScannerPreview,10.0,Microsoft Corporation Inc.,Application,,C:\Windows\SystemApps\Windows.CBSPreview_cw5n1h2txyewy,1.0
9727,CL5,9.6,Ivanti,Application,,C:\Program Files\BMC Software\Client Management\Client\data\PatchManagementPremium\workspace,1.0
9727,ClickOnce,4.8,Microsoft Corporation Inc.,Application,,C:\Windows\Microsoft.NET\Framework64\v4.0.30319,3.0
9727,Common User Interface,5.8,Musarubra US LLC.,Application,,C:\Program Files\McAfee\Agent\x86,1.0
9727,Copilot,144.0,Microsoft Corporation Inc.,Application,,C:\Program Files (x86)\Microsoft\EdgeWebView\Application\144.0.3719.115,3.0
9727,Copilot Update,1.3,Microsoft Corporation Inc.,Application,,C:\Program Files (x86)\Microsoft\EdgeUpdate,2.0
9727,Credential Dialog Host,10.0,Microsoft Corporation Inc.,Application,,C:\Windows\SystemApps\microsoft.creddialoghost_cw5n1h2txyewy,1.0
9727,CrowdStrike Device Control,7.29,CrowdStrike Inc.,Add/Remove Programs,"November 14, 2025 12:00:00 AM",,
9727,CrowdStrike Device Control Support Tool,7.29,CrowdStrike Inc.,Application,,C:\Program Files\CrowdStrike,1.0
9727,CrowdStrike Falcon Connector,7.32,CrowdStrike Inc.,Application,,C:\Program Files\CrowdStrike,1.0
9727,CrowdStrike Falcon Sensor,7.32,CrowdStrike Inc.,Application,,C:\Program Files\CrowdStrike,1.0
9727,CrowdStrike Falcon Sensor Controller,7.32,CrowdStrike Inc.,Application,,C:\Program Files\CrowdStrike,1.0
9727,CrowdStrike Falcon Sensor Service,7.32,CrowdStrike Inc.,Application,,C:\Program Files\CrowdStrike,1.0
9727,CrowdStrike Falcon Sensor Servlet Container,7.32,CrowdStrike Inc.,Application,,C:\Program Files\CrowdStrike,1.0
9727,CrowdStrike Falcon Sensor Settings Tool,7.32,CrowdStrike Inc.,Application,,C:\Program Files\CrowdStrike,1.0
9727,CrowdStrike Falcon Sensor System Tray Application,7.32,CrowdStrike Inc.,Application,,C:\Program Files\CrowdStrike,2.0
9727,CrowdStrike Firmware Analysis,7.14,CrowdStrike Inc.,Add/Remove Programs,"May 22, 2025 12:00:00 AM",,
9727,CrowdStrike Firmware Analysis Support Tool,7.14,CrowdStrike Inc.,Application,,C:\Program Files\CrowdStrike,1.0
9727,CrowdStrike On-Demand Scan Command-line Tool,7.32,CrowdStrike Inc.,Application,,C:\Program Files\CrowdStrike,1.0
9727,CrowdStrike On-Demand Scan Tool,7.32,CrowdStrike Inc.,Application,,C:\Program Files\CrowdStrike,1.0
9727,CrowdStrike Sensor Platform,7.32,CrowdStrike Inc.,Add/Remove Programs,"January 14, 2026 12:00:00 AM",,
10104,.NET Framework,3.0,Microsoft Corporation Inc.,Application,,C:\Windows\Microsoft.NET\Framework64\v3.0\Windows Communication Foundation,2.0
10104,.NET Runtime Optimization Service,4.8,Microsoft Corporation Inc.,Application,,C:\Windows\Microsoft.NET\Framework64\v4.0.30319,2.0
10104,.NET Runtime Optimization Service,2.0,Microsoft Corporation Inc.,Application,,C:\Windows\Microsoft.NET\Framework64\v2.0.50727,2.0
10104,64Bit MAPI Mail Agent,1.0,Foxit Software Inc.,Application,,C:\Program Files (x86)\Foxit Software\Foxit PDF Reader,1.0
10104,7-Zip 24.08 (x64 edition),24.08,Igor Pavlov,Add/Remove Programs,"November 26, 2024 12:00:00 AM",,
10104,7-Zip Console,24.08,Igor Pavlov,Application,,C:\Program Files\7-Zip,1.0
10104,7-Zip File Manager,24.08,Igor Pavlov,Application,,C:\Program Files\7-Zip,1.0
10104,7-Zip GUI,24.08,Igor Pavlov,Application,,C:\Program Files\7-Zip,1.0
10104,Accounts Control Host,10.0,Microsoft Corporation Inc.,Application,,C:\Windows\SystemApps\Microsoft.AccountsControl_cw5n1h2txyewy,1.0
10104,AddSuggestedFoldersToLibraryDialog,10.0,Microsoft Corporation Inc.,Application,,C:\Windows\SystemApps\Microsoft.Windows.AddSuggestedFoldersToLibraryDialog_cw5n1h2txyewy,1.0
10104,Antimalware Core Service,4.18,Microsoft Corporation Inc.,Application,,C:\Program Files\Windows Defender,1.0
10104,AntiMalware Platform Update (amd64fre),4.18,Microsoft Corporation Inc.,Application,,C:\Windows\SystemTemp,1.0
10104,Antimalware Service Executable,4.18,Microsoft Corporation Inc.,Application,,C:\Program Files\Windows Defender,1.0
10104,AppResolverUX,10.0,Microsoft Corporation Inc.,Application,,C:\Windows\SystemApps\Microsoft.Windows.AppResolverUX_cw5n1h2txyewy,1.0
10104,AsyncTextService,10.0,Microsoft Corporation Inc.,Application,,C:\Windows\SystemApps\Microsoft.AsyncTextService_8wekyb3d8bbwe,1.0
10104,Biometric Enrollment Host,10.0,Microsoft Corporation Inc.,Application,,C:\Windows\SystemApps\Microsoft.BioEnrollment_cw5n1h2txyewy,1.0
10104,BMC Client Management Agent,24.1.01.240624,BMC Software Inc.,Application,,C:\Program Files\BMC Software\Client Management\Client\bin,1.0
10104,BMC Client Management Certificate Generator,24.1.01.240624,BMC Software Inc.,Application,,C:\Program Files\BMC Software\Client Management\Client\bin,1.0
10104,BMC Client Management Chilli Interpreter,24.1.01.240624,BMC Software Inc.,Application,,C:\Program Files\BMC Software\Client Management\Client\bin,1.0
10104,BMC Client Management Direct Access Proxy Agent,24.1.01.240624,BMC Software Inc.,Application,,C:\Program Files\BMC Software\Client Management\Client\bin,1.0
10104,BMC Client Management Opswat Proxy Agent,24.1.01.240624,BMC Software Inc.,Application,,C:\Program Files\BMC Software\Client Management\Client\bin,1.0
10104,BMC Client Management Package Viewer,24.1.01.240624,BMC Software Inc.,Application,,C:\Program Files\BMC Software\Client Management\Client\bin,1.0
10104,BMC Client Management Patch Broker,24.1.01.240624,BMC Software Inc.,Application,,C:\Program Files\BMC Software\Client Management\Client\bin,1.0
10104,BMC Client Management Proxy Agent,24.1.01.240624,BMC Software Inc.,Application,,C:\Program Files\BMC Software\Client Management\Client\bin,1.0
10104,BMC Client Management Remote Control proxy,24.1.01.240624,BMC Software Inc.,Application,,C:\Program Files\BMC Software\Client Management\Client\bin,1.0
10104,BMC Client Management SCAP,24.1.01.240624,BMC Software Inc.,Application,,C:\Program Files\BMC Software\Client Management\Client\bin,1.0
10104,BMC Client Management Video Proxy Agent,24.1.01.240624,BMC Software Inc.,Application,,C:\Program Files\BMC Software\Client Management\Client\bin,1.0
10104,Boot File Servicing Utility,10.0,Microsoft Corporation Inc.,Application,,C:\Windows,1.0
10104,Browser Protection Native Messaging Host,4.18,Microsoft Corporation Inc.,Application,,C:\Program Files\Windows Defender,1.0
10104,BrowserCore,10.0,Microsoft Corporation Inc.,Application,,C:\Windows\BrowserCore,1.0
10104,CameraBarcodeScannerPreview,10.0,Microsoft Corporation Inc.,Application,,C:\Windows\SystemApps\Windows.CBSPreview_cw5n1h2txyewy,1.0
10104,ChromeEnterpriseCompanion,143.0,Google LLC,Application,,C:\Windows\SystemTemp\scoped_dir8916_385856925\scoped_dir8916_712693043,1.0
10104,CL5,9.6,Ivanti,Application,,C:\Program Files\BMC Software\Client Management\Client\data\PatchManagementPremium\workspace,1.0
10104,ClickOnce,4.8,Microsoft Corporation Inc.,Application,,C:\Windows\Microsoft.NET\Framework64\v4.0.30319,3.0
10104,Common User Interface,5.8,Musarubra US LLC.,Application,,C:\Program Files\McAfee\Agent\x86,1.0
10104,Copilot,144.0,Microsoft Corporation Inc.,Application,,C:\Program Files (x86)\Microsoft\EdgeWebView\Application\144.0.3719.115,3.0
10104,Copilot Update,1.3,Microsoft Corporation Inc.,Application,,C:\Program Files (x86)\Microsoft\EdgeUpdate,2.0
10104,Credential Dialog Host,10.0,Microsoft Corporation Inc.,Application,,C:\Windows\SystemApps\microsoft.creddialoghost_cw5n1h2txyewy,1.0
10104,CrowdStrike Device Control,7.29,CrowdStrike Inc.,Add/Remove Programs,"November 14, 2025 12:00:00 AM",,
10104,CrowdStrike Device Control Support Tool,7.29,CrowdStrike Inc.,Application,,C:\Program Files\CrowdStrike,1.0
10104,CrowdStrike Falcon Connector,7.32,CrowdStrike Inc.,Application,,C:\Program Files\CrowdStrike,1.0
10104,CrowdStrike Falcon Sensor,7.32,CrowdStrike Inc.,Application,,C:\Program Files\CrowdStrike,1.0
10104,CrowdStrike Falcon Sensor Controller,7.32,CrowdStrike Inc.,Application,,C:\Program Files\CrowdStrike,1.0
10104,CrowdStrike Falcon Sensor Service,7.32,CrowdStrike Inc.,Application,,C:\Program Files\CrowdStrike,1.0
10104,CrowdStrike Falcon Sensor Servlet Container,7.32,CrowdStrike Inc.,Application,,C:\Program Files\CrowdStrike,1.0
10104,CrowdStrike Falcon Sensor Settings Tool,7.32,CrowdStrike Inc.,Application,,C:\Program Files\CrowdStrike,1.0
10104,CrowdStrike Falcon Sensor System Tray Application,7.32,CrowdStrike Inc.,Application,,C:\Program Files\CrowdStrike,2.0
10104,CrowdStrike Firmware Analysis,7.14,CrowdStrike Inc.,Add/Remove Programs,"April 29, 2025 12:00:00 AM",,
10104,CrowdStrike Firmware Analysis Support Tool,7.14,CrowdStrike Inc.,Application,,C:\Program Files\CrowdStrike,1.0
10104,CrowdStrike On-Demand Scan Command-line Tool,7.32,CrowdStrike Inc.,Application,,C:\Program Files\CrowdStrike,1.0
9560,.NET Framework,3.0,Microsoft Corporation Inc.,Application,,C:\Windows\Microsoft.NET\Framework64\v3.0\Windows Communication Foundation,2.0
9560,.NET Runtime Optimization Service,2.0,Microsoft Corporation Inc.,Application,,C:\Windows\Microsoft.NET\Framework64\v2.0.50727,2.0
9560,.NET Runtime Optimization Service,4.8,Microsoft Corporation Inc.,Application,,C:\Windows\Microsoft.NET\Framework64\v4.0.30319,2.0
9560,64Bit MAPI Mail Agent,1.0,Foxit Software Inc.,Application,,C:\Program Files (x86)\Foxit Software\Foxit PDF Reader,1.0
9560,7-Zip 24.08 (x64 edition),24.08,Igor Pavlov,Add/Remove Programs,"November 26, 2024 12:00:00 AM",,
9560,7-Zip Console,24.08,Igor Pavlov,Application,,C:\Program Files\7-Zip,1.0
9560,7-Zip File Manager,24.08,Igor Pavlov,Application,,C:\Program Files\7-Zip,1.0
9560,7-Zip GUI,24.08,Igor Pavlov,Application,,C:\Program Files\7-Zip,1.0
9560,Accounts Control Host,10.0,Microsoft Corporation Inc.,Application,,C:\Windows\SystemApps\Microsoft.AccountsControl_cw5n1h2txyewy,1.0
9560,AddSuggestedFoldersToLibraryDialog,10.0,Microsoft Corporation Inc.,Application,,C:\Windows\SystemApps\Microsoft.Windows.AddSuggestedFoldersToLibraryDialog_cw5n1h2txyewy,1.0
9560,Antimalware Core Service,4.18,Microsoft Corporation Inc.,Application,,C:\Program Files\Windows Defender,1.0
9560,AntiMalware Platform Update (amd64fre),4.18,Microsoft Corporation Inc.,Application,,C:\Windows\SystemTemp,2.0
9560,Antimalware Service Executable,4.18,Microsoft Corporation Inc.,Application,,C:\Program Files\Windows Defender,1.0
9560,AppResolverUX,10.0,Microsoft Corporation Inc.,Application,,C:\Windows\SystemApps\Microsoft.Windows.AppResolverUX_cw5n1h2txyewy,1.0
9560,AsyncTextService,10.0,Microsoft Corporation Inc.,Application,,C:\Windows\SystemApps\Microsoft.AsyncTextService_8wekyb3d8bbwe,1.0
9560,Biometric Enrollment Host,10.0,Microsoft Corporation Inc.,Application,,C:\Windows\SystemApps\Microsoft.BioEnrollment_cw5n1h2txyewy,1.0
9560,BMC Client Management Agent,24.1.01.240624,BMC Software Inc.,Application,,C:\Program Files\BMC Software\Client Management\Client\bin,1.0
9560,BMC Client Management Certificate Generator,24.1.01.240624,BMC Software Inc.,Application,,C:\Program Files\BMC Software\Client Management\Client\bin,1.0
9560,BMC Client Management Chilli Interpreter,24.1.01.240624,BMC Software Inc.,Application,,C:\Program Files\BMC Software\Client Management\Client\bin,1.0
9560,BMC Client Management Direct Access Proxy Agent,24.1.01.240624,BMC Software Inc.,Application,,C:\Program Files\BMC Software\Client Management\Client\bin,1.0
9560,BMC Client Management Opswat Proxy Agent,24.1.01.240624,BMC Software Inc.,Application,,C:\Program Files\BMC Software\Client Management\Client\bin,1.0
9560,BMC Client Management Package Viewer,24.1.01.240624,BMC Software Inc.,Application,,C:\Program Files\BMC Software\Client Management\Client\bin,1.0
9560,BMC Client Management Patch Broker,24.1.01.240624,BMC Software Inc.,Application,,C:\Program Files\BMC Software\Client Management\Client\bin,1.0
9560,BMC Client Management Proxy Agent,24.1.01.240624,BMC Software Inc.,Application,,C:\Program Files\BMC Software\Client Management\Client\bin,1.0
9560,BMC Client Management Remote Control proxy,24.1.01.240624,BMC Software Inc.,Application,,C:\Program Files\BMC Software\Client Management\Client\bin,1.0
9560,BMC Client Management SCAP,24.1.01.240624,BMC Software Inc.,Application,,C:\Program Files\BMC Software\Client Management\Client\bin,1.0
9560,BMC Client Management Video Proxy Agent,24.1.01.240624,BMC Software Inc.,Application,,C:\Program Files\BMC Software\Client Management\Client\bin,1.0
9560,Boot File Servicing Utility,10.0,Microsoft Corporation Inc.,Application,,C:\Windows,1.0
9560,Browser Protection Native Messaging Host,4.18,Microsoft Corporation Inc.,Application,,C:\Program Files\Windows Defender,1.0
9560,BrowserCore,10.0,Microsoft Corporation Inc.,Application,,C:\Windows\BrowserCore,1.0
9560,CameraBarcodeScannerPreview,10.0,Microsoft Corporation Inc.,Application,,C:\Windows\SystemApps\Windows.CBSPreview_cw5n1h2txyewy,1.0
9560,ChromeEnterpriseCompanion,143.0,Google LLC,Application,,C:\Windows\SystemTemp\scoped_dir8044_1644178210\scoped_dir8044_369368925,1.0
9560,CL5,9.6,Ivanti,Application,,C:\Program Files\BMC Software\Client Management\Client\data\PatchManagementPremium\workspace,1.0
9560,ClickOnce,4.8,Microsoft Corporation Inc.,Application,,C:\Windows\Microsoft.NET\Framework64\v4.0.30319,3.0
9560,Common User Interface,5.8,Musarubra US LLC.,Application,,C:\Program Files\McAfee\Agent\x86,1.0
9560,Copilot,144.0,Microsoft Corporation Inc.,Application,,C:\Program Files (x86)\Microsoft\EdgeWebView\Application\144.0.3719.115,5.0
9560,Copilot Update,1.3,Microsoft Corporation Inc.,Application,,C:\Program Files (x86)\Microsoft\EdgeUpdate,2.0
9560,Create a self-signed digital certificate,15.0,Microsoft Corporation Inc.,Application,,C:\Program Files\Microsoft Office\Office15,1.0
9560,Credential Dialog Host,10.0,Microsoft Corporation Inc.,Application,,C:\Windows\SystemApps\microsoft.creddialoghost_cw5n1h2txyewy,1.0
9560,CrowdStrike Device Control,7.29,CrowdStrike Inc.,Add/Remove Programs,"November 14, 2025 12:00:00 AM",,
9560,CrowdStrike Device Control Support Tool,7.29,CrowdStrike Inc.,Application,,C:\Program Files\CrowdStrike,1.0
9560,CrowdStrike Falcon Connector,7.32,CrowdStrike Inc.,Application,,C:\Program Files\CrowdStrike,1.0
9560,CrowdStrike Falcon Sensor,7.32,CrowdStrike Inc.,Application,,C:\Program Files\CrowdStrike,1.0
9560,CrowdStrike Falcon Sensor Controller,7.32,CrowdStrike Inc.,Application,,C:\Program Files\CrowdStrike,1.0
9560,CrowdStrike Falcon Sensor Service,7.32,CrowdStrike Inc.,Application,,C:\Program Files\CrowdStrike,1.0
9560,CrowdStrike Falcon Sensor Servlet Container,7.32,CrowdStrike Inc.,Application,,C:\Program Files\CrowdStrike,1.0
9560,CrowdStrike Falcon Sensor Settings Tool,7.32,CrowdStrike Inc.,Application,,C:\Program Files\CrowdStrike,1.0
9560,CrowdStrike Falcon Sensor System Tray Application,7.32,CrowdStrike Inc.,Application,,C:\Program Files\CrowdStrike,2.0
9560,CrowdStrike Firmware Analysis,7.14,CrowdStrike Inc.,Add/Remove Programs,"July 24, 2025 12:00:00 AM",,
9560,CrowdStrike Firmware Analysis Support Tool,7.14,CrowdStrike Inc.,Application,,C:\Program Files\CrowdStrike,1.0
9664,.NET Framework,3.0,Microsoft Corporation Inc.,Application,,C:\Windows\Microsoft.NET\Framework64\v3.0\Windows Communication Foundation,2.0
9664,.NET Runtime Optimization Service,4.8,Microsoft Corporation Inc.,Application,,C:\Windows\Microsoft.NET\Framework64\v4.0.30319,2.0
9664,.NET Runtime Optimization Service,2.0,Microsoft Corporation Inc.,Application,,C:\Windows\Microsoft.NET\Framework64\v2.0.50727,2.0
9664,64Bit MAPI Mail Agent,1.0,Foxit Software Inc.,Application,,C:\Program Files (x86)\Foxit Software\Foxit PDF Reader,1.0
9664,7-Zip 24.08 (x64 edition),24.08,Igor Pavlov,Add/Remove Programs,"November 26, 2024 12:00:00 AM",,
9664,7-Zip Console,24.08,Igor Pavlov,Application,,C:\Program Files\7-Zip,1.0
9664,7-Zip File Manager,24.08,Igor Pavlov,Application,,C:\Program Files\7-Zip,1.0
9664,7-Zip GUI,24.08,Igor Pavlov,Application,,C:\Program Files\7-Zip,1.0
9664,AAD token broker plugin,10.0,Microsoft Corporation Inc.,Application,,C:\Windows\SystemApps\Microsoft.AAD.BrokerPlugin_cw5n1h2txyewy,1.0
9664,Accounts Control Host,10.0,Microsoft Corporation Inc.,Application,,C:\Windows\SystemApps\Microsoft.AccountsControl_cw5n1h2txyewy,1.0
9664,AddSuggestedFoldersToLibraryDialog,10.0,Microsoft Corporation Inc.,Application,,C:\Windows\SystemApps\Microsoft.Windows.AddSuggestedFoldersToLibraryDialog_cw5n1h2txyewy,1.0
9664,Antimalware Service Executable,4.18,Microsoft Corporation Inc.,Application,,C:\Program Files\Windows Defender,1.0
9664,AppResolverUX,10.0,Microsoft Corporation Inc.,Application,,C:\Windows\SystemApps\Microsoft.Windows.AppResolverUX_cw5n1h2txyewy,1.0
9664,AsyncTextService,10.0,Microsoft Corporation Inc.,Application,,C:\Windows\SystemApps\Microsoft.AsyncTextService_8wekyb3d8bbwe,1.0
9664,Biometric Enrollment Host,10.0,Microsoft Corporation Inc.,Application,,C:\Windows\SystemApps\Microsoft.BioEnrollment_cw5n1h2txyewy,1.0
9664,BMC Client Management Agent,24.1.01.240624,BMC Software Inc.,Application,,C:\Program Files\BMC Software\Client Management\Client\bin,1.0
9664,BMC Client Management Certificate Generator,24.1.01.240624,BMC Software Inc.,Application,,C:\Program Files\BMC Software\Client Management\Client\bin,1.0
9664,BMC Client Management Chilli Interpreter,24.1.01.240624,BMC Software Inc.,Application,,C:\Program Files\BMC Software\Client Management\Client\bin,1.0
9664,BMC Client Management Direct Access Proxy Agent,24.1.01.240624,BMC Software Inc.,Application,,C:\Program Files\BMC Software\Client Management\Client\bin,1.0
9664,BMC Client Management Opswat Proxy Agent,24.1.01.240624,BMC Software Inc.,Application,,C:\Program Files\BMC Software\Client Management\Client\bin,1.0
9664,BMC Client Management Package Viewer,24.1.01.240624,BMC Software Inc.,Application,,C:\Program Files\BMC Software\Client Management\Client\bin,1.0
9664,BMC Client Management Patch Broker,24.1.01.240624,BMC Software Inc.,Application,,C:\Program Files\BMC Software\Client Management\Client\bin,1.0
9664,BMC Client Management Proxy Agent,24.1.01.240624,BMC Software Inc.,Application,,C:\Program Files\BMC Software\Client Management\Client\bin,1.0
9664,BMC Client Management Remote Control proxy,24.1.01.240624,BMC Software Inc.,Application,,C:\Program Files\BMC Software\Client Management\Client\bin,1.0
9664,BMC Client Management SCAP,24.1.01.240624,BMC Software Inc.,Application,,C:\Program Files\BMC Software\Client Management\Client\bin,1.0
9664,BMC Client Management Video Proxy Agent,24.1.01.240624,BMC Software Inc.,Application,,C:\Program Files\BMC Software\Client Management\Client\bin,1.0
9664,Boot File Servicing Utility,10.0,Microsoft Corporation Inc.,Application,,C:\Windows,1.0
9664,BrowserCore,10.0,Microsoft Corporation Inc.,Application,,C:\Windows\BrowserCore,1.0
9664,Calling App to host call progress on shell,10.0,Microsoft Corporation Inc.,Application,,C:\Windows\SystemApps\Microsoft.Windows.CallingShellApp_cw5n1h2txyewy,1.0
9664,CameraBarcodeScannerPreview,10.0,Microsoft Corporation Inc.,Application,,C:\Windows\SystemApps\Windows.CBSPreview_cw5n1h2txyewy,1.0
9664,CL5,9.6,Ivanti,Application,,C:\Program Files\BMC Software\Client Management\Client\data\PatchManagementPremium\workspace,1.0
9664,ClickOnce,4.8,Microsoft Corporation Inc.,Application,,C:\Windows\Microsoft.NET\Framework64\v4.0.30319,3.0
9664,Common User Interface,5.8,Musarubra US LLC.,Application,,C:\Program Files\McAfee\Agent\x86,1.0
9664,Copilot,144.0,Microsoft Corporation Inc.,Application,,C:\Program Files (x86)\Microsoft\EdgeWebView\Application\144.0.3719.115,5.0
9664,Copilot Update,1.3,Microsoft Corporation Inc.,Application,,C:\Program Files (x86)\Microsoft\EdgeUpdate,2.0
9664,Credential Dialog Host,10.0,Microsoft Corporation Inc.,Application,,C:\Windows\SystemApps\microsoft.creddialoghost_cw5n1h2txyewy,1.0
9664,CrowdStrike Device Control,7.29,CrowdStrike Inc.,Add/Remove Programs,"November 14, 2025 12:00:00 AM",,
9664,CrowdStrike Device Control Support Tool,7.29,CrowdStrike Inc.,Application,,C:\Program Files\CrowdStrike,1.0
9664,CrowdStrike Falcon Connector,7.32,CrowdStrike Inc.,Application,,C:\Program Files\CrowdStrike,1.0
9664,CrowdStrike Falcon Sensor,7.32,CrowdStrike Inc.,Application,,C:\Program Files\CrowdStrike,1.0
9664,CrowdStrike Falcon Sensor Controller,7.32,CrowdStrike Inc.,Application,,C:\Program Files\CrowdStrike,1.0
9664,CrowdStrike Falcon Sensor Service,7.32,CrowdStrike Inc.,Application,,C:\Program Files\CrowdStrike,1.0
9664,CrowdStrike Falcon Sensor Servlet Container,7.32,CrowdStrike Inc.,Application,,C:\Program Files\CrowdStrike,1.0
9664,CrowdStrike Falcon Sensor Settings Tool,7.32,CrowdStrike Inc.,Application,,C:\Program Files\CrowdStrike,1.0
9664,CrowdStrike Falcon Sensor System Tray Application,7.32,CrowdStrike Inc.,Application,,C:\Program Files\CrowdStrike,2.0
9664,CrowdStrike Firmware Analysis,7.14,CrowdStrike Inc.,Add/Remove Programs,"June 04, 2024 12:00:00 AM",,
9664,CrowdStrike Firmware Analysis Support Tool,7.14,CrowdStrike Inc.,Application,,C:\Program Files\CrowdStrike,1.0
9664,CrowdStrike On-Demand Scan Command-line Tool,7.32,CrowdStrike Inc.,Application,,C:\Program Files\CrowdStrike,1.0
9664,CrowdStrike On-Demand Scan Tool,7.32,CrowdStrike Inc.,Application,,C:\Program Files\CrowdStrike,1.0
9664,CrowdStrike Sensor Platform,7.32,CrowdStrike Inc.,Add/Remove Programs,"January 14, 2026 12:00:00 AM",,
11001,.NET Framework,3.0,Microsoft Corporation Inc.,Application,,C:\Windows\Microsoft.NET\Framework64\v3.0\Windows Communication Foundation,2.0
11001,.NET Runtime Optimization Service,4.8,Microsoft Corporation Inc.,Application,,C:\Windows\Microsoft.NET\Framework64\v4.0.30319,2.0
11001,.NET Runtime Optimization Service,2.0,Microsoft Corporation Inc.,Application,,C:\Windows\Microsoft.NET\Framework64\v2.0.50727,2.0
11001,64Bit MAPI Mail Agent,1.0,Foxit Software Inc.,Application,,C:\Program Files (x86)\Foxit Software\Foxit PDF Reader,1.0
11001,7-Zip 24.08 (x64 edition),24.08,Igor Pavlov,Add/Remove Programs,"November 26, 2024 12:00:00 AM",,
11001,7-Zip Console,24.08,Igor Pavlov,Application,,C:\Program Files\7-Zip,1.0
11001,7-Zip File Manager,24.08,Igor Pavlov,Application,,C:\Program Files\7-Zip,1.0
11001,7-Zip GUI,24.08,Igor Pavlov,Application,,C:\Program Files\7-Zip,1.0
11001,Accounts Control Host,10.0,Microsoft Corporation Inc.,Application,,C:\Windows\SystemApps\Microsoft.AccountsControl_cw5n1h2txyewy,1.0
11001,AddSuggestedFoldersToLibraryDialog,10.0,Microsoft Corporation Inc.,Application,,C:\Windows\SystemApps\Microsoft.Windows.AddSuggestedFoldersToLibraryDialog_cw5n1h2txyewy,1.0
11001,Antimalware Core Service,4.18,Microsoft Corporation Inc.,Application,,C:\Program Files\Windows Defender,1.0
11001,AntiMalware Platform Update (amd64fre),4.18,Microsoft Corporation Inc.,Application,,C:\Windows\SystemTemp\AA39657D-1F2B-4BBD-9145-78D94394CFF2MpCommU,1.0
11001,Antimalware Service Executable,4.18,Microsoft Corporation Inc.,Application,,C:\Program Files\Windows Defender,1.0
11001,AppResolverUX,10.0,Microsoft Corporation Inc.,Application,,C:\Windows\SystemApps\Microsoft.Windows.AppResolverUX_cw5n1h2txyewy,1.0
11001,AsyncTextService,10.0,Microsoft Corporation Inc.,Application,,C:\Windows\SystemApps\Microsoft.AsyncTextService_8wekyb3d8bbwe,1.0
11001,Biometric Enrollment Host,10.0,Microsoft Corporation Inc.,Application,,C:\Windows\SystemApps\Microsoft.BioEnrollment_cw5n1h2txyewy,1.0
11001,BMC Client Management Agent,24.1.01.240624,BMC Software Inc.,Application,,C:\Program Files\BMC Software\Client Management\Client\bin,1.0
11001,BMC Client Management Certificate Generator,24.1.01.240624,BMC Software Inc.,Application,,C:\Program Files\BMC Software\Client Management\Client\bin,1.0
11001,BMC Client Management Chilli Interpreter,24.1.01.240624,BMC Software Inc.,Application,,C:\Program Files\BMC Software\Client Management\Client\bin,1.0
11001,BMC Client Management Direct Access Proxy Agent,24.1.01.240624,BMC Software Inc.,Application,,C:\Program Files\BMC Software\Client Management\Client\bin,1.0
11001,BMC Client Management Opswat Proxy Agent,24.1.01.240624,BMC Software Inc.,Application,,C:\Program Files\BMC Software\Client Management\Client\bin,1.0
11001,BMC Client Management Package Viewer,24.1.01.240624,BMC Software Inc.,Application,,C:\Program Files\BMC Software\Client Management\Client\bin,1.0
11001,BMC Client Management Patch Broker,24.1.01.240624,BMC Software Inc.,Application,,C:\Program Files\BMC Software\Client Management\Client\bin,1.0
11001,BMC Client Management Proxy Agent,24.1.01.240624,BMC Software Inc.,Application,,C:\Program Files\BMC Software\Client Management\Client\bin,1.0
11001,BMC Client Management Remote Control proxy,24.1.01.240624,BMC Software Inc.,Application,,C:\Program Files\BMC Software\Client Management\Client\bin,1.0
11001,BMC Client Management SCAP,24.1.01.240624,BMC Software Inc.,Application,,C:\Program Files\BMC Software\Client Management\Client\bin,1.0
11001,BMC Client Management Video Proxy Agent,24.1.01.240624,BMC Software Inc.,Application,,C:\Program Files\BMC Software\Client Management\Client\bin,1.0
11001,Boot File Servicing Utility,10.0,Microsoft Corporation Inc.,Application,,C:\Windows,1.0
11001,Browser Protection Native Messaging Host,4.18,Microsoft Corporation Inc.,Application,,C:\Program Files\Windows Defender,1.0
11001,BrowserCore,10.0,Microsoft Corporation Inc.,Application,,C:\Windows\BrowserCore,1.0
11001,CameraBarcodeScannerPreview,10.0,Microsoft Corporation Inc.,Application,,C:\Windows\SystemApps\Windows.CBSPreview_cw5n1h2txyewy,1.0
11001,CL5,9.6,Ivanti,Application,,C:\Program Files\BMC Software\Client Management\Client\data\PatchManagementPremium\workspace,1.0
11001,ClickOnce,4.8,Microsoft Corporation Inc.,Application,,C:\Windows\Microsoft.NET\Framework64\v4.0.30319,3.0
11001,Common User Interface,5.8,Musarubra US LLC.,Application,,C:\Program Files\McAfee\Agent\x86,1.0
11001,Copilot,144.0,Microsoft Corporation Inc.,Application,,C:\Program Files (x86)\Microsoft\EdgeWebView\Application\144.0.3719.115,5.0
11001,Copilot Update,1.3,Microsoft Corporation Inc.,Application,,C:\Program Files (x86)\Microsoft\EdgeUpdate,2.0
11001,Credential Dialog Host,10.0,Microsoft Corporation Inc.,Application,,C:\Windows\SystemApps\microsoft.creddialoghost_cw5n1h2txyewy,1.0
11001,CrowdStrike Device Control,7.29,CrowdStrike Inc.,Add/Remove Programs,"November 14, 2025 12:00:00 AM",,
11001,CrowdStrike Device Control Support Tool,7.29,CrowdStrike Inc.,Application,,C:\Program Files\CrowdStrike,1.0
11001,CrowdStrike Falcon Connector,7.32,CrowdStrike Inc.,Application,,C:\Program Files\CrowdStrike,1.0
11001,CrowdStrike Falcon Sensor,7.32,CrowdStrike Inc.,Application,,C:\Program Files\CrowdStrike,1.0
11001,CrowdStrike Falcon Sensor Controller,7.32,CrowdStrike Inc.,Application,,C:\Program Files\CrowdStrike,1.0
11001,CrowdStrike Falcon Sensor Service,7.32,CrowdStrike Inc.,Application,,C:\Program Files\CrowdStrike,1.0
11001,CrowdStrike Falcon Sensor Servlet Container,7.32,CrowdStrike Inc.,Application,,C:\Program Files\CrowdStrike,1.0
11001,CrowdStrike Falcon Sensor Settings Tool,7.32,CrowdStrike Inc.,Application,,C:\Program Files\CrowdStrike,1.0
11001,CrowdStrike Falcon Sensor System Tray Application,7.32,CrowdStrike Inc.,Application,,C:\Program Files\CrowdStrike,2.0
11001,CrowdStrike Firmware Analysis,7.14,CrowdStrike Inc.,Add/Remove Programs,"March 28, 2025 12:00:00 AM",,
11001,CrowdStrike Firmware Analysis Support Tool,7.14,CrowdStrike Inc.,Application,,C:\Program Files\CrowdStrike,1.0
11001,CrowdStrike On-Demand Scan Command-line Tool,7.32,CrowdStrike Inc.,Application,,C:\Program Files\CrowdStrike,1.0
11001,CrowdStrike On-Demand Scan Tool,7.32,CrowdStrike Inc.,Application,,C:\Program Files\CrowdStrike,1.0
7980,.NET Framework,3.0,Microsoft Corporation Inc.,Application,,C:\Windows\Microsoft.NET\Framework64\v3.0\Windows Communication Foundation,2.0
7980,.NET Runtime Optimization Service,4.8,Microsoft Corporation Inc.,Application,,C:\Windows\Microsoft.NET\Framework64\v4.0.30319,2.0
7980,.NET Runtime Optimization Service,2.0,Microsoft Corporation Inc.,Application,,C:\Windows\Microsoft.NET\Framework64\v2.0.50727,2.0
7980,64Bit MAPI Mail Agent,1.0,Foxit Software Inc.,Application,,C:\Program Files (x86)\Foxit Software\Foxit PDF Reader,1.0
7980,7-Zip 24.08 (x64 edition),24.08,Igor Pavlov,Add/Remove Programs,"November 26, 2024 12:00:00 AM",,
7980,7-Zip Console,24.08,Igor Pavlov,Application,,C:\Program Files\7-Zip,1.0
7980,7-Zip File Manager,24.08,Igor Pavlov,Application,,C:\Program Files\7-Zip,1.0
7980,7-Zip GUI,24.08,Igor Pavlov,Application,,C:\Program Files\7-Zip,1.0
7980,AAD token broker plugin,10.0,Microsoft Corporation Inc.,Application,,C:\Windows\SystemApps\Microsoft.AAD.BrokerPlugin_cw5n1h2txyewy,1.0
7980,Accounts Control Host,10.0,Microsoft Corporation Inc.,Application,,C:\Windows\SystemApps\Microsoft.AccountsControl_cw5n1h2txyewy,1.0
7980,AddSuggestedFoldersToLibraryDialog,10.0,Microsoft Corporation Inc.,Application,,C:\Windows\SystemApps\Microsoft.Windows.AddSuggestedFoldersToLibraryDialog_cw5n1h2txyewy,1.0
7980,Antimalware Service Executable,4.18,Microsoft Corporation Inc.,Application,,C:\Program Files\Windows Defender,1.0
7980,AppResolverUX,10.0,Microsoft Corporation Inc.,Application,,C:\Windows\SystemApps\Microsoft.Windows.AppResolverUX_cw5n1h2txyewy,1.0
7980,AsyncTextService,10.0,Microsoft Corporation Inc.,Application,,C:\Windows\SystemApps\Microsoft.AsyncTextService_8wekyb3d8bbwe,1.0
7980,Biometric Enrollment Host,10.0,Microsoft Corporation Inc.,Application,,C:\Windows\SystemApps\Microsoft.BioEnrollment_cw5n1h2txyewy,1.0
7980,BMC Client Management Agent,24.1.01.240624,BMC Software Inc.,Application,,C:\Program Files\BMC Software\Client Management\Client\bin,1.0
7980,BMC Client Management Certificate Generator,24.1.01.240624,BMC Software Inc.,Application,,C:\Program Files\BMC Software\Client Management\Client\bin,1.0
7980,BMC Client Management Chilli Interpreter,24.1.01.240624,BMC Software Inc.,Application,,C:\Program Files\BMC Software\Client Management\Client\bin,1.0
7980,BMC Client Management Direct Access Proxy Agent,24.1.01.240624,BMC Software Inc.,Application,,C:\Program Files\BMC Software\Client Management\Client\bin,1.0
7980,BMC Client Management Opswat Proxy Agent,24.1.01.240624,BMC Software Inc.,Application,,C:\Program Files\BMC Software\Client Management\Client\bin,1.0
7980,BMC Client Management Package Viewer,24.1.01.240624,BMC Software Inc.,Application,,C:\Program Files\BMC Software\Client Management\Client\bin,1.0
7980,BMC Client Management Patch Broker,24.1.01.240624,BMC Software Inc.,Application,,C:\Program Files\BMC Software\Client Management\Client\bin,1.0
7980,BMC Client Management Proxy Agent,24.1.01.240624,BMC Software Inc.,Application,,C:\Program Files\BMC Software\Client Management\Client\bin,1.0
7980,BMC Client Management Remote Control proxy,24.1.01.240624,BMC Software Inc.,Application,,C:\Program Files\BMC Software\Client Management\Client\bin,1.0
7980,BMC Client Management SCAP,24.1.01.240624,BMC Software Inc.,Application,,C:\Program Files\BMC Software\Client Management\Client\bin,1.0
7980,BMC Client Management SFX,24.1.01.240624,BMC Software Inc.,Application,,D:\Apps,1.0
7980,BMC Client Management Video Proxy Agent,24.1.01.240624,BMC Software Inc.,Application,,C:\Program Files\BMC Software\Client Management\Client\bin,1.0
7980,Boot File Servicing Utility,10.0,Microsoft Corporation Inc.,Application,,C:\Windows,1.0
7980,BrowserCore,10.0,Microsoft Corporation Inc.,Application,,C:\Windows\BrowserCore,1.0
7980,Calling App to host call progress on shell,10.0,Microsoft Corporation Inc.,Application,,C:\Windows\SystemApps\Microsoft.Windows.CallingShellApp_cw5n1h2txyewy,1.0
7980,CameraBarcodeScannerPreview,10.0,Microsoft Corporation Inc.,Application,,C:\Windows\SystemApps\Windows.CBSPreview_cw5n1h2txyewy,1.0
7980,CL5,9.6,Ivanti,Application,,C:\Program Files\BMC Software\Client Management\Client\data\PatchManagementPremium\workspace,2.0
7980,ClickOnce,4.8,Microsoft Corporation Inc.,Application,,C:\Windows\Microsoft.NET\Framework64\v4.0.30319,3.0
7980,Common User Interface,5.8,Musarubra US LLC.,Application,,C:\Program Files\McAfee\Agent\x86,1.0
7980,Copilot,144.0,Microsoft Corporation Inc.,Application,,C:\Program Files (x86)\Microsoft\EdgeWebView\Application\144.0.3719.115,5.0
7980,Copilot Update,1.3,Microsoft Corporation Inc.,Application,,C:\Program Files (x86)\Microsoft\EdgeUpdate,2.0
7980,Credential Dialog Host,10.0,Microsoft Corporation Inc.,Application,,C:\Windows\SystemApps\microsoft.creddialoghost_cw5n1h2txyewy,1.0
7980,CrowdStrike Device Control,7.29,CrowdStrike Inc.,Add/Remove Programs,"November 14, 2025 12:00:00 AM",,
7980,CrowdStrike Device Control Support Tool,7.29,CrowdStrike Inc.,Application,,C:\Program Files\CrowdStrike,1.0
7980,CrowdStrike Falcon Connector,7.32,CrowdStrike Inc.,Application,,C:\Program Files\CrowdStrike,1.0
7980,CrowdStrike Falcon Sensor,7.32,CrowdStrike Inc.,Application,,C:\Program Files\CrowdStrike,1.0
7980,CrowdStrike Falcon Sensor Controller,7.32,CrowdStrike Inc.,Application,,C:\Program Files\CrowdStrike,1.0
7980,CrowdStrike Falcon Sensor Service,7.32,CrowdStrike Inc.,Application,,C:\Program Files\CrowdStrike,1.0
7980,CrowdStrike Falcon Sensor Servlet Container,7.32,CrowdStrike Inc.,Application,,C:\Program Files\CrowdStrike,1.0
7980,CrowdStrike Falcon Sensor Settings Tool,7.32,CrowdStrike Inc.,Application,,C:\Program Files\CrowdStrike,1.0
7980,CrowdStrike Falcon Sensor System Tray Application,7.32,CrowdStrike Inc.,Application,,C:\Program Files\CrowdStrike,2.0
7980,CrowdStrike Firmware Analysis,7.14,CrowdStrike Inc.,Add/Remove Programs,"July 24, 2025 12:00:00 AM",,
7980,CrowdStrike Firmware Analysis Support Tool,7.14,CrowdStrike Inc.,Application,,C:\Program Files\CrowdStrike,1.0
7980,CrowdStrike On-Demand Scan Command-line Tool,7.32,CrowdStrike Inc.,Application,,C:\Program Files\CrowdStrike,1.0
7980,CrowdStrike On-Demand Scan Tool,7.32,CrowdStrike Inc.,Application,,C:\Program Files\CrowdStrike,1.0
9625,.NET Framework,3.0,Microsoft Corporation Inc.,Application,,C:\Windows\Microsoft.NET\Framework64\v3.0\Windows Communication Foundation,2.0
9625,.NET Runtime Optimization Service,4.8,Microsoft Corporation Inc.,Application,,C:\Windows\Microsoft.NET\Framework64\v4.0.30319,2.0
9625,.NET Runtime Optimization Service,2.0,Microsoft Corporation Inc.,Application,,C:\Windows\Microsoft.NET\Framework64\v2.0.50727,2.0
9625,64Bit MAPI Mail Agent,1.0,Foxit Software Inc.,Application,,C:\Program Files (x86)\Foxit Software\Foxit Reader,1.0
9625,7-Zip 23.00 (x64),23.0,Igor Pavlov,Add/Remove Programs,,C:\Program Files\7-Zip\,
9625,7-Zip Console,23.0,Igor Pavlov,Application,,C:\Program Files\7-Zip,1.0
9625,7-Zip File Manager,23.0,Igor Pavlov,Application,,C:\Program Files\7-Zip,1.0
9625,7-Zip GUI,23.0,Igor Pavlov,Application,,C:\Program Files\7-Zip,1.0
9625,AAD token broker plugin,10.0,Microsoft Corporation Inc.,Application,,C:\Windows\SystemApps\Microsoft.AAD.BrokerPlugin_cw5n1h2txyewy,1.0
9625,Accounts Control Host,10.0,Microsoft Corporation Inc.,Application,,C:\Windows\SystemApps\Microsoft.AccountsControl_cw5n1h2txyewy,1.0
9625,AddSuggestedFoldersToLibraryDialog,10.0,Microsoft Corporation Inc.,Application,,C:\Windows\SystemApps\Microsoft.Windows.AddSuggestedFoldersToLibraryDialog_cw5n1h2txyewy,1.0
9625,Antimalware Service Executable,4.18,Microsoft Corporation Inc.,Application,,C:\Program Files\Windows Defender,1.0
9625,AppResolverUX,10.0,Microsoft Corporation Inc.,Application,,C:\Windows\SystemApps\Microsoft.Windows.AppResolverUX_cw5n1h2txyewy,1.0
9625,AsyncTextService,10.0,Microsoft Corporation Inc.,Application,,C:\Windows\SystemApps\Microsoft.AsyncTextService_8wekyb3d8bbwe,1.0
9625,Biometric Enrollment Host,10.0,Microsoft Corporation Inc.,Application,,C:\Windows\SystemApps\Microsoft.BioEnrollment_cw5n1h2txyewy,1.0
9625,BMC Client Management Agent,24.1.01.240624,BMC Software Inc.,Application,,C:\Program Files\BMC Software\Client Management\Client\bin,1.0
9625,BMC Client Management Certificate Generator,24.1.01.240624,BMC Software Inc.,Application,,C:\Program Files\BMC Software\Client Management\Client\bin,1.0
9625,BMC Client Management Chilli Interpreter,24.1.01.240624,BMC Software Inc.,Application,,C:\Program Files\BMC Software\Client Management\Client\bin,1.0
9625,BMC Client Management Direct Access Proxy Agent,24.1.01.240624,BMC Software Inc.,Application,,C:\Program Files\BMC Software\Client Management\Client\bin,1.0
9625,BMC Client Management Opswat Proxy Agent,24.1.01.240624,BMC Software Inc.,Application,,C:\Program Files\BMC Software\Client Management\Client\bin,1.0
9625,BMC Client Management Package Viewer,24.1.01.240624,BMC Software Inc.,Application,,C:\Program Files\BMC Software\Client Management\Client\bin,1.0
9625,BMC Client Management Patch Broker,24.1.01.240624,BMC Software Inc.,Application,,C:\Program Files\BMC Software\Client Management\Client\bin,1.0
9625,BMC Client Management Proxy Agent,24.1.01.240624,BMC Software Inc.,Application,,C:\Program Files\BMC Software\Client Management\Client\bin,1.0
9625,BMC Client Management Remote Control proxy,24.1.01.240624,BMC Software Inc.,Application,,C:\Program Files\BMC Software\Client Management\Client\bin,1.0
9625,BMC Client Management SCAP,24.1.01.240624,BMC Software Inc.,Application,,C:\Program Files\BMC Software\Client Management\Client\bin,1.0
9625,BMC Client Management Video Proxy Agent,24.1.01.240624,BMC Software Inc.,Application,,C:\Program Files\BMC Software\Client Management\Client\bin,1.0
9625,Boot File Servicing Utility,10.0,Microsoft Corporation Inc.,Application,,C:\Windows,1.0
9625,BrowserCore,10.0,Microsoft Corporation Inc.,Application,,C:\Windows\BrowserCore,1.0
9625,Calling App to host call progress on shell,10.0,Microsoft Corporation Inc.,Application,,C:\Windows\SystemApps\Microsoft.Windows.CallingShellApp_cw5n1h2txyewy,1.0
9625,CameraBarcodeScannerPreview,10.0,Microsoft Corporation Inc.,Application,,C:\Windows\SystemApps\Windows.CBSPreview_cw5n1h2txyewy,1.0
9625,ChromeEnterpriseCompanion,143.0,Google LLC,Application,,C:\Windows\SystemTemp\scoped_dir11112_1999512173\scoped_dir11112_730744032,1.0
9625,CL5,9.6,Ivanti,Application,,C:\Program Files\BMC Software\Client Management\Client\data\PatchManagementPremium\workspace,1.0
9625,ClickOnce,4.8,Microsoft Corporation Inc.,Application,,C:\Windows\Microsoft.NET\Framework64\v4.0.30319,3.0
9625,Common User Interface,5.8,Musarubra US LLC.,Application,,C:\Program Files\McAfee\Agent\x86,1.0
9625,Create Virtual Machine,10.0,Microsoft Corporation Inc.,Application,,C:\Program Files\Hyper-V,1.0
9625,Credential Dialog Host,10.0,Microsoft Corporation Inc.,Application,,C:\Windows\SystemApps\microsoft.creddialoghost_cw5n1h2txyewy,1.0
9625,CrowdStrike Device Control,7.29,CrowdStrike Inc.,Add/Remove Programs,"November 14, 2025 12:00:00 AM",,
9625,CrowdStrike Device Control Support Tool,7.29,CrowdStrike Inc.,Application,,C:\Program Files\CrowdStrike,1.0
9625,CrowdStrike Falcon Connector,7.32,CrowdStrike Inc.,Application,,C:\Program Files\CrowdStrike,1.0
9625,CrowdStrike Falcon Sensor,7.32,CrowdStrike Inc.,Application,,C:\Program Files\CrowdStrike,1.0
9625,CrowdStrike Falcon Sensor Controller,7.32,CrowdStrike Inc.,Application,,C:\Program Files\CrowdStrike,1.0
9625,CrowdStrike Falcon Sensor Service,7.32,CrowdStrike Inc.,Application,,C:\Program Files\CrowdStrike,1.0
9625,CrowdStrike Falcon Sensor Servlet Container,7.32,CrowdStrike Inc.,Application,,C:\Program Files\CrowdStrike,1.0
9625,CrowdStrike Falcon Sensor Settings Tool,7.32,CrowdStrike Inc.,Application,,C:\Program Files\CrowdStrike,1.0
9625,CrowdStrike Falcon Sensor System Tray Application,7.32,CrowdStrike Inc.,Application,,C:\Program Files\CrowdStrike,2.0
9625,CrowdStrike Firmware Analysis,7.14,CrowdStrike Inc.,Add/Remove Programs,"June 18, 2025 12:00:00 AM",,
9625,CrowdStrike Firmware Analysis Support Tool,7.14,CrowdStrike Inc.,Application,,C:\Program Files\CrowdStrike,1.0
9625,CrowdStrike On-Demand Scan Command-line Tool,7.32,CrowdStrike Inc.,Application,,C:\Program Files\CrowdStrike,1.0
9625,CrowdStrike On-Demand Scan Tool,7.32,CrowdStrike Inc.,Application,,C:\Program Files\CrowdStrike,1.0
9625,CrowdStrike Sensor Platform,7.32,CrowdStrike Inc.,Add/Remove Programs,"January 14, 2026 12:00:00 AM",,
16640,.NET Runtime Optimization Service,4.8,Microsoft Corporation Inc.,Application,,C:\Windows\Microsoft.NET\Framework64\v4.0.30319,2.0
16640,64Bit MAPI Mail Agent,1.0,Foxit Software Inc.,Application,,C:\Program Files (x86)\Foxit Software\Foxit PDF Reader,1.0
16640,7-Zip 19.00 (x64),19.0,Igor Pavlov,Add/Remove Programs,,C:\Program Files\7-Zip\,
16640,7-Zip Console,19.0,Igor Pavlov,Application,,C:\Program Files\7-Zip,1.0
16640,7-Zip File Manager,19.0,Igor Pavlov,Application,,C:\Program Files\7-Zip,1.0
16640,7-Zip GUI,19.0,Igor Pavlov,Application,,C:\Program Files\7-Zip,1.0
16640,Accounts Control Host,10.0,Microsoft Corporation Inc.,Application,,C:\Windows\SystemApps\Microsoft.AccountsControl_cw5n1h2txyewy,1.0
16640,AddSuggestedFoldersToLibraryDialog,10.0,Microsoft Corporation Inc.,Application,,C:\Windows\SystemApps\Microsoft.Windows.AddSuggestedFoldersToLibraryDialog_cw5n1h2txyewy,1.0
16640,Antimalware Core Service,4.18,Microsoft Corporation Inc.,Application,,C:\Program Files\Windows Defender,1.0
16640,AntiMalware Platform Update (amd64fre),4.18,Microsoft Corporation Inc.,Application,,C:\Windows\SystemTemp\FF9BE0DF-4D81-4939-BB4B-520AD540C47EMpCommU,1.0
16640,Antimalware Service Executable,4.18,Microsoft Corporation Inc.,Application,,C:\Program Files\Windows Defender,1.0
16640,AppResolverUX,10.0,Microsoft Corporation Inc.,Application,,C:\Windows\SystemApps\Microsoft.Windows.AppResolverUX_cw5n1h2txyewy,1.0
16640,AsyncTextService,10.0,Microsoft Corporation Inc.,Application,,C:\Windows\SystemApps\Microsoft.AsyncTextService_8wekyb3d8bbwe,1.0
16640,Biometric Enrollment Host,10.0,Microsoft Corporation Inc.,Application,,C:\Windows\SystemApps\Microsoft.BioEnrollment_cw5n1h2txyewy,1.0
16640,BMC Client Management Agent,24.1.01.240624,BMC Software Inc.,Application,,C:\Program Files\BMC Software\Client Management\Client\bin,1.0
16640,BMC Client Management Certificate Generator,24.1.01.240624,BMC Software Inc.,Application,,C:\Program Files\BMC Software\Client Management\Client\bin,1.0
16640,BMC Client Management Chilli Interpreter,24.1.01.240624,BMC Software Inc.,Application,,C:\Program Files\BMC Software\Client Management\Client\bin,1.0
16640,BMC Client Management Direct Access Proxy Agent,24.1.01.240624,BMC Software Inc.,Application,,C:\Program Files\BMC Software\Client Management\Client\bin,1.0
16640,BMC Client Management Opswat Proxy Agent,24.1.01.240624,BMC Software Inc.,Application,,C:\Program Files\BMC Software\Client Management\Client\bin,1.0
16640,BMC Client Management Package Viewer,24.1.01.240624,BMC Software Inc.,Application,,C:\Program Files\BMC Software\Client Management\Client\bin,1.0
16640,BMC Client Management Patch Broker,24.1.01.240624,BMC Software Inc.,Application,,C:\Program Files\BMC Software\Client Management\Client\bin,1.0
16640,BMC Client Management Proxy Agent,24.1.01.240624,BMC Software Inc.,Application,,C:\Program Files\BMC Software\Client Management\Client\bin,1.0
16640,BMC Client Management Remote Control proxy,24.1.01.240624,BMC Software Inc.,Application,,C:\Program Files\BMC Software\Client Management\Client\bin,1.0
16640,BMC Client Management SCAP,24.1.01.240624,BMC Software Inc.,Application,,C:\Program Files\BMC Software\Client Management\Client\bin,1.0
16640,BMC Client Management SFX,24.1.01.240624,BMC Software Inc.,Application,,D:\Apps,1.0
16640,BMC Client Management Video Proxy Agent,24.1.01.240624,BMC Software Inc.,Application,,C:\Program Files\BMC Software\Client Management\Client\bin,1.0
16640,Boot File Servicing Utility,10.0,Microsoft Corporation Inc.,Application,,C:\Windows,1.0
16640,Browser Protection Native Messaging Host,4.18,Microsoft Corporation Inc.,Application,,C:\Program Files\Windows Defender,1.0
16640,BrowserCore,10.0,Microsoft Corporation Inc.,Application,,C:\Windows\BrowserCore,1.0
16640,CameraBarcodeScannerPreview,10.0,Microsoft Corporation Inc.,Application,,C:\Windows\SystemApps\Windows.CBSPreview_cw5n1h2txyewy,1.0
16640,ChromeEnterpriseCompanion,143.0,Google LLC,Application,,C:\Windows\SystemTemp\scoped_dir9960_1118639183\scoped_dir9960_2133309612,1.0
16640,CL5,9.6,Ivanti,Application,,C:\Program Files\BMC Software\Client Management\Client\data\PatchManagementPremium\workspace,1.0
16640,ClickOnce,4.8,Microsoft Corporation Inc.,Application,,C:\Windows\Microsoft.NET\Framework64\v4.0.30319,3.0
16640,Common User Interface,5.8,Musarubra US LLC.,Application,,C:\Program Files\McAfee\Agent\x86,1.0
16640,Copilot,144.0,Microsoft Corporation Inc.,Application,,C:\Program Files (x86)\Microsoft\EdgeWebView\Application\144.0.3719.115,5.0
16640,Copilot Update,1.3,Microsoft Corporation Inc.,Application,,C:\Program Files (x86)\Microsoft\EdgeUpdate,2.0
16640,Credential Dialog Host,10.0,Microsoft Corporation Inc.,Application,,C:\Windows\SystemApps\microsoft.creddialoghost_cw5n1h2txyewy,1.0
16640,CrowdStrike Device Control,7.29,CrowdStrike Inc.,Add/Remove Programs,"November 14, 2025 12:00:00 AM",,
16640,CrowdStrike Device Control Support Tool,7.29,CrowdStrike Inc.,Application,,C:\Program Files\CrowdStrike,1.0
16640,CrowdStrike Falcon Connector,7.32,CrowdStrike Inc.,Application,,C:\Program Files\CrowdStrike,1.0
16640,CrowdStrike Falcon Sensor,7.32,CrowdStrike Inc.,Application,,C:\Program Files\CrowdStrike,1.0
16640,CrowdStrike Falcon Sensor Controller,7.32,CrowdStrike Inc.,Application,,C:\Program Files\CrowdStrike,1.0
16640,CrowdStrike Falcon Sensor Service,7.32,CrowdStrike Inc.,Application,,C:\Program Files\CrowdStrike,1.0
16640,CrowdStrike Falcon Sensor Servlet Container,7.32,CrowdStrike Inc.,Application,,C:\Program Files\CrowdStrike,1.0
16640,CrowdStrike Falcon Sensor Settings Tool,7.32,CrowdStrike Inc.,Application,,C:\Program Files\CrowdStrike,1.0
16640,CrowdStrike Falcon Sensor System Tray Application,7.32,CrowdStrike Inc.,Application,,C:\Program Files\CrowdStrike,2.0
16640,CrowdStrike Firmware Analysis,7.14,CrowdStrike Inc.,Add/Remove Programs,"August 06, 2025 12:00:00 AM",,
16640,CrowdStrike Firmware Analysis Support Tool,7.14,CrowdStrike Inc.,Application,,C:\Program Files\CrowdStrike,1.0
16640,CrowdStrike On-Demand Scan Command-line Tool,7.32,CrowdStrike Inc.,Application,,C:\Program Files\CrowdStrike,1.0
16640,CrowdStrike On-Demand Scan Tool,7.32,CrowdStrike Inc.,Application,,C:\Program Files\CrowdStrike,1.0
7897,.NET Framework,3.0,Microsoft Corporation Inc.,Application,,C:\Windows\Microsoft.NET\Framework64\v3.0\Windows Communication Foundation,2.0
7897,.NET Runtime Optimization Service,2.0,Microsoft Corporation Inc.,Application,,C:\Windows\Microsoft.NET\Framework64\v2.0.50727,2.0
7897,.NET Runtime Optimization Service,4.8,Microsoft Corporation Inc.,Application,,C:\Windows\Microsoft.NET\Framework64\v4.0.30319,2.0
7897,64Bit MAPI Mail Agent,1.0,Foxit Software Inc.,Application,,C:\Program Files (x86)\Foxit Software\Foxit PDF Reader,1.0
7897,7-Zip 24.08 (x64 edition),24.08,Igor Pavlov,Add/Remove Programs,"November 26, 2024 12:00:00 AM",,
7897,7-Zip Console,24.08,Igor Pavlov,Application,,C:\Program Files\7-Zip,1.0
7897,7-Zip File Manager,24.08,Igor Pavlov,Application,,C:\Program Files\7-Zip,1.0
7897,7-Zip GUI,24.08,Igor Pavlov,Application,,C:\Program Files\7-Zip,1.0
7897,Accounts Control Host,10.0,Microsoft Corporation Inc.,Application,,C:\Windows\SystemApps\Microsoft.AccountsControl_cw5n1h2txyewy,1.0
7897,AddSuggestedFoldersToLibraryDialog,10.0,Microsoft Corporation Inc.,Application,,C:\Windows\SystemApps\Microsoft.Windows.AddSuggestedFoldersToLibraryDialog_cw5n1h2txyewy,1.0
7897,Antimalware Core Service,4.18,Microsoft Corporation Inc.,Application,,C:\Program Files\Windows Defender,1.0
7897,AntiMalware Platform Update (amd64fre),4.18,Microsoft Corporation Inc.,Application,,C:\Windows\SystemTemp\F41092DE-08CA-4AED-A3F7-75DB30E6BAB1MpCommU,12.0
7897,Antimalware Service Executable,4.18,Microsoft Corporation Inc.,Application,,C:\Program Files\Windows Defender,1.0
7897,AppResolverUX,10.0,Microsoft Corporation Inc.,Application,,C:\Windows\SystemApps\Microsoft.Windows.AppResolverUX_cw5n1h2txyewy,1.0
7897,AsyncTextService,10.0,Microsoft Corporation Inc.,Application,,C:\Windows\SystemApps\Microsoft.AsyncTextService_8wekyb3d8bbwe,1.0
7897,Biometric Enrollment Host,10.0,Microsoft Corporation Inc.,Application,,C:\Windows\SystemApps\Microsoft.BioEnrollment_cw5n1h2txyewy,1.0
7897,BMC Client Management Agent,24.1.01.240624,BMC Software Inc.,Application,,C:\Program Files\BMC Software\Client Management\Client\bin,1.0
7897,BMC Client Management Certificate Generator,24.1.01.240624,BMC Software Inc.,Application,,C:\Program Files\BMC Software\Client Management\Client\bin,1.0
7897,BMC Client Management Chilli Interpreter,24.1.01.240624,BMC Software Inc.,Application,,C:\Program Files\BMC Software\Client Management\Client\bin,1.0
7897,BMC Client Management Direct Access Proxy Agent,24.1.01.240624,BMC Software Inc.,Application,,C:\Program Files\BMC Software\Client Management\Client\bin,1.0
7897,BMC Client Management Opswat Proxy Agent,24.1.01.240624,BMC Software Inc.,Application,,C:\Program Files\BMC Software\Client Management\Client\bin,1.0
7897,BMC Client Management Package Viewer,24.1.01.240624,BMC Software Inc.,Application,,C:\Program Files\BMC Software\Client Management\Client\bin,1.0
7897,BMC Client Management Patch Broker,24.1.01.240624,BMC Software Inc.,Application,,C:\Program Files\BMC Software\Client Management\Client\bin,1.0
7897,BMC Client Management Proxy Agent,24.1.01.240624,BMC Software Inc.,Application,,C:\Program Files\BMC Software\Client Management\Client\bin,1.0
7897,BMC Client Management Remote Control proxy,24.1.01.240624,BMC Software Inc.,Application,,C:\Program Files\BMC Software\Client Management\Client\bin,1.0
7897,BMC Client Management SCAP,24.1.01.240624,BMC Software Inc.,Application,,C:\Program Files\BMC Software\Client Management\Client\bin,1.0
7897,BMC Client Management SFX,24.1.01.240624,BMC Software Inc.,Application,,D:\Apps,1.0
7897,BMC Client Management Video Proxy Agent,24.1.01.240624,BMC Software Inc.,Application,,C:\Program Files\BMC Software\Client Management\Client\bin,1.0
7897,Boot File Servicing Utility,10.0,Microsoft Corporation Inc.,Application,,C:\Windows,1.0
7897,Browser Protection Native Messaging Host,4.18,Microsoft Corporation Inc.,Application,,C:\Program Files\Windows Defender,1.0
7897,BrowserCore,10.0,Microsoft Corporation Inc.,Application,,C:\Windows\BrowserCore,1.0
7897,CameraBarcodeScannerPreview,10.0,Microsoft Corporation Inc.,Application,,C:\Windows\SystemApps\Windows.CBSPreview_cw5n1h2txyewy,1.0
7897,ChromeEnterpriseCompanion,143.0,Google LLC,Application,,C:\Windows\SystemTemp\scoped_dir7464_1949957247\scoped_dir7464_240853750,1.0
7897,CL5,9.6,Ivanti,Application,,C:\Program Files\BMC Software\Client Management\Client\data\PatchManagementPremium\workspace,1.0
7897,ClickOnce,4.8,Microsoft Corporation Inc.,Application,,C:\Windows\Microsoft.NET\Framework64\v4.0.30319,3.0
7897,Common User Interface,5.8,Musarubra US LLC.,Application,,C:\Program Files\McAfee\Agent\x86,1.0
7897,Copilot,144.0,Microsoft Corporation Inc.,Application,,C:\Program Files (x86)\Microsoft\EdgeWebView\Application\144.0.3719.115,3.0
7897,Copilot Update,1.3,Microsoft Corporation Inc.,Application,,C:\Program Files (x86)\Microsoft\EdgeUpdate,2.0
7897,Credential Dialog Host,10.0,Microsoft Corporation Inc.,Application,,C:\Windows\SystemApps\microsoft.creddialoghost_cw5n1h2txyewy,1.0
7897,CrowdStrike Windows Sensor,6.54,CrowdStrike Inc.,Application,,D:\ARYA\crowdstrike,2.0
7897,EC App,10.0,Microsoft Corporation Inc.,Application,,C:\Windows\SystemApps\Microsoft.ECApp_8wekyb3d8bbwe,1.0
7897,expediteupdater,10.0,Microsoft Corporation Inc.,Application,,C:\Program Files\Microsoft Update Health Tools,1.0
7897,File Explorer,10.0,Microsoft Corporation Inc.,Application,,C:\Windows\SystemApps\Microsoft.Windows.FileExplorer_cw5n1h2txyewy,1.0
7897,File Picker,10.0,Microsoft Corporation Inc.,Application,,C:\Windows\SystemApps\Microsoft.Windows.FilePicker_cw5n1h2txyewy,1.0
7897,Foxit PDF Preview Handler Host,12.1,Foxit Corporation,Application,,C:\Program Files (x86)\Foxit Software\Foxit PDF Reader\Shell Extensions,1.0
7897,Foxit PDF Reader,2024.3,Foxit Software Inc.,Application,"October 09, 2024 12:00:00 AM",C:\Program Files (x86)\Foxit Software\Foxit PDF Reader,1.0
7897,Foxit PDF Reader Activation,2024.3,Foxit Software Inc.,Application,,C:\Program Files (x86)\Foxit Software\Foxit PDF Reader,1.0
7897,Foxit PDF Reader Update Service,2.0,Foxit Software Inc.,Application,,C:\Program Files (x86)\Common Files\Foxit\Foxit PDF Reader,1.0
7897,Foxit Updater,2024.3,Foxit Corporation,Application,,C:\Program Files (x86)\Foxit Software\Foxit PDF Reader,1.0
7897,Google Chrome,146.0,Google LLC,Web Browser,,C:\Program Files\Google\Chrome\Application\PlatformExperienceHelper,1.0
4983,.NET Framework,3.0,Microsoft Corporation Inc.,Application,,C:\Windows\Microsoft.NET\Framework64\v3.0\Windows Communication Foundation,2.0
4983,.NET Runtime Optimization Service,4.8,Microsoft Corporation Inc.,Application,,C:\Windows\Microsoft.NET\Framework64\v4.0.30319,2.0
4983,.NET Runtime Optimization Service,2.0,Microsoft Corporation Inc.,Application,,C:\Windows\Microsoft.NET\Framework64\v2.0.50727,2.0
4983,64Bit MAPI Mail Agent,1.0,Foxit Software Inc.,Application,,C:\Program Files (x86)\Foxit Software\Foxit PDF Reader,1.0
4983,7-Zip 24.08 (x64 edition),24.08,Igor Pavlov,Add/Remove Programs,"November 26, 2024 12:00:00 AM",,
4983,7-Zip Console,24.08,Igor Pavlov,Application,,C:\Program Files\7-Zip,1.0
4983,7-Zip File Manager,24.08,Igor Pavlov,Application,,C:\Program Files\7-Zip,1.0
4983,7-Zip GUI,24.08,Igor Pavlov,Application,,C:\Program Files\7-Zip,1.0
4983,AAD token broker plugin,10.0,Microsoft Corporation Inc.,Application,,C:\Windows\SystemApps\Microsoft.AAD.BrokerPlugin_cw5n1h2txyewy,1.0
4983,Accounts Control Host,10.0,Microsoft Corporation Inc.,Application,,C:\Windows\SystemApps\Microsoft.AccountsControl_cw5n1h2txyewy,1.0
4983,AddSuggestedFoldersToLibraryDialog,10.0,Microsoft Corporation Inc.,Application,,C:\Windows\SystemApps\Microsoft.Windows.AddSuggestedFoldersToLibraryDialog_cw5n1h2txyewy,1.0
4983,Antimalware Service Executable,4.18,Microsoft Corporation Inc.,Application,,C:\Program Files\Windows Defender,1.0
4983,AppResolverUX,10.0,Microsoft Corporation Inc.,Application,,C:\Windows\SystemApps\Microsoft.Windows.AppResolverUX_cw5n1h2txyewy,1.0
4983,AsyncTextService,10.0,Microsoft Corporation Inc.,Application,,C:\Windows\SystemApps\Microsoft.AsyncTextService_8wekyb3d8bbwe,1.0
4983,Biometric Enrollment Host,10.0,Microsoft Corporation Inc.,Application,,C:\Windows\SystemApps\Microsoft.BioEnrollment_cw5n1h2txyewy,1.0
4983,BMC Client Management Agent,24.1.01.240624,BMC Software Inc.,Application,,C:\Program Files\BMC Software\Client Management\Client\bin,1.0
4983,BMC Client Management Certificate Generator,24.1.01.240624,BMC Software Inc.,Application,,C:\Program Files\BMC Software\Client Management\Client\bin,1.0
4983,BMC Client Management Chilli Interpreter,24.1.01.240624,BMC Software Inc.,Application,,C:\Program Files\BMC Software\Client Management\Client\bin,1.0
4983,BMC Client Management Direct Access Proxy Agent,24.1.01.240624,BMC Software Inc.,Application,,C:\Program Files\BMC Software\Client Management\Client\bin,1.0
4983,BMC Client Management Opswat Proxy Agent,24.1.01.240624,BMC Software Inc.,Application,,C:\Program Files\BMC Software\Client Management\Client\bin,1.0
4983,BMC Client Management Package Viewer,24.1.01.240624,BMC Software Inc.,Application,,C:\Program Files\BMC Software\Client Management\Client\bin,1.0
4983,BMC Client Management Patch Broker,24.1.01.240624,BMC Software Inc.,Application,,C:\Program Files\BMC Software\Client Management\Client\bin,1.0
4983,BMC Client Management Proxy Agent,24.1.01.240624,BMC Software Inc.,Application,,C:\Program Files\BMC Software\Client Management\Client\bin,1.0
4983,BMC Client Management Remote Control proxy,24.1.01.240624,BMC Software Inc.,Application,,C:\Program Files\BMC Software\Client Management\Client\bin,1.0
4983,BMC Client Management SCAP,24.1.01.240624,BMC Software Inc.,Application,,C:\Program Files\BMC Software\Client Management\Client\bin,1.0
4983,BMC Client Management Video Proxy Agent,24.1.01.240624,BMC Software Inc.,Application,,C:\Program Files\BMC Software\Client Management\Client\bin,1.0
4983,Boot File Servicing Utility,10.0,Microsoft Corporation Inc.,Application,,C:\Windows,1.0
4983,BrowserCore,10.0,Microsoft Corporation Inc.,Application,,C:\Windows\BrowserCore,1.0
4983,Calling App to host call progress on shell,10.0,Microsoft Corporation Inc.,Application,,C:\Windows\SystemApps\Microsoft.Windows.CallingShellApp_cw5n1h2txyewy,1.0
4983,CameraBarcodeScannerPreview,10.0,Microsoft Corporation Inc.,Application,,C:\Windows\SystemApps\Windows.CBSPreview_cw5n1h2txyewy,1.0
4983,CL5,9.6,Ivanti,Application,,C:\Program Files\BMC Software\Client Management\Client\data\PatchManagementPremium\workspace,1.0
4983,ClickOnce,4.8,Microsoft Corporation Inc.,Application,,C:\Windows\Microsoft.NET\Framework64\v4.0.30319,3.0
4983,Common User Interface,5.8,Musarubra US LLC.,Application,,C:\Program Files\McAfee\Agent\x86,1.0
4983,Copilot,144.0,Microsoft Corporation Inc.,Application,,C:\Program Files (x86)\Microsoft\EdgeWebView\Application\144.0.3719.115,5.0
4983,Copilot Update,1.3,Microsoft Corporation Inc.,Application,,C:\Program Files (x86)\Microsoft\EdgeUpdate,2.0
4983,Credential Dialog Host,10.0,Microsoft Corporation Inc.,Application,,C:\Windows\SystemApps\microsoft.creddialoghost_cw5n1h2txyewy,1.0
4983,CrowdStrike Device Control,7.29,CrowdStrike Inc.,Add/Remove Programs,"November 14, 2025 12:00:00 AM",,
4983,CrowdStrike Device Control Support Tool,7.29,CrowdStrike Inc.,Application,,C:\Program Files\CrowdStrike,1.0
4983,CrowdStrike Falcon Connector,7.32,CrowdStrike Inc.,Application,,C:\Program Files\CrowdStrike,1.0
4983,CrowdStrike Falcon Sensor,7.32,CrowdStrike Inc.,Application,,C:\Program Files\CrowdStrike,1.0
4983,CrowdStrike Falcon Sensor Controller,7.32,CrowdStrike Inc.,Application,,C:\Program Files\CrowdStrike,1.0
4983,CrowdStrike Falcon Sensor Service,7.32,CrowdStrike Inc.,Application,,C:\Program Files\CrowdStrike,1.0
4983,CrowdStrike Falcon Sensor Servlet Container,7.32,CrowdStrike Inc.,Application,,C:\Program Files\CrowdStrike,1.0
4983,CrowdStrike Falcon Sensor Settings Tool,7.32,CrowdStrike Inc.,Application,,C:\Program Files\CrowdStrike,1.0
4983,CrowdStrike Falcon Sensor System Tray Application,7.32,CrowdStrike Inc.,Application,,C:\Program Files\CrowdStrike,2.0
4983,CrowdStrike Firmware Analysis,7.14,CrowdStrike Inc.,Add/Remove Programs,"January 23, 2025 12:00:00 AM",,
4983,CrowdStrike Firmware Analysis Support Tool,7.14,CrowdStrike Inc.,Application,,C:\Program Files\CrowdStrike,1.0
4983,CrowdStrike On-Demand Scan Command-line Tool,7.32,CrowdStrike Inc.,Application,,C:\Program Files\CrowdStrike,1.0
4983,CrowdStrike On-Demand Scan Tool,7.32,CrowdStrike Inc.,Application,,C:\Program Files\CrowdStrike,1.0
4983,CrowdStrike Sensor Platform,7.32,CrowdStrike Inc.,Add/Remove Programs,"January 17, 2026 12:00:00 AM",,
12226,.NET Runtime Optimization Service,4.8,Microsoft Corporation Inc.,Application,,C:\Windows\Microsoft.NET\Framework64\v4.0.30319,2.0
12226,64Bit MAPI Mail Agent,1.0,Foxit Software Inc.,Application,,C:\Program Files (x86)\Foxit Software\Foxit PDF Reader,1.0
12226,7-Zip 24.08 (x64 edition),24.08,Igor Pavlov,Add/Remove Programs,"November 26, 2024 12:00:00 AM",,
12226,7-Zip Console,24.08,Igor Pavlov,Application,,C:\Program Files\7-Zip,1.0
12226,7-Zip File Manager,24.08,Igor Pavlov,Application,,C:\Program Files\7-Zip,1.0
12226,7-Zip GUI,24.08,Igor Pavlov,Application,,C:\Program Files\7-Zip,1.0
12226,AAD token broker plugin,10.0,Microsoft Corporation Inc.,Application,,C:\Windows\SystemApps\Microsoft.AAD.BrokerPlugin_cw5n1h2txyewy,1.0
12226,Accounts Control Host,10.0,Microsoft Corporation Inc.,Application,,C:\Windows\SystemApps\Microsoft.AccountsControl_cw5n1h2txyewy,1.0
12226,AddSuggestedFoldersToLibraryDialog,10.0,Microsoft Corporation Inc.,Application,,C:\Windows\SystemApps\Microsoft.Windows.AddSuggestedFoldersToLibraryDialog_cw5n1h2txyewy,1.0
12226,Antimalware Service Executable,4.18,Microsoft Corporation Inc.,Application,,C:\Program Files\Windows Defender,1.0
12226,AppResolverUX,10.0,Microsoft Corporation Inc.,Application,,C:\Windows\SystemApps\Microsoft.Windows.AppResolverUX_cw5n1h2txyewy,1.0
12226,AsyncTextService,10.0,Microsoft Corporation Inc.,Application,,C:\Windows\SystemApps\Microsoft.AsyncTextService_8wekyb3d8bbwe,1.0
12226,Biometric Enrollment Host,10.0,Microsoft Corporation Inc.,Application,,C:\Windows\SystemApps\Microsoft.BioEnrollment_cw5n1h2txyewy,1.0
12226,BMC Client Management Agent,24.1.01.240624,BMC Software Inc.,Application,,C:\Program Files\BMC Software\Client Management\Client\bin,1.0
12226,BMC Client Management Certificate Generator,24.1.01.240624,BMC Software Inc.,Application,,C:\Program Files\BMC Software\Client Management\Client\bin,1.0
12226,BMC Client Management Chilli Interpreter,24.1.01.240624,BMC Software Inc.,Application,,C:\Program Files\BMC Software\Client Management\Client\bin,1.0
12226,BMC Client Management Direct Access Proxy Agent,24.1.01.240624,BMC Software Inc.,Application,,C:\Program Files\BMC Software\Client Management\Client\bin,1.0
12226,BMC Client Management Opswat Proxy Agent,24.1.01.240624,BMC Software Inc.,Application,,C:\Program Files\BMC Software\Client Management\Client\bin,1.0
12226,BMC Client Management Package Viewer,24.1.01.240624,BMC Software Inc.,Application,,C:\Program Files\BMC Software\Client Management\Client\bin,1.0
12226,BMC Client Management Patch Broker,24.1.01.240624,BMC Software Inc.,Application,,C:\Program Files\BMC Software\Client Management\Client\bin,1.0
12226,BMC Client Management Proxy Agent,24.1.01.240624,BMC Software Inc.,Application,,C:\Program Files\BMC Software\Client Management\Client\bin,1.0
12226,BMC Client Management Remote Control proxy,24.1.01.240624,BMC Software Inc.,Application,,C:\Program Files\BMC Software\Client Management\Client\bin,1.0
12226,BMC Client Management SCAP,24.1.01.240624,BMC Software Inc.,Application,,C:\Program Files\BMC Software\Client Management\Client\bin,1.0
12226,BMC Client Management Video Proxy Agent,24.1.01.240624,BMC Software Inc.,Application,,C:\Program Files\BMC Software\Client Management\Client\bin,1.0
12226,Boot File Servicing Utility,10.0,Microsoft Corporation Inc.,Application,,C:\Windows,1.0
12226,BrowserCore,10.0,Microsoft Corporation Inc.,Application,,C:\Windows\BrowserCore,1.0
12226,Calling App to host call progress on shell,10.0,Microsoft Corporation Inc.,Application,,C:\Windows\SystemApps\Microsoft.Windows.CallingShellApp_cw5n1h2txyewy,1.0
12226,CameraBarcodeScannerPreview,10.0,Microsoft Corporation Inc.,Application,,C:\Windows\SystemApps\Windows.CBSPreview_cw5n1h2txyewy,1.0
12226,Canon IJ PDF Editor,1.5,CANON INC.,Application,,C:\Program Files (x86)\Canon\IJ Scan Utility,1.0
12226,Canon IJ Scan Utility,1.5,CANON INC.,Application,,C:\Program Files (x86)\Canon\IJ Scan Utility,1.0
12226,Canon IJ Scan Utility MAPI,1.5,CANON INC.,Application,,C:\Program Files (x86)\Canon\IJ Scan Utility,1.0
12226,Canon IJ Scan Utility SETEVENT,1.5,CANON INC.,Application,,C:\Program Files (x86)\Canon\IJ Scan Utility,1.0
12226,Canon Inkjet Printer/Scanner/Fax Extended Survey Program,6.5,Canon Inc.,Add/Remove Programs,,,
12226,Canon Printer Head Alignment,1.5,CANON INC.,Application,,D:\BAS\win-lide300-1_1-n_mcd\win\LIB\PrinterHeadAlignment,2.0
12226,Canon User Registration,24.0,CANON INC.,Application,,D:\BAS\win-lide300-1_1-n_mcd\win\LIB\WEBREG,4.0
12226,CanoScan LiDE 300 Scanner Driver,1.0,Canon Inc.,Add/Remove Programs,,,
12226,CL5,9.6,Ivanti,Application,,C:\Program Files\BMC Software\Client Management\Client\data\PatchManagementPremium\workspace,5.0
12226,ClickOnce,4.8,Microsoft Corporation Inc.,Application,,C:\Windows\Microsoft.NET\Framework64\v4.0.30319,3.0
12226,Common User Interface,5.8,Musarubra US LLC.,Application,,C:\Program Files\McAfee\Agent\x86,1.0
12226,Credential Dialog Host,10.0,Microsoft Corporation Inc.,Application,,C:\Windows\SystemApps\microsoft.creddialoghost_cw5n1h2txyewy,1.0
12226,CrowdStrike Device Control,7.29,CrowdStrike Inc.,Add/Remove Programs,"November 14, 2025 12:00:00 AM",,
12226,CrowdStrike Device Control Support Tool,7.29,CrowdStrike Inc.,Application,,C:\Program Files\CrowdStrike,1.0
12226,CrowdStrike Falcon Connector,7.32,CrowdStrike Inc.,Application,,C:\Program Files\CrowdStrike,1.0
12226,CrowdStrike Falcon Sensor,7.32,CrowdStrike Inc.,Application,,C:\Program Files\CrowdStrike,1.0
12226,CrowdStrike Falcon Sensor Controller,7.32,CrowdStrike Inc.,Application,,C:\Program Files\CrowdStrike,1.0
12226,CrowdStrike Falcon Sensor Service,7.32,CrowdStrike Inc.,Application,,C:\Program Files\CrowdStrike,1.0
12226,CrowdStrike Falcon Sensor Servlet Container,7.32,CrowdStrike Inc.,Application,,C:\Program Files\CrowdStrike,1.0
12226,CrowdStrike Falcon Sensor Settings Tool,7.32,CrowdStrike Inc.,Application,,C:\Program Files\CrowdStrike,1.0
12226,CrowdStrike Falcon Sensor System Tray Application,7.32,CrowdStrike Inc.,Application,,C:\Program Files\CrowdStrike,2.0
12226,CrowdStrike Firmware Analysis,7.14,CrowdStrike Inc.,Add/Remove Programs,"July 24, 2025 12:00:00 AM",,
4982,.NET Framework,3.0,Microsoft Corporation Inc.,Application,,C:\Windows\Microsoft.NET\Framework64\v3.0\Windows Communication Foundation,2.0
4982,.NET Runtime Optimization Service,4.8,Microsoft Corporation Inc.,Application,,C:\Windows\Microsoft.NET\Framework64\v4.0.30319,2.0
4982,.NET Runtime Optimization Service,2.0,Microsoft Corporation Inc.,Application,,C:\Windows\Microsoft.NET\Framework64\v2.0.50727,2.0
4982,64Bit MAPI Mail Agent,1.0,Foxit Software Inc.,Application,,C:\Program Files (x86)\Foxit Software\Foxit PDF Reader,1.0
4982,7-Zip 24.08 (x64 edition),24.08,Igor Pavlov,Add/Remove Programs,"November 28, 2024 12:00:00 AM",,
4982,7-Zip Console,24.08,Igor Pavlov,Application,,C:\Program Files\7-Zip,1.0
4982,7-Zip File Manager,24.08,Igor Pavlov,Application,,C:\Program Files\7-Zip,1.0
4982,7-Zip GUI,24.08,Igor Pavlov,Application,,C:\Program Files\7-Zip,1.0
4982,AAD token broker plugin,10.0,Microsoft Corporation Inc.,Application,,C:\Windows\SystemApps\Microsoft.AAD.BrokerPlugin_cw5n1h2txyewy,1.0
4982,Accounts Control Host,10.0,Microsoft Corporation Inc.,Application,,C:\Windows\SystemApps\Microsoft.AccountsControl_cw5n1h2txyewy,1.0
4982,AddSuggestedFoldersToLibraryDialog,10.0,Microsoft Corporation Inc.,Application,,C:\Windows\SystemApps\Microsoft.Windows.AddSuggestedFoldersToLibraryDialog_cw5n1h2txyewy,1.0
4982,AntiMalware Platform Update (amd64fre),4.18,Microsoft Corporation Inc.,Application,,C:\Windows\SystemTemp,1.0
4982,Antimalware Service Executable,4.18,Microsoft Corporation Inc.,Application,,C:\Program Files\Windows Defender,1.0
4982,AppResolverUX,10.0,Microsoft Corporation Inc.,Application,,C:\Windows\SystemApps\Microsoft.Windows.AppResolverUX_cw5n1h2txyewy,1.0
4982,AsyncTextService,10.0,Microsoft Corporation Inc.,Application,,C:\Windows\SystemApps\Microsoft.AsyncTextService_8wekyb3d8bbwe,1.0
4982,Biometric Enrollment Host,10.0,Microsoft Corporation Inc.,Application,,C:\Windows\SystemApps\Microsoft.BioEnrollment_cw5n1h2txyewy,1.0
4982,BMC Client Management Agent,24.1.01.240624,BMC Software Inc.,Application,,C:\Program Files\BMC Software\Client Management\Client\bin,1.0
4982,BMC Client Management Certificate Generator,24.1.01.240624,BMC Software Inc.,Application,,C:\Program Files\BMC Software\Client Management\Client\bin,1.0
4982,BMC Client Management Chilli Interpreter,24.1.01.240624,BMC Software Inc.,Application,,C:\Program Files\BMC Software\Client Management\Client\bin,1.0
4982,BMC Client Management Direct Access Proxy Agent,24.1.01.240624,BMC Software Inc.,Application,,C:\Program Files\BMC Software\Client Management\Client\bin,1.0
4982,BMC Client Management Opswat Proxy Agent,24.1.01.240624,BMC Software Inc.,Application,,C:\Program Files\BMC Software\Client Management\Client\bin,1.0
4982,BMC Client Management Package Viewer,24.1.01.240624,BMC Software Inc.,Application,,C:\Program Files\BMC Software\Client Management\Client\bin,1.0
4982,BMC Client Management Patch Broker,24.1.01.240624,BMC Software Inc.,Application,,C:\Program Files\BMC Software\Client Management\Client\bin,1.0
4982,BMC Client Management Proxy Agent,24.1.01.240624,BMC Software Inc.,Application,,C:\Program Files\BMC Software\Client Management\Client\bin,1.0
4982,BMC Client Management Remote Control proxy,24.1.01.240624,BMC Software Inc.,Application,,C:\Program Files\BMC Software\Client Management\Client\bin,1.0
4982,BMC Client Management SCAP,24.1.01.240624,BMC Software Inc.,Application,,C:\Program Files\BMC Software\Client Management\Client\bin,1.0
4982,BMC Client Management Video Proxy Agent,24.1.01.240624,BMC Software Inc.,Application,,C:\Program Files\BMC Software\Client Management\Client\bin,1.0
4982,Boot File Servicing Utility,10.0,Microsoft Corporation Inc.,Application,,C:\Windows,1.0
4982,BrowserCore,10.0,Microsoft Corporation Inc.,Application,,C:\Windows\BrowserCore,1.0
4982,Calling App to host call progress on shell,10.0,Microsoft Corporation Inc.,Application,,C:\Windows\SystemApps\Microsoft.Windows.CallingShellApp_cw5n1h2txyewy,1.0
4982,CameraBarcodeScannerPreview,10.0,Microsoft Corporation Inc.,Application,,C:\Windows\SystemApps\Windows.CBSPreview_cw5n1h2txyewy,1.0
4982,CL5,9.6,Ivanti,Application,,C:\Program Files\BMC Software\Client Management\Client\data\PatchManagementPremium\workspace,5.0
4982,ClickOnce,4.8,Microsoft Corporation Inc.,Application,,C:\Windows\Microsoft.NET\Framework64\v4.0.30319,3.0
4982,Credential Dialog Host,10.0,Microsoft Corporation Inc.,Application,,C:\Windows\SystemApps\microsoft.creddialoghost_cw5n1h2txyewy,1.0
4982,CrowdStrike Device Control,7.29,CrowdStrike Inc.,Add/Remove Programs,"November 14, 2025 12:00:00 AM",,
4982,CrowdStrike Device Control Support Tool,7.29,CrowdStrike Inc.,Application,,C:\Program Files\CrowdStrike,1.0
4982,CrowdStrike Falcon Connector,7.32,CrowdStrike Inc.,Application,,C:\Program Files\CrowdStrike,1.0
4982,CrowdStrike Falcon Sensor,7.32,CrowdStrike Inc.,Application,,C:\Program Files\CrowdStrike,1.0
4982,CrowdStrike Falcon Sensor Controller,7.32,CrowdStrike Inc.,Application,,C:\Program Files\CrowdStrike,1.0
4982,CrowdStrike Falcon Sensor Service,7.32,CrowdStrike Inc.,Application,,C:\Program Files\CrowdStrike,1.0
4982,CrowdStrike Falcon Sensor Servlet Container,7.32,CrowdStrike Inc.,Application,,C:\Program Files\CrowdStrike,1.0
4982,CrowdStrike Falcon Sensor Settings Tool,7.32,CrowdStrike Inc.,Application,,C:\Program Files\CrowdStrike,1.0
4982,CrowdStrike Falcon Sensor System Tray Application,7.32,CrowdStrike Inc.,Application,,C:\Program Files\CrowdStrike,2.0
4982,CrowdStrike Firmware Analysis,7.14,CrowdStrike Inc.,Add/Remove Programs,"April 17, 2025 12:00:00 AM",,
4982,CrowdStrike Firmware Analysis Support Tool,7.14,CrowdStrike Inc.,Application,,C:\Program Files\CrowdStrike,1.0
4982,CrowdStrike On-Demand Scan Command-line Tool,7.32,CrowdStrike Inc.,Application,,C:\Program Files\CrowdStrike,1.0
4982,CrowdStrike On-Demand Scan Tool,7.32,CrowdStrike Inc.,Application,,C:\Program Files\CrowdStrike,1.0
4982,CrowdStrike Sensor Platform,7.32,CrowdStrike Inc.,Add/Remove Programs,"January 14, 2026 12:00:00 AM",,
4982,CrowdStrike Windows Sensor,7.32,CrowdStrike Inc.,Add/Remove Programs,"January 14, 2026 12:00:00 AM",,
4982,EC App,10.0,Microsoft Corporation Inc.,Application,,C:\Windows\SystemApps\Microsoft.ECApp_8wekyb3d8bbwe,1.0
5012,.NET Framework,3.0,Microsoft Corporation Inc.,Application,,C:\Windows\Microsoft.NET\Framework64\v3.0\Windows Communication Foundation,2.0
5012,.NET Runtime Optimization Service,4.8,Microsoft Corporation Inc.,Application,,C:\Windows\Microsoft.NET\Framework64\v4.0.30319,2.0
5012,.NET Runtime Optimization Service,2.0,Microsoft Corporation Inc.,Application,,C:\Windows\Microsoft.NET\Framework64\v2.0.50727,2.0
5012,64Bit MAPI Mail Agent,1.0,Foxit Software Inc.,Application,,C:\Program Files (x86)\Foxit Software\Foxit PDF Reader,1.0
5012,7-Zip 24.08 (x64 edition),24.08,Igor Pavlov,Add/Remove Programs,"November 26, 2024 12:00:00 AM",,
5012,7-Zip Console,24.08,Igor Pavlov,Application,,C:\Program Files\7-Zip,1.0
5012,7-Zip File Manager,24.08,Igor Pavlov,Application,,C:\Program Files\7-Zip,1.0
5012,7-Zip GUI,24.08,Igor Pavlov,Application,,C:\Program Files\7-Zip,1.0
5012,Accounts Control Host,10.0,Microsoft Corporation Inc.,Application,,C:\Windows\SystemApps\Microsoft.AccountsControl_cw5n1h2txyewy,1.0
5012,AddSuggestedFoldersToLibraryDialog,10.0,Microsoft Corporation Inc.,Application,,C:\Windows\SystemApps\Microsoft.Windows.AddSuggestedFoldersToLibraryDialog_cw5n1h2txyewy,1.0
5012,Antimalware Core Service,4.18,Microsoft Corporation Inc.,Application,,C:\Program Files\Windows Defender,1.0
5012,AntiMalware Platform Update (amd64fre),4.18,Microsoft Corporation Inc.,Application,,C:\Windows\SystemTemp,1.0
5012,Antimalware Service Executable,4.18,Microsoft Corporation Inc.,Application,,C:\Program Files\Windows Defender,1.0
5012,AppResolverUX,10.0,Microsoft Corporation Inc.,Application,,C:\Windows\SystemApps\Microsoft.Windows.AppResolverUX_cw5n1h2txyewy,1.0
5012,AsyncTextService,10.0,Microsoft Corporation Inc.,Application,,C:\Windows\SystemApps\Microsoft.AsyncTextService_8wekyb3d8bbwe,1.0
5012,Biometric Enrollment Host,10.0,Microsoft Corporation Inc.,Application,,C:\Windows\SystemApps\Microsoft.BioEnrollment_cw5n1h2txyewy,1.0
5012,BMC Client Management Agent,24.1.01.240624,BMC Software Inc.,Application,,C:\Program Files\BMC Software\Client Management\Client\bin,1.0
5012,BMC Client Management Certificate Generator,24.1.01.240624,BMC Software Inc.,Application,,C:\Program Files\BMC Software\Client Management\Client\bin,1.0
5012,BMC Client Management Chilli Interpreter,24.1.01.240624,BMC Software Inc.,Application,,C:\Program Files\BMC Software\Client Management\Client\bin,1.0
5012,BMC Client Management Direct Access Proxy Agent,24.1.01.240624,BMC Software Inc.,Application,,C:\Program Files\BMC Software\Client Management\Client\bin,1.0
5012,BMC Client Management Opswat Proxy Agent,24.1.01.240624,BMC Software Inc.,Application,,C:\Program Files\BMC Software\Client Management\Client\bin,1.0
5012,BMC Client Management Package Viewer,24.1.01.240624,BMC Software Inc.,Application,,C:\Program Files\BMC Software\Client Management\Client\bin,1.0
5012,BMC Client Management Patch Broker,24.1.01.240624,BMC Software Inc.,Application,,C:\Program Files\BMC Software\Client Management\Client\bin,1.0
5012,BMC Client Management Proxy Agent,24.1.01.240624,BMC Software Inc.,Application,,C:\Program Files\BMC Software\Client Management\Client\bin,1.0
5012,BMC Client Management Remote Control proxy,24.1.01.240624,BMC Software Inc.,Application,,C:\Program Files\BMC Software\Client Management\Client\bin,1.0
5012,BMC Client Management SCAP,24.1.01.240624,BMC Software Inc.,Application,,C:\Program Files\BMC Software\Client Management\Client\bin,1.0
5012,BMC Client Management Video Proxy Agent,24.1.01.240624,BMC Software Inc.,Application,,C:\Program Files\BMC Software\Client Management\Client\bin,1.0
5012,Boot File Servicing Utility,10.0,Microsoft Corporation Inc.,Application,,C:\Windows,1.0
5012,Browser Protection Native Messaging Host,4.18,Microsoft Corporation Inc.,Application,,C:\Program Files\Windows Defender,1.0
5012,BrowserCore,10.0,Microsoft Corporation Inc.,Application,,C:\Windows\BrowserCore,1.0
5012,CameraBarcodeScannerPreview,10.0,Microsoft Corporation Inc.,Application,,C:\Windows\SystemApps\Windows.CBSPreview_cw5n1h2txyewy,1.0
5012,Canon IJ PDF Editor,1.5,CANON INC.,Application,,C:\Program Files (x86)\Canon\IJ Scan Utility,1.0
5012,Canon IJ Scan Utility,1.5,CANON INC.,Application,,C:\Program Files (x86)\Canon\IJ Scan Utility,1.0
5012,Canon IJ Scan Utility MAPI,1.5,CANON INC.,Application,,C:\Program Files (x86)\Canon\IJ Scan Utility,1.0
5012,Canon IJ Scan Utility SETEVENT,1.5,CANON INC.,Application,,C:\Program Files (x86)\Canon\IJ Scan Utility,1.0
5012,Canon Inkjet Printer/Scanner/Fax Extended Survey Program,6.6,Canon Inc.,Add/Remove Programs,,,
5012,CanoScan LiDE 300 Scanner Driver,1.0,Canon Inc.,Add/Remove Programs,,,
5012,ChromeEnterpriseCompanion,143.0,Google LLC,Application,,C:\Windows\SystemTemp\scoped_dir13148_567984051\scoped_dir13148_1107781641,1.0
5012,CL5,9.6,Ivanti,Application,,C:\Program Files\BMC Software\Client Management\Client\data\PatchManagementPremium\workspace,3.0
5012,ClickOnce,4.8,Microsoft Corporation Inc.,Application,,C:\Windows\Microsoft.NET\Framework64\v4.0.30319,3.0
5012,Common User Interface,5.8,Musarubra US LLC.,Application,,C:\Program Files\McAfee\Agent\x86,1.0
5012,Copilot,143.0,Microsoft Corporation Inc.,Application,,C:\Program Files (x86)\Microsoft\EdgeWebView\Application\143.0.3650.96,4.0
5012,Copilot Update,1.3,Microsoft Corporation Inc.,Application,,C:\Program Files (x86)\Microsoft\EdgeUpdate,2.0
5012,Credential Dialog Host,10.0,Microsoft Corporation Inc.,Application,,C:\Windows\SystemApps\microsoft.creddialoghost_cw5n1h2txyewy,1.0
5012,CrowdStrike Device Control,7.29,CrowdStrike Inc.,Add/Remove Programs,"November 14, 2025 12:00:00 AM",,
5012,CrowdStrike Device Control Support Tool,7.29,CrowdStrike Inc.,Application,,C:\Program Files\CrowdStrike,1.0
5012,CrowdStrike Falcon Connector,7.32,CrowdStrike Inc.,Application,,C:\Program Files\CrowdStrike,1.0
5012,CrowdStrike Falcon Sensor,7.32,CrowdStrike Inc.,Application,,C:\Program Files\CrowdStrike,1.0
5012,CrowdStrike Falcon Sensor Controller,7.32,CrowdStrike Inc.,Application,,C:\Program Files\CrowdStrike,1.0
5012,CrowdStrike Falcon Sensor Service,7.32,CrowdStrike Inc.,Application,,C:\Program Files\CrowdStrike,1.0
5043,.NET Runtime Optimization Service,4.8,Microsoft Corporation Inc.,Application,,C:\Windows\Microsoft.NET\Framework64\v4.0.30319,2.0
5043,64Bit MAPI Mail Agent,1.0,Foxit Software Inc.,Application,,C:\Program Files (x86)\Foxit Software\Foxit PDF Reader,1.0
5043,7-Zip 24.09 (x64),24.09,Igor Pavlov,Add/Remove Programs,,C:\Program Files\7-Zip\,
5043,7-Zip Console,24.09,Igor Pavlov,Application,,C:\Program Files\7-Zip,1.0
5043,7-Zip File Manager,24.09,Igor Pavlov,Application,,C:\Program Files\7-Zip,1.0
5043,7-Zip GUI,24.09,Igor Pavlov,Application,,C:\Program Files\7-Zip,1.0
5043,Accounts Control Host,10.0,Microsoft Corporation Inc.,Application,,C:\Windows\SystemApps\Microsoft.AccountsControl_cw5n1h2txyewy,1.0
5043,AddSuggestedFoldersToLibraryDialog,10.0,Microsoft Corporation Inc.,Application,,C:\Windows\SystemApps\Microsoft.Windows.AddSuggestedFoldersToLibraryDialog_cw5n1h2txyewy,1.0
5043,Antimalware Core Service,4.18,Microsoft Corporation Inc.,Application,,C:\Program Files\Windows Defender,1.0
5043,Antimalware Service Executable,4.18,Microsoft Corporation Inc.,Application,,C:\Program Files\Windows Defender,1.0
5043,AppResolverUX,10.0,Microsoft Corporation Inc.,Application,,C:\Windows\SystemApps\Microsoft.Windows.AppResolverUX_cw5n1h2txyewy,1.0
5043,AsyncTextService,10.0,Microsoft Corporation Inc.,Application,,C:\Windows\SystemApps\Microsoft.AsyncTextService_8wekyb3d8bbwe,1.0
5043,Biometric Enrollment Host,10.0,Microsoft Corporation Inc.,Application,,C:\Windows\SystemApps\Microsoft.BioEnrollment_cw5n1h2txyewy,1.0
5043,BMC Client Management Agent,24.1.01.240624,BMC Software Inc.,Application,,C:\Program Files\BMC Software\Client Management\Client\bin,1.0
5043,BMC Client Management Certificate Generator,24.1.01.240624,BMC Software Inc.,Application,,C:\Program Files\BMC Software\Client Management\Client\bin,1.0
5043,BMC Client Management Chilli Interpreter,24.1.01.240624,BMC Software Inc.,Application,,C:\Program Files\BMC Software\Client Management\Client\bin,1.0
5043,BMC Client Management Direct Access Proxy Agent,24.1.01.240624,BMC Software Inc.,Application,,C:\Program Files\BMC Software\Client Management\Client\bin,1.0
5043,BMC Client Management Opswat Proxy Agent,24.1.01.240624,BMC Software Inc.,Application,,C:\Program Files\BMC Software\Client Management\Client\bin,1.0
5043,BMC Client Management Package Viewer,24.1.01.240624,BMC Software Inc.,Application,,C:\Program Files\BMC Software\Client Management\Client\bin,1.0
5043,BMC Client Management Patch Broker,24.1.01.240624,BMC Software Inc.,Application,,C:\Program Files\BMC Software\Client Management\Client\bin,1.0
5043,BMC Client Management Proxy Agent,24.1.01.240624,BMC Software Inc.,Application,,C:\Program Files\BMC Software\Client Management\Client\bin,1.0
5043,BMC Client Management Remote Control proxy,24.1.01.240624,BMC Software Inc.,Application,,C:\Program Files\BMC Software\Client Management\Client\bin,1.0
5043,BMC Client Management SCAP,24.1.01.240624,BMC Software Inc.,Application,,C:\Program Files\BMC Software\Client Management\Client\bin,1.0
5043,BMC Client Management Video Proxy Agent,24.1.01.240624,BMC Software Inc.,Application,,C:\Program Files\BMC Software\Client Management\Client\bin,1.0
5043,Boot File Servicing Utility,10.0,Microsoft Corporation Inc.,Application,,C:\Windows,1.0
5043,Browser Protection Native Messaging Host,4.18,Microsoft Corporation Inc.,Application,,C:\Program Files\Windows Defender,1.0
5043,BrowserCore,10.0,Microsoft Corporation Inc.,Application,,C:\Windows\BrowserCore,1.0
5043,CameraBarcodeScannerPreview,10.0,Microsoft Corporation Inc.,Application,,C:\Windows\SystemApps\Windows.CBSPreview_cw5n1h2txyewy,1.0
5043,CL5,9.6,Ivanti,Application,,C:\Program Files\BMC Software\Client Management\Client\data\PatchManagementPremium\workspace,1.0
5043,ClickOnce,4.8,Microsoft Corporation Inc.,Application,,C:\Windows\Microsoft.NET\Framework64\v4.0.30319,3.0
5043,Credential Dialog Host,10.0,Microsoft Corporation Inc.,Application,,C:\Windows\SystemApps\microsoft.creddialoghost_cw5n1h2txyewy,1.0
5043,CrowdStrike Device Control,7.29,CrowdStrike Inc.,Add/Remove Programs,"November 14, 2025 12:00:00 AM",,
5043,CrowdStrike Device Control Support Tool,7.29,CrowdStrike Inc.,Application,,C:\Program Files\CrowdStrike,1.0
5043,CrowdStrike Falcon Connector,7.31,CrowdStrike Inc.,Application,,C:\Program Files\CrowdStrike,1.0
5043,CrowdStrike Falcon Sensor,7.31,CrowdStrike Inc.,Application,,C:\Program Files\CrowdStrike,1.0
5043,CrowdStrike Falcon Sensor Controller,7.31,CrowdStrike Inc.,Application,,C:\Program Files\CrowdStrike,1.0
5043,CrowdStrike Falcon Sensor Service,7.31,CrowdStrike Inc.,Application,,C:\Program Files\CrowdStrike,1.0
5043,CrowdStrike Falcon Sensor Servlet Container,7.31,CrowdStrike Inc.,Application,,C:\Program Files\CrowdStrike,1.0
5043,CrowdStrike Falcon Sensor Settings Tool,7.31,CrowdStrike Inc.,Application,,C:\Program Files\CrowdStrike,1.0
5043,CrowdStrike Falcon Sensor System Tray Application,7.31,CrowdStrike Inc.,Application,,C:\Program Files\CrowdStrike,2.0
5043,CrowdStrike Firmware Analysis,7.14,CrowdStrike Inc.,Add/Remove Programs,"June 28, 2025 12:00:00 AM",,
5043,CrowdStrike Firmware Analysis Support Tool,7.14,CrowdStrike Inc.,Application,,C:\Program Files\CrowdStrike,1.0
5043,CrowdStrike On-Demand Scan Command-line Tool,7.31,CrowdStrike Inc.,Application,,C:\Program Files\CrowdStrike,1.0
5043,CrowdStrike On-Demand Scan Tool,7.31,CrowdStrike Inc.,Application,,C:\Program Files\CrowdStrike,1.0
5043,CrowdStrike Sensor Platform,7.31,CrowdStrike Inc.,Add/Remove Programs,"December 10, 2025 12:00:00 AM",,
5043,CrowdStrike Windows Sensor,7.31,CrowdStrike Inc.,Add/Remove Programs,"December 10, 2025 12:00:00 AM",,
5043,CxAudioSvc,1.0,Conexant Systems LLC.,Application,,C:\Windows\CxSvc,1.0
5043,EC App,10.0,Microsoft Corporation Inc.,Application,,C:\Windows\SystemApps\Microsoft.ECApp_8wekyb3d8bbwe,1.0
5043,File Explorer,10.0,Microsoft Corporation Inc.,Application,,C:\Windows\SystemApps\Microsoft.Windows.FileExplorer_cw5n1h2txyewy,1.0
5043,File Picker,10.0,Microsoft Corporation Inc.,Application,,C:\Windows\SystemApps\Microsoft.Windows.FilePicker_cw5n1h2txyewy,1.0
4980,.NET Framework,3.0,Microsoft Corporation Inc.,Application,,C:\Windows\Microsoft.NET\Framework64\v3.0\Windows Communication Foundation,2.0
4980,.NET Runtime Optimization Service,2.0,Microsoft Corporation Inc.,Application,,C:\Windows\Microsoft.NET\Framework64\v2.0.50727,2.0
4980,.NET Runtime Optimization Service,4.8,Microsoft Corporation Inc.,Application,,C:\Windows\Microsoft.NET\Framework64\v4.0.30319,2.0
4980,64Bit MAPI Mail Agent,1.0,Foxit Software Inc.,Application,,C:\Program Files (x86)\Foxit Software\Foxit Reader,1.0
4980,7-Zip 24.08 (x64 edition),24.08,Igor Pavlov,Add/Remove Programs,"November 26, 2024 12:00:00 AM",,
4980,7-Zip Console,24.08,Igor Pavlov,Application,,C:\Program Files\7-Zip,1.0
4980,7-Zip File Manager,24.08,Igor Pavlov,Application,,C:\Program Files\7-Zip,1.0
4980,7-Zip GUI,24.08,Igor Pavlov,Application,,C:\Program Files\7-Zip,1.0
4980,AAD token broker plugin,10.0,Microsoft Corporation Inc.,Application,,C:\Windows\SystemApps\Microsoft.AAD.BrokerPlugin_cw5n1h2txyewy,1.0
4980,Accounts Control Host,10.0,Microsoft Corporation Inc.,Application,,C:\Windows\SystemApps\Microsoft.AccountsControl_cw5n1h2txyewy,1.0
4980,AddSuggestedFoldersToLibraryDialog,10.0,Microsoft Corporation Inc.,Application,,C:\Windows\SystemApps\Microsoft.Windows.AddSuggestedFoldersToLibraryDialog_cw5n1h2txyewy,1.0
4980,Antimalware Service Executable,4.18,Microsoft Corporation Inc.,Application,,C:\Program Files\Windows Defender,1.0
4980,AppResolverUX,10.0,Microsoft Corporation Inc.,Application,,C:\Windows\SystemApps\Microsoft.Windows.AppResolverUX_cw5n1h2txyewy,1.0
4980,AsyncTextService,10.0,Microsoft Corporation Inc.,Application,,C:\Windows\SystemApps\Microsoft.AsyncTextService_8wekyb3d8bbwe,1.0
4980,Biometric Enrollment Host,10.0,Microsoft Corporation Inc.,Application,,C:\Windows\SystemApps\Microsoft.BioEnrollment_cw5n1h2txyewy,1.0
4980,BMC Client Management Agent,24.1.01.240624,BMC Software Inc.,Application,,C:\Program Files\BMC Software\Client Management\Client\bin,1.0
4980,BMC Client Management Certificate Generator,24.1.01.240624,BMC Software Inc.,Application,,C:\Program Files\BMC Software\Client Management\Client\bin,1.0
4980,BMC Client Management Chilli Interpreter,24.1.01.240624,BMC Software Inc.,Application,,C:\Program Files\BMC Software\Client Management\Client\bin,1.0
4980,BMC Client Management Direct Access Proxy Agent,24.1.01.240624,BMC Software Inc.,Application,,C:\Program Files\BMC Software\Client Management\Client\bin,1.0
4980,BMC Client Management Opswat Proxy Agent,24.1.01.240624,BMC Software Inc.,Application,,C:\Program Files\BMC Software\Client Management\Client\bin,1.0
4980,BMC Client Management Package Viewer,24.1.01.240624,BMC Software Inc.,Application,,C:\Program Files\BMC Software\Client Management\Client\bin,1.0
4980,BMC Client Management Patch Broker,24.1.01.240624,BMC Software Inc.,Application,,C:\Program Files\BMC Software\Client Management\Client\bin,1.0
4980,BMC Client Management Proxy Agent,24.1.01.240624,BMC Software Inc.,Application,,C:\Program Files\BMC Software\Client Management\Client\bin,1.0
4980,BMC Client Management Remote Control proxy,24.1.01.240624,BMC Software Inc.,Application,,C:\Program Files\BMC Software\Client Management\Client\bin,1.0
4980,BMC Client Management SCAP,24.1.01.240624,BMC Software Inc.,Application,,C:\Program Files\BMC Software\Client Management\Client\bin,1.0
4980,BMC Client Management Video Proxy Agent,24.1.01.240624,BMC Software Inc.,Application,,C:\Program Files\BMC Software\Client Management\Client\bin,1.0
4980,Boot File Servicing Utility,10.0,Microsoft Corporation Inc.,Application,,C:\Windows,1.0
4980,BrowserCore,10.0,Microsoft Corporation Inc.,Application,,C:\Windows\BrowserCore,1.0
4980,Calling App to host call progress on shell,10.0,Microsoft Corporation Inc.,Application,,C:\Windows\SystemApps\Microsoft.Windows.CallingShellApp_cw5n1h2txyewy,1.0
4980,CameraBarcodeScannerPreview,10.0,Microsoft Corporation Inc.,Application,,C:\Windows\SystemApps\Windows.CBSPreview_cw5n1h2txyewy,1.0
4980,Canon IJ PDF Editor,1.5,CANON INC.,Application,,C:\Program Files (x86)\Canon\IJ Scan Utility,1.0
4980,Canon IJ Scan Utility,1.5,CANON INC.,Application,,C:\Program Files (x86)\Canon\IJ Scan Utility,1.0
4980,Canon IJ Scan Utility MAPI,1.5,CANON INC.,Application,,C:\Program Files (x86)\Canon\IJ Scan Utility,1.0
4980,Canon IJ Scan Utility SETEVENT,1.5,CANON INC.,Application,,C:\Program Files (x86)\Canon\IJ Scan Utility,1.0
4980,Canon Inkjet Printer/Scanner/Fax Extended Survey Program,6.5,Canon Inc.,Add/Remove Programs,,,
4980,Canon Printer Head Alignment,1.5,CANON INC.,Application,,D:\setup\win-lide300-1_1-n_mcd\win\LIB\PrinterHeadAlignment,2.0
4980,Canon User Registration,24.0,CANON INC.,Application,,D:\setup\win-lide300-1_1-n_mcd\win\LIB\WEBREG,4.0
4980,CanoScan LiDE 300 Scanner Driver,1.0,Canon Inc.,Add/Remove Programs,,,
4980,CL5,9.6,Ivanti,Application,,C:\Program Files\BMC Software\Client Management\Client\data\PatchManagementPremium\workspace,6.0
4980,ClickOnce,4.8,Microsoft Corporation Inc.,Application,,C:\Windows\Microsoft.NET\Framework64\v4.0.30319,3.0
4980,Create a self-signed digital certificate,15.0,Microsoft Corporation Inc.,Application,,C:\Program Files\Microsoft Office\Office15,1.0
4980,Create Virtual Machine,10.0,Microsoft Corporation Inc.,Application,,C:\Program Files\Hyper-V,1.0
4980,Credential Dialog Host,10.0,Microsoft Corporation Inc.,Application,,C:\Windows\SystemApps\microsoft.creddialoghost_cw5n1h2txyewy,1.0
4980,CrowdStrike Device Control,7.29,CrowdStrike Inc.,Add/Remove Programs,"November 14, 2025 12:00:00 AM",,
4980,CrowdStrike Device Control Support Tool,7.29,CrowdStrike Inc.,Application,,C:\Program Files\CrowdStrike,1.0
4980,CrowdStrike Falcon Connector,7.32,CrowdStrike Inc.,Application,,C:\Program Files\CrowdStrike,1.0
4980,CrowdStrike Falcon Sensor,7.32,CrowdStrike Inc.,Application,,C:\Program Files\CrowdStrike,1.0
4980,CrowdStrike Falcon Sensor Controller,7.32,CrowdStrike Inc.,Application,,C:\Program Files\CrowdStrike,1.0
4980,CrowdStrike Falcon Sensor Service,7.32,CrowdStrike Inc.,Application,,C:\Program Files\CrowdStrike,1.0
4980,CrowdStrike Falcon Sensor Servlet Container,7.32,CrowdStrike Inc.,Application,,C:\Program Files\CrowdStrike,1.0
4988,.NET Framework,3.0,Microsoft Corporation Inc.,Application,,C:\Windows\Microsoft.NET\Framework64\v3.0\Windows Communication Foundation,2.0
4988,.NET Runtime Optimization Service,4.8,Microsoft Corporation Inc.,Application,,C:\Windows\Microsoft.NET\Framework64\v4.0.30319,2.0
4988,.NET Runtime Optimization Service,2.0,Microsoft Corporation Inc.,Application,,C:\Windows\Microsoft.NET\Framework64\v2.0.50727,2.0
4988,64Bit MAPI Mail Agent,1.0,Foxit Software Inc.,Application,,C:\Program Files (x86)\Foxit Software\Foxit PDF Reader,1.0
4988,7-Zip 24.08 (x64 edition),24.08,Igor Pavlov,Add/Remove Programs,"October 09, 2024 12:00:00 AM",,
4988,7-Zip Console,24.08,Igor Pavlov,Application,,C:\Program Files\7-Zip,1.0
4988,7-Zip File Manager,24.08,Igor Pavlov,Application,,C:\Program Files\7-Zip,1.0
4988,7-Zip GUI,24.08,Igor Pavlov,Application,,C:\Program Files\7-Zip,1.0
4988,AAD token broker plugin,10.0,Microsoft Corporation Inc.,Application,,C:\Windows\SystemApps\Microsoft.AAD.BrokerPlugin_cw5n1h2txyewy,1.0
4988,Accounts Control Host,10.0,Microsoft Corporation Inc.,Application,,C:\Windows\SystemApps\Microsoft.AccountsControl_cw5n1h2txyewy,1.0
4988,AddSuggestedFoldersToLibraryDialog,10.0,Microsoft Corporation Inc.,Application,,C:\Windows\SystemApps\Microsoft.Windows.AddSuggestedFoldersToLibraryDialog_cw5n1h2txyewy,1.0
4988,Antimalware Service Executable,4.18,Microsoft Corporation Inc.,Application,,C:\Program Files\Windows Defender,1.0
4988,AppResolverUX,10.0,Microsoft Corporation Inc.,Application,,C:\Windows\SystemApps\Microsoft.Windows.AppResolverUX_cw5n1h2txyewy,1.0
4988,AsyncTextService,10.0,Microsoft Corporation Inc.,Application,,C:\Windows\SystemApps\Microsoft.AsyncTextService_8wekyb3d8bbwe,1.0
4988,Biometric Enrollment Host,10.0,Microsoft Corporation Inc.,Application,,C:\Windows\SystemApps\Microsoft.BioEnrollment_cw5n1h2txyewy,1.0
4988,BMC Client Management Agent,24.1.01.240624,BMC Software Inc.,Application,,C:\Program Files\BMC Software\Client Management\Client\bin,1.0
4988,BMC Client Management Certificate Generator,24.1.01.240624,BMC Software Inc.,Application,,C:\Program Files\BMC Software\Client Management\Client\bin,1.0
4988,BMC Client Management Chilli Interpreter,24.1.01.240624,BMC Software Inc.,Application,,C:\Program Files\BMC Software\Client Management\Client\bin,1.0
4988,BMC Client Management Direct Access Proxy Agent,24.1.01.240624,BMC Software Inc.,Application,,C:\Program Files\BMC Software\Client Management\Client\bin,1.0
4988,BMC Client Management Opswat Proxy Agent,24.1.01.240624,BMC Software Inc.,Application,,C:\Program Files\BMC Software\Client Management\Client\bin,1.0
4988,BMC Client Management Package Viewer,24.1.01.240624,BMC Software Inc.,Application,,C:\Program Files\BMC Software\Client Management\Client\bin,1.0
4988,BMC Client Management Patch Broker,24.1.01.240624,BMC Software Inc.,Application,,C:\Program Files\BMC Software\Client Management\Client\bin,1.0
4988,BMC Client Management Proxy Agent,24.1.01.240624,BMC Software Inc.,Application,,C:\Program Files\BMC Software\Client Management\Client\bin,1.0
4988,BMC Client Management Remote Control proxy,24.1.01.240624,BMC Software Inc.,Application,,C:\Program Files\BMC Software\Client Management\Client\bin,1.0
4988,BMC Client Management SCAP,24.1.01.240624,BMC Software Inc.,Application,,C:\Program Files\BMC Software\Client Management\Client\bin,1.0
4988,BMC Client Management Video Proxy Agent,24.1.01.240624,BMC Software Inc.,Application,,C:\Program Files\BMC Software\Client Management\Client\bin,1.0
4988,Boot File Servicing Utility,10.0,Microsoft Corporation Inc.,Application,,C:\Windows,1.0
4988,BrowserCore,10.0,Microsoft Corporation Inc.,Application,,C:\Windows\BrowserCore,1.0
4988,Calling App to host call progress on shell,10.0,Microsoft Corporation Inc.,Application,,C:\Windows\SystemApps\Microsoft.Windows.CallingShellApp_cw5n1h2txyewy,1.0
4988,CameraBarcodeScannerPreview,10.0,Microsoft Corporation Inc.,Application,,C:\Windows\SystemApps\Windows.CBSPreview_cw5n1h2txyewy,1.0
4988,CL5,9.6,Ivanti,Application,,C:\Program Files\BMC Software\Client Management\Client\data\PatchManagementPremium\workspace,6.0
4988,ClickOnce,4.8,Microsoft Corporation Inc.,Application,,C:\Windows\Microsoft.NET\Framework64\v4.0.30319,3.0
4988,Credential Dialog Host,10.0,Microsoft Corporation Inc.,Application,,C:\Windows\SystemApps\microsoft.creddialoghost_cw5n1h2txyewy,1.0
4988,CrowdStrike Device Control,7.29,CrowdStrike Inc.,Add/Remove Programs,"November 14, 2025 12:00:00 AM",,
4988,CrowdStrike Device Control Support Tool,7.29,CrowdStrike Inc.,Application,,C:\Program Files\CrowdStrike,1.0
4988,CrowdStrike Falcon Connector,7.32,CrowdStrike Inc.,Application,,C:\Program Files\CrowdStrike,1.0
4988,CrowdStrike Falcon Sensor,7.32,CrowdStrike Inc.,Application,,C:\Program Files\CrowdStrike,1.0
4988,CrowdStrike Falcon Sensor Controller,7.32,CrowdStrike Inc.,Application,,C:\Program Files\CrowdStrike,1.0
4988,CrowdStrike Falcon Sensor Service,7.32,CrowdStrike Inc.,Application,,C:\Program Files\CrowdStrike,1.0
4988,CrowdStrike Falcon Sensor Servlet Container,7.32,CrowdStrike Inc.,Application,,C:\Program Files\CrowdStrike,1.0
4988,CrowdStrike Falcon Sensor Settings Tool,7.32,CrowdStrike Inc.,Application,,C:\Program Files\CrowdStrike,1.0
4988,CrowdStrike Falcon Sensor System Tray Application,7.32,CrowdStrike Inc.,Application,,C:\Program Files\CrowdStrike,2.0
4988,CrowdStrike Firmware Analysis,7.14,CrowdStrike Inc.,Add/Remove Programs,"April 17, 2025 12:00:00 AM",,
4988,CrowdStrike Firmware Analysis Support Tool,7.14,CrowdStrike Inc.,Application,,C:\Program Files\CrowdStrike,1.0
4988,CrowdStrike On-Demand Scan Command-line Tool,7.32,CrowdStrike Inc.,Application,,C:\Program Files\CrowdStrike,1.0
4988,CrowdStrike On-Demand Scan Tool,7.32,CrowdStrike Inc.,Application,,C:\Program Files\CrowdStrike,1.0
4988,CrowdStrike Sensor Platform,7.32,CrowdStrike Inc.,Add/Remove Programs,"January 14, 2026 12:00:00 AM",,
4988,CrowdStrike Windows Sensor,7.32,CrowdStrike Inc.,Add/Remove Programs,"January 14, 2026 12:00:00 AM",,
4988,EC App,10.0,Microsoft Corporation Inc.,Application,,C:\Windows\SystemApps\Microsoft.ECApp_8wekyb3d8bbwe,1.0
4988,expediteupdater,10.0,Microsoft Corporation Inc.,Application,,C:\Program Files\Microsoft Update Health Tools,1.0
4978,.NET Framework,3.0,Microsoft Corporation Inc.,Application,,C:\Windows\Microsoft.NET\Framework64\v3.0\Windows Communication Foundation,2.0
4978,.NET Runtime Optimization Service,2.0,Microsoft Corporation Inc.,Application,,C:\Windows\Microsoft.NET\Framework64\v2.0.50727,2.0
4978,.NET Runtime Optimization Service,4.8,Microsoft Corporation Inc.,Application,,C:\Windows\Microsoft.NET\Framework64\v4.0.30319,2.0
4978,64Bit MAPI Mail Agent,1.0,Foxit Software Inc.,Application,,C:\Program Files (x86)\Foxit Software\Foxit PDF Reader,1.0
4978,7-Zip 24.08 (x64 edition),24.08,Igor Pavlov,Add/Remove Programs,"October 09, 2024 12:00:00 AM",,
4978,7-Zip Console,24.08,Igor Pavlov,Application,,C:\Program Files\7-Zip,1.0
4978,7-Zip File Manager,24.08,Igor Pavlov,Application,,C:\Program Files\7-Zip,1.0
4978,7-Zip GUI,24.08,Igor Pavlov,Application,,C:\Program Files\7-Zip,1.0
4978,Accounts Control Host,10.0,Microsoft Corporation Inc.,Application,,C:\Windows\SystemApps\Microsoft.AccountsControl_cw5n1h2txyewy,1.0
4978,AddSuggestedFoldersToLibraryDialog,10.0,Microsoft Corporation Inc.,Application,,C:\Windows\SystemApps\Microsoft.Windows.AddSuggestedFoldersToLibraryDialog_cw5n1h2txyewy,1.0
4978,Antimalware Core Service,4.18,Microsoft Corporation Inc.,Application,,C:\Program Files\Windows Defender,1.0
4978,Antimalware Service Executable,4.18,Microsoft Corporation Inc.,Application,,C:\Program Files\Windows Defender,1.0
4978,AppResolverUX,10.0,Microsoft Corporation Inc.,Application,,C:\Windows\SystemApps\Microsoft.Windows.AppResolverUX_cw5n1h2txyewy,1.0
4978,AsyncTextService,10.0,Microsoft Corporation Inc.,Application,,C:\Windows\SystemApps\Microsoft.AsyncTextService_8wekyb3d8bbwe,1.0
4978,Biometric Enrollment Host,10.0,Microsoft Corporation Inc.,Application,,C:\Windows\SystemApps\Microsoft.BioEnrollment_cw5n1h2txyewy,1.0
4978,BMC Client Management Agent,24.1.01.240624,BMC Software Inc.,Application,,C:\Program Files\BMC Software\Client Management\Client\bin,1.0
4978,BMC Client Management Certificate Generator,24.1.01.240624,BMC Software Inc.,Application,,C:\Program Files\BMC Software\Client Management\Client\bin,1.0
4978,BMC Client Management Chilli Interpreter,24.1.01.240624,BMC Software Inc.,Application,,C:\Program Files\BMC Software\Client Management\Client\bin,1.0
4978,BMC Client Management Direct Access Proxy Agent,24.1.01.240624,BMC Software Inc.,Application,,C:\Program Files\BMC Software\Client Management\Client\bin,1.0
4978,BMC Client Management Opswat Proxy Agent,24.1.01.240624,BMC Software Inc.,Application,,C:\Program Files\BMC Software\Client Management\Client\bin,1.0
4978,BMC Client Management Package Viewer,24.1.01.240624,BMC Software Inc.,Application,,C:\Program Files\BMC Software\Client Management\Client\bin,1.0
4978,BMC Client Management Patch Broker,24.1.01.240624,BMC Software Inc.,Application,,C:\Program Files\BMC Software\Client Management\Client\bin,1.0
4978,BMC Client Management Proxy Agent,24.1.01.240624,BMC Software Inc.,Application,,C:\Program Files\BMC Software\Client Management\Client\bin,1.0
4978,BMC Client Management Remote Control proxy,24.1.01.240624,BMC Software Inc.,Application,,C:\Program Files\BMC Software\Client Management\Client\bin,1.0
4978,BMC Client Management SCAP,24.1.01.240624,BMC Software Inc.,Application,,C:\Program Files\BMC Software\Client Management\Client\bin,1.0
4978,BMC Client Management Video Proxy Agent,24.1.01.240624,BMC Software Inc.,Application,,C:\Program Files\BMC Software\Client Management\Client\bin,1.0
4978,Boot File Servicing Utility,10.0,Microsoft Corporation Inc.,Application,,C:\Windows,1.0
4978,Browser Protection Native Messaging Host,4.18,Microsoft Corporation Inc.,Application,,C:\Program Files\Windows Defender,1.0
4978,BrowserCore,10.0,Microsoft Corporation Inc.,Application,,C:\Windows\BrowserCore,1.0
4978,CameraBarcodeScannerPreview,10.0,Microsoft Corporation Inc.,Application,,C:\Windows\SystemApps\Windows.CBSPreview_cw5n1h2txyewy,1.0
4978,CL5,9.6,Ivanti,Application,,C:\Program Files\BMC Software\Client Management\Client\data\PatchManagementPremium\workspace,1.0
4978,ClickOnce,4.8,Microsoft Corporation Inc.,Application,,C:\Windows\Microsoft.NET\Framework64\v4.0.30319,3.0
4978,Common User Interface,5.8,Musarubra US LLC.,Application,,C:\Program Files\McAfee\Agent\x86,1.0
4978,Copilot,144.0,Microsoft Corporation Inc.,Application,,C:\Program Files (x86)\Microsoft\EdgeWebView\Application\144.0.3719.115,5.0
4978,Copilot Update,1.3,Microsoft Corporation Inc.,Application,,C:\Program Files (x86)\Microsoft\EdgeUpdate,2.0
4978,Create a self-signed digital certificate,15.0,Microsoft Corporation Inc.,Application,,C:\Program Files\Microsoft Office\Office15,1.0
4978,Credential Dialog Host,10.0,Microsoft Corporation Inc.,Application,,C:\Windows\SystemApps\microsoft.creddialoghost_cw5n1h2txyewy,1.0
4978,CrowdStrike Device Control,7.29,CrowdStrike Inc.,Add/Remove Programs,"November 14, 2025 12:00:00 AM",,
4978,CrowdStrike Device Control Support Tool,7.29,CrowdStrike Inc.,Application,,C:\Program Files\CrowdStrike,1.0
4978,CrowdStrike Falcon Connector,7.32,CrowdStrike Inc.,Application,,C:\Program Files\CrowdStrike,1.0
4978,CrowdStrike Falcon Sensor,7.32,CrowdStrike Inc.,Application,,C:\Program Files\CrowdStrike,1.0
4978,CrowdStrike Falcon Sensor Controller,7.32,CrowdStrike Inc.,Application,,C:\Program Files\CrowdStrike,1.0
4978,CrowdStrike Falcon Sensor Service,7.32,CrowdStrike Inc.,Application,,C:\Program Files\CrowdStrike,1.0
4978,CrowdStrike Falcon Sensor Servlet Container,7.32,CrowdStrike Inc.,Application,,C:\Program Files\CrowdStrike,1.0
4978,CrowdStrike Falcon Sensor Settings Tool,7.32,CrowdStrike Inc.,Application,,C:\Program Files\CrowdStrike,1.0
4978,CrowdStrike Falcon Sensor System Tray Application,7.32,CrowdStrike Inc.,Application,,C:\Program Files\CrowdStrike,2.0
4978,CrowdStrike Firmware Analysis,7.14,CrowdStrike Inc.,Add/Remove Programs,"April 17, 2025 12:00:00 AM",,
4978,CrowdStrike Firmware Analysis Support Tool,7.14,CrowdStrike Inc.,Application,,C:\Program Files\CrowdStrike,1.0
4978,CrowdStrike On-Demand Scan Command-line Tool,7.32,CrowdStrike Inc.,Application,,C:\Program Files\CrowdStrike,1.0
4978,CrowdStrike On-Demand Scan Tool,7.32,CrowdStrike Inc.,Application,,C:\Program Files\CrowdStrike,1.0
5070,.NET Runtime Optimization Service,4.8,Microsoft Corporation Inc.,Application,,C:\Windows\Microsoft.NET\Framework64\v4.0.30319,2.0
5070,64Bit MAPI Mail Agent,1.0,Foxit Software Inc.,Application,,C:\Program Files (x86)\Foxit Software\Foxit PDF Reader,1.0
5070,7-Zip 24.08 (x64 edition),24.08,Igor Pavlov,Add/Remove Programs,"November 29, 2024 12:00:00 AM",,
5070,7-Zip Console,24.08,Igor Pavlov,Application,,C:\Program Files\7-Zip,1.0
5070,7-Zip File Manager,24.08,Igor Pavlov,Application,,C:\Program Files\7-Zip,1.0
5070,7-Zip GUI,24.08,Igor Pavlov,Application,,C:\Program Files\7-Zip,1.0
5070,AAD token broker plugin,10.0,Microsoft Corporation Inc.,Application,,C:\Windows\SystemApps\Microsoft.AAD.BrokerPlugin_cw5n1h2txyewy,1.0
5070,Accounts Control Host,10.0,Microsoft Corporation Inc.,Application,,C:\Windows\SystemApps\Microsoft.AccountsControl_cw5n1h2txyewy,1.0
5070,AddSuggestedFoldersToLibraryDialog,10.0,Microsoft Corporation Inc.,Application,,C:\Windows\SystemApps\Microsoft.Windows.AddSuggestedFoldersToLibraryDialog_cw5n1h2txyewy,1.0
5070,Antimalware Service Executable,4.18,Microsoft Corporation Inc.,Application,,C:\Program Files\Windows Defender,1.0
5070,AppResolverUX,10.0,Microsoft Corporation Inc.,Application,,C:\Windows\SystemApps\Microsoft.Windows.AppResolverUX_cw5n1h2txyewy,1.0
5070,AsyncTextService,10.0,Microsoft Corporation Inc.,Application,,C:\Windows\SystemApps\Microsoft.AsyncTextService_8wekyb3d8bbwe,1.0
5070,Biometric Enrollment Host,10.0,Microsoft Corporation Inc.,Application,,C:\Windows\SystemApps\Microsoft.BioEnrollment_cw5n1h2txyewy,1.0
5070,BMC Client Management Agent,24.1.01.240624,BMC Software Inc.,Application,,C:\Program Files\BMC Software\Client Management\Client\bin,1.0
5070,BMC Client Management Certificate Generator,24.1.01.240624,BMC Software Inc.,Application,,C:\Program Files\BMC Software\Client Management\Client\bin,1.0
5070,BMC Client Management Chilli Interpreter,24.1.01.240624,BMC Software Inc.,Application,,C:\Program Files\BMC Software\Client Management\Client\bin,1.0
5070,BMC Client Management Direct Access Proxy Agent,24.1.01.240624,BMC Software Inc.,Application,,C:\Program Files\BMC Software\Client Management\Client\bin,1.0
5070,BMC Client Management Opswat Proxy Agent,24.1.01.240624,BMC Software Inc.,Application,,C:\Program Files\BMC Software\Client Management\Client\bin,1.0
5070,BMC Client Management Package Viewer,24.1.01.240624,BMC Software Inc.,Application,,C:\Program Files\BMC Software\Client Management\Client\bin,1.0
5070,BMC Client Management Patch Broker,24.1.01.240624,BMC Software Inc.,Application,,C:\Program Files\BMC Software\Client Management\Client\bin,1.0
5070,BMC Client Management Proxy Agent,24.1.01.240624,BMC Software Inc.,Application,,C:\Program Files\BMC Software\Client Management\Client\bin,1.0
5070,BMC Client Management Remote Control proxy,24.1.01.240624,BMC Software Inc.,Application,,C:\Program Files\BMC Software\Client Management\Client\bin,1.0
5070,BMC Client Management SCAP,24.1.01.240624,BMC Software Inc.,Application,,C:\Program Files\BMC Software\Client Management\Client\bin,1.0
5070,BMC Client Management Video Proxy Agent,24.1.01.240624,BMC Software Inc.,Application,,C:\Program Files\BMC Software\Client Management\Client\bin,1.0
5070,Boot File Servicing Utility,10.0,Microsoft Corporation Inc.,Application,,C:\Windows,1.0
5070,BrowserCore,10.0,Microsoft Corporation Inc.,Application,,C:\Windows\BrowserCore,1.0
5070,Calling App to host call progress on shell,10.0,Microsoft Corporation Inc.,Application,,C:\Windows\SystemApps\Microsoft.Windows.CallingShellApp_cw5n1h2txyewy,1.0
5070,CameraBarcodeScannerPreview,10.0,Microsoft Corporation Inc.,Application,,C:\Windows\SystemApps\Windows.CBSPreview_cw5n1h2txyewy,1.0
5070,CL5,9.6,Ivanti,Application,,C:\Program Files\BMC Software\Client Management\Client\data\PatchManagementPremium\workspace,4.0
5070,ClickOnce,4.8,Microsoft Corporation Inc.,Application,,C:\Windows\Microsoft.NET\Framework64\v4.0.30319,3.0
5070,Credential Dialog Host,10.0,Microsoft Corporation Inc.,Application,,C:\Windows\SystemApps\microsoft.creddialoghost_cw5n1h2txyewy,1.0
5070,CrowdStrike Device Control,7.29,CrowdStrike Inc.,Add/Remove Programs,"November 14, 2025 12:00:00 AM",,
5070,CrowdStrike Device Control Support Tool,7.29,CrowdStrike Inc.,Application,,C:\Program Files\CrowdStrike,1.0
5070,CrowdStrike Falcon Connector,7.32,CrowdStrike Inc.,Application,,C:\Program Files\CrowdStrike,1.0
5070,CrowdStrike Falcon Sensor,7.32,CrowdStrike Inc.,Application,,C:\Program Files\CrowdStrike,1.0
5070,CrowdStrike Falcon Sensor Controller,7.32,CrowdStrike Inc.,Application,,C:\Program Files\CrowdStrike,1.0
5070,CrowdStrike Falcon Sensor Service,7.32,CrowdStrike Inc.,Application,,C:\Program Files\CrowdStrike,1.0
5070,CrowdStrike Falcon Sensor Servlet Container,7.32,CrowdStrike Inc.,Application,,C:\Program Files\CrowdStrike,1.0
5070,CrowdStrike Falcon Sensor Settings Tool,7.32,CrowdStrike Inc.,Application,,C:\Program Files\CrowdStrike,1.0
5070,CrowdStrike Falcon Sensor System Tray Application,7.32,CrowdStrike Inc.,Application,,C:\Program Files\CrowdStrike,2.0
5070,CrowdStrike Firmware Analysis,7.14,CrowdStrike Inc.,Add/Remove Programs,"January 07, 2025 12:00:00 AM",,
5070,CrowdStrike Firmware Analysis Support Tool,7.14,CrowdStrike Inc.,Application,,C:\Program Files\CrowdStrike,1.0
5070,CrowdStrike Forensic Data Collection Tool,1.0,CrowdStrike Inc.,Application,,C:,2.0
5070,CrowdStrike On-Demand Scan Command-line Tool,7.32,CrowdStrike Inc.,Application,,C:\Program Files\CrowdStrike,1.0
5070,CrowdStrike On-Demand Scan Tool,7.32,CrowdStrike Inc.,Application,,C:\Program Files\CrowdStrike,1.0
5070,CrowdStrike Sensor Platform,7.32,CrowdStrike Inc.,Add/Remove Programs,"January 14, 2026 12:00:00 AM",,
5070,CrowdStrike Windows Sensor,7.32,CrowdStrike Inc.,Add/Remove Programs,"January 14, 2026 12:00:00 AM",,
5070,CrowdStrike Windows Sensor,6.54,CrowdStrike Inc.,Application,,C:\Users\Administrator\Desktop\crowdstrike,1.0
5070,CxAudioSvc,1.0,Conexant Systems LLC.,Application,,C:\Windows\CxSvc,1.0
5070,Direct To Update Driver,10.0,Microsoft Corporation Inc.,Application,,C:\Program Files\RUXIM,1.0
4995,.NET Framework,3.0,Microsoft Corporation Inc.,Application,,C:\Windows\Microsoft.NET\Framework64\v3.0\Windows Communication Foundation,2.0
4995,.NET Runtime Optimization Service,4.8,Microsoft Corporation Inc.,Application,,C:\Windows\Microsoft.NET\Framework64\v4.0.30319,2.0
4995,.NET Runtime Optimization Service,2.0,Microsoft Corporation Inc.,Application,,C:\Windows\Microsoft.NET\Framework64\v2.0.50727,2.0
4995,64Bit MAPI Mail Agent,1.0,Foxit Software Inc.,Application,,C:\Program Files (x86)\Foxit Software\Foxit PDF Reader,1.0
4995,7-Zip 24.08 (x64 edition),24.08,Igor Pavlov,Add/Remove Programs,"November 26, 2024 12:00:00 AM",,
4995,7-Zip Console,24.08,Igor Pavlov,Application,,C:\Program Files\7-Zip,1.0
4995,7-Zip File Manager,24.08,Igor Pavlov,Application,,C:\Program Files\7-Zip,1.0
4995,7-Zip GUI,24.08,Igor Pavlov,Application,,C:\Program Files\7-Zip,1.0
4995,AAD token broker plugin,10.0,Microsoft Corporation Inc.,Application,,C:\Windows\SystemApps\Microsoft.AAD.BrokerPlugin_cw5n1h2txyewy,1.0
4995,Accounts Control Host,10.0,Microsoft Corporation Inc.,Application,,C:\Windows\SystemApps\Microsoft.AccountsControl_cw5n1h2txyewy,1.0
4995,AddSuggestedFoldersToLibraryDialog,10.0,Microsoft Corporation Inc.,Application,,C:\Windows\SystemApps\Microsoft.Windows.AddSuggestedFoldersToLibraryDialog_cw5n1h2txyewy,1.0
4995,AntiMalware Platform Update (amd64fre),4.18,Microsoft Corporation Inc.,Application,,C:\Windows\SystemTemp,1.0
4995,Antimalware Service Executable,4.18,Microsoft Corporation Inc.,Application,,C:\Program Files\Windows Defender,1.0
4995,AppResolverUX,10.0,Microsoft Corporation Inc.,Application,,C:\Windows\SystemApps\Microsoft.Windows.AppResolverUX_cw5n1h2txyewy,1.0
4995,AsyncTextService,10.0,Microsoft Corporation Inc.,Application,,C:\Windows\SystemApps\Microsoft.AsyncTextService_8wekyb3d8bbwe,1.0
4995,Biometric Enrollment Host,10.0,Microsoft Corporation Inc.,Application,,C:\Windows\SystemApps\Microsoft.BioEnrollment_cw5n1h2txyewy,1.0
4995,BMC Client Management Agent,24.1.01.240624,BMC Software Inc.,Application,,C:\Program Files\BMC Software\Client Management\Client\bin,1.0
4995,BMC Client Management Certificate Generator,24.1.01.240624,BMC Software Inc.,Application,,C:\Program Files\BMC Software\Client Management\Client\bin,1.0
4995,BMC Client Management Chilli Interpreter,24.1.01.240624,BMC Software Inc.,Application,,C:\Program Files\BMC Software\Client Management\Client\bin,1.0
4995,BMC Client Management Direct Access Proxy Agent,24.1.01.240624,BMC Software Inc.,Application,,C:\Program Files\BMC Software\Client Management\Client\bin,1.0
4995,BMC Client Management Opswat Proxy Agent,24.1.01.240624,BMC Software Inc.,Application,,C:\Program Files\BMC Software\Client Management\Client\bin,1.0
4995,BMC Client Management Package Viewer,24.1.01.240624,BMC Software Inc.,Application,,C:\Program Files\BMC Software\Client Management\Client\bin,1.0
4995,BMC Client Management Patch Broker,24.1.01.240624,BMC Software Inc.,Application,,C:\Program Files\BMC Software\Client Management\Client\bin,1.0
4995,BMC Client Management Proxy Agent,24.1.01.240624,BMC Software Inc.,Application,,C:\Program Files\BMC Software\Client Management\Client\bin,1.0
4995,BMC Client Management Remote Control proxy,24.1.01.240624,BMC Software Inc.,Application,,C:\Program Files\BMC Software\Client Management\Client\bin,1.0
4995,BMC Client Management SCAP,24.1.01.240624,BMC Software Inc.,Application,,C:\Program Files\BMC Software\Client Management\Client\bin,1.0
4995,BMC Client Management Video Proxy Agent,24.1.01.240624,BMC Software Inc.,Application,,C:\Program Files\BMC Software\Client Management\Client\bin,1.0
4995,Boot File Servicing Utility,10.0,Microsoft Corporation Inc.,Application,,C:\Windows,1.0
4995,BrowserCore,10.0,Microsoft Corporation Inc.,Application,,C:\Windows\BrowserCore,1.0
4995,Calling App to host call progress on shell,10.0,Microsoft Corporation Inc.,Application,,C:\Windows\SystemApps\Microsoft.Windows.CallingShellApp_cw5n1h2txyewy,1.0
4995,CameraBarcodeScannerPreview,10.0,Microsoft Corporation Inc.,Application,,C:\Windows\SystemApps\Windows.CBSPreview_cw5n1h2txyewy,1.0
4995,CL5,9.6,Ivanti,Application,,C:\Program Files\BMC Software\Client Management\Client\data\PatchManagementPremium\workspace,7.0
4995,ClickOnce,4.8,Microsoft Corporation Inc.,Application,,C:\Windows\Microsoft.NET\Framework64\v4.0.30319,3.0
4995,Credential Dialog Host,10.0,Microsoft Corporation Inc.,Application,,C:\Windows\SystemApps\microsoft.creddialoghost_cw5n1h2txyewy,1.0
4995,CrowdStrike Device Control,7.29,CrowdStrike Inc.,Add/Remove Programs,"November 14, 2025 12:00:00 AM",,
4995,CrowdStrike Device Control Support Tool,7.29,CrowdStrike Inc.,Application,,C:\Program Files\CrowdStrike,1.0
4995,CrowdStrike Falcon Connector,7.32,CrowdStrike Inc.,Application,,C:\Program Files\CrowdStrike,1.0
4995,CrowdStrike Falcon Sensor,7.32,CrowdStrike Inc.,Application,,C:\Program Files\CrowdStrike,1.0
4995,CrowdStrike Falcon Sensor Controller,7.32,CrowdStrike Inc.,Application,,C:\Program Files\CrowdStrike,1.0
4995,CrowdStrike Falcon Sensor Service,7.32,CrowdStrike Inc.,Application,,C:\Program Files\CrowdStrike,1.0
4995,CrowdStrike Falcon Sensor Servlet Container,7.32,CrowdStrike Inc.,Application,,C:\Program Files\CrowdStrike,1.0
4995,CrowdStrike Falcon Sensor Settings Tool,7.32,CrowdStrike Inc.,Application,,C:\Program Files\CrowdStrike,1.0
4995,CrowdStrike Falcon Sensor System Tray Application,7.32,CrowdStrike Inc.,Application,,C:\Program Files\CrowdStrike,2.0
4995,CrowdStrike Firmware Analysis,7.14,CrowdStrike Inc.,Add/Remove Programs,"April 29, 2025 12:00:00 AM",,
4995,CrowdStrike Firmware Analysis Support Tool,7.14,CrowdStrike Inc.,Application,,C:\Program Files\CrowdStrike,1.0
4995,CrowdStrike On-Demand Scan Command-line Tool,7.32,CrowdStrike Inc.,Application,,C:\Program Files\CrowdStrike,1.0
4995,CrowdStrike On-Demand Scan Tool,7.32,CrowdStrike Inc.,Application,,C:\Program Files\CrowdStrike,1.0
4995,CrowdStrike Sensor Platform,7.32,CrowdStrike Inc.,Add/Remove Programs,"January 15, 2026 12:00:00 AM",,
4995,CrowdStrike Windows Sensor,7.32,CrowdStrike Inc.,Add/Remove Programs,"January 15, 2026 12:00:00 AM",,
4995,EC App,10.0,Microsoft Corporation Inc.,Application,,C:\Windows\SystemApps\Microsoft.ECApp_8wekyb3d8bbwe,1.0
5079,.NET Runtime Optimization Service,4.8,Microsoft Corporation Inc.,Application,,C:\Windows\Microsoft.NET\Framework64\v4.0.30319,2.0
5079,64Bit MAPI Mail Agent,1.0,Foxit Software Inc.,Application,,C:\Program Files (x86)\Foxit Software\Foxit PDF Reader,1.0
5079,7-Zip 24.08 (x64 edition),24.08,Igor Pavlov,Add/Remove Programs,"November 26, 2024 12:00:00 AM",,
5079,7-Zip Console,24.08,Igor Pavlov,Application,,C:\Program Files\7-Zip,1.0
5079,7-Zip File Manager,24.08,Igor Pavlov,Application,,C:\Program Files\7-Zip,1.0
5079,7-Zip GUI,24.08,Igor Pavlov,Application,,C:\Program Files\7-Zip,1.0
5079,AAD token broker plugin,10.0,Microsoft Corporation Inc.,Application,,C:\Windows\SystemApps\Microsoft.AAD.BrokerPlugin_cw5n1h2txyewy,1.0
5079,Accounts Control Host,10.0,Microsoft Corporation Inc.,Application,,C:\Windows\SystemApps\Microsoft.AccountsControl_cw5n1h2txyewy,1.0
5079,AddSuggestedFoldersToLibraryDialog,10.0,Microsoft Corporation Inc.,Application,,C:\Windows\SystemApps\Microsoft.Windows.AddSuggestedFoldersToLibraryDialog_cw5n1h2txyewy,1.0
5079,Antimalware Service Executable,4.18,Microsoft Corporation Inc.,Application,,C:\Program Files\Windows Defender,1.0
5079,AppResolverUX,10.0,Microsoft Corporation Inc.,Application,,C:\Windows\SystemApps\Microsoft.Windows.AppResolverUX_cw5n1h2txyewy,1.0
5079,AsyncTextService,10.0,Microsoft Corporation Inc.,Application,,C:\Windows\SystemApps\Microsoft.AsyncTextService_8wekyb3d8bbwe,1.0
5079,Biometric Enrollment Host,10.0,Microsoft Corporation Inc.,Application,,C:\Windows\SystemApps\Microsoft.BioEnrollment_cw5n1h2txyewy,1.0
5079,BMC Client Management Agent,24.1.01.240624,BMC Software Inc.,Application,,C:\Program Files\BMC Software\Client Management\Client\bin,1.0
5079,BMC Client Management Certificate Generator,24.1.01.240624,BMC Software Inc.,Application,,C:\Program Files\BMC Software\Client Management\Client\bin,1.0
5079,BMC Client Management Chilli Interpreter,24.1.01.240624,BMC Software Inc.,Application,,C:\Program Files\BMC Software\Client Management\Client\bin,1.0
5079,BMC Client Management Direct Access Proxy Agent,24.1.01.240624,BMC Software Inc.,Application,,C:\Program Files\BMC Software\Client Management\Client\bin,1.0
5079,BMC Client Management Opswat Proxy Agent,24.1.01.240624,BMC Software Inc.,Application,,C:\Program Files\BMC Software\Client Management\Client\bin,1.0
5079,BMC Client Management Package Viewer,24.1.01.240624,BMC Software Inc.,Application,,C:\Program Files\BMC Software\Client Management\Client\bin,1.0
5079,BMC Client Management Patch Broker,24.1.01.240624,BMC Software Inc.,Application,,C:\Program Files\BMC Software\Client Management\Client\bin,1.0
5079,BMC Client Management Proxy Agent,24.1.01.240624,BMC Software Inc.,Application,,C:\Program Files\BMC Software\Client Management\Client\bin,1.0
5079,BMC Client Management Remote Control proxy,24.1.01.240624,BMC Software Inc.,Application,,C:\Program Files\BMC Software\Client Management\Client\bin,1.0
5079,BMC Client Management SCAP,24.1.01.240624,BMC Software Inc.,Application,,C:\Program Files\BMC Software\Client Management\Client\bin,1.0
5079,BMC Client Management Video Proxy Agent,24.1.01.240624,BMC Software Inc.,Application,,C:\Program Files\BMC Software\Client Management\Client\bin,1.0
5079,Boot File Servicing Utility,10.0,Microsoft Corporation Inc.,Application,,C:\Windows,1.0
5079,BrowserCore,10.0,Microsoft Corporation Inc.,Application,,C:\Windows\BrowserCore,1.0
5079,Calling App to host call progress on shell,10.0,Microsoft Corporation Inc.,Application,,C:\Windows\SystemApps\Microsoft.Windows.CallingShellApp_cw5n1h2txyewy,1.0
5079,CameraBarcodeScannerPreview,10.0,Microsoft Corporation Inc.,Application,,C:\Windows\SystemApps\Windows.CBSPreview_cw5n1h2txyewy,1.0
5079,ChromeEnterpriseCompanion,143.0,Google LLC,Application,,C:\Windows\SystemTemp\scoped_dir15568_1437802948\scoped_dir15568_303889146,1.0
5079,CL5,9.6,Ivanti,Application,,C:\Program Files\BMC Software\Client Management\Client\data\PatchManagementPremium\workspace,3.0
5079,ClickOnce,4.8,Microsoft Corporation Inc.,Application,,C:\Windows\Microsoft.NET\Framework64\v4.0.30319,3.0
5079,Common User Interface,5.8,Musarubra US LLC.,Application,,C:\Program Files\McAfee\Agent\x86,1.0
5079,Credential Dialog Host,10.0,Microsoft Corporation Inc.,Application,,C:\Windows\SystemApps\microsoft.creddialoghost_cw5n1h2txyewy,1.0
5079,CrowdStrike Device Control,7.29,CrowdStrike Inc.,Add/Remove Programs,"November 14, 2025 12:00:00 AM",,
5079,CrowdStrike Device Control Support Tool,7.29,CrowdStrike Inc.,Application,,C:\Program Files\CrowdStrike,1.0
5079,CrowdStrike Falcon Connector,7.32,CrowdStrike Inc.,Application,,C:\Program Files\CrowdStrike,1.0
5079,CrowdStrike Falcon Sensor,7.32,CrowdStrike Inc.,Application,,C:\Program Files\CrowdStrike,1.0
5079,CrowdStrike Falcon Sensor Controller,7.32,CrowdStrike Inc.,Application,,C:\Program Files\CrowdStrike,1.0
5079,CrowdStrike Falcon Sensor Service,7.32,CrowdStrike Inc.,Application,,C:\Program Files\CrowdStrike,1.0
5079,CrowdStrike Falcon Sensor Servlet Container,7.32,CrowdStrike Inc.,Application,,C:\Program Files\CrowdStrike,1.0
5079,CrowdStrike Falcon Sensor Settings Tool,7.32,CrowdStrike Inc.,Application,,C:\Program Files\CrowdStrike,1.0
5079,CrowdStrike Falcon Sensor System Tray Application,7.32,CrowdStrike Inc.,Application,,C:\Program Files\CrowdStrike,2.0
5079,CrowdStrike Firmware Analysis,7.14,CrowdStrike Inc.,Add/Remove Programs,"April 17, 2025 12:00:00 AM",,
5079,CrowdStrike Firmware Analysis Support Tool,7.14,CrowdStrike Inc.,Application,,C:\Program Files\CrowdStrike,1.0
5079,CrowdStrike Forensic Data Collection Tool,1.0,CrowdStrike Inc.,Application,,C:,2.0
5079,CrowdStrike On-Demand Scan Command-line Tool,7.32,CrowdStrike Inc.,Application,,C:\Program Files\CrowdStrike,1.0
5079,CrowdStrike On-Demand Scan Tool,7.32,CrowdStrike Inc.,Application,,C:\Program Files\CrowdStrike,1.0
5079,CrowdStrike Sensor Platform,7.32,CrowdStrike Inc.,Add/Remove Programs,"January 14, 2026 12:00:00 AM",,
5079,CrowdStrike Windows Sensor,7.32,CrowdStrike Inc.,Add/Remove Programs,"January 14, 2026 12:00:00 AM",,
5079,CrowdStrike Windows Sensor,6.54,CrowdStrike Inc.,Application,,C:\Users\Administrator\Desktop\crowdstrike,1.0
5003,.NET Framework,3.0,Microsoft Corporation Inc.,Application,,C:\Windows\Microsoft.NET\Framework64\v3.0\Windows Communication Foundation,2.0
5003,.NET Runtime Optimization Service,2.0,Microsoft Corporation Inc.,Application,,C:\Windows\Microsoft.NET\Framework64\v2.0.50727,2.0
5003,.NET Runtime Optimization Service,4.8,Microsoft Corporation Inc.,Application,,C:\Windows\Microsoft.NET\Framework64\v4.0.30319,2.0
5003,64Bit MAPI Mail Agent,1.0,Foxit Software Inc.,Application,,C:\Program Files (x86)\Foxit Software\Foxit Reader,1.0
5003,7-Zip 24.08 (x64 edition),24.08,Igor Pavlov,Add/Remove Programs,"November 28, 2024 12:00:00 AM",,
5003,7-Zip Console,24.08,Igor Pavlov,Application,,C:\Program Files\7-Zip,1.0
5003,7-Zip File Manager,24.08,Igor Pavlov,Application,,C:\Program Files\7-Zip,1.0
5003,7-Zip GUI,24.08,Igor Pavlov,Application,,C:\Program Files\7-Zip,1.0
5003,Accounts Control Host,10.0,Microsoft Corporation Inc.,Application,,C:\Windows\SystemApps\Microsoft.AccountsControl_cw5n1h2txyewy,1.0
5003,AddSuggestedFoldersToLibraryDialog,10.0,Microsoft Corporation Inc.,Application,,C:\Windows\SystemApps\Microsoft.Windows.AddSuggestedFoldersToLibraryDialog_cw5n1h2txyewy,1.0
5003,Antimalware Core Service,4.18,Microsoft Corporation Inc.,Application,,C:\Program Files\Windows Defender,1.0
5003,Antimalware Service Executable,4.18,Microsoft Corporation Inc.,Application,,C:\Program Files\Windows Defender,1.0
5003,AppResolverUX,10.0,Microsoft Corporation Inc.,Application,,C:\Windows\SystemApps\Microsoft.Windows.AppResolverUX_cw5n1h2txyewy,1.0
5003,AsyncTextService,10.0,Microsoft Corporation Inc.,Application,,C:\Windows\SystemApps\Microsoft.AsyncTextService_8wekyb3d8bbwe,1.0
5003,Biometric Enrollment Host,10.0,Microsoft Corporation Inc.,Application,,C:\Windows\SystemApps\Microsoft.BioEnrollment_cw5n1h2txyewy,1.0
5003,BMC Client Management Agent,24.1.01.240624,BMC Software Inc.,Application,,C:\Program Files\BMC Software\Client Management\Client\bin,1.0
5003,BMC Client Management Certificate Generator,24.1.01.240624,BMC Software Inc.,Application,,C:\Program Files\BMC Software\Client Management\Client\bin,1.0
5003,BMC Client Management Chilli Interpreter,24.1.01.240624,BMC Software Inc.,Application,,C:\Program Files\BMC Software\Client Management\Client\bin,1.0
5003,BMC Client Management Direct Access Proxy Agent,24.1.01.240624,BMC Software Inc.,Application,,C:\Program Files\BMC Software\Client Management\Client\bin,1.0
5003,BMC Client Management Opswat Proxy Agent,24.1.01.240624,BMC Software Inc.,Application,,C:\Program Files\BMC Software\Client Management\Client\bin,1.0
5003,BMC Client Management Package Viewer,24.1.01.240624,BMC Software Inc.,Application,,C:\Program Files\BMC Software\Client Management\Client\bin,1.0
5003,BMC Client Management Patch Broker,24.1.01.240624,BMC Software Inc.,Application,,C:\Program Files\BMC Software\Client Management\Client\bin,1.0
5003,BMC Client Management Proxy Agent,24.1.01.240624,BMC Software Inc.,Application,,C:\Program Files\BMC Software\Client Management\Client\bin,1.0
5003,BMC Client Management Remote Control proxy,24.1.01.240624,BMC Software Inc.,Application,,C:\Program Files\BMC Software\Client Management\Client\bin,1.0
5003,BMC Client Management SCAP,24.1.01.240624,BMC Software Inc.,Application,,C:\Program Files\BMC Software\Client Management\Client\bin,1.0
5003,BMC Client Management Video Proxy Agent,24.1.01.240624,BMC Software Inc.,Application,,C:\Program Files\BMC Software\Client Management\Client\bin,1.0
5003,Boot File Servicing Utility,10.0,Microsoft Corporation Inc.,Application,,C:\Windows,1.0
5003,Browser Protection Native Messaging Host,4.18,Microsoft Corporation Inc.,Application,,C:\Program Files\Windows Defender,1.0
5003,BrowserCore,10.0,Microsoft Corporation Inc.,Application,,C:\Windows\BrowserCore,1.0
5003,CameraBarcodeScannerPreview,10.0,Microsoft Corporation Inc.,Application,,C:\Windows\SystemApps\Windows.CBSPreview_cw5n1h2txyewy,1.0
5003,CL5,9.6,Ivanti,Application,,C:\Program Files\BMC Software\Client Management\Client\data\PatchManagementPremium\workspace,1.0
5003,ClickOnce,4.8,Microsoft Corporation Inc.,Application,,C:\Windows\Microsoft.NET\Framework64\v4.0.30319,3.0
5003,Common User Interface,5.8,Musarubra US LLC.,Application,,C:\Program Files\McAfee\Agent\x86,1.0
5003,Copilot,144.0,Microsoft Corporation Inc.,Application,,C:\Program Files (x86)\Microsoft\EdgeWebView\Application\144.0.3719.115,3.0
5003,Copilot Update,1.3,Microsoft Corporation Inc.,Application,,C:\Program Files (x86)\Microsoft\EdgeUpdate,2.0
5003,Create a self-signed digital certificate,15.0,Microsoft Corporation Inc.,Application,,C:\Program Files\Microsoft Office\Office15,1.0
5003,Create Virtual Machine,10.0,Microsoft Corporation Inc.,Application,,C:\Program Files\Hyper-V,1.0
5003,Credential Dialog Host,10.0,Microsoft Corporation Inc.,Application,,C:\Windows\SystemApps\microsoft.creddialoghost_cw5n1h2txyewy,1.0
5003,CrowdStrike Device Control,7.29,CrowdStrike Inc.,Add/Remove Programs,"November 14, 2025 12:00:00 AM",,
5003,CrowdStrike Device Control Support Tool,7.29,CrowdStrike Inc.,Application,,C:\Program Files\CrowdStrike,1.0
5003,CrowdStrike Falcon Connector,7.32,CrowdStrike Inc.,Application,,C:\Program Files\CrowdStrike,1.0
5003,CrowdStrike Falcon Sensor,7.32,CrowdStrike Inc.,Application,,C:\Program Files\CrowdStrike,1.0
5003,CrowdStrike Falcon Sensor Controller,7.32,CrowdStrike Inc.,Application,,C:\Program Files\CrowdStrike,1.0
5003,CrowdStrike Falcon Sensor Service,7.32,CrowdStrike Inc.,Application,,C:\Program Files\CrowdStrike,1.0
5003,CrowdStrike Falcon Sensor Servlet Container,7.32,CrowdStrike Inc.,Application,,C:\Program Files\CrowdStrike,1.0
5003,CrowdStrike Falcon Sensor Settings Tool,7.32,CrowdStrike Inc.,Application,,C:\Program Files\CrowdStrike,1.0
5003,CrowdStrike Falcon Sensor System Tray Application,7.32,CrowdStrike Inc.,Application,,C:\Program Files\CrowdStrike,2.0
5003,CrowdStrike Firmware Analysis,7.14,CrowdStrike Inc.,Add/Remove Programs,"November 21, 2024 12:00:00 AM",,
5003,CrowdStrike Firmware Analysis Support Tool,7.14,CrowdStrike Inc.,Application,,C:\Program Files\CrowdStrike,1.0
5003,CrowdStrike On-Demand Scan Command-line Tool,7.32,CrowdStrike Inc.,Application,,C:\Program Files\CrowdStrike,1.0
4998,.NET Framework,3.0,Microsoft Corporation Inc.,Application,,C:\Windows\Microsoft.NET\Framework64\v3.0\Windows Communication Foundation,2.0
4998,.NET Runtime Optimization Service,4.8,Microsoft Corporation Inc.,Application,,C:\Windows\Microsoft.NET\Framework64\v4.0.30319,2.0
4998,.NET Runtime Optimization Service,2.0,Microsoft Corporation Inc.,Application,,C:\Windows\Microsoft.NET\Framework64\v2.0.50727,2.0
4998,64Bit MAPI Mail Agent,1.0,Foxit Software Inc.,Application,,C:\Program Files (x86)\Foxit Software\Foxit Reader,1.0
4998,7-Zip 24.08 (x64 edition),24.08,Igor Pavlov,Add/Remove Programs,"November 29, 2024 12:00:00 AM",,
4998,7-Zip Console,24.08,Igor Pavlov,Application,,C:\Program Files\7-Zip,1.0
4998,7-Zip File Manager,24.08,Igor Pavlov,Application,,C:\Program Files\7-Zip,1.0
4998,7-Zip GUI,24.08,Igor Pavlov,Application,,C:\Program Files\7-Zip,1.0
4998,AAD token broker plugin,10.0,Microsoft Corporation Inc.,Application,,C:\Windows\SystemApps\Microsoft.AAD.BrokerPlugin_cw5n1h2txyewy,1.0
4998,Accounts Control Host,10.0,Microsoft Corporation Inc.,Application,,C:\Windows\SystemApps\Microsoft.AccountsControl_cw5n1h2txyewy,1.0
4998,AddSuggestedFoldersToLibraryDialog,10.0,Microsoft Corporation Inc.,Application,,C:\Windows\SystemApps\Microsoft.Windows.AddSuggestedFoldersToLibraryDialog_cw5n1h2txyewy,1.0
4998,Antimalware Service Executable,4.18,Microsoft Corporation Inc.,Application,,C:\Program Files\Windows Defender,1.0
4998,AppResolverUX,10.0,Microsoft Corporation Inc.,Application,,C:\Windows\SystemApps\Microsoft.Windows.AppResolverUX_cw5n1h2txyewy,1.0
4998,AsyncTextService,10.0,Microsoft Corporation Inc.,Application,,C:\Windows\SystemApps\Microsoft.AsyncTextService_8wekyb3d8bbwe,1.0
4998,Biometric Enrollment Host,10.0,Microsoft Corporation Inc.,Application,,C:\Windows\SystemApps\Microsoft.BioEnrollment_cw5n1h2txyewy,1.0
4998,BMC Client Management Agent,24.1.01.240624,BMC Software Inc.,Application,,C:\Program Files\BMC Software\Client Management\Client\bin,1.0
4998,BMC Client Management Certificate Generator,24.1.01.240624,BMC Software Inc.,Application,,C:\Program Files\BMC Software\Client Management\Client\bin,1.0
4998,BMC Client Management Chilli Interpreter,24.1.01.240624,BMC Software Inc.,Application,,C:\Program Files\BMC Software\Client Management\Client\bin,1.0
4998,BMC Client Management Direct Access Proxy Agent,24.1.01.240624,BMC Software Inc.,Application,,C:\Program Files\BMC Software\Client Management\Client\bin,1.0
4998,BMC Client Management Opswat Proxy Agent,24.1.01.240624,BMC Software Inc.,Application,,C:\Program Files\BMC Software\Client Management\Client\bin,1.0
4998,BMC Client Management Package Viewer,24.1.01.240624,BMC Software Inc.,Application,,C:\Program Files\BMC Software\Client Management\Client\bin,1.0
4998,BMC Client Management Patch Broker,24.1.01.240624,BMC Software Inc.,Application,,C:\Program Files\BMC Software\Client Management\Client\bin,1.0
4998,BMC Client Management Proxy Agent,24.1.01.240624,BMC Software Inc.,Application,,C:\Program Files\BMC Software\Client Management\Client\bin,1.0
4998,BMC Client Management Remote Control proxy,24.1.01.240624,BMC Software Inc.,Application,,C:\Program Files\BMC Software\Client Management\Client\bin,1.0
4998,BMC Client Management SCAP,24.1.01.240624,BMC Software Inc.,Application,,C:\Program Files\BMC Software\Client Management\Client\bin,1.0
4998,BMC Client Management Video Proxy Agent,24.1.01.240624,BMC Software Inc.,Application,,C:\Program Files\BMC Software\Client Management\Client\bin,1.0
4998,Boot File Servicing Utility,10.0,Microsoft Corporation Inc.,Application,,C:\Windows,1.0
4998,BrowserCore,10.0,Microsoft Corporation Inc.,Application,,C:\Windows\BrowserCore,1.0
4998,Calling App to host call progress on shell,10.0,Microsoft Corporation Inc.,Application,,C:\Windows\SystemApps\Microsoft.Windows.CallingShellApp_cw5n1h2txyewy,1.0
4998,CameraBarcodeScannerPreview,10.0,Microsoft Corporation Inc.,Application,,C:\Windows\SystemApps\Windows.CBSPreview_cw5n1h2txyewy,1.0
4998,CL5,9.6,Ivanti,Application,,C:\Program Files\BMC Software\Client Management\Client\data\PatchManagementPremium\workspace,5.0
4998,ClickOnce,4.8,Microsoft Corporation Inc.,Application,,C:\Windows\Microsoft.NET\Framework64\v4.0.30319,3.0
4998,Common User Interface,5.8,Musarubra US LLC.,Application,,C:\Program Files\McAfee\Agent\x86,1.0
4998,Create Virtual Machine,10.0,Microsoft Corporation Inc.,Application,,C:\Program Files\Hyper-V,1.0
4998,Credential Dialog Host,10.0,Microsoft Corporation Inc.,Application,,C:\Windows\SystemApps\microsoft.creddialoghost_cw5n1h2txyewy,1.0
4998,CrowdStrike Device Control,7.29,CrowdStrike Inc.,Add/Remove Programs,"November 14, 2025 12:00:00 AM",,
4998,CrowdStrike Device Control Support Tool,7.29,CrowdStrike Inc.,Application,,C:\Program Files\CrowdStrike,1.0
4998,CrowdStrike Falcon Connector,7.32,CrowdStrike Inc.,Application,,C:\Program Files\CrowdStrike,1.0
4998,CrowdStrike Falcon Sensor,7.32,CrowdStrike Inc.,Application,,C:\Program Files\CrowdStrike,1.0
4998,CrowdStrike Falcon Sensor Controller,7.32,CrowdStrike Inc.,Application,,C:\Program Files\CrowdStrike,1.0
4998,CrowdStrike Falcon Sensor Service,7.32,CrowdStrike Inc.,Application,,C:\Program Files\CrowdStrike,1.0
4998,CrowdStrike Falcon Sensor Servlet Container,7.32,CrowdStrike Inc.,Application,,C:\Program Files\CrowdStrike,1.0
4998,CrowdStrike Falcon Sensor Settings Tool,7.32,CrowdStrike Inc.,Application,,C:\Program Files\CrowdStrike,1.0
4998,CrowdStrike Falcon Sensor System Tray Application,7.32,CrowdStrike Inc.,Application,,C:\Program Files\CrowdStrike,2.0
4998,CrowdStrike Firmware Analysis,7.14,CrowdStrike Inc.,Add/Remove Programs,"May 22, 2025 12:00:00 AM",,
4998,CrowdStrike Firmware Analysis Support Tool,7.14,CrowdStrike Inc.,Application,,C:\Program Files\CrowdStrike,1.0
4998,CrowdStrike On-Demand Scan Command-line Tool,7.32,CrowdStrike Inc.,Application,,C:\Program Files\CrowdStrike,1.0
4998,CrowdStrike On-Demand Scan Tool,7.32,CrowdStrike Inc.,Application,,C:\Program Files\CrowdStrike,1.0
4998,CrowdStrike Sensor Platform,7.32,CrowdStrike Inc.,Add/Remove Programs,"January 14, 2026 12:00:00 AM",,
4998,CrowdStrike Windows Sensor,7.32,CrowdStrike Inc.,Add/Remove Programs,"January 14, 2026 12:00:00 AM",,
4989,.NET Runtime Optimization Service,4.8,Microsoft Corporation Inc.,Application,,C:\Windows\Microsoft.NET\Framework64\v4.0.30319,2.0
4989,64Bit MAPI Mail Agent,1.0,Foxit Software Inc.,Application,,C:\Program Files (x86)\Foxit Software\Foxit PDF Reader,1.0
4989,7-Zip 24.08 (x64 edition),24.08,Igor Pavlov,Add/Remove Programs,"November 26, 2024 12:00:00 AM",,
4989,7-Zip Console,24.08,Igor Pavlov,Application,,C:\Program Files\7-Zip,1.0
4989,7-Zip File Manager,24.08,Igor Pavlov,Application,,C:\Program Files\7-Zip,1.0
4989,7-Zip GUI,24.08,Igor Pavlov,Application,,C:\Program Files\7-Zip,1.0
4989,AAD token broker plugin,10.0,Microsoft Corporation Inc.,Application,,C:\Windows\SystemApps\Microsoft.AAD.BrokerPlugin_cw5n1h2txyewy,1.0
4989,Accounts Control Host,10.0,Microsoft Corporation Inc.,Application,,C:\Windows\SystemApps\Microsoft.AccountsControl_cw5n1h2txyewy,1.0
4989,AddSuggestedFoldersToLibraryDialog,10.0,Microsoft Corporation Inc.,Application,,C:\Windows\SystemApps\Microsoft.Windows.AddSuggestedFoldersToLibraryDialog_cw5n1h2txyewy,1.0
4989,Antimalware Service Executable,4.18,Microsoft Corporation Inc.,Application,,C:\Program Files\Windows Defender,1.0
4989,AppResolverUX,10.0,Microsoft Corporation Inc.,Application,,C:\Windows\SystemApps\Microsoft.Windows.AppResolverUX_cw5n1h2txyewy,1.0
4989,AsyncTextService,10.0,Microsoft Corporation Inc.,Application,,C:\Windows\SystemApps\Microsoft.AsyncTextService_8wekyb3d8bbwe,1.0
4989,Biometric Enrollment Host,10.0,Microsoft Corporation Inc.,Application,,C:\Windows\SystemApps\Microsoft.BioEnrollment_cw5n1h2txyewy,1.0
4989,BMC Client Management Agent,24.1.01.240624,BMC Software Inc.,Application,,C:\Program Files\BMC Software\Client Management\Client\bin,1.0
4989,BMC Client Management Certificate Generator,24.1.01.240624,BMC Software Inc.,Application,,C:\Program Files\BMC Software\Client Management\Client\bin,1.0
4989,BMC Client Management Chilli Interpreter,24.1.01.240624,BMC Software Inc.,Application,,C:\Program Files\BMC Software\Client Management\Client\bin,1.0
4989,BMC Client Management Direct Access Proxy Agent,24.1.01.240624,BMC Software Inc.,Application,,C:\Program Files\BMC Software\Client Management\Client\bin,1.0
4989,BMC Client Management Opswat Proxy Agent,24.1.01.240624,BMC Software Inc.,Application,,C:\Program Files\BMC Software\Client Management\Client\bin,1.0
4989,BMC Client Management Package Viewer,24.1.01.240624,BMC Software Inc.,Application,,C:\Program Files\BMC Software\Client Management\Client\bin,1.0
4989,BMC Client Management Patch Broker,24.1.01.240624,BMC Software Inc.,Application,,C:\Program Files\BMC Software\Client Management\Client\bin,1.0
4989,BMC Client Management Proxy Agent,24.1.01.240624,BMC Software Inc.,Application,,C:\Program Files\BMC Software\Client Management\Client\bin,1.0
4989,BMC Client Management Remote Control proxy,24.1.01.240624,BMC Software Inc.,Application,,C:\Program Files\BMC Software\Client Management\Client\bin,1.0
4989,BMC Client Management SCAP,24.1.01.240624,BMC Software Inc.,Application,,C:\Program Files\BMC Software\Client Management\Client\bin,1.0
4989,BMC Client Management Video Proxy Agent,24.1.01.240624,BMC Software Inc.,Application,,C:\Program Files\BMC Software\Client Management\Client\bin,1.0
4989,Boot File Servicing Utility,10.0,Microsoft Corporation Inc.,Application,,C:\Windows,1.0
4989,BrowserCore,10.0,Microsoft Corporation Inc.,Application,,C:\Windows\BrowserCore,1.0
4989,Calling App to host call progress on shell,10.0,Microsoft Corporation Inc.,Application,,C:\Windows\SystemApps\Microsoft.Windows.CallingShellApp_cw5n1h2txyewy,1.0
4989,CameraBarcodeScannerPreview,10.0,Microsoft Corporation Inc.,Application,,C:\Windows\SystemApps\Windows.CBSPreview_cw5n1h2txyewy,1.0
4989,Canon IJ Scan Utility,1.1,CANON INC.,Application,,C:\Program Files (x86)\Canon\IJ Scan Utility,1.0
4989,Canon IJ Scan Utility MAPI,1.1,CANON INC.,Application,,C:\Program Files (x86)\Canon\IJ Scan Utility,1.0
4989,Canon IJ Scan Utility SETEVENT,1.1,CANON INC.,Application,,C:\Program Files (x86)\Canon\IJ Scan Utility,1.0
4989,Canon Printer Head Alignment,1.5,CANON INC.,Application,,C:\Users\user\Downloads\win-lide300-1_1-n_mcd\win\LIB\PrinterHeadAlignment,2.0
4989,Canon User Registration,24.0,CANON INC.,Application,,C:\Users\user\Downloads\win-lide300-1_1-n_mcd\win\LIB\WEBREG,4.0
4989,CanoScan LiDE 120 Scanner Driver,1.02,Canon Inc.,Add/Remove Programs,,,
4989,ChromeEnterpriseCompanion,143.0,Google LLC,Application,,C:\Windows\SystemTemp\scoped_dir10520_1703637785\scoped_dir10520_1874633113,1.0
4989,CL5,9.6,Ivanti,Application,,C:\Program Files\BMC Software\Client Management\Client\data\PatchManagementPremium\workspace,3.0
4989,ClickOnce,4.8,Microsoft Corporation Inc.,Application,,C:\Windows\Microsoft.NET\Framework64\v4.0.30319,3.0
4989,Common User Interface,5.8,Musarubra US LLC.,Application,,C:\Program Files\McAfee\Agent\x86,1.0
4989,Credential Dialog Host,10.0,Microsoft Corporation Inc.,Application,,C:\Windows\SystemApps\microsoft.creddialoghost_cw5n1h2txyewy,1.0
4989,CrowdStrike Device Control,7.29,CrowdStrike Inc.,Add/Remove Programs,"November 14, 2025 12:00:00 AM",,
4989,CrowdStrike Device Control Support Tool,7.29,CrowdStrike Inc.,Application,,C:\Program Files\CrowdStrike,1.0
4989,CrowdStrike Falcon Connector,7.32,CrowdStrike Inc.,Application,,C:\Program Files\CrowdStrike,1.0
4989,CrowdStrike Falcon Sensor,7.32,CrowdStrike Inc.,Application,,C:\Program Files\CrowdStrike,1.0
4989,CrowdStrike Falcon Sensor Controller,7.32,CrowdStrike Inc.,Application,,C:\Program Files\CrowdStrike,1.0
4989,CrowdStrike Falcon Sensor Service,7.32,CrowdStrike Inc.,Application,,C:\Program Files\CrowdStrike,1.0
4989,CrowdStrike Falcon Sensor Servlet Container,7.32,CrowdStrike Inc.,Application,,C:\Program Files\CrowdStrike,1.0
4989,CrowdStrike Falcon Sensor Settings Tool,7.32,CrowdStrike Inc.,Application,,C:\Program Files\CrowdStrike,1.0
4989,CrowdStrike Falcon Sensor System Tray Application,7.32,CrowdStrike Inc.,Application,,C:\Program Files\CrowdStrike,2.0
4989,CrowdStrike Firmware Analysis,7.14,CrowdStrike Inc.,Add/Remove Programs,"November 21, 2024 12:00:00 AM",,
4989,CrowdStrike Firmware Analysis Support Tool,7.14,CrowdStrike Inc.,Application,,C:\Program Files\CrowdStrike,1.0
4981,.NET Framework,3.0,Microsoft Corporation Inc.,Application,,C:\Windows\Microsoft.NET\Framework64\v3.0\Windows Communication Foundation,2.0
4981,.NET Runtime Optimization Service,4.8,Microsoft Corporation Inc.,Application,,C:\Windows\Microsoft.NET\Framework64\v4.0.30319,2.0
4981,.NET Runtime Optimization Service,2.0,Microsoft Corporation Inc.,Application,,C:\Windows\Microsoft.NET\Framework64\v2.0.50727,2.0
4981,64Bit MAPI Mail Agent,1.0,Foxit Software Inc.,Application,,C:\Program Files (x86)\Foxit Software\Foxit Reader,1.0
4981,7-Zip 24.08 (x64 edition),24.08,Igor Pavlov,Add/Remove Programs,"November 26, 2024 12:00:00 AM",,
4981,7-Zip Console,24.08,Igor Pavlov,Application,,C:\Program Files\7-Zip,1.0
4981,7-Zip File Manager,24.08,Igor Pavlov,Application,,C:\Program Files\7-Zip,1.0
4981,7-Zip GUI,24.08,Igor Pavlov,Application,,C:\Program Files\7-Zip,1.0
4981,AAD token broker plugin,10.0,Microsoft Corporation Inc.,Application,,C:\Windows\SystemApps\Microsoft.AAD.BrokerPlugin_cw5n1h2txyewy,1.0
4981,Accounts Control Host,10.0,Microsoft Corporation Inc.,Application,,C:\Windows\SystemApps\Microsoft.AccountsControl_cw5n1h2txyewy,1.0
4981,AddSuggestedFoldersToLibraryDialog,10.0,Microsoft Corporation Inc.,Application,,C:\Windows\SystemApps\Microsoft.Windows.AddSuggestedFoldersToLibraryDialog_cw5n1h2txyewy,1.0
4981,Antimalware Service Executable,4.18,Microsoft Corporation Inc.,Application,,C:\Program Files\Windows Defender,1.0
4981,AppResolverUX,10.0,Microsoft Corporation Inc.,Application,,C:\Windows\SystemApps\Microsoft.Windows.AppResolverUX_cw5n1h2txyewy,1.0
4981,AsyncTextService,10.0,Microsoft Corporation Inc.,Application,,C:\Windows\SystemApps\Microsoft.AsyncTextService_8wekyb3d8bbwe,1.0
4981,Biometric Enrollment Host,10.0,Microsoft Corporation Inc.,Application,,C:\Windows\SystemApps\Microsoft.BioEnrollment_cw5n1h2txyewy,1.0
4981,BMC Client Management Agent,24.1.01.240624,BMC Software Inc.,Application,,C:\Program Files\BMC Software\Client Management\Client\bin,1.0
4981,BMC Client Management Certificate Generator,24.1.01.240624,BMC Software Inc.,Application,,C:\Program Files\BMC Software\Client Management\Client\bin,1.0
4981,BMC Client Management Chilli Interpreter,24.1.01.240624,BMC Software Inc.,Application,,C:\Program Files\BMC Software\Client Management\Client\bin,1.0
4981,BMC Client Management Direct Access Proxy Agent,24.1.01.240624,BMC Software Inc.,Application,,C:\Program Files\BMC Software\Client Management\Client\bin,1.0
4981,BMC Client Management Opswat Proxy Agent,24.1.01.240624,BMC Software Inc.,Application,,C:\Program Files\BMC Software\Client Management\Client\bin,1.0
4981,BMC Client Management Package Viewer,24.1.01.240624,BMC Software Inc.,Application,,C:\Program Files\BMC Software\Client Management\Client\bin,1.0
4981,BMC Client Management Patch Broker,24.1.01.240624,BMC Software Inc.,Application,,C:\Program Files\BMC Software\Client Management\Client\bin,1.0
4981,BMC Client Management Proxy Agent,24.1.01.240624,BMC Software Inc.,Application,,C:\Program Files\BMC Software\Client Management\Client\bin,1.0
4981,BMC Client Management Remote Control proxy,24.1.01.240624,BMC Software Inc.,Application,,C:\Program Files\BMC Software\Client Management\Client\bin,1.0
4981,BMC Client Management SCAP,24.1.01.240624,BMC Software Inc.,Application,,C:\Program Files\BMC Software\Client Management\Client\bin,1.0
4981,BMC Client Management Video Proxy Agent,24.1.01.240624,BMC Software Inc.,Application,,C:\Program Files\BMC Software\Client Management\Client\bin,1.0
4981,Boot File Servicing Utility,10.0,Microsoft Corporation Inc.,Application,,C:\Windows,1.0
4981,BrowserCore,10.0,Microsoft Corporation Inc.,Application,,C:\Windows\BrowserCore,1.0
4981,Calling App to host call progress on shell,10.0,Microsoft Corporation Inc.,Application,,C:\Windows\SystemApps\Microsoft.Windows.CallingShellApp_cw5n1h2txyewy,1.0
4981,CameraBarcodeScannerPreview,10.0,Microsoft Corporation Inc.,Application,,C:\Windows\SystemApps\Windows.CBSPreview_cw5n1h2txyewy,1.0
4981,CL5,9.6,Ivanti,Application,,C:\Program Files\BMC Software\Client Management\Client\data\PatchManagementPremium\workspace,7.0
4981,ClickOnce,4.8,Microsoft Corporation Inc.,Application,,C:\Windows\Microsoft.NET\Framework64\v4.0.30319,3.0
4981,Common User Interface,5.8,Musarubra US LLC.,Application,,C:\Program Files\McAfee\Agent\x86,1.0
4981,Credential Dialog Host,10.0,Microsoft Corporation Inc.,Application,,C:\Windows\SystemApps\microsoft.creddialoghost_cw5n1h2txyewy,1.0
4981,CrowdStrike Device Control,7.29,CrowdStrike Inc.,Add/Remove Programs,"November 14, 2025 12:00:00 AM",,
4981,CrowdStrike Device Control Support Tool,7.29,CrowdStrike Inc.,Application,,C:\Program Files\CrowdStrike,1.0
4981,CrowdStrike Falcon Connector,7.32,CrowdStrike Inc.,Application,,C:\Program Files\CrowdStrike,1.0
4981,CrowdStrike Falcon Sensor,7.32,CrowdStrike Inc.,Application,,C:\Program Files\CrowdStrike,1.0
4981,CrowdStrike Falcon Sensor Controller,7.32,CrowdStrike Inc.,Application,,C:\Program Files\CrowdStrike,1.0
4981,CrowdStrike Falcon Sensor Service,7.32,CrowdStrike Inc.,Application,,C:\Program Files\CrowdStrike,1.0
4981,CrowdStrike Falcon Sensor Servlet Container,7.32,CrowdStrike Inc.,Application,,C:\Program Files\CrowdStrike,1.0
4981,CrowdStrike Falcon Sensor Settings Tool,7.32,CrowdStrike Inc.,Application,,C:\Program Files\CrowdStrike,1.0
4981,CrowdStrike Falcon Sensor System Tray Application,7.32,CrowdStrike Inc.,Application,,C:\Program Files\CrowdStrike,2.0
4981,CrowdStrike Firmware Analysis,7.14,CrowdStrike Inc.,Add/Remove Programs,"July 24, 2025 12:00:00 AM",,
4981,CrowdStrike Firmware Analysis Support Tool,7.14,CrowdStrike Inc.,Application,,C:\Program Files\CrowdStrike,1.0
4981,CrowdStrike On-Demand Scan Command-line Tool,7.32,CrowdStrike Inc.,Application,,C:\Program Files\CrowdStrike,1.0
4981,CrowdStrike On-Demand Scan Tool,7.32,CrowdStrike Inc.,Application,,C:\Program Files\CrowdStrike,1.0
4981,CrowdStrike Sensor Platform,7.32,CrowdStrike Inc.,Add/Remove Programs,"January 14, 2026 12:00:00 AM",,
4981,CrowdStrike Windows Sensor,7.32,CrowdStrike Inc.,Add/Remove Programs,"January 14, 2026 12:00:00 AM",,
4981,CxAudioSvc,1.0,Conexant Systems LLC.,Application,,C:\Windows\CxSvc,1.0
10215,.NET Framework,3.0,Microsoft Corporation Inc.,Application,,C:\Windows\Microsoft.NET\Framework64\v3.0\Windows Communication Foundation,2.0
10215,.NET Runtime Optimization Service,2.0,Microsoft Corporation Inc.,Application,,C:\Windows\Microsoft.NET\Framework64\v2.0.50727,2.0
10215,.NET Runtime Optimization Service,4.8,Microsoft Corporation Inc.,Application,,C:\Windows\Microsoft.NET\Framework64\v4.0.30319,2.0
10215,64Bit MAPI Mail Agent,1.0,Foxit Software Inc.,Application,,C:\Program Files (x86)\Foxit Software\Foxit PDF Reader,1.0
10215,7-Zip 24.08 (x64 edition),24.08,Igor Pavlov,Add/Remove Programs,"November 26, 2024 12:00:00 AM",,
10215,7-Zip Console,24.08,Igor Pavlov,Application,,C:\Program Files\7-Zip,1.0
10215,7-Zip Console,19.02,Igor Pavlov,Application,,D:\SmartPSSLite,1.0
10215,7-Zip File Manager,24.08,Igor Pavlov,Application,,C:\Program Files\7-Zip,1.0
10215,7-Zip GUI,24.08,Igor Pavlov,Application,,C:\Program Files\7-Zip,1.0
10215,Accounts Control Host,10.0,Microsoft Corporation Inc.,Application,,C:\Windows\SystemApps\Microsoft.AccountsControl_cw5n1h2txyewy,1.0
10215,AddSuggestedFoldersToLibraryDialog,10.0,Microsoft Corporation Inc.,Application,,C:\Windows\SystemApps\Microsoft.Windows.AddSuggestedFoldersToLibraryDialog_cw5n1h2txyewy,1.0
10215,Antimalware Core Service,4.18,Microsoft Corporation Inc.,Application,,C:\Program Files\Windows Defender,1.0
10215,Antimalware Service Executable,4.18,Microsoft Corporation Inc.,Application,,C:\Program Files\Windows Defender,1.0
10215,AppResolverUX,10.0,Microsoft Corporation Inc.,Application,,C:\Windows\SystemApps\Microsoft.Windows.AppResolverUX_cw5n1h2txyewy,1.0
10215,AsyncTextService,10.0,Microsoft Corporation Inc.,Application,,C:\Windows\SystemApps\Microsoft.AsyncTextService_8wekyb3d8bbwe,1.0
10215,Biometric Enrollment Host,10.0,Microsoft Corporation Inc.,Application,,C:\Windows\SystemApps\Microsoft.BioEnrollment_cw5n1h2txyewy,1.0
10215,BMC Client Management Agent,24.1.01.240624,BMC Software Inc.,Application,,C:\Program Files\BMC Software\Client Management\Client\bin,1.0
10215,BMC Client Management Certificate Generator,24.1.01.240624,BMC Software Inc.,Application,,C:\Program Files\BMC Software\Client Management\Client\bin,1.0
10215,BMC Client Management Chilli Interpreter,24.1.01.240624,BMC Software Inc.,Application,,C:\Program Files\BMC Software\Client Management\Client\bin,1.0
10215,BMC Client Management Direct Access Proxy Agent,24.1.01.240624,BMC Software Inc.,Application,,C:\Program Files\BMC Software\Client Management\Client\bin,1.0
10215,BMC Client Management Opswat Proxy Agent,24.1.01.240624,BMC Software Inc.,Application,,C:\Program Files\BMC Software\Client Management\Client\bin,1.0
10215,BMC Client Management Package Viewer,24.1.01.240624,BMC Software Inc.,Application,,C:\Program Files\BMC Software\Client Management\Client\bin,1.0
10215,BMC Client Management Patch Broker,24.1.01.240624,BMC Software Inc.,Application,,C:\Program Files\BMC Software\Client Management\Client\bin,1.0
10215,BMC Client Management Proxy Agent,24.1.01.240624,BMC Software Inc.,Application,,C:\Program Files\BMC Software\Client Management\Client\bin,1.0
10215,BMC Client Management Remote Control proxy,24.1.01.240624,BMC Software Inc.,Application,,C:\Program Files\BMC Software\Client Management\Client\bin,1.0
10215,BMC Client Management SCAP,24.1.01.240624,BMC Software Inc.,Application,,C:\Program Files\BMC Software\Client Management\Client\bin,1.0
10215,BMC Client Management Video Proxy Agent,24.1.01.240624,BMC Software Inc.,Application,,C:\Program Files\BMC Software\Client Management\Client\bin,1.0
10215,Boot File Servicing Utility,10.0,Microsoft Corporation Inc.,Application,,C:\Windows,1.0
10215,Browser Protection Native Messaging Host,4.18,Microsoft Corporation Inc.,Application,,C:\Program Files\Windows Defender,1.0
10215,BrowserCore,10.0,Microsoft Corporation Inc.,Application,,C:\Windows\BrowserCore,1.0
10215,Build20200511,2.0,Hikvision,Application,,D:\iVMS-4200 Site\iVMS-4200 Client\Client,1.0
10215,Build20230908,3.0,Hikvision,Application,,D:\iVMS-4200 Site\iVMS-4200 Client\Client,1.0
10215,CALLGUI,1.4,KYOCERA Document Solutions Inc.,Application,,D:\setup\kyocera\Scanner\WIA\Network,1.0
10215,CALLGUI,1.0,KYOCERA MITA Corporation,Application,,D:\setup\kyocera\Scanner\WIA\USB,1.0
10215,CameraBarcodeScannerPreview,10.0,Microsoft Corporation Inc.,Application,,C:\Windows\SystemApps\Windows.CBSPreview_cw5n1h2txyewy,1.0
10215,CL5,9.6,Ivanti,Application,,C:\Program Files\BMC Software\Client Management\Client\data\PatchManagementPremium\workspace,1.0
10215,ClickOnce,4.8,Microsoft Corporation Inc.,Application,,C:\Windows\Microsoft.NET\Framework64\v4.0.30319,3.0
10215,Common User Interface,5.8,Musarubra US LLC.,Application,,C:\Program Files\McAfee\Agent\x86,1.0
10215,Copilot,144.0,Microsoft Corporation Inc.,Application,,C:\Program Files (x86)\Microsoft\EdgeWebView\Application\144.0.3719.115,3.0
10215,Copilot Update,1.3,Microsoft Corporation Inc.,Application,,C:\Program Files (x86)\Microsoft\EdgeUpdate,2.0
10215,Create a self-signed digital certificate,15.0,Microsoft Corporation Inc.,Application,,C:\Program Files\Microsoft Office\Office15,1.0
10215,Create TWAIN Source (Network),1.0,KYOCERA Document Solutions Inc.,Application,,C:\Windows\twain_32\KMTWAIN,2.0
10215,Credential Dialog Host,10.0,Microsoft Corporation Inc.,Application,,C:\Windows\SystemApps\microsoft.creddialoghost_cw5n1h2txyewy,1.0
10215,CrowdStrike Device Control,7.29,CrowdStrike Inc.,Add/Remove Programs,"November 14, 2025 12:00:00 AM",,
10215,CrowdStrike Device Control Support Tool,7.29,CrowdStrike Inc.,Application,,C:\Program Files\CrowdStrike,1.0
10215,CrowdStrike Falcon Connector,7.32,CrowdStrike Inc.,Application,,C:\Program Files\CrowdStrike,1.0
10215,CrowdStrike Falcon Sensor,7.32,CrowdStrike Inc.,Application,,C:\Program Files\CrowdStrike,1.0
10215,CrowdStrike Falcon Sensor Controller,7.32,CrowdStrike Inc.,Application,,C:\Program Files\CrowdStrike,1.0
10215,CrowdStrike Falcon Sensor Service,7.32,CrowdStrike Inc.,Application,,C:\Program Files\CrowdStrike,1.0
10215,CrowdStrike Falcon Sensor Servlet Container,7.32,CrowdStrike Inc.,Application,,C:\Program Files\CrowdStrike,1.0
4992,.NET Runtime Optimization Service,4.8,Microsoft Corporation Inc.,Application,,C:\Windows\Microsoft.NET\Framework64\v4.0.30319,2.0
4992,64Bit MAPI Mail Agent,1.0,Foxit Software Inc.,Application,,C:\Program Files (x86)\Foxit Software\Foxit PDF Reader,1.0
4992,7-Zip 23.01 (x64),23.01,Igor Pavlov,Add/Remove Programs,,C:\Program Files\7-Zip\,
4992,7-Zip Console,23.01,Igor Pavlov,Application,,C:\Program Files\7-Zip,1.0
4992,7-Zip File Manager,23.01,Igor Pavlov,Application,,C:\Program Files\7-Zip,1.0
4992,7-Zip GUI,23.01,Igor Pavlov,Application,,C:\Program Files\7-Zip,1.0
4992,Accounts Control Host,10.0,Microsoft Corporation Inc.,Application,,C:\Windows\SystemApps\Microsoft.AccountsControl_cw5n1h2txyewy,1.0
4992,AddSuggestedFoldersToLibraryDialog,10.0,Microsoft Corporation Inc.,Application,,C:\Windows\SystemApps\Microsoft.Windows.AddSuggestedFoldersToLibraryDialog_cw5n1h2txyewy,1.0
4992,Antimalware Core Service,4.18,Microsoft Corporation Inc.,Application,,C:\Program Files\Windows Defender,1.0
4992,AntiMalware Platform Update (amd64fre),4.18,Microsoft Corporation Inc.,Application,,C:\Windows\SystemTemp\01EE36A3-9A9F-4A31-BBCB-D07C2C33C79AMpCommU,1.0
4992,Antimalware Service Executable,4.18,Microsoft Corporation Inc.,Application,,C:\Program Files\Windows Defender,1.0
4992,AppFollower,1.3,Conexant Systems Inc.,Application,,C:\Program Files\CONEXANT\Flow,1.0
4992,AppResolverUX,10.0,Microsoft Corporation Inc.,Application,,C:\Windows\SystemApps\Microsoft.Windows.AppResolverUX_cw5n1h2txyewy,1.0
4992,AsyncTextService,10.0,Microsoft Corporation Inc.,Application,,C:\Windows\SystemApps\Microsoft.AsyncTextService_8wekyb3d8bbwe,1.0
4992,Audio Control,4.0,Conexant Systems LLC.,Application,,C:\Program Files\CONEXANT\Install\Audio\SA3\SA3\Dyson,2.0
4992,Audio Controls Control Panel,4.0,Conexant Systems LLC.,Application,,C:\Program Files\CONEXANT\SA3\HP-NB-AIO,3.0
4992,Bang & Olufsen,4.0,Conexant Systems LLC.,Application,,C:\Program Files\CONEXANT\Install\Audio\SA3\SA3\BandO,2.0
4992,Biometric Enrollment Host,10.0,Microsoft Corporation Inc.,Application,,C:\Windows\SystemApps\Microsoft.BioEnrollment_cw5n1h2txyewy,1.0
4992,BMC Client Management Agent,24.1.01.240624,BMC Software Inc.,Application,,C:\Program Files\BMC Software\Client Management\Client\bin,1.0
4992,BMC Client Management Certificate Generator,24.1.01.240624,BMC Software Inc.,Application,,C:\Program Files\BMC Software\Client Management\Client\bin,1.0
4992,BMC Client Management Chilli Interpreter,24.1.01.240624,BMC Software Inc.,Application,,C:\Program Files\BMC Software\Client Management\Client\bin,1.0
4992,BMC Client Management Direct Access Proxy Agent,24.1.01.240624,BMC Software Inc.,Application,,C:\Program Files\BMC Software\Client Management\Client\bin,1.0
4992,BMC Client Management Opswat Proxy Agent,24.1.01.240624,BMC Software Inc.,Application,,C:\Program Files\BMC Software\Client Management\Client\bin,1.0
4992,BMC Client Management Package Viewer,24.1.01.240624,BMC Software Inc.,Application,,C:\Program Files\BMC Software\Client Management\Client\bin,1.0
4992,BMC Client Management Patch Broker,24.1.01.240624,BMC Software Inc.,Application,,C:\Program Files\BMC Software\Client Management\Client\bin,1.0
4992,BMC Client Management Proxy Agent,24.1.01.240624,BMC Software Inc.,Application,,C:\Program Files\BMC Software\Client Management\Client\bin,1.0
4992,BMC Client Management Remote Control proxy,24.1.01.240624,BMC Software Inc.,Application,,C:\Program Files\BMC Software\Client Management\Client\bin,1.0
4992,BMC Client Management SCAP,24.1.01.240624,BMC Software Inc.,Application,,C:\Program Files\BMC Software\Client Management\Client\bin,1.0
4992,BMC Client Management Video Proxy Agent,24.1.01.240624,BMC Software Inc.,Application,,C:\Program Files\BMC Software\Client Management\Client\bin,1.0
4992,Boot File Servicing Utility,10.0,Microsoft Corporation Inc.,Application,,C:\Windows,1.0
4992,Browser Protection Native Messaging Host,4.18,Microsoft Corporation Inc.,Application,,C:\Program Files\Windows Defender,1.0
4992,BrowserCore,10.0,Microsoft Corporation Inc.,Application,,C:\Windows\BrowserCore,1.0
4992,CameraBarcodeScannerPreview,10.0,Microsoft Corporation Inc.,Application,,C:\Windows\SystemApps\Windows.CBSPreview_cw5n1h2txyewy,1.0
4992,CL5,9.6,Ivanti,Application,,C:\Program Files\BMC Software\Client Management\Client\data\PatchManagementPremium\workspace,1.0
4992,ClickOnce,4.8,Microsoft Corporation Inc.,Application,,C:\Windows\Microsoft.NET\Framework64\v4.0.30319,3.0
4992,CnxtNotify,1.0,Conexant Systems Inc.,Application,,C:\Program Files\CONEXANT\SA3\HP-NB-AIO,1.0
4992,Common User Interface,5.8,Musarubra US LLC.,Application,,C:\Program Files\McAfee\Agent\x86,1.0
4992,Create TWAIN Source (Network),1.0,KYOCERA Document Solutions Inc.,Application,,C:\Windows\twain_32\KMTWAIN,1.0
4992,Credential Dialog Host,10.0,Microsoft Corporation Inc.,Application,,C:\Windows\SystemApps\microsoft.creddialoghost_cw5n1h2txyewy,1.0
4992,CrowdStrike Device Control,7.29,CrowdStrike Inc.,Add/Remove Programs,"November 14, 2025 12:00:00 AM",,
4992,CrowdStrike Device Control Support Tool,7.29,CrowdStrike Inc.,Application,,C:\Program Files\CrowdStrike,1.0
4992,CrowdStrike Falcon Connector,7.32,CrowdStrike Inc.,Application,,C:\Program Files\CrowdStrike,1.0
4992,CrowdStrike Falcon Sensor,7.32,CrowdStrike Inc.,Application,,C:\Program Files\CrowdStrike,1.0
4992,CrowdStrike Falcon Sensor Controller,7.32,CrowdStrike Inc.,Application,,C:\Program Files\CrowdStrike,1.0
4992,CrowdStrike Falcon Sensor Service,7.32,CrowdStrike Inc.,Application,,C:\Program Files\CrowdStrike,1.0
4992,CrowdStrike Falcon Sensor Servlet Container,7.32,CrowdStrike Inc.,Application,,C:\Program Files\CrowdStrike,1.0
4992,CrowdStrike Falcon Sensor Settings Tool,7.32,CrowdStrike Inc.,Application,,C:\Program Files\CrowdStrike,1.0
4992,CrowdStrike Falcon Sensor System Tray Application,7.32,CrowdStrike Inc.,Application,,C:\Program Files\CrowdStrike,2.0
4992,CrowdStrike Firmware Analysis,7.14,CrowdStrike Inc.,Add/Remove Programs,"June 28, 2025 12:00:00 AM",,
4992,CrowdStrike Firmware Analysis Support Tool,7.14,CrowdStrike Inc.,Application,,C:\Program Files\CrowdStrike,1.0
4990,.NET Framework,3.0,Microsoft Corporation Inc.,Application,,C:\Windows\Microsoft.NET\Framework64\v3.0\Windows Communication Foundation,2.0
4990,.NET Runtime Optimization Service,4.8,Microsoft Corporation Inc.,Application,,C:\Windows\Microsoft.NET\Framework64\v4.0.30319,2.0
4990,.NET Runtime Optimization Service,2.0,Microsoft Corporation Inc.,Application,,C:\Windows\Microsoft.NET\Framework64\v2.0.50727,2.0
4990,64Bit MAPI Mail Agent,1.0,Foxit Software Inc.,Application,,C:\Program Files (x86)\Foxit Software\Foxit Reader,1.0
4990,7-Zip 24.08 (x64 edition),24.08,Igor Pavlov,Add/Remove Programs,"November 26, 2024 12:00:00 AM",,
4990,7-Zip Console,24.08,Igor Pavlov,Application,,C:\Program Files\7-Zip,1.0
4990,7-Zip File Manager,24.08,Igor Pavlov,Application,,C:\Program Files\7-Zip,1.0
4990,7-Zip GUI,24.08,Igor Pavlov,Application,,C:\Program Files\7-Zip,1.0
4990,AAD token broker plugin,10.0,Microsoft Corporation Inc.,Application,,C:\Windows\SystemApps\Microsoft.AAD.BrokerPlugin_cw5n1h2txyewy,1.0
4990,Accounts Control Host,10.0,Microsoft Corporation Inc.,Application,,C:\Windows\SystemApps\Microsoft.AccountsControl_cw5n1h2txyewy,1.0
4990,AddSuggestedFoldersToLibraryDialog,10.0,Microsoft Corporation Inc.,Application,,C:\Windows\SystemApps\Microsoft.Windows.AddSuggestedFoldersToLibraryDialog_cw5n1h2txyewy,1.0
4990,Antimalware Service Executable,4.18,Microsoft Corporation Inc.,Application,,C:\Program Files\Windows Defender,1.0
4990,AppResolverUX,10.0,Microsoft Corporation Inc.,Application,,C:\Windows\SystemApps\Microsoft.Windows.AppResolverUX_cw5n1h2txyewy,1.0
4990,AsyncTextService,10.0,Microsoft Corporation Inc.,Application,,C:\Windows\SystemApps\Microsoft.AsyncTextService_8wekyb3d8bbwe,1.0
4990,Biometric Enrollment Host,10.0,Microsoft Corporation Inc.,Application,,C:\Windows\SystemApps\Microsoft.BioEnrollment_cw5n1h2txyewy,1.0
4990,BMC Client Management Agent,24.1.01.240624,BMC Software Inc.,Application,,C:\Program Files\BMC Software\Client Management\Client\bin,1.0
4990,BMC Client Management Certificate Generator,24.1.01.240624,BMC Software Inc.,Application,,C:\Program Files\BMC Software\Client Management\Client\bin,1.0
4990,BMC Client Management Chilli Interpreter,24.1.01.240624,BMC Software Inc.,Application,,C:\Program Files\BMC Software\Client Management\Client\bin,1.0
4990,BMC Client Management Direct Access Proxy Agent,24.1.01.240624,BMC Software Inc.,Application,,C:\Program Files\BMC Software\Client Management\Client\bin,1.0
4990,BMC Client Management Opswat Proxy Agent,24.1.01.240624,BMC Software Inc.,Application,,C:\Program Files\BMC Software\Client Management\Client\bin,1.0
4990,BMC Client Management Package Viewer,24.1.01.240624,BMC Software Inc.,Application,,C:\Program Files\BMC Software\Client Management\Client\bin,1.0
4990,BMC Client Management Patch Broker,24.1.01.240624,BMC Software Inc.,Application,,C:\Program Files\BMC Software\Client Management\Client\bin,1.0
4990,BMC Client Management Proxy Agent,24.1.01.240624,BMC Software Inc.,Application,,C:\Program Files\BMC Software\Client Management\Client\bin,1.0
4990,BMC Client Management Remote Control proxy,24.1.01.240624,BMC Software Inc.,Application,,C:\Program Files\BMC Software\Client Management\Client\bin,1.0
4990,BMC Client Management SCAP,24.1.01.240624,BMC Software Inc.,Application,,C:\Program Files\BMC Software\Client Management\Client\bin,1.0
4990,BMC Client Management Video Proxy Agent,24.1.01.240624,BMC Software Inc.,Application,,C:\Program Files\BMC Software\Client Management\Client\bin,1.0
4990,Boot File Servicing Utility,10.0,Microsoft Corporation Inc.,Application,,C:\Windows,1.0
4990,BrowserCore,10.0,Microsoft Corporation Inc.,Application,,C:\Windows\BrowserCore,1.0
4990,Calling App to host call progress on shell,10.0,Microsoft Corporation Inc.,Application,,C:\Windows\SystemApps\Microsoft.Windows.CallingShellApp_cw5n1h2txyewy,1.0
4990,CameraBarcodeScannerPreview,10.0,Microsoft Corporation Inc.,Application,,C:\Windows\SystemApps\Windows.CBSPreview_cw5n1h2txyewy,1.0
4990,CL5,9.6,Ivanti,Application,,C:\Program Files\BMC Software\Client Management\Client\data\PatchManagementPremium\workspace,3.0
4990,ClickOnce,4.8,Microsoft Corporation Inc.,Application,,C:\Windows\Microsoft.NET\Framework64\v4.0.30319,3.0
4990,Common User Interface,5.8,Musarubra US LLC.,Application,,C:\Program Files\McAfee\Agent\x86,1.0
4990,Create Virtual Machine,10.0,Microsoft Corporation Inc.,Application,,C:\Program Files\Hyper-V,1.0
4990,Credential Dialog Host,10.0,Microsoft Corporation Inc.,Application,,C:\Windows\SystemApps\microsoft.creddialoghost_cw5n1h2txyewy,1.0
4990,CrowdStrike Device Control,7.29,CrowdStrike Inc.,Add/Remove Programs,"November 14, 2025 12:00:00 AM",,
4990,CrowdStrike Device Control Support Tool,7.29,CrowdStrike Inc.,Application,,C:\Program Files\CrowdStrike,1.0
4990,CrowdStrike Falcon Connector,7.32,CrowdStrike Inc.,Application,,C:\Program Files\CrowdStrike,1.0
4990,CrowdStrike Falcon Sensor,7.32,CrowdStrike Inc.,Application,,C:\Program Files\CrowdStrike,1.0
4990,CrowdStrike Falcon Sensor Controller,7.32,CrowdStrike Inc.,Application,,C:\Program Files\CrowdStrike,1.0
4990,CrowdStrike Falcon Sensor Service,7.32,CrowdStrike Inc.,Application,,C:\Program Files\CrowdStrike,1.0
4990,CrowdStrike Falcon Sensor Servlet Container,7.32,CrowdStrike Inc.,Application,,C:\Program Files\CrowdStrike,1.0
4990,CrowdStrike Falcon Sensor Settings Tool,7.32,CrowdStrike Inc.,Application,,C:\Program Files\CrowdStrike,1.0
4990,CrowdStrike Falcon Sensor System Tray Application,7.32,CrowdStrike Inc.,Application,,C:\Program Files\CrowdStrike,2.0
4990,CrowdStrike Firmware Analysis,7.14,CrowdStrike Inc.,Add/Remove Programs,"April 29, 2025 12:00:00 AM",,
4990,CrowdStrike Firmware Analysis Support Tool,7.14,CrowdStrike Inc.,Application,,C:\Program Files\CrowdStrike,1.0
4990,CrowdStrike On-Demand Scan Command-line Tool,7.32,CrowdStrike Inc.,Application,,C:\Program Files\CrowdStrike,1.0
4990,CrowdStrike On-Demand Scan Tool,7.32,CrowdStrike Inc.,Application,,C:\Program Files\CrowdStrike,1.0
4990,CrowdStrike Sensor Platform,7.32,CrowdStrike Inc.,Add/Remove Programs,"January 14, 2026 12:00:00 AM",,
4990,CrowdStrike Windows Sensor,7.32,CrowdStrike Inc.,Add/Remove Programs,"January 14, 2026 12:00:00 AM",,
5042,.NET Runtime Optimization Service,4.8,Microsoft Corporation Inc.,Application,,C:\Windows\Microsoft.NET\Framework64\v4.0.30319,2.0
5042,64Bit MAPI Mail Agent,1.0,Foxit Software Inc.,Application,,C:\Program Files (x86)\Foxit Software\Foxit PDF Reader,1.0
5042,7-Zip 24.08 (x64 edition),24.08,Igor Pavlov,Add/Remove Programs,"November 26, 2024 12:00:00 AM",,
5042,7-Zip Console,24.08,Igor Pavlov,Application,,C:\Program Files\7-Zip,1.0
5042,7-Zip File Manager,24.08,Igor Pavlov,Application,,C:\Program Files\7-Zip,1.0
5042,7-Zip GUI,24.08,Igor Pavlov,Application,,C:\Program Files\7-Zip,1.0
5042,AAD token broker plugin,10.0,Microsoft Corporation Inc.,Application,,C:\Windows\SystemApps\Microsoft.AAD.BrokerPlugin_cw5n1h2txyewy,1.0
5042,Accounts Control Host,10.0,Microsoft Corporation Inc.,Application,,C:\Windows\SystemApps\Microsoft.AccountsControl_cw5n1h2txyewy,1.0
5042,AddSuggestedFoldersToLibraryDialog,10.0,Microsoft Corporation Inc.,Application,,C:\Windows\SystemApps\Microsoft.Windows.AddSuggestedFoldersToLibraryDialog_cw5n1h2txyewy,1.0
5042,Antimalware Service Executable,4.18,Microsoft Corporation Inc.,Application,,C:\Program Files\Windows Defender,1.0
5042,AppResolverUX,10.0,Microsoft Corporation Inc.,Application,,C:\Windows\SystemApps\Microsoft.Windows.AppResolverUX_cw5n1h2txyewy,1.0
5042,AsyncTextService,10.0,Microsoft Corporation Inc.,Application,,C:\Windows\SystemApps\Microsoft.AsyncTextService_8wekyb3d8bbwe,1.0
5042,Biometric Enrollment Host,10.0,Microsoft Corporation Inc.,Application,,C:\Windows\SystemApps\Microsoft.BioEnrollment_cw5n1h2txyewy,1.0
5042,BMC Client Management Agent,24.1.01.240624,BMC Software Inc.,Application,,C:\Program Files\BMC Software\Client Management\Client\bin,1.0
5042,BMC Client Management Certificate Generator,24.1.01.240624,BMC Software Inc.,Application,,C:\Program Files\BMC Software\Client Management\Client\bin,1.0
5042,BMC Client Management Chilli Interpreter,24.1.01.240624,BMC Software Inc.,Application,,C:\Program Files\BMC Software\Client Management\Client\bin,1.0
5042,BMC Client Management Direct Access Proxy Agent,24.1.01.240624,BMC Software Inc.,Application,,C:\Program Files\BMC Software\Client Management\Client\bin,1.0
5042,BMC Client Management Opswat Proxy Agent,24.1.01.240624,BMC Software Inc.,Application,,C:\Program Files\BMC Software\Client Management\Client\bin,1.0
5042,BMC Client Management Package Viewer,24.1.01.240624,BMC Software Inc.,Application,,C:\Program Files\BMC Software\Client Management\Client\bin,1.0
5042,BMC Client Management Patch Broker,24.1.01.240624,BMC Software Inc.,Application,,C:\Program Files\BMC Software\Client Management\Client\bin,1.0
5042,BMC Client Management Proxy Agent,24.1.01.240624,BMC Software Inc.,Application,,C:\Program Files\BMC Software\Client Management\Client\bin,1.0
5042,BMC Client Management Remote Control proxy,24.1.01.240624,BMC Software Inc.,Application,,C:\Program Files\BMC Software\Client Management\Client\bin,1.0
5042,BMC Client Management SCAP,24.1.01.240624,BMC Software Inc.,Application,,C:\Program Files\BMC Software\Client Management\Client\bin,1.0
5042,BMC Client Management Video Proxy Agent,24.1.01.240624,BMC Software Inc.,Application,,C:\Program Files\BMC Software\Client Management\Client\bin,1.0
5042,Boot File Servicing Utility,10.0,Microsoft Corporation Inc.,Application,,C:\Windows,1.0
5042,BrowserCore,10.0,Microsoft Corporation Inc.,Application,,C:\Windows\BrowserCore,1.0
5042,Calling App to host call progress on shell,10.0,Microsoft Corporation Inc.,Application,,C:\Windows\SystemApps\Microsoft.Windows.CallingShellApp_cw5n1h2txyewy,1.0
5042,CameraBarcodeScannerPreview,10.0,Microsoft Corporation Inc.,Application,,C:\Windows\SystemApps\Windows.CBSPreview_cw5n1h2txyewy,1.0
5042,CL5,9.6,Ivanti,Application,,C:\Program Files\BMC Software\Client Management\Client\data\PatchManagementPremium\workspace,6.0
5042,ClickOnce,4.8,Microsoft Corporation Inc.,Application,,C:\Windows\Microsoft.NET\Framework64\v4.0.30319,3.0
5042,Credential Dialog Host,10.0,Microsoft Corporation Inc.,Application,,C:\Windows\SystemApps\microsoft.creddialoghost_cw5n1h2txyewy,1.0
5042,CrowdStrike Device Control,7.29,CrowdStrike Inc.,Add/Remove Programs,"November 14, 2025 12:00:00 AM",,
5042,CrowdStrike Device Control Support Tool,7.29,CrowdStrike Inc.,Application,,C:\Program Files\CrowdStrike,1.0
5042,CrowdStrike Falcon Connector,7.32,CrowdStrike Inc.,Application,,C:\Program Files\CrowdStrike,1.0
5042,CrowdStrike Falcon Sensor,7.32,CrowdStrike Inc.,Application,,C:\Program Files\CrowdStrike,1.0
5042,CrowdStrike Falcon Sensor Controller,7.32,CrowdStrike Inc.,Application,,C:\Program Files\CrowdStrike,1.0
5042,CrowdStrike Falcon Sensor Service,7.32,CrowdStrike Inc.,Application,,C:\Program Files\CrowdStrike,1.0
5042,CrowdStrike Falcon Sensor Servlet Container,7.32,CrowdStrike Inc.,Application,,C:\Program Files\CrowdStrike,1.0
5042,CrowdStrike Falcon Sensor Settings Tool,7.32,CrowdStrike Inc.,Application,,C:\Program Files\CrowdStrike,1.0
5042,CrowdStrike Falcon Sensor System Tray Application,7.32,CrowdStrike Inc.,Application,,C:\Program Files\CrowdStrike,2.0
5042,CrowdStrike Firmware Analysis,7.14,CrowdStrike Inc.,Add/Remove Programs,"June 18, 2025 12:00:00 AM",,
5042,CrowdStrike Firmware Analysis Support Tool,7.14,CrowdStrike Inc.,Application,,C:\Program Files\CrowdStrike,1.0
5042,CrowdStrike Forensic Data Collection Tool,1.0,CrowdStrike Inc.,Application,,C:,2.0
5042,CrowdStrike On-Demand Scan Command-line Tool,7.32,CrowdStrike Inc.,Application,,C:\Program Files\CrowdStrike,1.0
5042,CrowdStrike On-Demand Scan Tool,7.32,CrowdStrike Inc.,Application,,C:\Program Files\CrowdStrike,1.0
5042,CrowdStrike Sensor Platform,7.32,CrowdStrike Inc.,Add/Remove Programs,"January 15, 2026 12:00:00 AM",,
5042,CrowdStrike Windows Sensor,7.32,CrowdStrike Inc.,Add/Remove Programs,"January 15, 2026 12:00:00 AM",,
5042,CrowdStrike Windows Sensor,6.54,CrowdStrike Inc.,Application,,C:\Users\Administrator\Desktop\crowdstrike,1.0
5042,CxAudioSvc,1.0,Conexant Systems LLC.,Application,,C:\Windows\CxSvc,1.0
5042,Direct To Update Driver,10.0,Microsoft Corporation Inc.,Application,,C:\Program Files\RUXIM,1.0
5080,.NET Runtime Optimization Service,4.8,Microsoft Corporation Inc.,Application,,C:\Windows\Microsoft.NET\Framework64\v4.0.30319,2.0
5080,64Bit MAPI Mail Agent,1.0,Foxit Software Inc.,Application,,C:\Program Files (x86)\Foxit Software\Foxit PDF Reader,1.0
5080,7-Zip 24.08 (x64 edition),24.08,Igor Pavlov,Add/Remove Programs,"November 29, 2024 12:00:00 AM",,
5080,7-Zip Console,24.08,Igor Pavlov,Application,,C:\Program Files\7-Zip,1.0
5080,7-Zip File Manager,24.08,Igor Pavlov,Application,,C:\Program Files\7-Zip,1.0
5080,7-Zip GUI,24.08,Igor Pavlov,Application,,C:\Program Files\7-Zip,1.0
5080,AAD token broker plugin,10.0,Microsoft Corporation Inc.,Application,,C:\Windows\SystemApps\Microsoft.AAD.BrokerPlugin_cw5n1h2txyewy,1.0
5080,Accounts Control Host,10.0,Microsoft Corporation Inc.,Application,,C:\Windows\SystemApps\Microsoft.AccountsControl_cw5n1h2txyewy,1.0
5080,AddSuggestedFoldersToLibraryDialog,10.0,Microsoft Corporation Inc.,Application,,C:\Windows\SystemApps\Microsoft.Windows.AddSuggestedFoldersToLibraryDialog_cw5n1h2txyewy,1.0
5080,Antimalware Service Executable,4.18,Microsoft Corporation Inc.,Application,,C:\Program Files\Windows Defender,1.0
5080,AppResolverUX,10.0,Microsoft Corporation Inc.,Application,,C:\Windows\SystemApps\Microsoft.Windows.AppResolverUX_cw5n1h2txyewy,1.0
5080,AsyncTextService,10.0,Microsoft Corporation Inc.,Application,,C:\Windows\SystemApps\Microsoft.AsyncTextService_8wekyb3d8bbwe,1.0
5080,Biometric Enrollment Host,10.0,Microsoft Corporation Inc.,Application,,C:\Windows\SystemApps\Microsoft.BioEnrollment_cw5n1h2txyewy,1.0
5080,BMC Client Management Agent,24.1.01.240624,BMC Software Inc.,Application,,C:\Program Files\BMC Software\Client Management\Client\bin,1.0
5080,BMC Client Management Certificate Generator,24.1.01.240624,BMC Software Inc.,Application,,C:\Program Files\BMC Software\Client Management\Client\bin,1.0
5080,BMC Client Management Chilli Interpreter,24.1.01.240624,BMC Software Inc.,Application,,C:\Program Files\BMC Software\Client Management\Client\bin,1.0
5080,BMC Client Management Direct Access Proxy Agent,24.1.01.240624,BMC Software Inc.,Application,,C:\Program Files\BMC Software\Client Management\Client\bin,1.0
5080,BMC Client Management Opswat Proxy Agent,24.1.01.240624,BMC Software Inc.,Application,,C:\Program Files\BMC Software\Client Management\Client\bin,1.0
5080,BMC Client Management Package Viewer,24.1.01.240624,BMC Software Inc.,Application,,C:\Program Files\BMC Software\Client Management\Client\bin,1.0
5080,BMC Client Management Patch Broker,24.1.01.240624,BMC Software Inc.,Application,,C:\Program Files\BMC Software\Client Management\Client\bin,1.0
5080,BMC Client Management Proxy Agent,24.1.01.240624,BMC Software Inc.,Application,,C:\Program Files\BMC Software\Client Management\Client\bin,1.0
5080,BMC Client Management Remote Control proxy,24.1.01.240624,BMC Software Inc.,Application,,C:\Program Files\BMC Software\Client Management\Client\bin,1.0
5080,BMC Client Management SCAP,24.1.01.240624,BMC Software Inc.,Application,,C:\Program Files\BMC Software\Client Management\Client\bin,1.0
5080,BMC Client Management Video Proxy Agent,24.1.01.240624,BMC Software Inc.,Application,,C:\Program Files\BMC Software\Client Management\Client\bin,1.0
5080,Boot File Servicing Utility,10.0,Microsoft Corporation Inc.,Application,,C:\Windows,1.0
5080,BrowserCore,10.0,Microsoft Corporation Inc.,Application,,C:\Windows\BrowserCore,1.0
5080,Calling App to host call progress on shell,10.0,Microsoft Corporation Inc.,Application,,C:\Windows\SystemApps\Microsoft.Windows.CallingShellApp_cw5n1h2txyewy,1.0
5080,CameraBarcodeScannerPreview,10.0,Microsoft Corporation Inc.,Application,,C:\Windows\SystemApps\Windows.CBSPreview_cw5n1h2txyewy,1.0
5080,ChromeEnterpriseCompanion,143.0,Google LLC,Application,,C:\Windows\SystemTemp\scoped_dir1664_2264475\scoped_dir1664_2100950809,1.0
5080,CL5,9.6,Ivanti,Application,,C:\Program Files\BMC Software\Client Management\Client\data\PatchManagementPremium\workspace,4.0
5080,ClickOnce,4.8,Microsoft Corporation Inc.,Application,,C:\Windows\Microsoft.NET\Framework64\v4.0.30319,3.0
5080,Credential Dialog Host,10.0,Microsoft Corporation Inc.,Application,,C:\Windows\SystemApps\microsoft.creddialoghost_cw5n1h2txyewy,1.0
5080,CrowdStrike Device Control,7.29,CrowdStrike Inc.,Add/Remove Programs,"November 14, 2025 12:00:00 AM",,
5080,CrowdStrike Device Control Support Tool,7.29,CrowdStrike Inc.,Application,,C:\Program Files\CrowdStrike,1.0
5080,CrowdStrike Falcon Connector,7.32,CrowdStrike Inc.,Application,,C:\Program Files\CrowdStrike,1.0
5080,CrowdStrike Falcon Sensor,7.32,CrowdStrike Inc.,Application,,C:\Program Files\CrowdStrike,1.0
5080,CrowdStrike Falcon Sensor Controller,7.32,CrowdStrike Inc.,Application,,C:\Program Files\CrowdStrike,1.0
5080,CrowdStrike Falcon Sensor Service,7.32,CrowdStrike Inc.,Application,,C:\Program Files\CrowdStrike,1.0
5080,CrowdStrike Falcon Sensor Servlet Container,7.32,CrowdStrike Inc.,Application,,C:\Program Files\CrowdStrike,1.0
5080,CrowdStrike Falcon Sensor Settings Tool,7.32,CrowdStrike Inc.,Application,,C:\Program Files\CrowdStrike,1.0
5080,CrowdStrike Falcon Sensor System Tray Application,7.32,CrowdStrike Inc.,Application,,C:\Program Files\CrowdStrike,2.0
5080,CrowdStrike Firmware Analysis,7.14,CrowdStrike Inc.,Add/Remove Programs,"April 17, 2025 12:00:00 AM",,
5080,CrowdStrike Firmware Analysis Support Tool,7.14,CrowdStrike Inc.,Application,,C:\Program Files\CrowdStrike,1.0
5080,CrowdStrike Forensic Data Collection Tool,1.0,CrowdStrike Inc.,Application,,C:,2.0
5080,CrowdStrike On-Demand Scan Command-line Tool,7.32,CrowdStrike Inc.,Application,,C:\Program Files\CrowdStrike,1.0
5080,CrowdStrike On-Demand Scan Tool,7.32,CrowdStrike Inc.,Application,,C:\Program Files\CrowdStrike,1.0
5080,CrowdStrike Sensor Platform,7.32,CrowdStrike Inc.,Add/Remove Programs,"January 14, 2026 12:00:00 AM",,
5080,CrowdStrike Windows Sensor,7.32,CrowdStrike Inc.,Add/Remove Programs,"January 14, 2026 12:00:00 AM",,
5080,CrowdStrike Windows Sensor,6.54,CrowdStrike Inc.,Application,,C:\Users\Administrator\Desktop\crowdstrike,1.0
5080,CxAudioSvc,1.0,Conexant Systems LLC.,Application,,C:\Windows\CxSvc,1.0
5015,.NET Runtime Optimization Service,4.8,Microsoft Corporation Inc.,Application,,C:\Windows\Microsoft.NET\Framework64\v4.0.30319,2.0
5015,64Bit MAPI Mail Agent,1.0,Foxit Software Inc.,Application,,C:\Program Files (x86)\Foxit Software\Foxit PDF Reader,1.0
5015,7-Zip 24.08 (x64 edition),24.08,Igor Pavlov,Add/Remove Programs,"November 29, 2024 12:00:00 AM",,
5015,7-Zip Console,24.08,Igor Pavlov,Application,,C:\Program Files\7-Zip,1.0
5015,7-Zip File Manager,24.08,Igor Pavlov,Application,,C:\Program Files\7-Zip,1.0
5015,7-Zip GUI,24.08,Igor Pavlov,Application,,C:\Program Files\7-Zip,1.0
5015,Accounts Control Host,10.0,Microsoft Corporation Inc.,Application,,C:\Windows\SystemApps\Microsoft.AccountsControl_cw5n1h2txyewy,1.0
5015,AddSuggestedFoldersToLibraryDialog,10.0,Microsoft Corporation Inc.,Application,,C:\Windows\SystemApps\Microsoft.Windows.AddSuggestedFoldersToLibraryDialog_cw5n1h2txyewy,1.0
5015,Antimalware Core Service,4.18,Microsoft Corporation Inc.,Application,,C:\Program Files\Windows Defender,1.0
5015,Antimalware Service Executable,4.18,Microsoft Corporation Inc.,Application,,C:\Program Files\Windows Defender,1.0
5015,AppResolverUX,10.0,Microsoft Corporation Inc.,Application,,C:\Windows\SystemApps\Microsoft.Windows.AppResolverUX_cw5n1h2txyewy,1.0
5015,AsyncTextService,10.0,Microsoft Corporation Inc.,Application,,C:\Windows\SystemApps\Microsoft.AsyncTextService_8wekyb3d8bbwe,1.0
5015,Biometric Enrollment Host,10.0,Microsoft Corporation Inc.,Application,,C:\Windows\SystemApps\Microsoft.BioEnrollment_cw5n1h2txyewy,1.0
5015,BMC Client Management Agent,24.1.01.240624,BMC Software Inc.,Application,,C:\Program Files\BMC Software\Client Management\Client\bin,1.0
5015,BMC Client Management Certificate Generator,24.1.01.240624,BMC Software Inc.,Application,,C:\Program Files\BMC Software\Client Management\Client\bin,1.0
5015,BMC Client Management Chilli Interpreter,24.1.01.240624,BMC Software Inc.,Application,,C:\Program Files\BMC Software\Client Management\Client\bin,1.0
5015,BMC Client Management Direct Access Proxy Agent,24.1.01.240624,BMC Software Inc.,Application,,C:\Program Files\BMC Software\Client Management\Client\bin,1.0
5015,BMC Client Management Opswat Proxy Agent,24.1.01.240624,BMC Software Inc.,Application,,C:\Program Files\BMC Software\Client Management\Client\bin,1.0
5015,BMC Client Management Package Viewer,24.1.01.240624,BMC Software Inc.,Application,,C:\Program Files\BMC Software\Client Management\Client\bin,1.0
5015,BMC Client Management Patch Broker,24.1.01.240624,BMC Software Inc.,Application,,C:\Program Files\BMC Software\Client Management\Client\bin,1.0
5015,BMC Client Management Proxy Agent,24.1.01.240624,BMC Software Inc.,Application,,C:\Program Files\BMC Software\Client Management\Client\bin,1.0
5015,BMC Client Management Remote Control proxy,24.1.01.240624,BMC Software Inc.,Application,,C:\Program Files\BMC Software\Client Management\Client\bin,1.0
5015,BMC Client Management SCAP,24.1.01.240624,BMC Software Inc.,Application,,C:\Program Files\BMC Software\Client Management\Client\bin,1.0
5015,BMC Client Management Video Proxy Agent,24.1.01.240624,BMC Software Inc.,Application,,C:\Program Files\BMC Software\Client Management\Client\bin,1.0
5015,Boot File Servicing Utility,10.0,Microsoft Corporation Inc.,Application,,C:\Windows,1.0
5015,Browser Protection Native Messaging Host,4.18,Microsoft Corporation Inc.,Application,,C:\Program Files\Windows Defender,1.0
5015,BrowserCore,10.0,Microsoft Corporation Inc.,Application,,C:\Windows\BrowserCore,1.0
5015,CameraBarcodeScannerPreview,10.0,Microsoft Corporation Inc.,Application,,C:\Windows\SystemApps\Windows.CBSPreview_cw5n1h2txyewy,1.0
5015,CL5,9.6,Ivanti,Application,,C:\Program Files\BMC Software\Client Management\Client\data\PatchManagementPremium\workspace,1.0
5015,ClickOnce,4.8,Microsoft Corporation Inc.,Application,,C:\Windows\Microsoft.NET\Framework64\v4.0.30319,3.0
5015,Common User Interface,5.8,Musarubra US LLC.,Application,,C:\Program Files\McAfee\Agent\x86,1.0
5015,Copilot,144.0,Microsoft Corporation Inc.,Application,,C:\Program Files (x86)\Microsoft\EdgeWebView\Application\144.0.3719.115,5.0
5015,Copilot Update,1.3,Microsoft Corporation Inc.,Application,,C:\Program Files (x86)\Microsoft\EdgeUpdate,2.0
5015,Credential Dialog Host,10.0,Microsoft Corporation Inc.,Application,,C:\Windows\SystemApps\microsoft.creddialoghost_cw5n1h2txyewy,1.0
5015,CrowdStrike Device Control,7.29,CrowdStrike Inc.,Add/Remove Programs,"November 14, 2025 12:00:00 AM",,
5015,CrowdStrike Device Control Support Tool,7.29,CrowdStrike Inc.,Application,,C:\Program Files\CrowdStrike,1.0
5015,CrowdStrike Falcon Connector,7.32,CrowdStrike Inc.,Application,,C:\Program Files\CrowdStrike,1.0
5015,CrowdStrike Falcon Sensor,7.32,CrowdStrike Inc.,Application,,C:\Program Files\CrowdStrike,1.0
5015,CrowdStrike Falcon Sensor Controller,7.32,CrowdStrike Inc.,Application,,C:\Program Files\CrowdStrike,1.0
5015,CrowdStrike Falcon Sensor Service,7.32,CrowdStrike Inc.,Application,,C:\Program Files\CrowdStrike,1.0
5015,CrowdStrike Falcon Sensor Servlet Container,7.32,CrowdStrike Inc.,Application,,C:\Program Files\CrowdStrike,1.0
5015,CrowdStrike Falcon Sensor Settings Tool,7.32,CrowdStrike Inc.,Application,,C:\Program Files\CrowdStrike,1.0
5015,CrowdStrike Falcon Sensor System Tray Application,7.32,CrowdStrike Inc.,Application,,C:\Program Files\CrowdStrike,2.0
5015,CrowdStrike Firmware Analysis,7.14,CrowdStrike Inc.,Add/Remove Programs,"July 24, 2025 12:00:00 AM",,
5015,CrowdStrike Firmware Analysis Support Tool,7.14,CrowdStrike Inc.,Application,,C:\Program Files\CrowdStrike,1.0
5015,CrowdStrike Forensic Data Collection Tool,1.0,CrowdStrike Inc.,Application,,C:,2.0
5015,CrowdStrike On-Demand Scan Command-line Tool,7.32,CrowdStrike Inc.,Application,,C:\Program Files\CrowdStrike,1.0
5015,CrowdStrike On-Demand Scan Tool,7.32,CrowdStrike Inc.,Application,,C:\Program Files\CrowdStrike,1.0
5015,CrowdStrike Sensor Platform,7.32,CrowdStrike Inc.,Add/Remove Programs,"January 14, 2026 12:00:00 AM",,
5015,CrowdStrike Windows Sensor,7.32,CrowdStrike Inc.,Add/Remove Programs,"January 14, 2026 12:00:00 AM",,
17090,.NET Runtime Optimization Service,4.8,Microsoft Corporation Inc.,Application,,C:\Windows\Microsoft.NET\Framework64\v4.0.30319,2.0
17090,64Bit MAPI Mail Agent,1.0,Foxit Software Inc.,Application,,C:\Program Files (x86)\Foxit Software\Foxit PDF Reader,1.0
17090,7-Zip 24.08 (x64),24.08,Igor Pavlov,Add/Remove Programs,,C:\Program Files\7-Zip\,
17090,7-Zip Console,24.08,Igor Pavlov,Application,,C:\Program Files\7-Zip,1.0
17090,7-Zip File Manager,24.08,Igor Pavlov,Application,,C:\Program Files\7-Zip,1.0
17090,7-Zip GUI,24.08,Igor Pavlov,Application,,C:\Program Files\7-Zip,1.0
17090,Accounts Control Host,10.0,Microsoft Corporation Inc.,Application,,C:\Windows\SystemApps\Microsoft.AccountsControl_cw5n1h2txyewy,1.0
17090,AddSuggestedFoldersToLibraryDialog,10.0,Microsoft Corporation Inc.,Application,,C:\Windows\SystemApps\Microsoft.Windows.AddSuggestedFoldersToLibraryDialog_cw5n1h2txyewy,1.0
17090,Antimalware Core Service,4.18,Microsoft Corporation Inc.,Application,,C:\Program Files\Windows Defender,1.0
17090,AntiMalware Platform Update (amd64fre),4.18,Microsoft Corporation Inc.,Application,,C:\Windows\SystemTemp\39446D63-6F82-4C86-8365-7C82D9E6BB79MpCommU,1.0
17090,Antimalware Service Executable,4.18,Microsoft Corporation Inc.,Application,,C:\Program Files\Windows Defender,1.0
17090,AppResolverUX,10.0,Microsoft Corporation Inc.,Application,,C:\Windows\SystemApps\Microsoft.Windows.AppResolverUX_cw5n1h2txyewy,1.0
17090,AsyncTextService,10.0,Microsoft Corporation Inc.,Application,,C:\Windows\SystemApps\Microsoft.AsyncTextService_8wekyb3d8bbwe,1.0
17090,Biometric Enrollment Host,10.0,Microsoft Corporation Inc.,Application,,C:\Windows\SystemApps\Microsoft.BioEnrollment_cw5n1h2txyewy,1.0
17090,BMC Client Management Agent,24.1.01.240624,BMC Software Inc.,Application,,C:\Program Files\BMC Software\Client Management\Client\bin,1.0
17090,BMC Client Management Certificate Generator,24.1.01.240624,BMC Software Inc.,Application,,C:\Program Files\BMC Software\Client Management\Client\bin,1.0
17090,BMC Client Management Chilli Interpreter,24.1.01.240624,BMC Software Inc.,Application,,C:\Program Files\BMC Software\Client Management\Client\bin,1.0
17090,BMC Client Management Direct Access Proxy Agent,24.1.01.240624,BMC Software Inc.,Application,,C:\Program Files\BMC Software\Client Management\Client\bin,1.0
17090,BMC Client Management Opswat Proxy Agent,24.1.01.240624,BMC Software Inc.,Application,,C:\Program Files\BMC Software\Client Management\Client\bin,1.0
17090,BMC Client Management Package Viewer,24.1.01.240624,BMC Software Inc.,Application,,C:\Program Files\BMC Software\Client Management\Client\bin,1.0
17090,BMC Client Management Patch Broker,24.1.01.240624,BMC Software Inc.,Application,,C:\Program Files\BMC Software\Client Management\Client\bin,1.0
17090,BMC Client Management Proxy Agent,24.1.01.240624,BMC Software Inc.,Application,,C:\Program Files\BMC Software\Client Management\Client\bin,1.0
17090,BMC Client Management Remote Control proxy,24.1.01.240624,BMC Software Inc.,Application,,C:\Program Files\BMC Software\Client Management\Client\bin,1.0
17090,BMC Client Management SCAP,24.1.01.240624,BMC Software Inc.,Application,,C:\Program Files\BMC Software\Client Management\Client\bin,1.0
17090,BMC Client Management Video Proxy Agent,24.1.01.240624,BMC Software Inc.,Application,,C:\Program Files\BMC Software\Client Management\Client\bin,1.0
17090,Boot File Servicing Utility,10.0,Microsoft Corporation Inc.,Application,,C:\Windows,1.0
17090,Browser Protection Native Messaging Host,4.18,Microsoft Corporation Inc.,Application,,C:\Program Files\Windows Defender,1.0
17090,BrowserCore,10.0,Microsoft Corporation Inc.,Application,,C:\Windows\BrowserCore,1.0
17090,CameraBarcodeScannerPreview,10.0,Microsoft Corporation Inc.,Application,,C:\Windows\SystemApps\Windows.CBSPreview_cw5n1h2txyewy,1.0
17090,CL5,9.6,Ivanti,Application,,C:\Program Files\BMC Software\Client Management\Client\data\PatchManagementPremium\workspace,1.0
17090,ClickOnce,4.8,Microsoft Corporation Inc.,Application,,C:\Windows\Microsoft.NET\Framework64\v4.0.30319,3.0
17090,Credential Dialog Host,10.0,Microsoft Corporation Inc.,Application,,C:\Windows\SystemApps\microsoft.creddialoghost_cw5n1h2txyewy,1.0
17090,CrowdStrike Device Control,7.29,CrowdStrike Inc.,Add/Remove Programs,"November 14, 2025 12:00:00 AM",,
17090,CrowdStrike Device Control Support Tool,7.29,CrowdStrike Inc.,Application,,C:\Program Files\CrowdStrike,1.0
17090,CrowdStrike Falcon Connector,7.32,CrowdStrike Inc.,Application,,C:\Program Files\CrowdStrike,1.0
17090,CrowdStrike Falcon Sensor,7.32,CrowdStrike Inc.,Application,,C:\Program Files\CrowdStrike,1.0
17090,CrowdStrike Falcon Sensor Controller,7.32,CrowdStrike Inc.,Application,,C:\Program Files\CrowdStrike,1.0
17090,CrowdStrike Falcon Sensor Service,7.32,CrowdStrike Inc.,Application,,C:\Program Files\CrowdStrike,1.0
17090,CrowdStrike Falcon Sensor Servlet Container,7.32,CrowdStrike Inc.,Application,,C:\Program Files\CrowdStrike,1.0
17090,CrowdStrike Falcon Sensor Settings Tool,7.32,CrowdStrike Inc.,Application,,C:\Program Files\CrowdStrike,1.0
17090,CrowdStrike Falcon Sensor System Tray Application,7.32,CrowdStrike Inc.,Application,,C:\Program Files\CrowdStrike,2.0
17090,CrowdStrike Firmware Analysis,7.14,CrowdStrike Inc.,Add/Remove Programs,"June 18, 2025 12:00:00 AM",,
17090,CrowdStrike Firmware Analysis Support Tool,7.14,CrowdStrike Inc.,Application,,C:\Program Files\CrowdStrike,1.0
17090,CrowdStrike On-Demand Scan Command-line Tool,7.32,CrowdStrike Inc.,Application,,C:\Program Files\CrowdStrike,1.0
17090,CrowdStrike On-Demand Scan Tool,7.32,CrowdStrike Inc.,Application,,C:\Program Files\CrowdStrike,1.0
17090,CrowdStrike Sensor Platform,7.32,CrowdStrike Inc.,Add/Remove Programs,"January 14, 2026 12:00:00 AM",,
17090,CrowdStrike Windows Sensor,7.32,CrowdStrike Inc.,Add/Remove Programs,"January 14, 2026 12:00:00 AM",,
17090,EC App,10.0,Microsoft Corporation Inc.,Application,,C:\Windows\SystemApps\Microsoft.ECApp_8wekyb3d8bbwe,1.0
17090,File Explorer,10.0,Microsoft Corporation Inc.,Application,,C:\Windows\SystemApps\Microsoft.Windows.FileExplorer_cw5n1h2txyewy,1.0
17090,File Picker,10.0,Microsoft Corporation Inc.,Application,,C:\Windows\SystemApps\Microsoft.Windows.FilePicker_cw5n1h2txyewy,1.0
5107,.NET Runtime Optimization Service,4.8,Microsoft Corporation Inc.,Application,,C:\Windows\Microsoft.NET\Framework64\v4.0.30319,2.0
5107,64Bit MAPI Mail Agent,1.0,Foxit Software Inc.,Application,,C:\Program Files (x86)\Foxit Software\Foxit PDF Reader,1.0
5107,7-Zip 23.01 (x64),23.01,Igor Pavlov,Add/Remove Programs,,C:\Program Files\7-Zip\,
5107,7-Zip Console,23.01,Igor Pavlov,Application,,C:\Program Files\7-Zip,1.0
5107,7-Zip File Manager,23.01,Igor Pavlov,Application,,C:\Program Files\7-Zip,1.0
5107,7-Zip GUI,23.01,Igor Pavlov,Application,,C:\Program Files\7-Zip,1.0
5107,Accounts Control Host,10.0,Microsoft Corporation Inc.,Application,,C:\Windows\SystemApps\Microsoft.AccountsControl_cw5n1h2txyewy,1.0
5107,AddSuggestedFoldersToLibraryDialog,10.0,Microsoft Corporation Inc.,Application,,C:\Windows\SystemApps\Microsoft.Windows.AddSuggestedFoldersToLibraryDialog_cw5n1h2txyewy,1.0
5107,Antimalware Core Service,4.18,Microsoft Corporation Inc.,Application,,C:\Program Files\Windows Defender,1.0
5107,Antimalware Service Executable,4.18,Microsoft Corporation Inc.,Application,,C:\Program Files\Windows Defender,1.0
5107,AppFollower,1.3,Conexant Systems Inc.,Application,,C:\Program Files\CONEXANT\Flow,1.0
5107,AppResolverUX,10.0,Microsoft Corporation Inc.,Application,,C:\Windows\SystemApps\Microsoft.Windows.AppResolverUX_cw5n1h2txyewy,1.0
5107,AsyncTextService,10.0,Microsoft Corporation Inc.,Application,,C:\Windows\SystemApps\Microsoft.AsyncTextService_8wekyb3d8bbwe,1.0
5107,Audio Control,4.0,Conexant Systems LLC.,Application,,C:\Program Files\CONEXANT\Install\Audio\SA3\SA3\Dyson,2.0
5107,Audio Controls Control Panel,4.0,Conexant Systems LLC.,Application,,C:\Program Files\CONEXANT\SA3\HP-NB-AIO,3.0
5107,Bang & Olufsen,4.0,Conexant Systems LLC.,Application,,C:\Program Files\CONEXANT\Install\Audio\SA3\SA3\BandO,2.0
5107,Biometric Enrollment Host,10.0,Microsoft Corporation Inc.,Application,,C:\Windows\SystemApps\Microsoft.BioEnrollment_cw5n1h2txyewy,1.0
5107,BMC Client Management Agent,24.1.01.240624,BMC Software Inc.,Application,,C:\Program Files\BMC Software\Client Management\Client\bin,1.0
5107,BMC Client Management Certificate Generator,24.1.01.240624,BMC Software Inc.,Application,,C:\Program Files\BMC Software\Client Management\Client\bin,1.0
5107,BMC Client Management Chilli Interpreter,24.1.01.240624,BMC Software Inc.,Application,,C:\Program Files\BMC Software\Client Management\Client\bin,1.0
5107,BMC Client Management Direct Access Proxy Agent,24.1.01.240624,BMC Software Inc.,Application,,C:\Program Files\BMC Software\Client Management\Client\bin,1.0
5107,BMC Client Management Opswat Proxy Agent,24.1.01.240624,BMC Software Inc.,Application,,C:\Program Files\BMC Software\Client Management\Client\bin,1.0
5107,BMC Client Management Package Viewer,24.1.01.240624,BMC Software Inc.,Application,,C:\Program Files\BMC Software\Client Management\Client\bin,1.0
5107,BMC Client Management Patch Broker,24.1.01.240624,BMC Software Inc.,Application,,C:\Program Files\BMC Software\Client Management\Client\bin,1.0
5107,BMC Client Management Proxy Agent,24.1.01.240624,BMC Software Inc.,Application,,C:\Program Files\BMC Software\Client Management\Client\bin,1.0
5107,BMC Client Management Remote Control proxy,24.1.01.240624,BMC Software Inc.,Application,,C:\Program Files\BMC Software\Client Management\Client\bin,1.0
5107,BMC Client Management SCAP,24.1.01.240624,BMC Software Inc.,Application,,C:\Program Files\BMC Software\Client Management\Client\bin,1.0
5107,BMC Client Management Video Proxy Agent,24.1.01.240624,BMC Software Inc.,Application,,C:\Program Files\BMC Software\Client Management\Client\bin,1.0
5107,Boot File Servicing Utility,10.0,Microsoft Corporation Inc.,Application,,C:\Windows,1.0
5107,Browser Protection Native Messaging Host,4.18,Microsoft Corporation Inc.,Application,,C:\Program Files\Windows Defender,1.0
5107,BrowserCore,10.0,Microsoft Corporation Inc.,Application,,C:\Windows\BrowserCore,1.0
5107,CameraBarcodeScannerPreview,10.0,Microsoft Corporation Inc.,Application,,C:\Windows\SystemApps\Windows.CBSPreview_cw5n1h2txyewy,1.0
5107,CL5,9.6,Ivanti,Application,,C:\Program Files\BMC Software\Client Management\Client\data\PatchManagementPremium\workspace,1.0
5107,ClickOnce,4.8,Microsoft Corporation Inc.,Application,,C:\Windows\Microsoft.NET\Framework64\v4.0.30319,3.0
5107,CnxtNotify,1.0,Conexant Systems Inc.,Application,,C:\Program Files\CONEXANT\SA3\HP-NB-AIO,1.0
5107,Credential Dialog Host,10.0,Microsoft Corporation Inc.,Application,,C:\Windows\SystemApps\microsoft.creddialoghost_cw5n1h2txyewy,1.0
5107,CrowdStrike Device Control,7.29,CrowdStrike Inc.,Add/Remove Programs,"November 14, 2025 12:00:00 AM",,
5107,CrowdStrike Device Control Support Tool,7.29,CrowdStrike Inc.,Application,,C:\Program Files\CrowdStrike,1.0
5107,CrowdStrike Falcon Connector,7.31,CrowdStrike Inc.,Application,,C:\Program Files\CrowdStrike,1.0
5107,CrowdStrike Falcon Sensor,7.31,CrowdStrike Inc.,Application,,C:\Program Files\CrowdStrike,1.0
5107,CrowdStrike Falcon Sensor Controller,7.31,CrowdStrike Inc.,Application,,C:\Program Files\CrowdStrike,1.0
5107,CrowdStrike Falcon Sensor Service,7.31,CrowdStrike Inc.,Application,,C:\Program Files\CrowdStrike,1.0
5107,CrowdStrike Falcon Sensor Servlet Container,7.31,CrowdStrike Inc.,Application,,C:\Program Files\CrowdStrike,1.0
5107,CrowdStrike Falcon Sensor Settings Tool,7.31,CrowdStrike Inc.,Application,,C:\Program Files\CrowdStrike,1.0
5107,CrowdStrike Falcon Sensor System Tray Application,7.31,CrowdStrike Inc.,Application,,C:\Program Files\CrowdStrike,2.0
5107,CrowdStrike Firmware Analysis,7.14,CrowdStrike Inc.,Add/Remove Programs,"June 23, 2025 12:00:00 AM",,
5107,CrowdStrike Firmware Analysis Support Tool,7.14,CrowdStrike Inc.,Application,,C:\Program Files\CrowdStrike,1.0
5107,CrowdStrike On-Demand Scan Command-line Tool,7.31,CrowdStrike Inc.,Application,,C:\Program Files\CrowdStrike,1.0
5107,CrowdStrike On-Demand Scan Tool,7.31,CrowdStrike Inc.,Application,,C:\Program Files\CrowdStrike,1.0
5107,CrowdStrike Sensor Platform,7.31,CrowdStrike Inc.,Add/Remove Programs,"December 10, 2025 12:00:00 AM",,
13816,.NET Framework,3.0,Microsoft Corporation Inc.,Application,,C:\Windows\Microsoft.NET\Framework64\v3.0\Windows Communication Foundation,2.0
13816,.NET Runtime Optimization Service,4.8,Microsoft Corporation Inc.,Application,,C:\Windows\Microsoft.NET\Framework64\v4.0.30319,2.0
13816,.NET Runtime Optimization Service,2.0,Microsoft Corporation Inc.,Application,,C:\Windows\Microsoft.NET\Framework64\v2.0.50727,2.0
13816,64Bit MAPI Mail Agent,1.0,Foxit Software Inc.,Application,,C:\Program Files (x86)\Foxit Software\Foxit Reader,1.0
13816,7-Zip 24.08 (x64 edition),24.08,Igor Pavlov,Add/Remove Programs,"November 28, 2024 12:00:00 AM",,
13816,7-Zip Console,24.08,Igor Pavlov,Application,,C:\Program Files\7-Zip,1.0
13816,7-Zip File Manager,24.08,Igor Pavlov,Application,,C:\Program Files\7-Zip,1.0
13816,7-Zip GUI,24.08,Igor Pavlov,Application,,C:\Program Files\7-Zip,1.0
13816,AAD token broker plugin,10.0,Microsoft Corporation Inc.,Application,,C:\Windows\SystemApps\Microsoft.AAD.BrokerPlugin_cw5n1h2txyewy,1.0
13816,Accounts Control Host,10.0,Microsoft Corporation Inc.,Application,,C:\Windows\SystemApps\Microsoft.AccountsControl_cw5n1h2txyewy,1.0
13816,AddSuggestedFoldersToLibraryDialog,10.0,Microsoft Corporation Inc.,Application,,C:\Windows\SystemApps\Microsoft.Windows.AddSuggestedFoldersToLibraryDialog_cw5n1h2txyewy,1.0
13816,Antimalware Service Executable,4.18,Microsoft Corporation Inc.,Application,,C:\Program Files\Windows Defender,1.0
13816,AppResolverUX,10.0,Microsoft Corporation Inc.,Application,,C:\Windows\SystemApps\Microsoft.Windows.AppResolverUX_cw5n1h2txyewy,1.0
13816,AsyncTextService,10.0,Microsoft Corporation Inc.,Application,,C:\Windows\SystemApps\Microsoft.AsyncTextService_8wekyb3d8bbwe,1.0
13816,Biometric Enrollment Host,10.0,Microsoft Corporation Inc.,Application,,C:\Windows\SystemApps\Microsoft.BioEnrollment_cw5n1h2txyewy,1.0
13816,BMC Client Management Agent,24.1.01.240624,BMC Software Inc.,Application,,C:\Program Files\BMC Software\Client Management\Client\bin,1.0
13816,BMC Client Management Certificate Generator,24.1.01.240624,BMC Software Inc.,Application,,C:\Program Files\BMC Software\Client Management\Client\bin,1.0
13816,BMC Client Management Chilli Interpreter,24.1.01.240624,BMC Software Inc.,Application,,C:\Program Files\BMC Software\Client Management\Client\bin,1.0
13816,BMC Client Management Direct Access Proxy Agent,24.1.01.240624,BMC Software Inc.,Application,,C:\Program Files\BMC Software\Client Management\Client\bin,1.0
13816,BMC Client Management Opswat Proxy Agent,24.1.01.240624,BMC Software Inc.,Application,,C:\Program Files\BMC Software\Client Management\Client\bin,1.0
13816,BMC Client Management Package Viewer,24.1.01.240624,BMC Software Inc.,Application,,C:\Program Files\BMC Software\Client Management\Client\bin,1.0
13816,BMC Client Management Patch Broker,24.1.01.240624,BMC Software Inc.,Application,,C:\Program Files\BMC Software\Client Management\Client\bin,1.0
13816,BMC Client Management Proxy Agent,24.1.01.240624,BMC Software Inc.,Application,,C:\Program Files\BMC Software\Client Management\Client\bin,1.0
13816,BMC Client Management Remote Control proxy,24.1.01.240624,BMC Software Inc.,Application,,C:\Program Files\BMC Software\Client Management\Client\bin,1.0
13816,BMC Client Management SCAP,24.1.01.240624,BMC Software Inc.,Application,,C:\Program Files\BMC Software\Client Management\Client\bin,1.0
13816,BMC Client Management Video Proxy Agent,24.1.01.240624,BMC Software Inc.,Application,,C:\Program Files\BMC Software\Client Management\Client\bin,1.0
13816,Boot File Servicing Utility,10.0,Microsoft Corporation Inc.,Application,,C:\Windows,1.0
13816,BrowserCore,10.0,Microsoft Corporation Inc.,Application,,C:\Windows\BrowserCore,1.0
13816,Calling App to host call progress on shell,10.0,Microsoft Corporation Inc.,Application,,C:\Windows\SystemApps\Microsoft.Windows.CallingShellApp_cw5n1h2txyewy,1.0
13816,CameraBarcodeScannerPreview,10.0,Microsoft Corporation Inc.,Application,,C:\Windows\SystemApps\Windows.CBSPreview_cw5n1h2txyewy,1.0
13816,CL5,9.6,Ivanti,Application,,C:\Program Files\BMC Software\Client Management\Client\data\PatchManagementPremium\workspace,1.0
13816,ClickOnce,4.8,Microsoft Corporation Inc.,Application,,C:\Windows\Microsoft.NET\Framework64\v4.0.30319,3.0
13816,Common User Interface,5.8,Musarubra US LLC.,Application,,C:\Program Files\McAfee\Agent\x86,1.0
13816,Copilot,144.0,Microsoft Corporation Inc.,Application,,C:\Program Files (x86)\Microsoft\EdgeWebView\Application\144.0.3719.115,5.0
13816,Copilot Update,1.3,Microsoft Corporation Inc.,Application,,C:\Program Files (x86)\Microsoft\EdgeUpdate,2.0
13816,Create Virtual Machine,10.0,Microsoft Corporation Inc.,Application,,C:\Program Files\Hyper-V,1.0
13816,Credential Dialog Host,10.0,Microsoft Corporation Inc.,Application,,C:\Windows\SystemApps\microsoft.creddialoghost_cw5n1h2txyewy,1.0
13816,CrowdStrike Device Control,7.29,CrowdStrike Inc.,Add/Remove Programs,"November 14, 2025 12:00:00 AM",,
13816,CrowdStrike Device Control Support Tool,7.29,CrowdStrike Inc.,Application,,C:\Program Files\CrowdStrike,1.0
13816,CrowdStrike Falcon Connector,7.32,CrowdStrike Inc.,Application,,C:\Program Files\CrowdStrike,1.0
13816,CrowdStrike Falcon Sensor,7.32,CrowdStrike Inc.,Application,,C:\Program Files\CrowdStrike,1.0
13816,CrowdStrike Falcon Sensor Controller,7.32,CrowdStrike Inc.,Application,,C:\Program Files\CrowdStrike,1.0
13816,CrowdStrike Falcon Sensor Service,7.32,CrowdStrike Inc.,Application,,C:\Program Files\CrowdStrike,1.0
13816,CrowdStrike Falcon Sensor Servlet Container,7.32,CrowdStrike Inc.,Application,,C:\Program Files\CrowdStrike,1.0
13816,CrowdStrike Falcon Sensor Settings Tool,7.32,CrowdStrike Inc.,Application,,C:\Program Files\CrowdStrike,1.0
13816,CrowdStrike Falcon Sensor System Tray Application,7.32,CrowdStrike Inc.,Application,,C:\Program Files\CrowdStrike,2.0
13816,CrowdStrike Firmware Analysis,7.14,CrowdStrike Inc.,Add/Remove Programs,"July 24, 2025 12:00:00 AM",,
13816,CrowdStrike Firmware Analysis Support Tool,7.14,CrowdStrike Inc.,Application,,C:\Program Files\CrowdStrike,1.0
13816,CrowdStrike On-Demand Scan Command-line Tool,7.32,CrowdStrike Inc.,Application,,C:\Program Files\CrowdStrike,1.0
13816,CrowdStrike On-Demand Scan Tool,7.32,CrowdStrike Inc.,Application,,C:\Program Files\CrowdStrike,1.0
15369,.NET Runtime Optimization Service,4.8,Microsoft Corporation Inc.,Application,,C:\Windows\Microsoft.NET\Framework64\v4.0.30319,2.0
15369,64Bit MAPI Mail Agent,1.0,Foxit Software Inc.,Application,,C:\Program Files (x86)\Foxit Software\Foxit PDF Reader,1.0
15369,7-Zip 24.08 (x64 edition),24.08,Igor Pavlov,Add/Remove Programs,"November 29, 2024 12:00:00 AM",,
15369,7-Zip Console,24.08,Igor Pavlov,Application,,C:\Program Files\7-Zip,1.0
15369,7-Zip File Manager,24.08,Igor Pavlov,Application,,C:\Program Files\7-Zip,1.0
15369,7-Zip GUI,24.08,Igor Pavlov,Application,,C:\Program Files\7-Zip,1.0
15369,Accounts Control Host,10.0,Microsoft Corporation Inc.,Application,,C:\Windows\SystemApps\Microsoft.AccountsControl_cw5n1h2txyewy,1.0
15369,AddSuggestedFoldersToLibraryDialog,10.0,Microsoft Corporation Inc.,Application,,C:\Windows\SystemApps\Microsoft.Windows.AddSuggestedFoldersToLibraryDialog_cw5n1h2txyewy,1.0
15369,Antimalware Core Service,4.18,Microsoft Corporation Inc.,Application,,C:\Program Files\Windows Defender,1.0
15369,Antimalware Service Executable,4.18,Microsoft Corporation Inc.,Application,,C:\Program Files\Windows Defender,1.0
15369,AppResolverUX,10.0,Microsoft Corporation Inc.,Application,,C:\Windows\SystemApps\Microsoft.Windows.AppResolverUX_cw5n1h2txyewy,1.0
15369,AsyncTextService,10.0,Microsoft Corporation Inc.,Application,,C:\Windows\SystemApps\Microsoft.AsyncTextService_8wekyb3d8bbwe,1.0
15369,Biometric Enrollment Host,10.0,Microsoft Corporation Inc.,Application,,C:\Windows\SystemApps\Microsoft.BioEnrollment_cw5n1h2txyewy,1.0
15369,BMC Client Management Agent,24.1.01.240624,BMC Software Inc.,Application,,C:\Program Files\BMC Software\Client Management\Client\bin,1.0
15369,BMC Client Management Certificate Generator,24.1.01.240624,BMC Software Inc.,Application,,C:\Program Files\BMC Software\Client Management\Client\bin,1.0
15369,BMC Client Management Chilli Interpreter,24.1.01.240624,BMC Software Inc.,Application,,C:\Program Files\BMC Software\Client Management\Client\bin,1.0
15369,BMC Client Management Direct Access Proxy Agent,24.1.01.240624,BMC Software Inc.,Application,,C:\Program Files\BMC Software\Client Management\Client\bin,1.0
15369,BMC Client Management Opswat Proxy Agent,24.1.01.240624,BMC Software Inc.,Application,,C:\Program Files\BMC Software\Client Management\Client\bin,1.0
15369,BMC Client Management Package Viewer,24.1.01.240624,BMC Software Inc.,Application,,C:\Program Files\BMC Software\Client Management\Client\bin,1.0
15369,BMC Client Management Patch Broker,24.1.01.240624,BMC Software Inc.,Application,,C:\Program Files\BMC Software\Client Management\Client\bin,1.0
15369,BMC Client Management Proxy Agent,24.1.01.240624,BMC Software Inc.,Application,,C:\Program Files\BMC Software\Client Management\Client\bin,1.0
15369,BMC Client Management Remote Control proxy,24.1.01.240624,BMC Software Inc.,Application,,C:\Program Files\BMC Software\Client Management\Client\bin,1.0
15369,BMC Client Management SCAP,24.1.01.240624,BMC Software Inc.,Application,,C:\Program Files\BMC Software\Client Management\Client\bin,1.0
15369,BMC Client Management Video Proxy Agent,24.1.01.240624,BMC Software Inc.,Application,,C:\Program Files\BMC Software\Client Management\Client\bin,1.0
15369,Boot File Servicing Utility,10.0,Microsoft Corporation Inc.,Application,,C:\Windows,1.0
15369,Browser Protection Native Messaging Host,4.18,Microsoft Corporation Inc.,Application,,C:\Program Files\Windows Defender,1.0
15369,BrowserCore,10.0,Microsoft Corporation Inc.,Application,,C:\Windows\BrowserCore,1.0
15369,CameraBarcodeScannerPreview,10.0,Microsoft Corporation Inc.,Application,,C:\Windows\SystemApps\Windows.CBSPreview_cw5n1h2txyewy,1.0
15369,CL5,9.6,Ivanti,Application,,C:\Program Files\BMC Software\Client Management\Client\data\PatchManagementPremium\workspace,1.0
15369,ClickOnce,4.8,Microsoft Corporation Inc.,Application,,C:\Windows\Microsoft.NET\Framework64\v4.0.30319,3.0
15369,Common User Interface,5.8,Musarubra US LLC.,Application,,C:\Program Files\McAfee\Agent\x86,1.0
15369,Copilot,144.0,Microsoft Corporation Inc.,Application,,C:\Program Files (x86)\Microsoft\EdgeWebView\Application\144.0.3719.115,5.0
15369,Copilot Update,1.3,Microsoft Corporation Inc.,Application,,C:\Program Files (x86)\Microsoft\EdgeUpdate,2.0
15369,Credential Dialog Host,10.0,Microsoft Corporation Inc.,Application,,C:\Windows\SystemApps\microsoft.creddialoghost_cw5n1h2txyewy,1.0
15369,CrowdStrike Device Control,7.29,CrowdStrike Inc.,Add/Remove Programs,"November 14, 2025 12:00:00 AM",,
15369,CrowdStrike Device Control Support Tool,7.29,CrowdStrike Inc.,Application,,C:\Program Files\CrowdStrike,1.0
15369,CrowdStrike Falcon Connector,7.32,CrowdStrike Inc.,Application,,C:\Program Files\CrowdStrike,1.0
15369,CrowdStrike Falcon Sensor,7.32,CrowdStrike Inc.,Application,,C:\Program Files\CrowdStrike,1.0
15369,CrowdStrike Falcon Sensor Controller,7.32,CrowdStrike Inc.,Application,,C:\Program Files\CrowdStrike,1.0
15369,CrowdStrike Falcon Sensor Service,7.32,CrowdStrike Inc.,Application,,C:\Program Files\CrowdStrike,1.0
15369,CrowdStrike Falcon Sensor Servlet Container,7.32,CrowdStrike Inc.,Application,,C:\Program Files\CrowdStrike,1.0
15369,CrowdStrike Falcon Sensor Settings Tool,7.32,CrowdStrike Inc.,Application,,C:\Program Files\CrowdStrike,1.0
15369,CrowdStrike Falcon Sensor System Tray Application,7.32,CrowdStrike Inc.,Application,,C:\Program Files\CrowdStrike,2.0
15369,CrowdStrike Firmware Analysis,7.14,CrowdStrike Inc.,Add/Remove Programs,"April 24, 2025 12:00:00 AM",,
15369,CrowdStrike Firmware Analysis Support Tool,7.14,CrowdStrike Inc.,Application,,C:\Program Files\CrowdStrike,1.0
15369,CrowdStrike Forensic Data Collection Tool,1.0,CrowdStrike Inc.,Application,,C:,2.0
15369,CrowdStrike On-Demand Scan Command-line Tool,7.32,CrowdStrike Inc.,Application,,C:\Program Files\CrowdStrike,1.0
15369,CrowdStrike On-Demand Scan Tool,7.32,CrowdStrike Inc.,Application,,C:\Program Files\CrowdStrike,1.0
15369,CrowdStrike Sensor Platform,7.32,CrowdStrike Inc.,Add/Remove Programs,"January 14, 2026 12:00:00 AM",,
15369,CrowdStrike Windows Sensor,7.32,CrowdStrike Inc.,Add/Remove Programs,"January 14, 2026 12:00:00 AM",,
15595,.NET Runtime Crash Dump Generator,8.0,Microsoft Corporation Inc.,Application,,C:\Program Files (x86)\Trend Micro\Endpoint Basecamp\modules\vom\modules\UiBridgeModule\VOneAgentConsole,1.0
15595,.NET Runtime Optimization Service,4.8,Microsoft Corporation Inc.,Application,,C:\Windows\Microsoft.NET\Framework64\v4.0.30319,2.0
15595,64Bit MAPI Mail Agent,1.0,Foxit Software Inc.,Application,,C:\Program Files (x86)\Foxit Software\Foxit PDF Reader,1.0
15595,7-Zip 24.08 (x64),24.08,Igor Pavlov,Add/Remove Programs,,C:\Program Files\7-Zip\,
15595,7-Zip Console,24.08,Igor Pavlov,Application,,C:\Program Files\7-Zip,1.0
15595,7-Zip Console,25.01,Igor Pavlov,Application,,C:\Program Files (x86)\Trend Micro\Security Agent,4.0
15595,7-Zip File Manager,24.08,Igor Pavlov,Application,,C:\Program Files\7-Zip,1.0
15595,7-Zip GUI,24.08,Igor Pavlov,Application,,C:\Program Files\7-Zip,1.0
15595,7-Zip Reduced Standalone Console,25.01,Igor Pavlov,Application,,C:\Program Files (x86)\Lenovo\VantageService\4.2601.20.0\x64,2.0
15595,Accounts Control Host,10.0,Microsoft Corporation Inc.,Application,,C:\Windows\SystemApps\Microsoft.AccountsControl_cw5n1h2txyewy,1.0
15595,ActiveUpdate module.,2.88,Trend Micro Inc.,Application,,C:\Program Files (x86)\Trend Micro\Security Agent,2.0
15595,AddSuggestedFoldersToLibraryDialog,10.0,Microsoft Corporation Inc.,Application,,C:\Windows\SystemApps\Microsoft.Windows.AddSuggestedFoldersToLibraryDialog_cw5n1h2txyewy,1.0
15595,AISpeech AIMM Service For Smart Meeting,3.0,AISpeech,Application,,C:\Program Files\Lenovo\Lenovo Smart Meeting Components\Components\x64\AIMMService,1.0
15595,Antimalware Core Service,4.18,Microsoft Corporation Inc.,Application,,C:\Program Files\Windows Defender,1.0
15595,AntiMalware Platform Update (amd64fre),4.18,Microsoft Corporation Inc.,Application,,C:\Windows\SystemTemp\8B4A2AFF-1757-4398-B811-C9A38D1979DDMpCommU,1.0
15595,Antimalware Service Executable,4.18,Microsoft Corporation Inc.,Application,,C:\Program Files\Windows Defender,1.0
15595,AppResolverUX,10.0,Microsoft Corporation Inc.,Application,,C:\Windows\SystemApps\Microsoft.Windows.AppResolverUX_cw5n1h2txyewy,1.0
15595,AsyncTextService,10.0,Microsoft Corporation Inc.,Application,,C:\Windows\SystemApps\Microsoft.AsyncTextService_8wekyb3d8bbwe,1.0
15595,Biometric Enrollment Host,10.0,Microsoft Corporation Inc.,Application,,C:\Windows\SystemApps\Microsoft.BioEnrollment_cw5n1h2txyewy,1.0
15595,BMC Client Management Agent,24.1.01.240624,BMC Software Inc.,Application,,C:\Program Files\BMC Software\Client Management\Client\bin,1.0
15595,BMC Client Management Certificate Generator,24.1.01.240624,BMC Software Inc.,Application,,C:\Program Files\BMC Software\Client Management\Client\bin,1.0
15595,BMC Client Management Chilli Interpreter,24.1.01.240624,BMC Software Inc.,Application,,C:\Program Files\BMC Software\Client Management\Client\bin,1.0
15595,BMC Client Management Direct Access Proxy Agent,24.1.01.240624,BMC Software Inc.,Application,,C:\Program Files\BMC Software\Client Management\Client\bin,1.0
15595,BMC Client Management Opswat Proxy Agent,24.1.01.240624,BMC Software Inc.,Application,,C:\Program Files\BMC Software\Client Management\Client\bin,1.0
15595,BMC Client Management Package Viewer,24.1.01.240624,BMC Software Inc.,Application,,C:\Program Files\BMC Software\Client Management\Client\bin,1.0
15595,BMC Client Management Patch Broker,24.1.01.240624,BMC Software Inc.,Application,,C:\Program Files\BMC Software\Client Management\Client\bin,1.0
15595,BMC Client Management Proxy Agent,24.1.01.240624,BMC Software Inc.,Application,,C:\Program Files\BMC Software\Client Management\Client\bin,1.0
15595,BMC Client Management Remote Control proxy,24.1.01.240624,BMC Software Inc.,Application,,C:\Program Files\BMC Software\Client Management\Client\bin,1.0
15595,BMC Client Management SCAP,24.1.01.240624,BMC Software Inc.,Application,,C:\Program Files\BMC Software\Client Management\Client\bin,1.0
15595,BMC Client Management Video Proxy Agent,24.1.01.240624,BMC Software Inc.,Application,,C:\Program Files\BMC Software\Client Management\Client\bin,1.0
15595,Boot File Servicing Utility,10.0,Microsoft Corporation Inc.,Application,,C:\Windows,1.0
15595,Browser Protection Native Messaging Host,4.18,Microsoft Corporation Inc.,Application,,C:\Program Files\Windows Defender,1.0
15595,BrowserCore,10.0,Microsoft Corporation Inc.,Application,,C:\Windows\BrowserCore,1.0
15595,CameraBarcodeScannerPreview,10.0,Microsoft Corporation Inc.,Application,,C:\Windows\SystemApps\Windows.CBSPreview_cw5n1h2txyewy,1.0
15595,ChromeEnterpriseCompanion,143.0,Google LLC,Application,,C:\Windows\SystemTemp\scoped_dir27212_1379243817\scoped_dir27212_465232635,1.0
15595,CL5,9.6,Ivanti,Application,,C:\Program Files\BMC Software\Client Management\Client\data\PatchManagementPremium\workspace,1.0
15595,ClickOnce,4.8,Microsoft Corporation Inc.,Application,,C:\Windows\Microsoft.NET\Framework64\v4.0.30319,3.0
15595,Common User Interface,5.8,Musarubra US LLC.,Application,,C:\Program Files\McAfee\Agent\x86,1.0
15595,Copilot,144.0,Microsoft Corporation Inc.,Application,,C:\Program Files (x86)\Microsoft\EdgeWebView\Application\144.0.3719.115,5.0
15595,Copilot Update,1.3,Microsoft Corporation Inc.,Application,,C:\Program Files (x86)\Microsoft\EdgeUpdate,2.0
15595,Create a self-signed digital certificate,15.0,Microsoft Corporation Inc.,Application,,C:\Program Files\Microsoft Office\Office15,1.0
15595,Credential Dialog Host,10.0,Microsoft Corporation Inc.,Application,,C:\Windows\SystemApps\microsoft.creddialoghost_cw5n1h2txyewy,1.0
15595,DAX API,3.30508,Dolby Laboratories,Application,,C:\Drivers\Audio\Source\Thirdparty\D0601\swc_factory\swc_aposvc_20h1_21h2_22h2_b23362_v3.30508.581.0,1.0
15595,Deep Security Agent Configuration Compiler,12.0,Trend Micro Inc.,Application,,C:\Program Files (x86)\Trend Micro\iService\iVP,1.0
15595,Definition Update for Microsoft Office 2013 (KB3115404) 64-Bit Edition,,Microsoft Corporation Inc.,Add/Remove Programs,,,
15595,DREBoot,2.0,Trend Micro Inc.,Application,,C:\Program Files (x86)\Trend Micro\Security Agent\CCSF\module\DRE,1.0
15595,dtoop Application,6.2,Trend Micro Inc.,Application,,C:\Program Files (x86)\Trend Micro\Security Agent\dlplite\update\x64\system32\dgagent,3.0
15595,EC App,10.0,Microsoft Corporation Inc.,Application,,C:\Windows\SystemApps\Microsoft.ECApp_8wekyb3d8bbwe,1.0
15595,Elevoc Audio Manager,1.0,Elevoc Technology Co.Ltd.,Application,,C:\Drivers\Audio\Source\Thirdparty\E0828\ElevocAPO64,1.0
15595,Elevoc Control Service,1.0,Elevoc Technology Co.Ltd.,Application,,C:\Drivers\Audio\Source\Thirdparty\E0828\ElevocAPO64,1.0
2547,.NET Framework,3.0,Microsoft Corporation Inc.,Application,,C:\Windows\Microsoft.NET\Framework64\v3.0\Windows Communication Foundation,2.0
2547,.NET Runtime Optimization Service,4.8,Microsoft Corporation Inc.,Application,,C:\Windows\Microsoft.NET\Framework64\v4.0.30319,2.0
2547,.NET Runtime Optimization Service,2.0,Microsoft Corporation Inc.,Application,,C:\Windows\Microsoft.NET\Framework64\v2.0.50727,2.0
2547,64Bit MAPI Mail Agent,1.0,Foxit Software Inc.,Application,,C:\Program Files (x86)\Foxit Software\Foxit Reader,1.0
2547,7-Zip 24.08 (x64 edition),24.08,Igor Pavlov,Add/Remove Programs,"November 28, 2024 12:00:00 AM",,
2547,7-Zip Console,24.08,Igor Pavlov,Application,,C:\Program Files\7-Zip,1.0
2547,7-Zip File Manager,24.08,Igor Pavlov,Application,,C:\Program Files\7-Zip,1.0
2547,7-Zip GUI,24.08,Igor Pavlov,Application,,C:\Program Files\7-Zip,1.0
2547,Accounts Control Host,10.0,Microsoft Corporation Inc.,Application,,C:\Windows\SystemApps\Microsoft.AccountsControl_cw5n1h2txyewy,1.0
2547,AddSuggestedFoldersToLibraryDialog,10.0,Microsoft Corporation Inc.,Application,,C:\Windows\SystemApps\Microsoft.Windows.AddSuggestedFoldersToLibraryDialog_cw5n1h2txyewy,1.0
2547,Antimalware Core Service,4.18,Microsoft Corporation Inc.,Application,,C:\Program Files\Windows Defender,1.0
2547,Antimalware Service Executable,4.18,Microsoft Corporation Inc.,Application,,C:\Program Files\Windows Defender,1.0
2547,AppResolverUX,10.0,Microsoft Corporation Inc.,Application,,C:\Windows\SystemApps\Microsoft.Windows.AppResolverUX_cw5n1h2txyewy,1.0
2547,AsyncTextService,10.0,Microsoft Corporation Inc.,Application,,C:\Windows\SystemApps\Microsoft.AsyncTextService_8wekyb3d8bbwe,1.0
2547,Biometric Enrollment Host,10.0,Microsoft Corporation Inc.,Application,,C:\Windows\SystemApps\Microsoft.BioEnrollment_cw5n1h2txyewy,1.0
2547,BMC Client Management Agent,24.1.01.240624,BMC Software Inc.,Application,,C:\Program Files\BMC Software\Client Management\Client\bin,1.0
2547,BMC Client Management Certificate Generator,24.1.01.240624,BMC Software Inc.,Application,,C:\Program Files\BMC Software\Client Management\Client\bin,1.0
2547,BMC Client Management Chilli Interpreter,24.1.01.240624,BMC Software Inc.,Application,,C:\Program Files\BMC Software\Client Management\Client\bin,1.0
2547,BMC Client Management Direct Access Proxy Agent,24.1.01.240624,BMC Software Inc.,Application,,C:\Program Files\BMC Software\Client Management\Client\bin,1.0
2547,BMC Client Management Opswat Proxy Agent,24.1.01.240624,BMC Software Inc.,Application,,C:\Program Files\BMC Software\Client Management\Client\bin,1.0
2547,BMC Client Management Package Viewer,24.1.01.240624,BMC Software Inc.,Application,,C:\Program Files\BMC Software\Client Management\Client\bin,1.0
2547,BMC Client Management Patch Broker,24.1.01.240624,BMC Software Inc.,Application,,C:\Program Files\BMC Software\Client Management\Client\bin,1.0
2547,BMC Client Management Proxy Agent,24.1.01.240624,BMC Software Inc.,Application,,C:\Program Files\BMC Software\Client Management\Client\bin,1.0
2547,BMC Client Management Remote Control proxy,24.1.01.240624,BMC Software Inc.,Application,,C:\Program Files\BMC Software\Client Management\Client\bin,1.0
2547,BMC Client Management SCAP,24.1.01.240624,BMC Software Inc.,Application,,C:\Program Files\BMC Software\Client Management\Client\bin,1.0
2547,BMC Client Management Video Proxy Agent,24.1.01.240624,BMC Software Inc.,Application,,C:\Program Files\BMC Software\Client Management\Client\bin,1.0
2547,Boot File Servicing Utility,10.0,Microsoft Corporation Inc.,Application,,C:\Windows,1.0
2547,Browser Protection Native Messaging Host,4.18,Microsoft Corporation Inc.,Application,,C:\Program Files\Windows Defender,1.0
2547,BrowserCore,10.0,Microsoft Corporation Inc.,Application,,C:\Windows\BrowserCore,1.0
2547,CameraBarcodeScannerPreview,10.0,Microsoft Corporation Inc.,Application,,C:\Windows\SystemApps\Windows.CBSPreview_cw5n1h2txyewy,1.0
2547,CL5,9.6,Ivanti,Application,,C:\Program Files\BMC Software\Client Management\Client\data\PatchManagementPremium\workspace,1.0
2547,ClickOnce,4.8,Microsoft Corporation Inc.,Application,,C:\Windows\Microsoft.NET\Framework64\v4.0.30319,3.0
2547,Common User Interface,5.8,Musarubra US LLC.,Application,,C:\Program Files\McAfee\Agent\x86,1.0
2547,Copilot,144.0,Microsoft Corporation Inc.,Application,,C:\Program Files (x86)\Microsoft\EdgeWebView\Application\144.0.3719.115,5.0
2547,Copilot Update,1.3,Microsoft Corporation Inc.,Application,,C:\Program Files (x86)\Microsoft\EdgeUpdate,2.0
2547,Create Virtual Machine,10.0,Microsoft Corporation Inc.,Application,,C:\Program Files\Hyper-V,1.0
2547,Credential Dialog Host,10.0,Microsoft Corporation Inc.,Application,,C:\Windows\SystemApps\microsoft.creddialoghost_cw5n1h2txyewy,1.0
2547,CrowdStrike Device Control,7.29,CrowdStrike Inc.,Add/Remove Programs,"November 14, 2025 12:00:00 AM",,
2547,CrowdStrike Device Control Support Tool,7.29,CrowdStrike Inc.,Application,,C:\Program Files\CrowdStrike,1.0
2547,CrowdStrike Falcon Connector,7.32,CrowdStrike Inc.,Application,,C:\Program Files\CrowdStrike,1.0
2547,CrowdStrike Falcon Sensor,7.32,CrowdStrike Inc.,Application,,C:\Program Files\CrowdStrike,1.0
2547,CrowdStrike Falcon Sensor Controller,7.32,CrowdStrike Inc.,Application,,C:\Program Files\CrowdStrike,1.0
2547,CrowdStrike Falcon Sensor Service,7.32,CrowdStrike Inc.,Application,,C:\Program Files\CrowdStrike,1.0
2547,CrowdStrike Falcon Sensor Servlet Container,7.32,CrowdStrike Inc.,Application,,C:\Program Files\CrowdStrike,1.0
2547,CrowdStrike Falcon Sensor Settings Tool,7.32,CrowdStrike Inc.,Application,,C:\Program Files\CrowdStrike,1.0
2547,CrowdStrike Falcon Sensor System Tray Application,7.32,CrowdStrike Inc.,Application,,C:\Program Files\CrowdStrike,2.0
2547,CrowdStrike Firmware Analysis,7.14,CrowdStrike Inc.,Add/Remove Programs,"June 18, 2025 12:00:00 AM",,
2547,CrowdStrike Firmware Analysis Support Tool,7.14,CrowdStrike Inc.,Application,,C:\Program Files\CrowdStrike,1.0
2547,CrowdStrike On-Demand Scan Command-line Tool,7.32,CrowdStrike Inc.,Application,,C:\Program Files\CrowdStrike,1.0
2547,CrowdStrike On-Demand Scan Tool,7.32,CrowdStrike Inc.,Application,,C:\Program Files\CrowdStrike,1.0
2553,.NET Framework,3.0,Microsoft Corporation Inc.,Application,,C:\Windows\Microsoft.NET\Framework64\v3.0\Windows Communication Foundation,2.0
2553,.NET Runtime Optimization Service,4.8,Microsoft Corporation Inc.,Application,,C:\Windows\Microsoft.NET\Framework64\v4.0.30319,2.0
2553,.NET Runtime Optimization Service,2.0,Microsoft Corporation Inc.,Application,,C:\Windows\Microsoft.NET\Framework64\v2.0.50727,2.0
2553,64Bit MAPI Mail Agent,1.0,Foxit Software Inc.,Application,,C:\Program Files (x86)\Foxit Software\Foxit Reader,1.0
2553,7-Zip 24.08 (x64 edition),24.08,Igor Pavlov,Add/Remove Programs,"November 28, 2024 12:00:00 AM",,
2553,7-Zip Console,24.08,Igor Pavlov,Application,,C:\Program Files\7-Zip,1.0
2553,7-Zip File Manager,24.08,Igor Pavlov,Application,,C:\Program Files\7-Zip,1.0
2553,7-Zip GUI,24.08,Igor Pavlov,Application,,C:\Program Files\7-Zip,1.0
2553,Accounts Control Host,10.0,Microsoft Corporation Inc.,Application,,C:\Windows\SystemApps\Microsoft.AccountsControl_cw5n1h2txyewy,1.0
2553,AddSuggestedFoldersToLibraryDialog,10.0,Microsoft Corporation Inc.,Application,,C:\Windows\SystemApps\Microsoft.Windows.AddSuggestedFoldersToLibraryDialog_cw5n1h2txyewy,1.0
2553,Antimalware Core Service,4.18,Microsoft Corporation Inc.,Application,,C:\Program Files\Windows Defender,1.0
2553,Antimalware Service Executable,4.18,Microsoft Corporation Inc.,Application,,C:\Program Files\Windows Defender,1.0
2553,AppResolverUX,10.0,Microsoft Corporation Inc.,Application,,C:\Windows\SystemApps\Microsoft.Windows.AppResolverUX_cw5n1h2txyewy,1.0
2553,AsyncTextService,10.0,Microsoft Corporation Inc.,Application,,C:\Windows\SystemApps\Microsoft.AsyncTextService_8wekyb3d8bbwe,1.0
2553,Biometric Enrollment Host,10.0,Microsoft Corporation Inc.,Application,,C:\Windows\SystemApps\Microsoft.BioEnrollment_cw5n1h2txyewy,1.0
2553,BMC Client Management Agent,24.1.01.240624,BMC Software Inc.,Application,,C:\Program Files\BMC Software\Client Management\Client\bin,1.0
2553,BMC Client Management Certificate Generator,24.1.01.240624,BMC Software Inc.,Application,,C:\Program Files\BMC Software\Client Management\Client\bin,1.0
2553,BMC Client Management Chilli Interpreter,24.1.01.240624,BMC Software Inc.,Application,,C:\Program Files\BMC Software\Client Management\Client\bin,1.0
2553,BMC Client Management Direct Access Proxy Agent,24.1.01.240624,BMC Software Inc.,Application,,C:\Program Files\BMC Software\Client Management\Client\bin,1.0
2553,BMC Client Management Opswat Proxy Agent,24.1.01.240624,BMC Software Inc.,Application,,C:\Program Files\BMC Software\Client Management\Client\bin,1.0
2553,BMC Client Management Package Viewer,24.1.01.240624,BMC Software Inc.,Application,,C:\Program Files\BMC Software\Client Management\Client\bin,1.0
2553,BMC Client Management Patch Broker,24.1.01.240624,BMC Software Inc.,Application,,C:\Program Files\BMC Software\Client Management\Client\bin,1.0
2553,BMC Client Management Proxy Agent,24.1.01.240624,BMC Software Inc.,Application,,C:\Program Files\BMC Software\Client Management\Client\bin,1.0
2553,BMC Client Management Remote Control proxy,24.1.01.240624,BMC Software Inc.,Application,,C:\Program Files\BMC Software\Client Management\Client\bin,1.0
2553,BMC Client Management SCAP,24.1.01.240624,BMC Software Inc.,Application,,C:\Program Files\BMC Software\Client Management\Client\bin,1.0
2553,BMC Client Management Video Proxy Agent,24.1.01.240624,BMC Software Inc.,Application,,C:\Program Files\BMC Software\Client Management\Client\bin,1.0
2553,Boot File Servicing Utility,10.0,Microsoft Corporation Inc.,Application,,C:\Windows,1.0
2553,Browser Protection Native Messaging Host,4.18,Microsoft Corporation Inc.,Application,,C:\Program Files\Windows Defender,1.0
2553,BrowserCore,10.0,Microsoft Corporation Inc.,Application,,C:\Windows\BrowserCore,1.0
2553,CameraBarcodeScannerPreview,10.0,Microsoft Corporation Inc.,Application,,C:\Windows\SystemApps\Windows.CBSPreview_cw5n1h2txyewy,1.0
2553,CL5,9.6,Ivanti,Application,,C:\Program Files\BMC Software\Client Management\Client\data\PatchManagementPremium\workspace,1.0
2553,ClickOnce,4.8,Microsoft Corporation Inc.,Application,,C:\Windows\Microsoft.NET\Framework64\v4.0.30319,3.0
2553,Common User Interface,5.8,Musarubra US LLC.,Application,,C:\Program Files\McAfee\Agent\x86,1.0
2553,Copilot,144.0,Microsoft Corporation Inc.,Application,,C:\Program Files (x86)\Microsoft\EdgeWebView\Application\144.0.3719.93,5.0
2553,Copilot Update,1.3,Microsoft Corporation Inc.,Application,,C:\Program Files (x86)\Microsoft\EdgeUpdate,2.0
2553,Create Virtual Machine,10.0,Microsoft Corporation Inc.,Application,,C:\Program Files\Hyper-V,1.0
2553,Credential Dialog Host,10.0,Microsoft Corporation Inc.,Application,,C:\Windows\SystemApps\microsoft.creddialoghost_cw5n1h2txyewy,1.0
2553,CrowdStrike Device Control,7.29,CrowdStrike Inc.,Add/Remove Programs,"November 14, 2025 12:00:00 AM",,
2553,CrowdStrike Device Control Support Tool,7.29,CrowdStrike Inc.,Application,,C:\Program Files\CrowdStrike,1.0
2553,CrowdStrike Falcon Connector,7.32,CrowdStrike Inc.,Application,,C:\Program Files\CrowdStrike,1.0
2553,CrowdStrike Falcon Sensor,7.32,CrowdStrike Inc.,Application,,C:\Program Files\CrowdStrike,1.0
2553,CrowdStrike Falcon Sensor Controller,7.32,CrowdStrike Inc.,Application,,C:\Program Files\CrowdStrike,1.0
2553,CrowdStrike Falcon Sensor Service,7.32,CrowdStrike Inc.,Application,,C:\Program Files\CrowdStrike,1.0
2553,CrowdStrike Falcon Sensor Servlet Container,7.32,CrowdStrike Inc.,Application,,C:\Program Files\CrowdStrike,1.0
2553,CrowdStrike Falcon Sensor Settings Tool,7.32,CrowdStrike Inc.,Application,,C:\Program Files\CrowdStrike,1.0
2553,CrowdStrike Falcon Sensor System Tray Application,7.32,CrowdStrike Inc.,Application,,C:\Program Files\CrowdStrike,2.0
2553,CrowdStrike Firmware Analysis,7.14,CrowdStrike Inc.,Add/Remove Programs,"April 29, 2025 12:00:00 AM",,
2553,CrowdStrike Firmware Analysis Support Tool,7.14,CrowdStrike Inc.,Application,,C:\Program Files\CrowdStrike,1.0
2553,CrowdStrike On-Demand Scan Command-line Tool,7.32,CrowdStrike Inc.,Application,,C:\Program Files\CrowdStrike,1.0
2553,CrowdStrike On-Demand Scan Tool,7.32,CrowdStrike Inc.,Application,,C:\Program Files\CrowdStrike,1.0
2618,.NET Framework,3.0,Microsoft Corporation Inc.,Application,,C:\Windows\Microsoft.NET\Framework64\v3.0\Windows Communication Foundation,2.0
2618,.NET Runtime Optimization Service,4.8,Microsoft Corporation Inc.,Application,,C:\Windows\Microsoft.NET\Framework64\v4.0.30319,2.0
2618,.NET Runtime Optimization Service,2.0,Microsoft Corporation Inc.,Application,,C:\Windows\Microsoft.NET\Framework64\v2.0.50727,2.0
2618,64Bit MAPI Mail Agent,1.0,Foxit Software Inc.,Application,,C:\Program Files (x86)\Foxit Software\Foxit PDF Reader,1.0
2618,7-Zip 24.08 (x64 edition),24.08,Igor Pavlov,Add/Remove Programs,"October 09, 2024 12:00:00 AM",,
2618,7-Zip Console,24.08,Igor Pavlov,Application,,C:\Program Files\7-Zip,1.0
2618,7-Zip File Manager,24.08,Igor Pavlov,Application,,C:\Program Files\7-Zip,1.0
2618,7-Zip GUI,24.08,Igor Pavlov,Application,,C:\Program Files\7-Zip,1.0
2618,AAD token broker plugin,10.0,Microsoft Corporation Inc.,Application,,C:\Windows\SystemApps\Microsoft.AAD.BrokerPlugin_cw5n1h2txyewy,1.0
2618,Accounts Control Host,10.0,Microsoft Corporation Inc.,Application,,C:\Windows\SystemApps\Microsoft.AccountsControl_cw5n1h2txyewy,1.0
2618,AddSuggestedFoldersToLibraryDialog,10.0,Microsoft Corporation Inc.,Application,,C:\Windows\SystemApps\Microsoft.Windows.AddSuggestedFoldersToLibraryDialog_cw5n1h2txyewy,1.0
2618,Antimalware Service Executable,4.18,Microsoft Corporation Inc.,Application,,C:\Program Files\Windows Defender,1.0
2618,AppResolverUX,10.0,Microsoft Corporation Inc.,Application,,C:\Windows\SystemApps\Microsoft.Windows.AppResolverUX_cw5n1h2txyewy,1.0
2618,AsyncTextService,10.0,Microsoft Corporation Inc.,Application,,C:\Windows\SystemApps\Microsoft.AsyncTextService_8wekyb3d8bbwe,1.0
2618,Biometric Enrollment Host,10.0,Microsoft Corporation Inc.,Application,,C:\Windows\SystemApps\Microsoft.BioEnrollment_cw5n1h2txyewy,1.0
2618,BMC Client Management Agent,24.1.01.240624,BMC Software Inc.,Application,,C:\Program Files\BMC Software\Client Management\Client\bin,1.0
2618,BMC Client Management Certificate Generator,24.1.01.240624,BMC Software Inc.,Application,,C:\Program Files\BMC Software\Client Management\Client\bin,1.0
2618,BMC Client Management Chilli Interpreter,24.1.01.240624,BMC Software Inc.,Application,,C:\Program Files\BMC Software\Client Management\Client\bin,1.0
2618,BMC Client Management Direct Access Proxy Agent,24.1.01.240624,BMC Software Inc.,Application,,C:\Program Files\BMC Software\Client Management\Client\bin,1.0
2618,BMC Client Management Opswat Proxy Agent,24.1.01.240624,BMC Software Inc.,Application,,C:\Program Files\BMC Software\Client Management\Client\bin,1.0
2618,BMC Client Management Package Viewer,24.1.01.240624,BMC Software Inc.,Application,,C:\Program Files\BMC Software\Client Management\Client\bin,1.0
2618,BMC Client Management Patch Broker,24.1.01.240624,BMC Software Inc.,Application,,C:\Program Files\BMC Software\Client Management\Client\bin,1.0
2618,BMC Client Management Proxy Agent,24.1.01.240624,BMC Software Inc.,Application,,C:\Program Files\BMC Software\Client Management\Client\bin,1.0
2618,BMC Client Management Remote Control proxy,24.1.01.240624,BMC Software Inc.,Application,,C:\Program Files\BMC Software\Client Management\Client\bin,1.0
2618,BMC Client Management SCAP,24.1.01.240624,BMC Software Inc.,Application,,C:\Program Files\BMC Software\Client Management\Client\bin,1.0
2618,BMC Client Management Video Proxy Agent,24.1.01.240624,BMC Software Inc.,Application,,C:\Program Files\BMC Software\Client Management\Client\bin,1.0
2618,Boot File Servicing Utility,10.0,Microsoft Corporation Inc.,Application,,C:\Windows,1.0
2618,BrowserCore,10.0,Microsoft Corporation Inc.,Application,,C:\Windows\BrowserCore,1.0
2618,Calling App to host call progress on shell,10.0,Microsoft Corporation Inc.,Application,,C:\Windows\SystemApps\Microsoft.Windows.CallingShellApp_cw5n1h2txyewy,1.0
2618,CameraBarcodeScannerPreview,10.0,Microsoft Corporation Inc.,Application,,C:\Windows\SystemApps\Windows.CBSPreview_cw5n1h2txyewy,1.0
2618,CL5,9.6,Ivanti,Application,,C:\Program Files\BMC Software\Client Management\Client\data\PatchManagementPremium\workspace,2.0
2618,ClickOnce,4.8,Microsoft Corporation Inc.,Application,,C:\Windows\Microsoft.NET\Framework64\v4.0.30319,3.0
2618,Common User Interface,5.8,Musarubra US LLC.,Application,,C:\Program Files\McAfee\Agent\x86,1.0
2618,Create Virtual Machine,10.0,Microsoft Corporation Inc.,Application,,C:\Program Files\Hyper-V,1.0
2618,Credential Dialog Host,10.0,Microsoft Corporation Inc.,Application,,C:\Windows\SystemApps\microsoft.creddialoghost_cw5n1h2txyewy,1.0
2618,CrowdStrike Device Control,7.29,CrowdStrike Inc.,Add/Remove Programs,"November 14, 2025 12:00:00 AM",,
2618,CrowdStrike Device Control Support Tool,7.29,CrowdStrike Inc.,Application,,C:\Program Files\CrowdStrike,1.0
2618,CrowdStrike Falcon Connector,7.32,CrowdStrike Inc.,Application,,C:\Program Files\CrowdStrike,1.0
2618,CrowdStrike Falcon Sensor,7.32,CrowdStrike Inc.,Application,,C:\Program Files\CrowdStrike,1.0
2618,CrowdStrike Falcon Sensor Controller,7.32,CrowdStrike Inc.,Application,,C:\Program Files\CrowdStrike,1.0
2618,CrowdStrike Falcon Sensor Service,7.32,CrowdStrike Inc.,Application,,C:\Program Files\CrowdStrike,1.0
2618,CrowdStrike Falcon Sensor Servlet Container,7.32,CrowdStrike Inc.,Application,,C:\Program Files\CrowdStrike,1.0
2618,CrowdStrike Falcon Sensor Settings Tool,7.32,CrowdStrike Inc.,Application,,C:\Program Files\CrowdStrike,1.0
2618,CrowdStrike Falcon Sensor System Tray Application,7.32,CrowdStrike Inc.,Application,,C:\Program Files\CrowdStrike,2.0
2618,CrowdStrike Firmware Analysis,7.14,CrowdStrike Inc.,Add/Remove Programs,"June 18, 2025 12:00:00 AM",,
2618,CrowdStrike Firmware Analysis Support Tool,7.14,CrowdStrike Inc.,Application,,C:\Program Files\CrowdStrike,1.0
2618,CrowdStrike On-Demand Scan Command-line Tool,7.32,CrowdStrike Inc.,Application,,C:\Program Files\CrowdStrike,1.0
2618,CrowdStrike On-Demand Scan Tool,7.32,CrowdStrike Inc.,Application,,C:\Program Files\CrowdStrike,1.0
2618,CrowdStrike Sensor Platform,7.32,CrowdStrike Inc.,Add/Remove Programs,"January 14, 2026 12:00:00 AM",,
2618,CrowdStrike Windows Sensor,7.32,CrowdStrike Inc.,Add/Remove Programs,"January 14, 2026 12:00:00 AM",,
16860,.NET Runtime Optimization Service,4.8,Microsoft Corporation Inc.,Application,,C:\Windows\Microsoft.NET\Framework64\v4.0.30319,2.0
16860,64Bit MAPI Mail Agent,1.0,Foxit Software Inc.,Application,,C:\Program Files (x86)\Foxit Software\Foxit PDF Reader,1.0
16860,7-Zip 23.01 (x64),23.01,Igor Pavlov,Add/Remove Programs,,C:\Program Files\7-Zip\,
16860,7-Zip Console,23.01,Igor Pavlov,Application,,C:\Program Files\7-Zip,1.0
16860,7-Zip File Manager,23.01,Igor Pavlov,Application,,C:\Program Files\7-Zip,1.0
16860,7-Zip GUI,23.01,Igor Pavlov,Application,,C:\Program Files\7-Zip,1.0
16860,Accounts Control Host,10.0,Microsoft Corporation Inc.,Application,,C:\Windows\SystemApps\Microsoft.AccountsControl_cw5n1h2txyewy,1.0
16860,AddSuggestedFoldersToLibraryDialog,10.0,Microsoft Corporation Inc.,Application,,C:\Windows\SystemApps\Microsoft.Windows.AddSuggestedFoldersToLibraryDialog_cw5n1h2txyewy,1.0
16860,Antimalware Core Service,4.18,Microsoft Corporation Inc.,Application,,C:\Program Files\Windows Defender,1.0
16860,AntiMalware Platform Update (amd64fre),4.18,Microsoft Corporation Inc.,Application,,C:\Windows\SystemTemp\FCA3E5A9-5A45-40BC-8FE6-896EA22200BCMpCommU,1.0
16860,Antimalware Service Executable,4.18,Microsoft Corporation Inc.,Application,,C:\Program Files\Windows Defender,1.0
16860,AppFollower,1.3,Conexant Systems Inc.,Application,,C:\Program Files\CONEXANT\Flow,1.0
16860,AppResolverUX,10.0,Microsoft Corporation Inc.,Application,,C:\Windows\SystemApps\Microsoft.Windows.AppResolverUX_cw5n1h2txyewy,1.0
16860,AsyncTextService,10.0,Microsoft Corporation Inc.,Application,,C:\Windows\SystemApps\Microsoft.AsyncTextService_8wekyb3d8bbwe,1.0
16860,Audio Control,4.0,Conexant Systems LLC.,Application,,C:\Program Files\CONEXANT\Install\Audio\SA3\SA3\Dyson,2.0
16860,Audio Controls Control Panel,4.0,Conexant Systems LLC.,Application,,C:\Program Files\CONEXANT\SA3\HP-NB-AIO,3.0
16860,Bang & Olufsen,4.0,Conexant Systems LLC.,Application,,C:\Program Files\CONEXANT\Install\Audio\SA3\SA3\BandO,2.0
16860,Biometric Enrollment Host,10.0,Microsoft Corporation Inc.,Application,,C:\Windows\SystemApps\Microsoft.BioEnrollment_cw5n1h2txyewy,1.0
16860,BMC Client Management Agent,24.1.01.240624,BMC Software Inc.,Application,,C:\Program Files\BMC Software\Client Management\Client\bin,1.0
16860,BMC Client Management Certificate Generator,24.1.01.240624,BMC Software Inc.,Application,,C:\Program Files\BMC Software\Client Management\Client\bin,1.0
16860,BMC Client Management Chilli Interpreter,24.1.01.240624,BMC Software Inc.,Application,,C:\Program Files\BMC Software\Client Management\Client\bin,1.0
16860,BMC Client Management Direct Access Proxy Agent,24.1.01.240624,BMC Software Inc.,Application,,C:\Program Files\BMC Software\Client Management\Client\bin,1.0
16860,BMC Client Management Opswat Proxy Agent,24.1.01.240624,BMC Software Inc.,Application,,C:\Program Files\BMC Software\Client Management\Client\bin,1.0
16860,BMC Client Management Package Viewer,24.1.01.240624,BMC Software Inc.,Application,,C:\Program Files\BMC Software\Client Management\Client\bin,1.0
16860,BMC Client Management Patch Broker,24.1.01.240624,BMC Software Inc.,Application,,C:\Program Files\BMC Software\Client Management\Client\bin,1.0
16860,BMC Client Management Proxy Agent,24.1.01.240624,BMC Software Inc.,Application,,C:\Program Files\BMC Software\Client Management\Client\bin,1.0
16860,BMC Client Management Remote Control proxy,24.1.01.240624,BMC Software Inc.,Application,,C:\Program Files\BMC Software\Client Management\Client\bin,1.0
16860,BMC Client Management SCAP,24.1.01.240624,BMC Software Inc.,Application,,C:\Program Files\BMC Software\Client Management\Client\bin,1.0
16860,BMC Client Management Video Proxy Agent,24.1.01.240624,BMC Software Inc.,Application,,C:\Program Files\BMC Software\Client Management\Client\bin,1.0
16860,Boot File Servicing Utility,10.0,Microsoft Corporation Inc.,Application,,C:\Windows,1.0
16860,Browser Protection Native Messaging Host,4.18,Microsoft Corporation Inc.,Application,,C:\Program Files\Windows Defender,1.0
16860,BrowserCore,10.0,Microsoft Corporation Inc.,Application,,C:\Windows\BrowserCore,1.0
16860,CameraBarcodeScannerPreview,10.0,Microsoft Corporation Inc.,Application,,C:\Windows\SystemApps\Windows.CBSPreview_cw5n1h2txyewy,1.0
16860,CL5,9.6,Ivanti,Application,,C:\Program Files\BMC Software\Client Management\Client\data\PatchManagementPremium\workspace,1.0
16860,ClickOnce,4.8,Microsoft Corporation Inc.,Application,,C:\Windows\Microsoft.NET\Framework64\v4.0.30319,3.0
16860,CnxtNotify,1.0,Conexant Systems Inc.,Application,,C:\Program Files\CONEXANT\SA3\HP-NB-AIO,1.0
16860,Common User Interface,5.8,Musarubra US LLC.,Application,,C:\Program Files\McAfee\Agent\x86,1.0
16860,Copilot,144.0,Microsoft Corporation Inc.,Application,,C:\Program Files (x86)\Microsoft\EdgeWebView\Application\144.0.3719.115,5.0
16860,Copilot Update,1.3,Microsoft Corporation Inc.,Application,,C:\Program Files (x86)\Microsoft\EdgeUpdate,2.0
16860,Credential Dialog Host,10.0,Microsoft Corporation Inc.,Application,,C:\Windows\SystemApps\microsoft.creddialoghost_cw5n1h2txyewy,1.0
16860,CrowdStrike Device Control,7.29,CrowdStrike Inc.,Add/Remove Programs,"November 17, 2025 12:00:00 AM",,
16860,CrowdStrike Device Control Support Tool,7.29,CrowdStrike Inc.,Application,,C:\Program Files\CrowdStrike,1.0
16860,CrowdStrike Falcon Connector,7.32,CrowdStrike Inc.,Application,,C:\Program Files\CrowdStrike,1.0
16860,CrowdStrike Falcon Sensor,7.32,CrowdStrike Inc.,Application,,C:\Program Files\CrowdStrike,1.0
16860,CrowdStrike Falcon Sensor Controller,7.32,CrowdStrike Inc.,Application,,C:\Program Files\CrowdStrike,1.0
16860,CrowdStrike Falcon Sensor Service,7.32,CrowdStrike Inc.,Application,,C:\Program Files\CrowdStrike,1.0
16860,CrowdStrike Falcon Sensor Servlet Container,7.32,CrowdStrike Inc.,Application,,C:\Program Files\CrowdStrike,1.0
16860,CrowdStrike Falcon Sensor Settings Tool,7.32,CrowdStrike Inc.,Application,,C:\Program Files\CrowdStrike,1.0
16860,CrowdStrike Falcon Sensor System Tray Application,7.32,CrowdStrike Inc.,Application,,C:\Program Files\CrowdStrike,2.0
16860,CrowdStrike Firmware Analysis,7.14,CrowdStrike Inc.,Add/Remove Programs,"June 21, 2025 12:00:00 AM",,
3911,.NET Runtime Optimization Service,4.8,Microsoft Corporation Inc.,Application,,C:\Windows\Microsoft.NET\Framework64\v4.0.30319,2.0
3911,64Bit MAPI Mail Agent,1.0,Foxit Software Inc.,Application,,C:\Program Files (x86)\Foxit Software\Foxit PDF Reader,1.0
3911,7-Zip 24.08 (x64 edition),24.08,Igor Pavlov,Add/Remove Programs,"November 29, 2024 12:00:00 AM",,
3911,7-Zip Console,24.08,Igor Pavlov,Application,,C:\Program Files\7-Zip,1.0
3911,7-Zip File Manager,24.08,Igor Pavlov,Application,,C:\Program Files\7-Zip,1.0
3911,7-Zip GUI,24.08,Igor Pavlov,Application,,C:\Program Files\7-Zip,1.0
3911,Accounts Control Host,10.0,Microsoft Corporation Inc.,Application,,C:\Windows\SystemApps\Microsoft.AccountsControl_cw5n1h2txyewy,1.0
3911,AddSuggestedFoldersToLibraryDialog,10.0,Microsoft Corporation Inc.,Application,,C:\Windows\SystemApps\Microsoft.Windows.AddSuggestedFoldersToLibraryDialog_cw5n1h2txyewy,1.0
3911,Antimalware Core Service,4.18,Microsoft Corporation Inc.,Application,,C:\Program Files\Windows Defender,1.0
3911,AntiMalware Definition Update,1.435,Microsoft Corporation Inc.,Application,,C:\Windows\SystemTemp\2A5FF151-ED55-448E-B35A-BFADC716ED03MpCommU,1.0
3911,Antimalware Service Executable,4.18,Microsoft Corporation Inc.,Application,,C:\Program Files\Windows Defender,1.0
3911,AppResolverUX,10.0,Microsoft Corporation Inc.,Application,,C:\Windows\SystemApps\Microsoft.Windows.AppResolverUX_cw5n1h2txyewy,1.0
3911,AsyncTextService,10.0,Microsoft Corporation Inc.,Application,,C:\Windows\SystemApps\Microsoft.AsyncTextService_8wekyb3d8bbwe,1.0
3911,Biometric Enrollment Host,10.0,Microsoft Corporation Inc.,Application,,C:\Windows\SystemApps\Microsoft.BioEnrollment_cw5n1h2txyewy,1.0
3911,BMC Client Management Agent,24.1.01.240624,BMC Software Inc.,Application,,C:\Program Files\BMC Software\Client Management\Client\bin,1.0
3911,BMC Client Management Certificate Generator,24.1.01.240624,BMC Software Inc.,Application,,C:\Program Files\BMC Software\Client Management\Client\bin,1.0
3911,BMC Client Management Chilli Interpreter,24.1.01.240624,BMC Software Inc.,Application,,C:\Program Files\BMC Software\Client Management\Client\bin,1.0
3911,BMC Client Management Direct Access Proxy Agent,24.1.01.240624,BMC Software Inc.,Application,,C:\Program Files\BMC Software\Client Management\Client\bin,1.0
3911,BMC Client Management Opswat Proxy Agent,24.1.01.240624,BMC Software Inc.,Application,,C:\Program Files\BMC Software\Client Management\Client\bin,1.0
3911,BMC Client Management Package Viewer,24.1.01.240624,BMC Software Inc.,Application,,C:\Program Files\BMC Software\Client Management\Client\bin,1.0
3911,BMC Client Management Patch Broker,24.1.01.240624,BMC Software Inc.,Application,,C:\Program Files\BMC Software\Client Management\Client\bin,1.0
3911,BMC Client Management Proxy Agent,24.1.01.240624,BMC Software Inc.,Application,,C:\Program Files\BMC Software\Client Management\Client\bin,1.0
3911,BMC Client Management Remote Control proxy,24.1.01.240624,BMC Software Inc.,Application,,C:\Program Files\BMC Software\Client Management\Client\bin,1.0
3911,BMC Client Management SCAP,24.1.01.240624,BMC Software Inc.,Application,,C:\Program Files\BMC Software\Client Management\Client\bin,1.0
3911,BMC Client Management Video Proxy Agent,24.1.01.240624,BMC Software Inc.,Application,,C:\Program Files\BMC Software\Client Management\Client\bin,1.0
3911,Boot File Servicing Utility,10.0,Microsoft Corporation Inc.,Application,,C:\Windows,1.0
3911,Browser Protection Native Messaging Host,4.18,Microsoft Corporation Inc.,Application,,C:\Program Files\Windows Defender,1.0
3911,BrowserCore,10.0,Microsoft Corporation Inc.,Application,,C:\Windows\BrowserCore,1.0
3911,CameraBarcodeScannerPreview,10.0,Microsoft Corporation Inc.,Application,,C:\Windows\SystemApps\Windows.CBSPreview_cw5n1h2txyewy,1.0
3911,ChromeEnterpriseCompanion,143.0,Google LLC,Application,,C:\Windows\SystemTemp\scoped_dir3052_447148078\scoped_dir3052_894596746,1.0
3911,CL5,9.6,Ivanti,Application,,C:\Program Files\BMC Software\Client Management\Client\data\PatchManagementPremium\workspace,1.0
3911,ClickOnce,4.8,Microsoft Corporation Inc.,Application,,C:\Windows\Microsoft.NET\Framework64\v4.0.30319,3.0
3911,Common User Interface,5.8,Musarubra US LLC.,Application,,C:\Program Files\McAfee\Agent\x86,1.0
3911,Copilot,144.0,Microsoft Corporation Inc.,Application,,C:\Program Files (x86)\Microsoft\EdgeWebView\Application\144.0.3719.93,6.0
3911,Copilot Update,1.3,Microsoft Corporation Inc.,Application,,C:\Program Files (x86)\Microsoft\EdgeUpdate,2.0
3911,Credential Dialog Host,10.0,Microsoft Corporation Inc.,Application,,C:\Windows\SystemApps\microsoft.creddialoghost_cw5n1h2txyewy,1.0
3911,CrowdStrike Device Control,7.29,CrowdStrike Inc.,Add/Remove Programs,"November 14, 2025 12:00:00 AM",,
3911,CrowdStrike Device Control Support Tool,7.29,CrowdStrike Inc.,Application,,C:\Program Files\CrowdStrike,1.0
3911,CrowdStrike Falcon Connector,7.32,CrowdStrike Inc.,Application,,C:\Program Files\CrowdStrike,1.0
3911,CrowdStrike Falcon Sensor,7.32,CrowdStrike Inc.,Application,,C:\Program Files\CrowdStrike,1.0
3911,CrowdStrike Falcon Sensor Controller,7.32,CrowdStrike Inc.,Application,,C:\Program Files\CrowdStrike,1.0
3911,CrowdStrike Falcon Sensor Service,7.32,CrowdStrike Inc.,Application,,C:\Program Files\CrowdStrike,1.0
3911,CrowdStrike Falcon Sensor Servlet Container,7.32,CrowdStrike Inc.,Application,,C:\Program Files\CrowdStrike,1.0
3911,CrowdStrike Falcon Sensor Settings Tool,7.32,CrowdStrike Inc.,Application,,C:\Program Files\CrowdStrike,1.0
3911,CrowdStrike Falcon Sensor System Tray Application,7.32,CrowdStrike Inc.,Application,,C:\Program Files\CrowdStrike,2.0
3911,CrowdStrike Firmware Analysis,7.14,CrowdStrike Inc.,Add/Remove Programs,"June 18, 2025 12:00:00 AM",,
3911,CrowdStrike Firmware Analysis Support Tool,7.14,CrowdStrike Inc.,Application,,C:\Program Files\CrowdStrike,1.0
3911,CrowdStrike On-Demand Scan Command-line Tool,7.32,CrowdStrike Inc.,Application,,C:\Program Files\CrowdStrike,1.0
3911,CrowdStrike On-Demand Scan Tool,7.32,CrowdStrike Inc.,Application,,C:\Program Files\CrowdStrike,1.0
3911,CrowdStrike Sensor Platform,7.32,CrowdStrike Inc.,Add/Remove Programs,"January 14, 2026 12:00:00 AM",,
4538,.NET Framework,3.0,Microsoft Corporation Inc.,Application,,C:\Windows\Microsoft.NET\Framework64\v3.0\Windows Communication Foundation,2.0
4538,.NET Runtime Crash Dump Generator,9.0,Microsoft Corporation Inc.,Application,,D:\WindowsApps\Microsoft.Copilot_1.25121.84.0_x64__8wekyb3d8bbwe,1.0
4538,.NET Runtime Optimization Service,2.0,Microsoft Corporation Inc.,Application,,C:\Windows\Microsoft.NET\Framework64\v2.0.50727,2.0
4538,.NET Runtime Optimization Service,4.8,Microsoft Corporation Inc.,Application,,C:\Windows\Microsoft.NET\Framework64\v4.0.30319,2.0
4538,64Bit MAPI Mail Agent,1.0,Foxit Software Inc.,Application,,C:\Program Files (x86)\Foxit Software\Foxit Reader,1.0
4538,7-Zip 24.08 (x64 edition),24.08,Igor Pavlov,Add/Remove Programs,"November 26, 2024 12:00:00 AM",,
4538,7-Zip Console,24.08,Igor Pavlov,Application,,C:\Program Files\7-Zip,1.0
4538,7-Zip File Manager,24.08,Igor Pavlov,Application,,C:\Program Files\7-Zip,1.0
4538,7-Zip GUI,24.08,Igor Pavlov,Application,,C:\Program Files\7-Zip,1.0
4538,AAD token broker plugin,10.0,Microsoft Corporation Inc.,Application,,C:\Windows\SystemApps\Microsoft.AAD.BrokerPlugin_cw5n1h2txyewy,1.0
4538,Accounts Control Host,10.0,Microsoft Corporation Inc.,Application,,C:\Windows\SystemApps\Microsoft.AccountsControl_cw5n1h2txyewy,1.0
4538,AddSuggestedFoldersToLibraryDialog,10.0,Microsoft Corporation Inc.,Application,,C:\Windows\SystemApps\Microsoft.Windows.AddSuggestedFoldersToLibraryDialog_cw5n1h2txyewy,1.0
4538,AgentProxy,2125.30903,Microsoft Corporation Inc.,Application,,D:\WindowsApps\Microsoft.Copilot_1.25121.84.0_x64__8wekyb3d8bbwe\AgentIsolationEnvironment.AgentProxy,1.0
4538,AgentRelay,2125.30903,Microsoft Corporation Inc.,Application,,D:\WindowsApps\Microsoft.Copilot_1.25121.84.0_x64__8wekyb3d8bbwe\AgentIsolationEnvironment.AgentRelay,1.0
4538,Antimalware Service Executable,4.18,Microsoft Corporation Inc.,Application,,C:\Program Files\Windows Defender,1.0
4538,AppResolverUX,10.0,Microsoft Corporation Inc.,Application,,C:\Windows\SystemApps\Microsoft.Windows.AppResolverUX_cw5n1h2txyewy,1.0
4538,AsyncTextService,10.0,Microsoft Corporation Inc.,Application,,C:\Windows\SystemApps\Microsoft.AsyncTextService_8wekyb3d8bbwe,1.0
4538,Biometric Enrollment Host,10.0,Microsoft Corporation Inc.,Application,,C:\Windows\SystemApps\Microsoft.BioEnrollment_cw5n1h2txyewy,1.0
4538,BMC Client Management Agent,24.1.01.240624,BMC Software Inc.,Application,,C:\Program Files\BMC Software\Client Management\Client\bin,1.0
4538,BMC Client Management Certificate Generator,24.1.01.240624,BMC Software Inc.,Application,,C:\Program Files\BMC Software\Client Management\Client\bin,1.0
4538,BMC Client Management Chilli Interpreter,24.1.01.240624,BMC Software Inc.,Application,,C:\Program Files\BMC Software\Client Management\Client\bin,1.0
4538,BMC Client Management Direct Access Proxy Agent,24.1.01.240624,BMC Software Inc.,Application,,C:\Program Files\BMC Software\Client Management\Client\bin,1.0
4538,BMC Client Management Opswat Proxy Agent,24.1.01.240624,BMC Software Inc.,Application,,C:\Program Files\BMC Software\Client Management\Client\bin,1.0
4538,BMC Client Management Package Viewer,24.1.01.240624,BMC Software Inc.,Application,,C:\Program Files\BMC Software\Client Management\Client\bin,1.0
4538,BMC Client Management Patch Broker,24.1.01.240624,BMC Software Inc.,Application,,C:\Program Files\BMC Software\Client Management\Client\bin,1.0
4538,BMC Client Management Proxy Agent,24.1.01.240624,BMC Software Inc.,Application,,C:\Program Files\BMC Software\Client Management\Client\bin,1.0
4538,BMC Client Management Remote Control proxy,24.1.01.240624,BMC Software Inc.,Application,,C:\Program Files\BMC Software\Client Management\Client\bin,1.0
4538,BMC Client Management SCAP,24.1.01.240624,BMC Software Inc.,Application,,C:\Program Files\BMC Software\Client Management\Client\bin,1.0
4538,BMC Client Management Video Proxy Agent,24.1.01.240624,BMC Software Inc.,Application,,C:\Program Files\BMC Software\Client Management\Client\bin,1.0
4538,Boot File Servicing Utility,10.0,Microsoft Corporation Inc.,Application,,C:\Windows,1.0
4538,BrowserCore,10.0,Microsoft Corporation Inc.,Application,,C:\Windows\BrowserCore,1.0
4538,Calling App to host call progress on shell,10.0,Microsoft Corporation Inc.,Application,,C:\Windows\SystemApps\Microsoft.Windows.CallingShellApp_cw5n1h2txyewy,1.0
4538,CameraBarcodeScannerPreview,10.0,Microsoft Corporation Inc.,Application,,C:\Windows\SystemApps\Windows.CBSPreview_cw5n1h2txyewy,1.0
4538,CL5,9.6,Ivanti,Application,,C:\Program Files\BMC Software\Client Management\Client\data\PatchManagementPremium\workspace,4.0
4538,ClickOnce,4.8,Microsoft Corporation Inc.,Application,,C:\Windows\Microsoft.NET\Framework64\v4.0.30319,3.0
4538,Common User Interface,5.8,Musarubra US LLC.,Application,,C:\Program Files\McAfee\Agent\x86,1.0
4538,Copilot,144.0,Microsoft Corporation Inc.,Application,,C:\Program Files (x86)\Microsoft\EdgeWebView\Application\144.0.3719.115,3.0
4538,Copilot Update,1.3,Microsoft Corporation Inc.,Application,,C:\Program Files (x86)\Microsoft\EdgeUpdate,2.0
4538,CopilotContext,1.25121,Microsoft Corporation Inc.,Application,,D:\WindowsApps\Microsoft.Copilot_1.25121.84.0_x64__8wekyb3d8bbwe,1.0
4538,CopilotWidgets,1.25121,Microsoft Corporation Inc.,Application,,D:\WindowsApps\Microsoft.Copilot_1.25121.84.0_x64__8wekyb3d8bbwe,1.0
4538,Create a self-signed digital certificate,15.0,Microsoft Corporation Inc.,Application,,C:\Program Files\Microsoft Office\Office15,1.0
4538,Create Virtual Machine,10.0,Microsoft Corporation Inc.,Application,,C:\Program Files\Hyper-V,1.0
4538,Credential Dialog Host,10.0,Microsoft Corporation Inc.,Application,,C:\Windows\SystemApps\microsoft.creddialoghost_cw5n1h2txyewy,1.0
4538,CrowdStrike Device Control,7.29,CrowdStrike Inc.,Add/Remove Programs,"November 14, 2025 12:00:00 AM",,
4538,CrowdStrike Device Control Support Tool,7.29,CrowdStrike Inc.,Application,,C:\Program Files\CrowdStrike,1.0
4538,CrowdStrike Falcon Connector,7.32,CrowdStrike Inc.,Application,,C:\Program Files\CrowdStrike,1.0
4538,CrowdStrike Falcon Sensor,7.32,CrowdStrike Inc.,Application,,C:\Program Files\CrowdStrike,1.0
4538,CrowdStrike Falcon Sensor Controller,7.32,CrowdStrike Inc.,Application,,C:\Program Files\CrowdStrike,1.0
4538,CrowdStrike Falcon Sensor Service,7.32,CrowdStrike Inc.,Application,,C:\Program Files\CrowdStrike,1.0
4538,CrowdStrike Falcon Sensor Servlet Container,7.32,CrowdStrike Inc.,Application,,C:\Program Files\CrowdStrike,1.0
15368,.NET Framework,3.0,Microsoft Corporation Inc.,Application,,C:\Windows\Microsoft.NET\Framework64\v3.0\Windows Communication Foundation,2.0
15368,.NET Runtime Optimization Service,2.0,Microsoft Corporation Inc.,Application,,C:\Windows\Microsoft.NET\Framework64\v2.0.50727,2.0
15368,.NET Runtime Optimization Service,4.8,Microsoft Corporation Inc.,Application,,C:\Windows\Microsoft.NET\Framework64\v4.0.30319,2.0
15368,64Bit MAPI Mail Agent,1.0,Foxit Software Inc.,Application,,C:\Program Files (x86)\Foxit Software\Foxit Reader,1.0
15368,7-Zip 24.08 (x64 edition),24.08,Igor Pavlov,Add/Remove Programs,"November 26, 2024 12:00:00 AM",,
15368,7-Zip Console,24.08,Igor Pavlov,Application,,C:\Program Files\7-Zip,1.0
15368,7-Zip File Manager,24.08,Igor Pavlov,Application,,C:\Program Files\7-Zip,1.0
15368,7-Zip GUI,24.08,Igor Pavlov,Application,,C:\Program Files\7-Zip,1.0
15368,ABBYY FineReader for ScanSnap (TM) 4.1,8.0,ABBYY Software,Application,,G:\Fujitsu fi-6110 new\ScandAll\SSmode\FineReader\FineReader,5.0
15368,Accounts Control Host,10.0,Microsoft Corporation Inc.,Application,,C:\Windows\SystemApps\Microsoft.AccountsControl_cw5n1h2txyewy,1.0
15368,AddSuggestedFoldersToLibraryDialog,10.0,Microsoft Corporation Inc.,Application,,C:\Windows\SystemApps\Microsoft.Windows.AddSuggestedFoldersToLibraryDialog_cw5n1h2txyewy,1.0
15368,AInfo,5.0,ABBYY,Application,,G:\Fujitsu fi-6110 new\ScandAll\SSmode\FineReader\FineReader\Support,1.0
15368,Antimalware Core Service,4.18,Microsoft Corporation Inc.,Application,,C:\Program Files\Windows Defender,1.0
15368,Antimalware Service Executable,4.18,Microsoft Corporation Inc.,Application,,C:\Program Files\Windows Defender,1.0
15368,AppResolverUX,10.0,Microsoft Corporation Inc.,Application,,C:\Windows\SystemApps\Microsoft.Windows.AppResolverUX_cw5n1h2txyewy,1.0
15368,AsyncTextService,10.0,Microsoft Corporation Inc.,Application,,C:\Windows\SystemApps\Microsoft.AsyncTextService_8wekyb3d8bbwe,1.0
15368,Bing Wallpaper,2.0,Microsoft Corporation Inc.,Add/Remove Programs,"January 28, 2025 12:00:00 AM",,
15368,Biometric Enrollment Host,10.0,Microsoft Corporation Inc.,Application,,C:\Windows\SystemApps\Microsoft.BioEnrollment_cw5n1h2txyewy,1.0
15368,BMC Client Management Agent,24.1.01.240624,BMC Software Inc.,Application,,C:\Program Files\BMC Software\Client Management\Client\bin,1.0
15368,BMC Client Management Certificate Generator,24.1.01.240624,BMC Software Inc.,Application,,C:\Program Files\BMC Software\Client Management\Client\bin,1.0
15368,BMC Client Management Chilli Interpreter,24.1.01.240624,BMC Software Inc.,Application,,C:\Program Files\BMC Software\Client Management\Client\bin,1.0
15368,BMC Client Management Direct Access Proxy Agent,24.1.01.240624,BMC Software Inc.,Application,,C:\Program Files\BMC Software\Client Management\Client\bin,1.0
15368,BMC Client Management Opswat Proxy Agent,24.1.01.240624,BMC Software Inc.,Application,,C:\Program Files\BMC Software\Client Management\Client\bin,1.0
15368,BMC Client Management Package Viewer,24.1.01.240624,BMC Software Inc.,Application,,C:\Program Files\BMC Software\Client Management\Client\bin,1.0
15368,BMC Client Management Patch Broker,24.1.01.240624,BMC Software Inc.,Application,,C:\Program Files\BMC Software\Client Management\Client\bin,1.0
15368,BMC Client Management Proxy Agent,24.1.01.240624,BMC Software Inc.,Application,,C:\Program Files\BMC Software\Client Management\Client\bin,1.0
15368,BMC Client Management Remote Control proxy,24.1.01.240624,BMC Software Inc.,Application,,C:\Program Files\BMC Software\Client Management\Client\bin,1.0
15368,BMC Client Management SCAP,24.1.01.240624,BMC Software Inc.,Application,,C:\Program Files\BMC Software\Client Management\Client\bin,1.0
15368,BMC Client Management Video Proxy Agent,24.1.01.240624,BMC Software Inc.,Application,,C:\Program Files\BMC Software\Client Management\Client\bin,1.0
15368,Boot File Servicing Utility,10.0,Microsoft Corporation Inc.,Application,,C:\Windows,1.0
15368,Browser Protection Native Messaging Host,4.18,Microsoft Corporation Inc.,Application,,C:\Program Files\Windows Defender,1.0
15368,BrowserCore,10.0,Microsoft Corporation Inc.,Application,,C:\Windows\BrowserCore,1.0
15368,CameraBarcodeScannerPreview,10.0,Microsoft Corporation Inc.,Application,,C:\Windows\SystemApps\Windows.CBSPreview_cw5n1h2txyewy,1.0
15368,ClickOnce,4.8,Microsoft Corporation Inc.,Application,,C:\Windows\Microsoft.NET\Framework64\v4.0.30319,3.0
15368,Common User Interface,5.8,Musarubra US LLC.,Application,,C:\Program Files\McAfee\Agent\x86,1.0
15368,Copilot,144.0,Microsoft Corporation Inc.,Application,,C:\Program Files (x86)\Microsoft\EdgeWebView\Application\144.0.3719.115,3.0
15368,Copilot Update,1.3,Microsoft Corporation Inc.,Application,,C:\Program Files (x86)\Microsoft\EdgeUpdate,2.0
15368,CopyMD,1.0,PFU LIMITED,Application,,G:\Fujitsu fi-6110 new\ISIS\DeviceStage,1.0
15368,Create a self-signed digital certificate,15.0,Microsoft Corporation Inc.,Application,,C:\Program Files\Microsoft Office\Office15,1.0
15368,Create Virtual Machine,10.0,Microsoft Corporation Inc.,Application,,C:\Program Files\Hyper-V,1.0
15368,Credential Dialog Host,10.0,Microsoft Corporation Inc.,Application,,C:\Windows\SystemApps\microsoft.creddialoghost_cw5n1h2txyewy,1.0
15368,CrowdStrike Device Control,7.29,CrowdStrike Inc.,Add/Remove Programs,"November 14, 2025 12:00:00 AM",,
15368,CrowdStrike Device Control Support Tool,7.29,CrowdStrike Inc.,Application,,C:\Program Files\CrowdStrike,1.0
15368,CrowdStrike Falcon Connector,7.32,CrowdStrike Inc.,Application,,C:\Program Files\CrowdStrike,1.0
15368,CrowdStrike Falcon Sensor,7.32,CrowdStrike Inc.,Application,,C:\Program Files\CrowdStrike,1.0
15368,CrowdStrike Falcon Sensor Controller,7.32,CrowdStrike Inc.,Application,,C:\Program Files\CrowdStrike,1.0
15368,CrowdStrike Falcon Sensor Service,7.32,CrowdStrike Inc.,Application,,C:\Program Files\CrowdStrike,1.0
15368,CrowdStrike Falcon Sensor Servlet Container,7.32,CrowdStrike Inc.,Application,,C:\Program Files\CrowdStrike,1.0
15368,CrowdStrike Falcon Sensor Settings Tool,7.32,CrowdStrike Inc.,Application,,C:\Program Files\CrowdStrike,1.0
15368,CrowdStrike Falcon Sensor System Tray Application,7.32,CrowdStrike Inc.,Application,,C:\Program Files\CrowdStrike,2.0
12344,.NET Runtime Optimization Service,4.8,Microsoft Corporation Inc.,Application,,C:\Windows\Microsoft.NET\Framework64\v4.0.30319,2.0
12344,AAD token broker plugin,10.0,Microsoft Corporation Inc.,Application,,C:\Windows\SystemApps\Microsoft.AAD.BrokerPlugin_cw5n1h2txyewy,1.0
12344,Accounts Control Host,10.0,Microsoft Corporation Inc.,Application,,C:\Windows\SystemApps\Microsoft.AccountsControl_cw5n1h2txyewy,1.0
12344,AddSuggestedFoldersToLibraryDialog,10.0,Microsoft Corporation Inc.,Application,,C:\Windows\SystemApps\Microsoft.Windows.AddSuggestedFoldersToLibraryDialog_cw5n1h2txyewy,1.0
12344,Antimalware Service Executable,4.18,Microsoft Corporation Inc.,Application,,C:\Program Files\Windows Defender,1.0
12344,AppResolverUX,10.0,Microsoft Corporation Inc.,Application,,C:\Windows\SystemApps\Microsoft.Windows.AppResolverUX_cw5n1h2txyewy,1.0
12344,AsyncTextService,10.0,Microsoft Corporation Inc.,Application,,C:\Windows\SystemApps\Microsoft.AsyncTextService_8wekyb3d8bbwe,1.0
12344,Biometric Enrollment Host,10.0,Microsoft Corporation Inc.,Application,,C:\Windows\SystemApps\Microsoft.BioEnrollment_cw5n1h2txyewy,1.0
12344,BMC Client Management Agent,24.1.01.240624,BMC Software Inc.,Application,,C:\Program Files\BMC Software\Client Management\Client\bin,1.0
12344,BMC Client Management Certificate Generator,24.1.01.240624,BMC Software Inc.,Application,,C:\Program Files\BMC Software\Client Management\Client\bin,1.0
12344,BMC Client Management Chilli Interpreter,24.1.01.240624,BMC Software Inc.,Application,,C:\Program Files\BMC Software\Client Management\Client\bin,1.0
12344,BMC Client Management Direct Access Proxy Agent,24.1.01.240624,BMC Software Inc.,Application,,C:\Program Files\BMC Software\Client Management\Client\bin,1.0
12344,BMC Client Management Opswat Proxy Agent,24.1.01.240624,BMC Software Inc.,Application,,C:\Program Files\BMC Software\Client Management\Client\bin,1.0
12344,BMC Client Management Package Viewer,24.1.01.240624,BMC Software Inc.,Application,,C:\Program Files\BMC Software\Client Management\Client\bin,1.0
12344,BMC Client Management Patch Broker,24.1.01.240624,BMC Software Inc.,Application,,C:\Program Files\BMC Software\Client Management\Client\bin,1.0
12344,BMC Client Management Proxy Agent,24.1.01.240624,BMC Software Inc.,Application,,C:\Program Files\BMC Software\Client Management\Client\bin,1.0
12344,BMC Client Management Remote Control proxy,24.1.01.240624,BMC Software Inc.,Application,,C:\Program Files\BMC Software\Client Management\Client\bin,1.0
12344,BMC Client Management SCAP,24.1.01.240624,BMC Software Inc.,Application,,C:\Program Files\BMC Software\Client Management\Client\bin,1.0
12344,BMC Client Management SFX,24.1.01.240624,BMC Software Inc.,Application,,C:\Users\joinuser.aditya\Downloads,1.0
12344,BMC Client Management Video Proxy Agent,24.1.01.240624,BMC Software Inc.,Application,,C:\Program Files\BMC Software\Client Management\Client\bin,1.0
12344,Boot File Servicing Utility,10.0,Microsoft Corporation Inc.,Application,,C:\Windows,1.0
12344,BrowserCore,10.0,Microsoft Corporation Inc.,Application,,C:\Windows\BrowserCore,1.0
12344,Calling App to host call progress on shell,10.0,Microsoft Corporation Inc.,Application,,C:\Windows\SystemApps\Microsoft.Windows.CallingShellApp_cw5n1h2txyewy,1.0
12344,CameraBarcodeScannerPreview,10.0,Microsoft Corporation Inc.,Application,,C:\Windows\SystemApps\Windows.CBSPreview_cw5n1h2txyewy,1.0
12344,ChromeEnterpriseCompanion,143.0,Google LLC,Application,,C:\Windows\SystemTemp\scoped_dir8172_701948888\scoped_dir8172_66846716,1.0
12344,CL5,9.6,Ivanti,Application,,C:\Program Files\BMC Software\Client Management\Client\data\PatchManagementPremium\workspace,3.0
12344,ClickOnce,4.8,Microsoft Corporation Inc.,Application,,C:\Windows\Microsoft.NET\Framework64\v4.0.30319,3.0
12344,Copilot,144.0,Microsoft Corporation Inc.,Application,,C:\Program Files (x86)\Microsoft\EdgeCore\Optimized,2.0
12344,Copilot Update,1.3,Microsoft Corporation Inc.,Application,,C:\Program Files (x86)\Microsoft\EdgeUpdate,2.0
12344,Credential Dialog Host,10.0,Microsoft Corporation Inc.,Application,,C:\Windows\SystemApps\microsoft.creddialoghost_cw5n1h2txyewy,1.0
12344,CrowdStrike Device Control,7.29,CrowdStrike Inc.,Add/Remove Programs,"November 14, 2025 12:00:00 AM",,
12344,CrowdStrike Device Control Support Tool,7.29,CrowdStrike Inc.,Application,,C:\Program Files\CrowdStrike,1.0
12344,CrowdStrike Falcon Connector,7.32,CrowdStrike Inc.,Application,,C:\Program Files\CrowdStrike,1.0
12344,CrowdStrike Falcon Sensor,7.32,CrowdStrike Inc.,Application,,C:\Program Files\CrowdStrike,1.0
12344,CrowdStrike Falcon Sensor Controller,7.32,CrowdStrike Inc.,Application,,C:\Program Files\CrowdStrike,1.0
12344,CrowdStrike Falcon Sensor Service,7.32,CrowdStrike Inc.,Application,,C:\Program Files\CrowdStrike,1.0
12344,CrowdStrike Falcon Sensor Servlet Container,7.32,CrowdStrike Inc.,Application,,C:\Program Files\CrowdStrike,1.0
12344,CrowdStrike Falcon Sensor Settings Tool,7.32,CrowdStrike Inc.,Application,,C:\Program Files\CrowdStrike,1.0
12344,CrowdStrike Falcon Sensor System Tray Application,7.32,CrowdStrike Inc.,Application,,C:\Program Files\CrowdStrike,2.0
12344,CrowdStrike Firmware Analysis,7.14,CrowdStrike Inc.,Add/Remove Programs,"July 20, 2024 12:00:00 AM",,
12344,CrowdStrike Firmware Analysis Support Tool,7.14,CrowdStrike Inc.,Application,,C:\Program Files\CrowdStrike,1.0
12344,CrowdStrike On-Demand Scan Command-line Tool,7.32,CrowdStrike Inc.,Application,,C:\Program Files\CrowdStrike,1.0
12344,CrowdStrike On-Demand Scan Tool,7.32,CrowdStrike Inc.,Application,,C:\Program Files\CrowdStrike,1.0
12344,CrowdStrike Sensor Platform,7.32,CrowdStrike Inc.,Add/Remove Programs,"December 26, 2025 12:00:00 AM",,
12344,CrowdStrike Windows Sensor,7.32,CrowdStrike Inc.,Add/Remove Programs,"December 26, 2025 12:00:00 AM",,
12344,CrowdStrike Windows Sensor,7.13,CrowdStrike Inc.,Application,,D:\printer,1.0
12344,CxAudioSvc,1.0,Conexant Systems LLC.,Application,,C:\Windows\CxSvc,1.0
12344,EC App,10.0,Microsoft Corporation Inc.,Application,,C:\Windows\SystemApps\Microsoft.ECApp_8wekyb3d8bbwe,1.0
12344,expediteupdater,10.0,Microsoft Corporation Inc.,Application,,C:\Program Files\Microsoft Update Health Tools,1.0
12344,File Explorer,10.0,Microsoft Corporation Inc.,Application,,C:\Windows\SystemApps\Microsoft.Windows.FileExplorer_cw5n1h2txyewy,1.0
5142,.NET Runtime Optimization Service,4.8,Microsoft Corporation Inc.,Application,,C:\Windows\Microsoft.NET\Framework64\v4.0.30319,2.0
5142,64Bit MAPI Mail Agent,1.0,Foxit Software Inc.,Application,,C:\Program Files (x86)\Foxit Software\Foxit PDF Reader,1.0
5142,7-Zip 23.01 (x64),23.01,Igor Pavlov,Add/Remove Programs,,C:\Program Files\7-Zip\,
5142,7-Zip Console,23.01,Igor Pavlov,Application,,C:\Program Files\7-Zip,1.0
5142,7-Zip File Manager,23.01,Igor Pavlov,Application,,C:\Program Files\7-Zip,1.0
5142,7-Zip GUI,23.01,Igor Pavlov,Application,,C:\Program Files\7-Zip,1.0
5142,Accounts Control Host,10.0,Microsoft Corporation Inc.,Application,,C:\Windows\SystemApps\Microsoft.AccountsControl_cw5n1h2txyewy,1.0
5142,AddSuggestedFoldersToLibraryDialog,10.0,Microsoft Corporation Inc.,Application,,C:\Windows\SystemApps\Microsoft.Windows.AddSuggestedFoldersToLibraryDialog_cw5n1h2txyewy,1.0
5142,Antimalware Core Service,4.18,Microsoft Corporation Inc.,Application,,C:\Program Files\Windows Defender,1.0
5142,Antimalware Service Executable,4.18,Microsoft Corporation Inc.,Application,,C:\Program Files\Windows Defender,1.0
5142,AppFollower,1.3,Conexant Systems Inc.,Application,,C:\Program Files\CONEXANT\Flow,1.0
5142,AppResolverUX,10.0,Microsoft Corporation Inc.,Application,,C:\Windows\SystemApps\Microsoft.Windows.AppResolverUX_cw5n1h2txyewy,1.0
5142,AsyncTextService,10.0,Microsoft Corporation Inc.,Application,,C:\Windows\SystemApps\Microsoft.AsyncTextService_8wekyb3d8bbwe,1.0
5142,Audio Control,4.0,Conexant Systems LLC.,Application,,C:\Program Files\CONEXANT\Install\Audio\SA3\SA3\Dyson,2.0
5142,Audio Controls Control Panel,4.0,Conexant Systems LLC.,Application,,C:\Program Files\CONEXANT\SA3\HP-NB-AIO,3.0
5142,Bang & Olufsen,4.0,Conexant Systems LLC.,Application,,C:\Program Files\CONEXANT\Install\Audio\SA3\SA3\BandO,2.0
5142,Biometric Enrollment Host,10.0,Microsoft Corporation Inc.,Application,,C:\Windows\SystemApps\Microsoft.BioEnrollment_cw5n1h2txyewy,1.0
5142,BMC Client Management Agent,24.1.01.240624,BMC Software Inc.,Application,,C:\Program Files\BMC Software\Client Management\Client\bin,1.0
5142,BMC Client Management Certificate Generator,24.1.01.240624,BMC Software Inc.,Application,,C:\Program Files\BMC Software\Client Management\Client\bin,1.0
5142,BMC Client Management Chilli Interpreter,24.1.01.240624,BMC Software Inc.,Application,,C:\Program Files\BMC Software\Client Management\Client\bin,1.0
5142,BMC Client Management Direct Access Proxy Agent,24.1.01.240624,BMC Software Inc.,Application,,C:\Program Files\BMC Software\Client Management\Client\bin,1.0
5142,BMC Client Management Opswat Proxy Agent,24.1.01.240624,BMC Software Inc.,Application,,C:\Program Files\BMC Software\Client Management\Client\bin,1.0
5142,BMC Client Management Package Viewer,24.1.01.240624,BMC Software Inc.,Application,,C:\Program Files\BMC Software\Client Management\Client\bin,1.0
5142,BMC Client Management Patch Broker,24.1.01.240624,BMC Software Inc.,Application,,C:\Program Files\BMC Software\Client Management\Client\bin,1.0
5142,BMC Client Management Proxy Agent,24.1.01.240624,BMC Software Inc.,Application,,C:\Program Files\BMC Software\Client Management\Client\bin,1.0
5142,BMC Client Management Remote Control proxy,24.1.01.240624,BMC Software Inc.,Application,,C:\Program Files\BMC Software\Client Management\Client\bin,1.0
5142,BMC Client Management SCAP,24.1.01.240624,BMC Software Inc.,Application,,C:\Program Files\BMC Software\Client Management\Client\bin,1.0
5142,BMC Client Management SFX,24.1.01.240624,BMC Software Inc.,Application,,D:\printer,2.0
5142,BMC Client Management Video Proxy Agent,24.1.01.240624,BMC Software Inc.,Application,,C:\Program Files\BMC Software\Client Management\Client\bin,1.0
5142,Boot File Servicing Utility,10.0,Microsoft Corporation Inc.,Application,,C:\Windows,1.0
5142,Browser Protection Native Messaging Host,4.18,Microsoft Corporation Inc.,Application,,C:\Program Files\Windows Defender,1.0
5142,BrowserCore,10.0,Microsoft Corporation Inc.,Application,,C:\Windows\BrowserCore,1.0
5142,CameraBarcodeScannerPreview,10.0,Microsoft Corporation Inc.,Application,,C:\Windows\SystemApps\Windows.CBSPreview_cw5n1h2txyewy,1.0
5142,CL5,9.6,Ivanti,Application,,C:\Program Files\BMC Software\Client Management\Client\data\PatchManagementPremium\workspace,1.0
5142,ClickOnce,4.8,Microsoft Corporation Inc.,Application,,C:\Windows\Microsoft.NET\Framework64\v4.0.30319,3.0
5142,CnxtNotify,1.0,Conexant Systems Inc.,Application,,C:\Program Files\CONEXANT\SA3\HP-NB-AIO,1.0
5142,Copilot,144.0,Microsoft Corporation Inc.,Application,,C:\Program Files (x86)\Microsoft\EdgeWebView\Application\144.0.3719.115,3.0
5142,Copilot Update,1.3,Microsoft Corporation Inc.,Application,,C:\Program Files (x86)\Microsoft\EdgeUpdate,2.0
5142,Credential Dialog Host,10.0,Microsoft Corporation Inc.,Application,,C:\Windows\SystemApps\microsoft.creddialoghost_cw5n1h2txyewy,1.0
5142,CrowdStrike Device Control,7.29,CrowdStrike Inc.,Add/Remove Programs,"November 14, 2025 12:00:00 AM",,
5142,CrowdStrike Device Control Support Tool,7.29,CrowdStrike Inc.,Application,,C:\Program Files\CrowdStrike,1.0
5142,CrowdStrike Falcon Connector,7.32,CrowdStrike Inc.,Application,,C:\Program Files\CrowdStrike,1.0
5142,CrowdStrike Falcon Sensor,7.32,CrowdStrike Inc.,Application,,C:\Program Files\CrowdStrike,1.0
5142,CrowdStrike Falcon Sensor Controller,7.32,CrowdStrike Inc.,Application,,C:\Program Files\CrowdStrike,1.0
5142,CrowdStrike Falcon Sensor Service,7.32,CrowdStrike Inc.,Application,,C:\Program Files\CrowdStrike,1.0
5142,CrowdStrike Falcon Sensor Servlet Container,7.32,CrowdStrike Inc.,Application,,C:\Program Files\CrowdStrike,1.0
5142,CrowdStrike Falcon Sensor Settings Tool,7.32,CrowdStrike Inc.,Application,,C:\Program Files\CrowdStrike,1.0
5142,CrowdStrike Falcon Sensor System Tray Application,7.32,CrowdStrike Inc.,Application,,C:\Program Files\CrowdStrike,2.0
5142,CrowdStrike Firmware Analysis,7.14,CrowdStrike Inc.,Add/Remove Programs,"July 24, 2025 12:00:00 AM",,
5142,CrowdStrike Firmware Analysis Support Tool,7.14,CrowdStrike Inc.,Application,,C:\Program Files\CrowdStrike,1.0
12345,.NET Runtime Optimization Service,4.8,Microsoft Corporation Inc.,Application,,C:\Windows\Microsoft.NET\Framework64\v4.0.30319,2.0
12345,64Bit MAPI Mail Agent,1.0,Foxit Software Inc.,Application,,C:\Program Files (x86)\Foxit Software\Foxit PDF Reader,1.0
12345,7-Zip 24.09 (x64),24.09,Igor Pavlov,Add/Remove Programs,,C:\Program Files\7-Zip\,
12345,7-Zip Console,24.09,Igor Pavlov,Application,,C:\Program Files\7-Zip,1.0
12345,7-Zip File Manager,24.09,Igor Pavlov,Application,,C:\Program Files\7-Zip,1.0
12345,7-Zip GUI,24.09,Igor Pavlov,Application,,C:\Program Files\7-Zip,1.0
12345,Accounts Control Host,10.0,Microsoft Corporation Inc.,Application,,C:\Windows\SystemApps\Microsoft.AccountsControl_cw5n1h2txyewy,1.0
12345,AddSuggestedFoldersToLibraryDialog,10.0,Microsoft Corporation Inc.,Application,,C:\Windows\SystemApps\Microsoft.Windows.AddSuggestedFoldersToLibraryDialog_cw5n1h2txyewy,1.0
12345,Antimalware Core Service,4.18,Microsoft Corporation Inc.,Application,,C:\Program Files\Windows Defender,1.0
12345,AntiMalware Platform Update (amd64fre),4.18,Microsoft Corporation Inc.,Application,,C:\Windows\SystemTemp\AAEBA9DA-F8D3-41E8-8107-E06BCF3B6E02MpCommU,1.0
12345,Antimalware Service Executable,4.18,Microsoft Corporation Inc.,Application,,C:\Program Files\Windows Defender,1.0
12345,AppResolverUX,10.0,Microsoft Corporation Inc.,Application,,C:\Windows\SystemApps\Microsoft.Windows.AppResolverUX_cw5n1h2txyewy,1.0
12345,AsyncTextService,10.0,Microsoft Corporation Inc.,Application,,C:\Windows\SystemApps\Microsoft.AsyncTextService_8wekyb3d8bbwe,1.0
12345,Biometric Enrollment Host,10.0,Microsoft Corporation Inc.,Application,,C:\Windows\SystemApps\Microsoft.BioEnrollment_cw5n1h2txyewy,1.0
12345,BMC Client Management Agent,24.1.01.240624,BMC Software Inc.,Application,,C:\Program Files\BMC Software\Client Management\Client\bin,1.0
12345,BMC Client Management Certificate Generator,24.1.01.240624,BMC Software Inc.,Application,,C:\Program Files\BMC Software\Client Management\Client\bin,1.0
12345,BMC Client Management Chilli Interpreter,24.1.01.240624,BMC Software Inc.,Application,,C:\Program Files\BMC Software\Client Management\Client\bin,1.0
12345,BMC Client Management Direct Access Proxy Agent,24.1.01.240624,BMC Software Inc.,Application,,C:\Program Files\BMC Software\Client Management\Client\bin,1.0
12345,BMC Client Management Opswat Proxy Agent,24.1.01.240624,BMC Software Inc.,Application,,C:\Program Files\BMC Software\Client Management\Client\bin,1.0
12345,BMC Client Management Package Viewer,24.1.01.240624,BMC Software Inc.,Application,,C:\Program Files\BMC Software\Client Management\Client\bin,1.0
12345,BMC Client Management Patch Broker,24.1.01.240624,BMC Software Inc.,Application,,C:\Program Files\BMC Software\Client Management\Client\bin,1.0
12345,BMC Client Management Proxy Agent,24.1.01.240624,BMC Software Inc.,Application,,C:\Program Files\BMC Software\Client Management\Client\bin,1.0
12345,BMC Client Management Remote Control proxy,24.1.01.240624,BMC Software Inc.,Application,,C:\Program Files\BMC Software\Client Management\Client\bin,1.0
12345,BMC Client Management SCAP,24.1.01.240624,BMC Software Inc.,Application,,C:\Program Files\BMC Software\Client Management\Client\bin,1.0
12345,BMC Client Management SFX,24.1.01.240624,BMC Software Inc.,Application,,D:\IT,1.0
12345,BMC Client Management Video Proxy Agent,24.1.01.240624,BMC Software Inc.,Application,,C:\Program Files\BMC Software\Client Management\Client\bin,1.0
12345,Boot File Servicing Utility,10.0,Microsoft Corporation Inc.,Application,,C:\Windows,1.0
12345,Browser Protection Native Messaging Host,4.18,Microsoft Corporation Inc.,Application,,C:\Program Files\Windows Defender,1.0
12345,BrowserCore,10.0,Microsoft Corporation Inc.,Application,,C:\Windows\BrowserCore,1.0
12345,CameraBarcodeScannerPreview,10.0,Microsoft Corporation Inc.,Application,,C:\Windows\SystemApps\Windows.CBSPreview_cw5n1h2txyewy,1.0
12345,Canon LBP6000/LBP6018,,,Add/Remove Programs,,,
12345,CL5,9.6,Ivanti,Application,,C:\Program Files\BMC Software\Client Management\Client\data\PatchManagementPremium\workspace,1.0
12345,ClickOnce,4.8,Microsoft Corporation Inc.,Application,,C:\Windows\Microsoft.NET\Framework64\v4.0.30319,3.0
12345,Copilot,144.0,Microsoft Corporation Inc.,Application,,C:\Program Files (x86)\Microsoft\EdgeWebView\Application\144.0.3719.115,5.0
12345,Copilot Update,1.3,Microsoft Corporation Inc.,Application,,C:\Program Files (x86)\Microsoft\EdgeUpdate,2.0
12345,Credential Dialog Host,10.0,Microsoft Corporation Inc.,Application,,C:\Windows\SystemApps\microsoft.creddialoghost_cw5n1h2txyewy,1.0
12345,CrowdStrike Device Control,7.29,CrowdStrike Inc.,Add/Remove Programs,"November 14, 2025 12:00:00 AM",,
12345,CrowdStrike Device Control Support Tool,7.29,CrowdStrike Inc.,Application,,C:\Program Files\CrowdStrike,1.0
12345,CrowdStrike Falcon Connector,7.32,CrowdStrike Inc.,Application,,C:\Program Files\CrowdStrike,1.0
12345,CrowdStrike Falcon Sensor,7.32,CrowdStrike Inc.,Application,,C:\Program Files\CrowdStrike,1.0
12345,CrowdStrike Falcon Sensor Controller,7.32,CrowdStrike Inc.,Application,,C:\Program Files\CrowdStrike,1.0
12345,CrowdStrike Falcon Sensor Service,7.32,CrowdStrike Inc.,Application,,C:\Program Files\CrowdStrike,1.0
12345,CrowdStrike Falcon Sensor Servlet Container,7.32,CrowdStrike Inc.,Application,,C:\Program Files\CrowdStrike,1.0
12345,CrowdStrike Falcon Sensor Settings Tool,7.32,CrowdStrike Inc.,Application,,C:\Program Files\CrowdStrike,1.0
12345,CrowdStrike Falcon Sensor System Tray Application,7.32,CrowdStrike Inc.,Application,,C:\Program Files\CrowdStrike,2.0
12345,CrowdStrike Firmware Analysis,7.14,CrowdStrike Inc.,Add/Remove Programs,"June 24, 2025 12:00:00 AM",,
12345,CrowdStrike Firmware Analysis Support Tool,7.14,CrowdStrike Inc.,Application,,C:\Program Files\CrowdStrike,1.0
12345,CrowdStrike On-Demand Scan Command-line Tool,7.32,CrowdStrike Inc.,Application,,C:\Program Files\CrowdStrike,1.0
12345,CrowdStrike On-Demand Scan Tool,7.32,CrowdStrike Inc.,Application,,C:\Program Files\CrowdStrike,1.0
12345,CrowdStrike Sensor Platform,7.32,CrowdStrike Inc.,Add/Remove Programs,"January 14, 2026 12:00:00 AM",,
5425,.NET Runtime Optimization Service,4.8,Microsoft Corporation Inc.,Application,,C:\Windows\Microsoft.NET\Framework64\v4.0.30319,2.0
5425,64Bit MAPI Mail Agent,1.0,Foxit Software Inc.,Application,,C:\Program Files (x86)\Foxit Software\Foxit PDF Reader,1.0
5425,7-Zip 19.00 (x64),19.0,Igor Pavlov,Add/Remove Programs,,C:\Program Files\7-Zip\,
5425,7-Zip Console,19.0,Igor Pavlov,Application,,C:\Program Files\7-Zip,1.0
5425,7-Zip File Manager,19.0,Igor Pavlov,Application,,C:\Program Files\7-Zip,1.0
5425,7-Zip GUI,19.0,Igor Pavlov,Application,,C:\Program Files\7-Zip,1.0
5425,7-Zip Standalone Console,19.0,Igor Pavlov,Application,,C:\Program Files (x86)\Hewlett-Packard\HP Support Solutions\Modules,1.0
5425,Accounts Control Host,10.0,Microsoft Corporation Inc.,Application,,C:\Windows\SystemApps\Microsoft.AccountsControl_cw5n1h2txyewy,1.0
5425,AddSuggestedFoldersToLibraryDialog,10.0,Microsoft Corporation Inc.,Application,,C:\Windows\SystemApps\Microsoft.Windows.AddSuggestedFoldersToLibraryDialog_cw5n1h2txyewy,1.0
5425,Antimalware Core Service,4.18,Microsoft Corporation Inc.,Application,,C:\Program Files\Windows Defender,1.0
5425,Antimalware Service Executable,4.18,Microsoft Corporation Inc.,Application,,C:\Program Files\Windows Defender,1.0
5425,AppResolverUX,10.0,Microsoft Corporation Inc.,Application,,C:\Windows\SystemApps\Microsoft.Windows.AppResolverUX_cw5n1h2txyewy,1.0
5425,AsyncTextService,10.0,Microsoft Corporation Inc.,Application,,C:\Windows\SystemApps\Microsoft.AsyncTextService_8wekyb3d8bbwe,1.0
5425,Biometric Enrollment Host,10.0,Microsoft Corporation Inc.,Application,,C:\Windows\SystemApps\Microsoft.BioEnrollment_cw5n1h2txyewy,1.0
5425,BMC Client Management,24.1.01.240624,BMC Software Inc.,Application,,C:\Users\joinuser.aditya\Desktop,1.0
5425,BMC Client Management Agent,24.1.01.240624,BMC Software Inc.,Application,,C:\Program Files\BMC Software\Client Management\Client\bin,1.0
5425,BMC Client Management Certificate Generator,24.1.01.240624,BMC Software Inc.,Application,,C:\Program Files\BMC Software\Client Management\Client\bin,1.0
5425,BMC Client Management Chilli Interpreter,24.1.01.240624,BMC Software Inc.,Application,,C:\Program Files\BMC Software\Client Management\Client\bin,1.0
5425,BMC Client Management Direct Access Proxy Agent,24.1.01.240624,BMC Software Inc.,Application,,C:\Program Files\BMC Software\Client Management\Client\bin,1.0
5425,BMC Client Management Opswat Proxy Agent,24.1.01.240624,BMC Software Inc.,Application,,C:\Program Files\BMC Software\Client Management\Client\bin,1.0
5425,BMC Client Management Package Viewer,24.1.01.240624,BMC Software Inc.,Application,,C:\Program Files\BMC Software\Client Management\Client\bin,1.0
5425,BMC Client Management Patch Broker,24.1.01.240624,BMC Software Inc.,Application,,C:\Program Files\BMC Software\Client Management\Client\bin,1.0
5425,BMC Client Management Proxy Agent,24.1.01.240624,BMC Software Inc.,Application,,C:\Program Files\BMC Software\Client Management\Client\bin,1.0
5425,BMC Client Management Remote Control proxy,24.1.01.240624,BMC Software Inc.,Application,,C:\Program Files\BMC Software\Client Management\Client\bin,1.0
5425,BMC Client Management SCAP,24.1.01.240624,BMC Software Inc.,Application,,C:\Program Files\BMC Software\Client Management\Client\bin,1.0
5425,BMC Client Management Video Proxy Agent,24.1.01.240624,BMC Software Inc.,Application,,C:\Program Files\BMC Software\Client Management\Client\bin,1.0
5425,Boot File Servicing Utility,10.0,Microsoft Corporation Inc.,Application,,C:\Windows,1.0
5425,Browser Protection Native Messaging Host,4.18,Microsoft Corporation Inc.,Application,,C:\Program Files\Windows Defender,1.0
5425,BrowserCore,10.0,Microsoft Corporation Inc.,Application,,C:\Windows\BrowserCore,1.0
5425,CameraBarcodeScannerPreview,10.0,Microsoft Corporation Inc.,Application,,C:\Windows\SystemApps\Windows.CBSPreview_cw5n1h2txyewy,1.0
5425,ChromeEnterpriseCompanion,143.0,Google LLC,Application,,C:\Windows\SystemTemp\scoped_dir1376_750002283\scoped_dir1376_1174082954,1.0
5425,CL5,9.6,Ivanti,Application,,C:\Program Files\BMC Software\Client Management\Client\data\PatchManagementPremium\workspace,7.0
5425,ClickOnce,4.8,Microsoft Corporation Inc.,Application,,C:\Windows\Microsoft.NET\Framework64\v4.0.30319,3.0
5425,Common User Interface,5.8,Musarubra US LLC.,Application,,C:\Program Files\McAfee\Agent\x86,1.0
5425,Credential Dialog Host,10.0,Microsoft Corporation Inc.,Application,,C:\Windows\SystemApps\microsoft.creddialoghost_cw5n1h2txyewy,1.0
5425,CrowdStrike Device Control,7.29,CrowdStrike Inc.,Add/Remove Programs,"November 14, 2025 12:00:00 AM",,
5425,CrowdStrike Device Control Support Tool,7.29,CrowdStrike Inc.,Application,,C:\Program Files\CrowdStrike,1.0
5425,CrowdStrike Falcon Connector,7.32,CrowdStrike Inc.,Application,,C:\Program Files\CrowdStrike,1.0
5425,CrowdStrike Falcon Sensor,7.32,CrowdStrike Inc.,Application,,C:\Program Files\CrowdStrike,1.0
5425,CrowdStrike Falcon Sensor Controller,7.32,CrowdStrike Inc.,Application,,C:\Program Files\CrowdStrike,1.0
5425,CrowdStrike Falcon Sensor Service,7.32,CrowdStrike Inc.,Application,,C:\Program Files\CrowdStrike,1.0
5425,CrowdStrike Falcon Sensor Servlet Container,7.32,CrowdStrike Inc.,Application,,C:\Program Files\CrowdStrike,1.0
5425,CrowdStrike Falcon Sensor Settings Tool,7.32,CrowdStrike Inc.,Application,,C:\Program Files\CrowdStrike,1.0
5425,CrowdStrike Falcon Sensor System Tray Application,7.32,CrowdStrike Inc.,Application,,C:\Program Files\CrowdStrike,2.0
5425,CrowdStrike Firmware Analysis,7.14,CrowdStrike Inc.,Add/Remove Programs,"January 23, 2025 12:00:00 AM",,
5425,CrowdStrike Firmware Analysis Support Tool,7.14,CrowdStrike Inc.,Application,,C:\Program Files\CrowdStrike,1.0
5425,CrowdStrike Forensic Data Collection Tool,1.0,CrowdStrike Inc.,Application,,C:,2.0
5425,CrowdStrike On-Demand Scan Command-line Tool,7.32,CrowdStrike Inc.,Application,,C:\Program Files\CrowdStrike,1.0
5425,CrowdStrike On-Demand Scan Tool,7.32,CrowdStrike Inc.,Application,,C:\Program Files\CrowdStrike,1.0
5425,CrowdStrike Sensor Platform,7.32,CrowdStrike Inc.,Add/Remove Programs,"January 14, 2026 12:00:00 AM",,
3897,.NET Runtime Crash Dump Generator,8.0,Microsoft Corporation Inc.,Application,,C:\Program Files (x86)\Trend Micro\Endpoint Basecamp\modules\vom\modules\UiBridgeModule\VOneAgentConsole,1.0
3897,.NET Runtime Optimization Service,4.8,Microsoft Corporation Inc.,Application,,C:\Windows\Microsoft.NET\Framework64\v4.0.30319,2.0
3897,64Bit MAPI Mail Agent,1.0,Foxit Software Inc.,Application,,C:\Program Files (x86)\Foxit Software\Foxit PDF Reader,1.0
3897,7-Zip 24.08 (x64 edition),24.08,Igor Pavlov,Add/Remove Programs,"October 09, 2024 12:00:00 AM",,
3897,7-Zip Console,24.08,Igor Pavlov,Application,,C:\Program Files\7-Zip,1.0
3897,7-Zip Console,25.01,Igor Pavlov,Application,,C:\Program Files (x86)\Trend Micro\Security Agent,4.0
3897,7-Zip File Manager,24.08,Igor Pavlov,Application,,C:\Program Files\7-Zip,1.0
3897,7-Zip GUI,24.08,Igor Pavlov,Application,,C:\Program Files\7-Zip,1.0
3897,Accounts Control Host,10.0,Microsoft Corporation Inc.,Application,,C:\Windows\SystemApps\Microsoft.AccountsControl_cw5n1h2txyewy,1.0
3897,ActiveUpdate module.,2.88,Trend Micro Inc.,Application,,C:\Program Files (x86)\Trend Micro\Security Agent,2.0
3897,AddSuggestedFoldersToLibraryDialog,10.0,Microsoft Corporation Inc.,Application,,C:\Windows\SystemApps\Microsoft.Windows.AddSuggestedFoldersToLibraryDialog_cw5n1h2txyewy,1.0
3897,Antimalware Core Service,4.18,Microsoft Corporation Inc.,Application,,C:\Program Files\Windows Defender,1.0
3897,Antimalware Service Executable,4.18,Microsoft Corporation Inc.,Application,,C:\Program Files\Windows Defender,1.0
3897,AppResolverUX,10.0,Microsoft Corporation Inc.,Application,,C:\Windows\SystemApps\Microsoft.Windows.AppResolverUX_cw5n1h2txyewy,1.0
3897,AsyncTextService,10.0,Microsoft Corporation Inc.,Application,,C:\Windows\SystemApps\Microsoft.AsyncTextService_8wekyb3d8bbwe,1.0
3897,Biometric Enrollment Host,10.0,Microsoft Corporation Inc.,Application,,C:\Windows\SystemApps\Microsoft.BioEnrollment_cw5n1h2txyewy,1.0
3897,BMC Client Management Agent,24.1.01.240624,BMC Software Inc.,Application,,C:\Program Files\BMC Software\Client Management\Client\bin,1.0
3897,BMC Client Management Certificate Generator,24.1.01.240624,BMC Software Inc.,Application,,C:\Program Files\BMC Software\Client Management\Client\bin,1.0
3897,BMC Client Management Chilli Interpreter,24.1.01.240624,BMC Software Inc.,Application,,C:\Program Files\BMC Software\Client Management\Client\bin,1.0
3897,BMC Client Management Direct Access Proxy Agent,24.1.01.240624,BMC Software Inc.,Application,,C:\Program Files\BMC Software\Client Management\Client\bin,1.0
3897,BMC Client Management Opswat Proxy Agent,24.1.01.240624,BMC Software Inc.,Application,,C:\Program Files\BMC Software\Client Management\Client\bin,1.0
3897,BMC Client Management Package Viewer,24.1.01.240624,BMC Software Inc.,Application,,C:\Program Files\BMC Software\Client Management\Client\bin,1.0
3897,BMC Client Management Patch Broker,24.1.01.240624,BMC Software Inc.,Application,,C:\Program Files\BMC Software\Client Management\Client\bin,1.0
3897,BMC Client Management Proxy Agent,24.1.01.240624,BMC Software Inc.,Application,,C:\Program Files\BMC Software\Client Management\Client\bin,1.0
3897,BMC Client Management Remote Control proxy,24.1.01.240624,BMC Software Inc.,Application,,C:\Program Files\BMC Software\Client Management\Client\bin,1.0
3897,BMC Client Management SCAP,24.1.01.240624,BMC Software Inc.,Application,,C:\Program Files\BMC Software\Client Management\Client\bin,1.0
3897,BMC Client Management Video Proxy Agent,24.1.01.240624,BMC Software Inc.,Application,,C:\Program Files\BMC Software\Client Management\Client\bin,1.0
3897,Boot File Servicing Utility,10.0,Microsoft Corporation Inc.,Application,,C:\Windows,1.0
3897,Browser Protection Native Messaging Host,4.18,Microsoft Corporation Inc.,Application,,C:\Program Files\Windows Defender,1.0
3897,BrowserCore,10.0,Microsoft Corporation Inc.,Application,,C:\Windows\BrowserCore,1.0
3897,CameraBarcodeScannerPreview,10.0,Microsoft Corporation Inc.,Application,,C:\Windows\SystemApps\Windows.CBSPreview_cw5n1h2txyewy,1.0
3897,ChromeEnterpriseCompanion,143.0,Google LLC,Application,,C:\Windows\SystemTemp\scoped_dir10880_171103793\scoped_dir10880_932789903,1.0
3897,CL5,9.6,Ivanti,Application,,C:\Program Files\BMC Software\Client Management\Client\data\PatchManagementPremium\workspace,3.0
3897,ClickOnce,4.8,Microsoft Corporation Inc.,Application,,C:\Windows\Microsoft.NET\Framework64\v4.0.30319,3.0
3897,Common User Interface,5.8,Musarubra US LLC.,Application,,C:\Program Files\McAfee\Agent\x86,1.0
3897,Copilot,144.0,Microsoft Corporation Inc.,Application,,C:\Program Files (x86)\Microsoft\EdgeWebView\Application\144.0.3719.93,6.0
3897,Copilot Update,1.3,Microsoft Corporation Inc.,Application,,C:\Program Files (x86)\Microsoft\EdgeUpdate,2.0
3897,Create a self-signed digital certificate,15.0,Microsoft Corporation Inc.,Application,,C:\Program Files\Microsoft Office\Office15,1.0
3897,Credential Dialog Host,10.0,Microsoft Corporation Inc.,Application,,C:\Windows\SystemApps\microsoft.creddialoghost_cw5n1h2txyewy,1.0
3897,CrowdStrike Firmware Analysis,7.14,CrowdStrike Inc.,Add/Remove Programs,"April 17, 2025 12:00:00 AM",,
3897,CrowdStrike Windows Sensor,6.54,CrowdStrike Inc.,Application,,C:\Users\Administrator\Desktop\crowdstrike,1.0
3897,Deep Security Agent Configuration Compiler,12.0,Trend Micro Inc.,Application,,C:\Program Files (x86)\Trend Micro\iService\iVP,1.0
3897,Definition Update for Microsoft Office 2013 (KB3115404) 64-Bit Edition,,Microsoft Corporation Inc.,Add/Remove Programs,,,
3897,DREBoot,2.0,Trend Micro Inc.,Application,,C:\Program Files (x86)\Trend Micro\Security Agent\CCSF\module\DRE,1.0
3897,dtoop Application,6.2,Trend Micro Inc.,Application,,C:\Program Files (x86)\Trend Micro\Security Agent\dlplite\update\x64\system32\dgagent,3.0
3897,EC App,10.0,Microsoft Corporation Inc.,Application,,C:\Windows\SystemApps\Microsoft.ECApp_8wekyb3d8bbwe,1.0
3897,expediteupdater,10.0,Microsoft Corporation Inc.,Application,,C:\Program Files\Microsoft Update Health Tools,1.0
3897,FE Commander,6.0,Trend Micro Inc.,Application,,C:\Program Files (x86)\Trend Micro\Security Agent\dlplite\update\x64\system32\dgagent,3.0
3897,File Explorer,10.0,Microsoft Corporation Inc.,Application,,C:\Windows\SystemApps\Microsoft.Windows.FileExplorer_cw5n1h2txyewy,1.0
3897,File Picker,10.0,Microsoft Corporation Inc.,Application,,C:\Windows\SystemApps\Microsoft.Windows.FilePicker_cw5n1h2txyewy,1.0
5745,.NET Runtime Crash Dump Generator,8.0,Microsoft Corporation Inc.,Application,,C:\Program Files (x86)\Trend Micro\Endpoint Basecamp\modules\vom\modules\UiBridgeModule\VOneAgentConsole,1.0
5745,.NET Runtime Optimization Service,4.8,Microsoft Corporation Inc.,Application,,C:\Windows\Microsoft.NET\Framework64\v4.0.30319,2.0
5745,64Bit MAPI Mail Agent,1.0,Foxit Software Inc.,Application,,C:\Program Files (x86)\Foxit Software\Foxit PDF Reader,1.0
5745,7-Zip 24.08 (x64 edition),24.08,Igor Pavlov,Add/Remove Programs,"November 28, 2024 12:00:00 AM",,
5745,7-Zip Console,24.08,Igor Pavlov,Application,,C:\Program Files\7-Zip,1.0
5745,7-Zip Console,25.01,Igor Pavlov,Application,,C:\Program Files (x86)\Trend Micro\Security Agent,4.0
5745,7-Zip File Manager,24.08,Igor Pavlov,Application,,C:\Program Files\7-Zip,1.0
5745,7-Zip GUI,24.08,Igor Pavlov,Application,,C:\Program Files\7-Zip,1.0
5745,Accounts Control Host,10.0,Microsoft Corporation Inc.,Application,,C:\Windows\SystemApps\Microsoft.AccountsControl_cw5n1h2txyewy,1.0
5745,ActiveUpdate module.,2.88,Trend Micro Inc.,Application,,C:\Program Files (x86)\Trend Micro\Security Agent,2.0
5745,AddSuggestedFoldersToLibraryDialog,10.0,Microsoft Corporation Inc.,Application,,C:\Windows\SystemApps\Microsoft.Windows.AddSuggestedFoldersToLibraryDialog_cw5n1h2txyewy,1.0
5745,Antimalware Core Service,4.18,Microsoft Corporation Inc.,Application,,C:\Program Files\Windows Defender,1.0
5745,Antimalware Service Executable,4.18,Microsoft Corporation Inc.,Application,,C:\Program Files\Windows Defender,1.0
5745,AppResolverUX,10.0,Microsoft Corporation Inc.,Application,,C:\Windows\SystemApps\Microsoft.Windows.AppResolverUX_cw5n1h2txyewy,1.0
5745,AsyncTextService,10.0,Microsoft Corporation Inc.,Application,,C:\Windows\SystemApps\Microsoft.AsyncTextService_8wekyb3d8bbwe,1.0
5745,Biometric Enrollment Host,10.0,Microsoft Corporation Inc.,Application,,C:\Windows\SystemApps\Microsoft.BioEnrollment_cw5n1h2txyewy,1.0
5745,BMC Client Management Agent,24.1.01.240624,BMC Software Inc.,Application,,C:\Program Files\BMC Software\Client Management\Client\bin,1.0
5745,BMC Client Management Certificate Generator,24.1.01.240624,BMC Software Inc.,Application,,C:\Program Files\BMC Software\Client Management\Client\bin,1.0
5745,BMC Client Management Chilli Interpreter,24.1.01.240624,BMC Software Inc.,Application,,C:\Program Files\BMC Software\Client Management\Client\bin,1.0
5745,BMC Client Management Direct Access Proxy Agent,24.1.01.240624,BMC Software Inc.,Application,,C:\Program Files\BMC Software\Client Management\Client\bin,1.0
5745,BMC Client Management Opswat Proxy Agent,24.1.01.240624,BMC Software Inc.,Application,,C:\Program Files\BMC Software\Client Management\Client\bin,1.0
5745,BMC Client Management Package Viewer,24.1.01.240624,BMC Software Inc.,Application,,C:\Program Files\BMC Software\Client Management\Client\bin,1.0
5745,BMC Client Management Patch Broker,24.1.01.240624,BMC Software Inc.,Application,,C:\Program Files\BMC Software\Client Management\Client\bin,1.0
5745,BMC Client Management Proxy Agent,24.1.01.240624,BMC Software Inc.,Application,,C:\Program Files\BMC Software\Client Management\Client\bin,1.0
5745,BMC Client Management Remote Control proxy,24.1.01.240624,BMC Software Inc.,Application,,C:\Program Files\BMC Software\Client Management\Client\bin,1.0
5745,BMC Client Management SCAP,24.1.01.240624,BMC Software Inc.,Application,,C:\Program Files\BMC Software\Client Management\Client\bin,1.0
5745,BMC Client Management Video Proxy Agent,24.1.01.240624,BMC Software Inc.,Application,,C:\Program Files\BMC Software\Client Management\Client\bin,1.0
5745,Boot File Servicing Utility,10.0,Microsoft Corporation Inc.,Application,,C:\Windows,1.0
5745,Browser Protection Native Messaging Host,4.18,Microsoft Corporation Inc.,Application,,C:\Program Files\Windows Defender,1.0
5745,BrowserCore,10.0,Microsoft Corporation Inc.,Application,,C:\Windows\BrowserCore,1.0
5745,CameraBarcodeScannerPreview,10.0,Microsoft Corporation Inc.,Application,,C:\Windows\SystemApps\Windows.CBSPreview_cw5n1h2txyewy,1.0
5745,ChromeEnterpriseCompanion,143.0,Google LLC,Application,,C:\Windows\SystemTemp\scoped_dir14776_1778203610\scoped_dir14776_1565565373,1.0
5745,CL5,9.6,Ivanti,Application,,C:\Program Files\BMC Software\Client Management\Client\data\PatchManagementPremium\workspace,3.0
5745,ClickOnce,4.8,Microsoft Corporation Inc.,Application,,C:\Windows\Microsoft.NET\Framework64\v4.0.30319,3.0
5745,Common User Interface,5.8,Musarubra US LLC.,Application,,C:\Program Files\McAfee\Agent\x86,1.0
5745,Copilot,144.0,Microsoft Corporation Inc.,Application,,C:\Program Files (x86)\Microsoft\EdgeWebView\Application\144.0.3719.93,7.0
5745,Copilot Update,1.3,Microsoft Corporation Inc.,Application,,C:\Program Files (x86)\Microsoft\EdgeUpdate,2.0
5745,Create a self-signed digital certificate,15.0,Microsoft Corporation Inc.,Application,,C:\Program Files\Microsoft Office\Office15,1.0
5745,Credential Dialog Host,10.0,Microsoft Corporation Inc.,Application,,C:\Windows\SystemApps\microsoft.creddialoghost_cw5n1h2txyewy,1.0
5745,CrowdStrike Windows Sensor,6.54,CrowdStrike Inc.,Application,,D:\DARI PC\crowdstrike,1.0
5745,Deep Security Agent Configuration Compiler,12.0,Trend Micro Inc.,Application,,C:\Program Files (x86)\Trend Micro\iService\iVP,1.0
5745,Definition Update for Microsoft Office 2013 (KB3115404) 64-Bit Edition,,Microsoft Corporation Inc.,Add/Remove Programs,,,
5745,DREBoot,2.0,Trend Micro Inc.,Application,,C:\Program Files (x86)\Trend Micro\Security Agent\CCSF\module\DRE,1.0
5745,dtoop Application,6.2,Trend Micro Inc.,Application,,C:\Program Files (x86)\Trend Micro\Security Agent\dlplite\update\x64\system32\dgagent,3.0
5745,EC App,10.0,Microsoft Corporation Inc.,Application,,C:\Windows\SystemApps\Microsoft.ECApp_8wekyb3d8bbwe,1.0
5745,expediteupdater,10.0,Microsoft Corporation Inc.,Application,,C:\Program Files\Microsoft Update Health Tools,1.0
5745,FE Commander,6.0,Trend Micro Inc.,Application,,C:\Program Files (x86)\Trend Micro\Security Agent\dlplite\update\x64\system32\dgagent,3.0
5745,File Explorer,10.0,Microsoft Corporation Inc.,Application,,C:\Windows\SystemApps\Microsoft.Windows.FileExplorer_cw5n1h2txyewy,1.0
5745,File Picker,10.0,Microsoft Corporation Inc.,Application,,C:\Windows\SystemApps\Microsoft.Windows.FilePicker_cw5n1h2txyewy,1.0
5745,Foxit PDF CEF,11.2,Foxit Software Inc.,Application,,C:\Program Files (x86)\Foxit Software\Foxit PDF Reader,1.0
12573,.NET Framework,3.0,Microsoft Corporation Inc.,Application,,C:\Windows\Microsoft.NET\Framework64\v3.0\Windows Communication Foundation,2.0
12573,.NET Runtime Crash Dump Generator,8.0,Microsoft Corporation Inc.,Application,,C:\Program Files (x86)\Trend Micro\Endpoint Basecamp\modules\vom\modules\UiBridgeModule\VOneAgentConsole,1.0
12573,.NET Runtime Optimization Service,2.0,Microsoft Corporation Inc.,Application,,C:\Windows\Microsoft.NET\Framework64\v2.0.50727,2.0
12573,.NET Runtime Optimization Service,4.8,Microsoft Corporation Inc.,Application,,C:\Windows\Microsoft.NET\Framework64\v4.0.30319,2.0
12573,64Bit MAPI Mail Agent,1.0,Foxit Software Inc.,Application,,C:\Program Files (x86)\Foxit Software\Foxit PDF Reader,1.0
12573,7-Zip 24.08 (x64 edition),24.08,Igor Pavlov,Add/Remove Programs,"November 29, 2024 12:00:00 AM",,
12573,7-Zip Console,24.08,Igor Pavlov,Application,,C:\Program Files\7-Zip,1.0
12573,7-Zip Console,25.01,Igor Pavlov,Application,,C:\Program Files (x86)\Trend Micro\Security Agent,4.0
12573,7-Zip File Manager,24.08,Igor Pavlov,Application,,C:\Program Files\7-Zip,1.0
12573,7-Zip GUI,24.08,Igor Pavlov,Application,,C:\Program Files\7-Zip,1.0
12573,Accounts Control Host,10.0,Microsoft Corporation Inc.,Application,,C:\Windows\SystemApps\Microsoft.AccountsControl_cw5n1h2txyewy,1.0
12573,ActiveUpdate module.,2.88,Trend Micro Inc.,Application,,C:\Program Files (x86)\Trend Micro\Security Agent,2.0
12573,AddSuggestedFoldersToLibraryDialog,10.0,Microsoft Corporation Inc.,Application,,C:\Windows\SystemApps\Microsoft.Windows.AddSuggestedFoldersToLibraryDialog_cw5n1h2txyewy,1.0
12573,Antimalware Core Service,4.18,Microsoft Corporation Inc.,Application,,C:\Program Files\Windows Defender,1.0
12573,Antimalware Service Executable,4.18,Microsoft Corporation Inc.,Application,,C:\Program Files\Windows Defender,1.0
12573,AppResolverUX,10.0,Microsoft Corporation Inc.,Application,,C:\Windows\SystemApps\Microsoft.Windows.AppResolverUX_cw5n1h2txyewy,1.0
12573,AsyncTextService,10.0,Microsoft Corporation Inc.,Application,,C:\Windows\SystemApps\Microsoft.AsyncTextService_8wekyb3d8bbwe,1.0
12573,Biometric Enrollment Host,10.0,Microsoft Corporation Inc.,Application,,C:\Windows\SystemApps\Microsoft.BioEnrollment_cw5n1h2txyewy,1.0
12573,BMC Client Management Agent,24.1.01.240624,BMC Software Inc.,Application,,C:\Program Files\BMC Software\Client Management\Client\bin,1.0
12573,BMC Client Management Certificate Generator,24.1.01.240624,BMC Software Inc.,Application,,C:\Program Files\BMC Software\Client Management\Client\bin,1.0
12573,BMC Client Management Chilli Interpreter,24.1.01.240624,BMC Software Inc.,Application,,C:\Program Files\BMC Software\Client Management\Client\bin,1.0
12573,BMC Client Management Direct Access Proxy Agent,24.1.01.240624,BMC Software Inc.,Application,,C:\Program Files\BMC Software\Client Management\Client\bin,1.0
12573,BMC Client Management Opswat Proxy Agent,24.1.01.240624,BMC Software Inc.,Application,,C:\Program Files\BMC Software\Client Management\Client\bin,1.0
12573,BMC Client Management Package Viewer,24.1.01.240624,BMC Software Inc.,Application,,C:\Program Files\BMC Software\Client Management\Client\bin,1.0
12573,BMC Client Management Patch Broker,24.1.01.240624,BMC Software Inc.,Application,,C:\Program Files\BMC Software\Client Management\Client\bin,1.0
12573,BMC Client Management Proxy Agent,24.1.01.240624,BMC Software Inc.,Application,,C:\Program Files\BMC Software\Client Management\Client\bin,1.0
12573,BMC Client Management Remote Control proxy,24.1.01.240624,BMC Software Inc.,Application,,C:\Program Files\BMC Software\Client Management\Client\bin,1.0
12573,BMC Client Management SCAP,24.1.01.240624,BMC Software Inc.,Application,,C:\Program Files\BMC Software\Client Management\Client\bin,1.0
12573,BMC Client Management Video Proxy Agent,24.1.01.240624,BMC Software Inc.,Application,,C:\Program Files\BMC Software\Client Management\Client\bin,1.0
12573,Boot File Servicing Utility,10.0,Microsoft Corporation Inc.,Application,,C:\Windows,1.0
12573,Browser Protection Native Messaging Host,4.18,Microsoft Corporation Inc.,Application,,C:\Program Files\Windows Defender,1.0
12573,BrowserCore,10.0,Microsoft Corporation Inc.,Application,,C:\Windows\BrowserCore,1.0
12573,CameraBarcodeScannerPreview,10.0,Microsoft Corporation Inc.,Application,,C:\Windows\SystemApps\Windows.CBSPreview_cw5n1h2txyewy,1.0
12573,ChromeEnterpriseCompanion,143.0,Google LLC,Application,,C:\Windows\SystemTemp\scoped_dir4484_417172195\scoped_dir4484_434822395,1.0
12573,CL5,9.6,Ivanti,Application,,C:\Program Files\BMC Software\Client Management\Client\data\PatchManagementPremium\workspace,1.0
12573,ClickOnce,4.8,Microsoft Corporation Inc.,Application,,C:\Windows\Microsoft.NET\Framework64\v4.0.30319,3.0
12573,Common User Interface,5.8,Musarubra US LLC.,Application,,C:\Program Files\McAfee\Agent\x86,1.0
12573,Copilot,144.0,Microsoft Corporation Inc.,Application,,C:\Program Files (x86)\Microsoft\EdgeWebView\Application\144.0.3719.115,5.0
12573,Copilot Update,1.3,Microsoft Corporation Inc.,Application,,C:\Program Files (x86)\Microsoft\EdgeUpdate,2.0
12573,Create a self-signed digital certificate,15.0,Microsoft Corporation Inc.,Application,,C:\Program Files\Microsoft Office\Office15,1.0
12573,Credential Dialog Host,10.0,Microsoft Corporation Inc.,Application,,C:\Windows\SystemApps\microsoft.creddialoghost_cw5n1h2txyewy,1.0
12573,Deep Security Agent Configuration Compiler,12.0,Trend Micro Inc.,Application,,C:\Program Files (x86)\Trend Micro\iService\iVP,1.0
12573,DREBoot,2.0,Trend Micro Inc.,Application,,C:\Program Files (x86)\Trend Micro\Security Agent\CCSF\module\DRE,1.0
12573,dtoop Application,6.2,Trend Micro Inc.,Application,,C:\Program Files (x86)\Trend Micro\Security Agent\dlplite\update\x64\system32\dgagent,3.0
12573,EC App,10.0,Microsoft Corporation Inc.,Application,,C:\Windows\SystemApps\Microsoft.ECApp_8wekyb3d8bbwe,1.0
12573,expediteupdater,10.0,Microsoft Corporation Inc.,Application,,C:\Program Files\Microsoft Update Health Tools,1.0
12573,FE Commander,6.0,Trend Micro Inc.,Application,,C:\Program Files (x86)\Trend Micro\Security Agent\dlplite\update\x64\system32\dgagent,3.0
12573,File Explorer,10.0,Microsoft Corporation Inc.,Application,,C:\Windows\SystemApps\Microsoft.Windows.FileExplorer_cw5n1h2txyewy,1.0
12573,File Picker,10.0,Microsoft Corporation Inc.,Application,,C:\Windows\SystemApps\Microsoft.Windows.FilePicker_cw5n1h2txyewy,1.0
12573,Foxit PDF Preview Handler Host,12.1,Foxit Corporation,Application,,C:\Program Files (x86)\Foxit Software\Foxit PDF Reader\Shell Extensions,1.0
3379,.NET Runtime Crash Dump Generator,8.0,Microsoft Corporation Inc.,Application,,C:\Program Files (x86)\Trend Micro\Endpoint Basecamp\modules\vom\modules\UiBridgeModule\VOneAgentConsole,1.0
3379,.NET Runtime Optimization Service,4.8,Microsoft Corporation Inc.,Application,,C:\Windows\Microsoft.NET\Framework64\v4.0.30319,2.0
3379,64Bit MAPI Mail Agent,1.0,Foxit Software Inc.,Application,,C:\Program Files (x86)\Foxit Software\Foxit PDF Reader,1.0
3379,7-Zip 24.08 (x64 edition),24.08,Igor Pavlov,Add/Remove Programs,"November 29, 2024 12:00:00 AM",,
3379,7-Zip Console,24.08,Igor Pavlov,Application,,C:\Program Files\7-Zip,1.0
3379,7-Zip Console,25.01,Igor Pavlov,Application,,C:\Program Files (x86)\Trend Micro\Security Agent,4.0
3379,7-Zip File Manager,24.08,Igor Pavlov,Application,,C:\Program Files\7-Zip,1.0
3379,7-Zip GUI,24.08,Igor Pavlov,Application,,C:\Program Files\7-Zip,1.0
3379,Accounts Control Host,10.0,Microsoft Corporation Inc.,Application,,C:\Windows\SystemApps\Microsoft.AccountsControl_cw5n1h2txyewy,1.0
3379,ActiveUpdate module.,2.88,Trend Micro Inc.,Application,,C:\Program Files (x86)\Trend Micro\Security Agent,2.0
3379,AddSuggestedFoldersToLibraryDialog,10.0,Microsoft Corporation Inc.,Application,,C:\Windows\SystemApps\Microsoft.Windows.AddSuggestedFoldersToLibraryDialog_cw5n1h2txyewy,1.0
3379,Antimalware Core Service,4.18,Microsoft Corporation Inc.,Application,,C:\Program Files\Windows Defender,1.0
3379,AntiMalware Definition Update,1.439,Microsoft Corporation Inc.,Application,,C:\Windows\SystemTemp\D445A01A-AA46-4D33-B118-168807328238MpCommU,1.0
3379,AntiMalware Definition Update,1.441,Microsoft Corporation Inc.,Application,,C:\Windows\SystemTemp\7E6EDDC7-E3AE-4C20-819C-398CBB3807A5MpCommU,1.0
3379,AntiMalware Platform Update (amd64fre),4.18,Microsoft Corporation Inc.,Application,,C:\Windows\SystemTemp\FEEC5EA2-78A6-4EE9-A914-91E91D78B23DMpCommU,9.0
3379,Antimalware Service Executable,4.18,Microsoft Corporation Inc.,Application,,C:\Program Files\Windows Defender,1.0
3379,AppResolverUX,10.0,Microsoft Corporation Inc.,Application,,C:\Windows\SystemApps\Microsoft.Windows.AppResolverUX_cw5n1h2txyewy,1.0
3379,AsyncTextService,10.0,Microsoft Corporation Inc.,Application,,C:\Windows\SystemApps\Microsoft.AsyncTextService_8wekyb3d8bbwe,1.0
3379,Biometric Enrollment Host,10.0,Microsoft Corporation Inc.,Application,,C:\Windows\SystemApps\Microsoft.BioEnrollment_cw5n1h2txyewy,1.0
3379,BMC Client Management Agent,24.1.01.240624,BMC Software Inc.,Application,,C:\Program Files\BMC Software\Client Management\Client\bin,1.0
3379,BMC Client Management Certificate Generator,24.1.01.240624,BMC Software Inc.,Application,,C:\Program Files\BMC Software\Client Management\Client\bin,1.0
3379,BMC Client Management Chilli Interpreter,24.1.01.240624,BMC Software Inc.,Application,,C:\Program Files\BMC Software\Client Management\Client\bin,1.0
3379,BMC Client Management Direct Access Proxy Agent,24.1.01.240624,BMC Software Inc.,Application,,C:\Program Files\BMC Software\Client Management\Client\bin,1.0
3379,BMC Client Management Opswat Proxy Agent,24.1.01.240624,BMC Software Inc.,Application,,C:\Program Files\BMC Software\Client Management\Client\bin,1.0
3379,BMC Client Management Package Viewer,24.1.01.240624,BMC Software Inc.,Application,,C:\Program Files\BMC Software\Client Management\Client\bin,1.0
3379,BMC Client Management Patch Broker,24.1.01.240624,BMC Software Inc.,Application,,C:\Program Files\BMC Software\Client Management\Client\bin,1.0
3379,BMC Client Management Proxy Agent,24.1.01.240624,BMC Software Inc.,Application,,C:\Program Files\BMC Software\Client Management\Client\bin,1.0
3379,BMC Client Management Remote Control proxy,24.1.01.240624,BMC Software Inc.,Application,,C:\Program Files\BMC Software\Client Management\Client\bin,1.0
3379,BMC Client Management SCAP,24.1.01.240624,BMC Software Inc.,Application,,C:\Program Files\BMC Software\Client Management\Client\bin,1.0
3379,BMC Client Management Video Proxy Agent,24.1.01.240624,BMC Software Inc.,Application,,C:\Program Files\BMC Software\Client Management\Client\bin,1.0
3379,Boot File Servicing Utility,10.0,Microsoft Corporation Inc.,Application,,C:\Windows,1.0
3379,Browser Protection Native Messaging Host,4.18,Microsoft Corporation Inc.,Application,,C:\Program Files\Windows Defender,1.0
3379,BrowserCore,10.0,Microsoft Corporation Inc.,Application,,C:\Windows\BrowserCore,1.0
3379,CameraBarcodeScannerPreview,10.0,Microsoft Corporation Inc.,Application,,C:\Windows\SystemApps\Windows.CBSPreview_cw5n1h2txyewy,1.0
3379,ChromeEnterpriseCompanion,143.0,Google LLC,Application,,C:\Windows\SystemTemp\scoped_dir29072_854317899\scoped_dir29072_254765347,1.0
3379,CL5,9.6,Ivanti,Application,,C:\Program Files\BMC Software\Client Management\Client\data\PatchManagementPremium\workspace,1.0
3379,ClickOnce,4.8,Microsoft Corporation Inc.,Application,,C:\Windows\Microsoft.NET\Framework64\v4.0.30319,3.0
3379,Copilot,144.0,Microsoft Corporation Inc.,Application,,C:\Program Files (x86)\Microsoft\EdgeWebView\Application\144.0.3719.93,5.0
3379,Copilot Update,1.3,Microsoft Corporation Inc.,Application,,C:\Program Files (x86)\Microsoft\EdgeUpdate,2.0
3379,Create a self-signed digital certificate,15.0,Microsoft Corporation Inc.,Application,,C:\Program Files\Microsoft Office\Office15,1.0
3379,Credential Dialog Host,10.0,Microsoft Corporation Inc.,Application,,C:\Windows\SystemApps\microsoft.creddialoghost_cw5n1h2txyewy,1.0
3379,CrowdStrike Windows Sensor,6.54,CrowdStrike Inc.,Application,,C:\Users\Administrator\Desktop\crowdstrike,1.0
3379,Deep Security Agent Configuration Compiler,12.0,Trend Micro Inc.,Application,,C:\Program Files (x86)\Trend Micro\iService\iVP,1.0
3379,Definition Update for Microsoft Office 2013 (KB3115404) 64-Bit Edition,,Microsoft Corporation Inc.,Add/Remove Programs,,,
3379,DREBoot,2.0,Trend Micro Inc.,Application,,C:\Program Files (x86)\Trend Micro\Security Agent\CCSF\module\DRE,1.0
3379,dtoop Application,6.2,Trend Micro Inc.,Application,,C:\Program Files (x86)\Trend Micro\Security Agent\dlplite\update\x64\system32\dgagent,3.0
3379,EC App,10.0,Microsoft Corporation Inc.,Application,,C:\Windows\SystemApps\Microsoft.ECApp_8wekyb3d8bbwe,1.0
3379,expediteupdater,10.0,Microsoft Corporation Inc.,Application,,C:\Program Files\Microsoft Update Health Tools,1.0
3379,FE Commander,6.0,Trend Micro Inc.,Application,,C:\Program Files (x86)\Trend Micro\Security Agent\dlplite\update\x64\system32\dgagent,3.0
3379,File Explorer,10.0,Microsoft Corporation Inc.,Application,,C:\Windows\SystemApps\Microsoft.Windows.FileExplorer_cw5n1h2txyewy,1.0
3979,"""Passthrough.PROGRAM""",10.0,Microsoft Corporation Inc.,Application,,C:\Windows\SystemApps\passthrough_cw5n1h2txyewy,1.0
3979,.NET Framework,3.0,Microsoft Corporation Inc.,Application,,C:\Windows\Microsoft.NET\Framework64\v3.0\Windows Communication Foundation,2.0
3979,.NET Runtime Crash Dump Generator,8.0,Microsoft Corporation Inc.,Application,,C:\Program Files (x86)\Trend Micro\Endpoint Basecamp\modules\vom\modules\UiBridgeModule\VOneAgentConsole,1.0
3979,.NET Runtime Optimization Service,2.0,Microsoft Corporation Inc.,Application,,C:\Windows\Microsoft.NET\Framework64\v2.0.50727,2.0
3979,.NET Runtime Optimization Service,4.8,Microsoft Corporation Inc.,Application,,C:\Windows\Microsoft.NET\Framework64\v4.0.30319,2.0
3979,64Bit MAPI Mail Agent,1.0,Foxit Software Inc.,Application,,C:\Program Files (x86)\Foxit Software\Foxit Reader,1.0
3979,7-Zip 24.08 (x64 edition),24.08,Igor Pavlov,Add/Remove Programs,"November 30, 2024 12:00:00 AM",,
3979,7-Zip Console,24.08,Igor Pavlov,Application,,C:\Program Files\7-Zip,1.0
3979,7-Zip Console,25.01,Igor Pavlov,Application,,C:\Program Files (x86)\Trend Micro\Security Agent,4.0
3979,7-Zip File Manager,24.08,Igor Pavlov,Application,,C:\Program Files\7-Zip,1.0
3979,7-Zip GUI,24.08,Igor Pavlov,Application,,C:\Program Files\7-Zip,1.0
3979,AAD token broker plugin,10.0,Microsoft Corporation Inc.,Application,,C:\Windows\SystemApps\Microsoft.AAD.BrokerPlugin_cw5n1h2txyewy,1.0
3979,Accounts Control Host,10.0,Microsoft Corporation Inc.,Application,,C:\Windows\SystemApps\Microsoft.AccountsControl_cw5n1h2txyewy,1.0
3979,ActiveUpdate module.,2.88,Trend Micro Inc.,Application,,C:\Program Files (x86)\Trend Micro\Security Agent,2.0
3979,Adds HP\Consent Manager Launcher to Task Scheduler,2.19,HP Inc.,Application,,C:\Program Files\HP\Consent Manager,1.0
3979,AddSuggestedFoldersToLibraryDialog,10.0,Microsoft Corporation Inc.,Application,,C:\Windows\SystemApps\Microsoft.Windows.AddSuggestedFoldersToLibraryDialog_cw5n1h2txyewy,1.0
3979,Antimalware Service Executable,4.18,Microsoft Corporation Inc.,Application,,C:\Program Files\Windows Defender,1.0
3979,AppResolverUX,10.0,Microsoft Corporation Inc.,Application,,C:\Windows\SystemApps\Microsoft.Windows.AppResolverUX_cw5n1h2txyewy,1.0
3979,AsyncTextService,10.0,Microsoft Corporation Inc.,Application,,C:\Windows\SystemApps\Microsoft.AsyncTextService_8wekyb3d8bbwe,1.0
3979,Biometric Enrollment Host,10.0,Microsoft Corporation Inc.,Application,,C:\Windows\SystemApps\Microsoft.BioEnrollment_cw5n1h2txyewy,1.0
3979,BMC Client Management Agent,24.1.01.240624,BMC Software Inc.,Application,,C:\Program Files\BMC Software\Client Management\Client\bin,1.0
3979,BMC Client Management Certificate Generator,24.1.01.240624,BMC Software Inc.,Application,,C:\Program Files\BMC Software\Client Management\Client\bin,1.0
3979,BMC Client Management Chilli Interpreter,24.1.01.240624,BMC Software Inc.,Application,,C:\Program Files\BMC Software\Client Management\Client\bin,1.0
3979,BMC Client Management Direct Access Proxy Agent,24.1.01.240624,BMC Software Inc.,Application,,C:\Program Files\BMC Software\Client Management\Client\bin,1.0
3979,BMC Client Management Opswat Proxy Agent,24.1.01.240624,BMC Software Inc.,Application,,C:\Program Files\BMC Software\Client Management\Client\bin,1.0
3979,BMC Client Management Package Viewer,24.1.01.240624,BMC Software Inc.,Application,,C:\Program Files\BMC Software\Client Management\Client\bin,1.0
3979,BMC Client Management Patch Broker,24.1.01.240624,BMC Software Inc.,Application,,C:\Program Files\BMC Software\Client Management\Client\bin,1.0
3979,BMC Client Management Proxy Agent,24.1.01.240624,BMC Software Inc.,Application,,C:\Program Files\BMC Software\Client Management\Client\bin,1.0
3979,BMC Client Management Remote Control proxy,24.1.01.240624,BMC Software Inc.,Application,,C:\Program Files\BMC Software\Client Management\Client\bin,1.0
3979,BMC Client Management SCAP,24.1.01.240624,BMC Software Inc.,Application,,C:\Program Files\BMC Software\Client Management\Client\bin,1.0
3979,BMC Client Management Video Proxy Agent,24.1.01.240624,BMC Software Inc.,Application,,C:\Program Files\BMC Software\Client Management\Client\bin,1.0
3979,Boot File Servicing Utility,10.0,Microsoft Corporation Inc.,Application,,C:\Windows,1.0
3979,BrowserCore,10.0,Microsoft Corporation Inc.,Application,,C:\Windows\BrowserCore,1.0
3979,Calling App to host call progress on shell,10.0,Microsoft Corporation Inc.,Application,,C:\Windows\SystemApps\Microsoft.Windows.CallingShellApp_cw5n1h2txyewy,1.0
3979,CameraBarcodeScannerPreview,10.0,Microsoft Corporation Inc.,Application,,C:\Windows\SystemApps\Windows.CBSPreview_cw5n1h2txyewy,1.0
3979,ChromeEnterpriseCompanion,143.0,Google LLC,Application,,C:\Windows\SystemTemp\scoped_dir10884_1096142809\scoped_dir10884_1591943897,1.0
3979,CL5,9.6,Ivanti,Application,,C:\Program Files\BMC Software\Client Management\Client\data\PatchManagementPremium\workspace,1.0
3979,ClickOnce,4.8,Microsoft Corporation Inc.,Application,,C:\Windows\Microsoft.NET\Framework64\v4.0.30319,3.0
3979,Copilot,143.0,Microsoft Corporation Inc.,Application,,C:\Program Files (x86)\Microsoft\EdgeWebView\Application\143.0.3650.96,2.0
3979,Copilot Update,1.3,Microsoft Corporation Inc.,Application,,C:\Program Files (x86)\Microsoft\EdgeUpdate,2.0
3979,Create a self-signed digital certificate,15.0,Microsoft Corporation Inc.,Application,,C:\Program Files\Microsoft Office\Office15,1.0
3979,Credential Dialog Host,10.0,Microsoft Corporation Inc.,Application,,C:\Windows\SystemApps\microsoft.creddialoghost_cw5n1h2txyewy,1.0
3979,Deep Security Agent Configuration Compiler,12.0,Trend Micro Inc.,Application,,C:\Program Files (x86)\Trend Micro\iService\iVP,1.0
3979,Definition Update for Microsoft Office 2013 (KB3115404) 64-Bit Edition,,Microsoft Corporation Inc.,Add/Remove Programs,,,
3979,DesktopView Application,10.0,Microsoft Corporation Inc.,Application,,C:\Windows\SystemApps\DesktopView_cw5n1h2txyewy,1.0
3979,DREBoot,2.0,Trend Micro Inc.,Application,,C:\Program Files (x86)\Trend Micro\Security Agent\CCSF\module\DRE,1.0
3979,dtoop Application,6.2,Trend Micro Inc.,Application,,C:\Program Files (x86)\Trend Micro\Security Agent\dlplite\update\x64\system32\dgagent,3.0
3979,EC App,10.0,Microsoft Corporation Inc.,Application,,C:\Windows\SystemApps\Microsoft.ECApp_8wekyb3d8bbwe,1.0
3979,expediteupdater,10.0,Microsoft Corporation Inc.,Application,,C:\Program Files\Microsoft Update Health Tools,1.0
3979,FE Commander,6.0,Trend Micro Inc.,Application,,C:\Program Files (x86)\Trend Micro\Security Agent\dlplite\update\x64\system32\dgagent,3.0
