Asset_ID,Name Sort Not sorted  Name,Version Sort Not sorted  Version,Software Manufacturer Sort Not sorted  Software Manufacturer,Type Sort Not sorted  Type,Installation Date Sort Not sorted  Installation Date,Installation Directory Sort Not sorted  Installation Directory,File Count Sort Not sorted  File Count
4178,.NET Framework,3.0,Microsoft Corporation Inc.,Application,,C:\Windows\Microsoft.NET\Framework64\v3.0\Windows Communication Foundation,2.0
4178,.NET Runtime Crash Dump Generator,8.0,Microsoft Corporation Inc.,Application,,C:\Program Files (x86)\Trend Micro\Endpoint Basecamp\modules\vom\modules\UiBridgeModule\VOneAgentConsole,1.0
4178,.NET Runtime Optimization Service,2.0,Microsoft Corporation Inc.,Application,,C:\Windows\Microsoft.NET\Framework64\v2.0.50727,2.0
4178,.NET Runtime Optimization Service,4.8,Microsoft Corporation Inc.,Application,,C:\Windows\Microsoft.NET\Framework64\v4.0.30319,2.0
4178,64Bit MAPI Mail Agent,1.0,Foxit Software Inc.,Application,,C:\Program Files (x86)\Foxit Software\Foxit PDF Reader,1.0
4178,7-Zip 24.08,24.08,Igor Pavlov,Add/Remove Programs,"November 26, 2024 12:00:00 AM",,
4178,7-Zip 24.08 (x64 edition),24.08,Igor Pavlov,Add/Remove Programs,"November 26, 2024 12:00:00 AM",,
4178,7-Zip Console,24.08,Igor Pavlov,Application,,C:\Program Files (x86)\7-Zip,1.0
4178,7-Zip Console,19.0,Igor Pavlov,Application,,C:\Program Files\7-Zip,1.0
4178,7-Zip Console,25.01,Igor Pavlov,Application,,C:\Program Files (x86)\Trend Micro\Security Agent,4.0
4178,7-Zip File Manager,19.0,Igor Pavlov,Application,,C:\Program Files\7-Zip,1.0
4178,7-Zip File Manager,24.08,Igor Pavlov,Application,,C:\Program Files (x86)\7-Zip,1.0
4178,7-Zip GUI,24.08,Igor Pavlov,Application,,C:\Program Files (x86)\7-Zip,1.0
4178,7-Zip GUI,19.0,Igor Pavlov,Application,,C:\Program Files\7-Zip,1.0
4178,Accounts Control Host,10.0,Microsoft Corporation Inc.,Application,,C:\Windows\SystemApps\Microsoft.AccountsControl_cw5n1h2txyewy,1.0
4178,ActiveUpdate module.,2.88,Trend Micro Inc.,Application,,C:\Program Files (x86)\Trend Micro\Security Agent,2.0
4178,AddSuggestedFoldersToLibraryDialog,10.0,Microsoft Corporation Inc.,Application,,C:\Windows\SystemApps\Microsoft.Windows.AddSuggestedFoldersToLibraryDialog_cw5n1h2txyewy,1.0
4178,Antimalware Core Service,4.18,Microsoft Corporation Inc.,Application,,C:\Program Files\Windows Defender,1.0
4178,Antimalware Service Executable,4.18,Microsoft Corporation Inc.,Application,,C:\Program Files\Windows Defender,1.0
4178,AppResolverUX,10.0,Microsoft Corporation Inc.,Application,,C:\Windows\SystemApps\Microsoft.Windows.AppResolverUX_cw5n1h2txyewy,1.0
4178,AsyncTextService,10.0,Microsoft Corporation Inc.,Application,,C:\Windows\SystemApps\Microsoft.AsyncTextService_8wekyb3d8bbwe,1.0
4178,Biometric Enrollment Host,10.0,Microsoft Corporation Inc.,Application,,C:\Windows\SystemApps\Microsoft.BioEnrollment_cw5n1h2txyewy,1.0
4178,BMC Client Management Agent,24.1.01.240624,BMC Software Inc.,Application,,C:\Program Files\BMC Software\Client Management\Client\bin,1.0
4178,BMC Client Management Certificate Generator,24.1.01.240624,BMC Software Inc.,Application,,C:\Program Files\BMC Software\Client Management\Client\bin,1.0
4178,BMC Client Management Chilli Interpreter,24.1.01.240624,BMC Software Inc.,Application,,C:\Program Files\BMC Software\Client Management\Client\bin,1.0
4178,BMC Client Management Direct Access Proxy Agent,24.1.01.240624,BMC Software Inc.,Application,,C:\Program Files\BMC Software\Client Management\Client\bin,1.0
4178,BMC Client Management Opswat Proxy Agent,24.1.01.240624,BMC Software Inc.,Application,,C:\Program Files\BMC Software\Client Management\Client\bin,1.0
4178,BMC Client Management Package Viewer,24.1.01.240624,BMC Software Inc.,Application,,C:\Program Files\BMC Software\Client Management\Client\bin,1.0
4178,BMC Client Management Patch Broker,24.1.01.240624,BMC Software Inc.,Application,,C:\Program Files\BMC Software\Client Management\Client\bin,1.0
4178,BMC Client Management Proxy Agent,24.1.01.240624,BMC Software Inc.,Application,,C:\Program Files\BMC Software\Client Management\Client\bin,1.0
4178,BMC Client Management Remote Control proxy,24.1.01.240624,BMC Software Inc.,Application,,C:\Program Files\BMC Software\Client Management\Client\bin,1.0
4178,BMC Client Management SCAP,24.1.01.240624,BMC Software Inc.,Application,,C:\Program Files\BMC Software\Client Management\Client\bin,1.0
4178,BMC Client Management Video Proxy Agent,24.1.01.240624,BMC Software Inc.,Application,,C:\Program Files\BMC Software\Client Management\Client\bin,1.0
4178,Boot File Servicing Utility,10.0,Microsoft Corporation Inc.,Application,,C:\Windows,1.0
4178,Browser Protection Native Messaging Host,4.18,Microsoft Corporation Inc.,Application,,C:\Program Files\Windows Defender,1.0
4178,BrowserCore,10.0,Microsoft Corporation Inc.,Application,,C:\Windows\BrowserCore,1.0
4178,CameraBarcodeScannerPreview,10.0,Microsoft Corporation Inc.,Application,,C:\Windows\SystemApps\Windows.CBSPreview_cw5n1h2txyewy,1.0
4178,CancelEventHandler,63.5,HP Inc.,Application,,C:\Program Files (x86)\HP\HP Scan\bin,1.0
4178,ChromeEnterpriseCompanion,143.0,Google LLC,Application,,C:\Windows\SystemTemp\scoped_dir14204_46223142\scoped_dir14204_1633578063,1.0
4178,CL5,9.6,Ivanti,Application,,C:\Program Files\BMC Software\Client Management\Client\data\PatchManagementPremium\workspace,6.0
4178,ClickOnce,4.8,Microsoft Corporation Inc.,Application,,C:\Windows\Microsoft.NET\Framework64\v4.0.30319,3.0
4178,Common User Interface,5.8,Musarubra US LLC.,Application,,C:\Program Files\McAfee\Agent\x86,1.0
4178,Copilot,143.0,Microsoft Corporation Inc.,Application,,C:\Program Files (x86)\Microsoft\EdgeWebView\Application\143.0.3650.96,4.0
4178,Copilot Update,1.3,Microsoft Corporation Inc.,Application,,C:\Program Files (x86)\Microsoft\EdgeUpdate,2.0
4178,Create a self-signed digital certificate,15.0,Microsoft Corporation Inc.,Application,,C:\Program Files\Microsoft Office\Office15,1.0
4178,Create Virtual Machine,10.0,Microsoft Corporation Inc.,Application,,C:\Program Files\Hyper-V,1.0
4178,Credential Dialog Host,10.0,Microsoft Corporation Inc.,Application,,C:\Windows\SystemApps\microsoft.creddialoghost_cw5n1h2txyewy,1.0
4178,Deep Security Agent Configuration Compiler,12.0,Trend Micro Inc.,Application,,C:\Program Files (x86)\Trend Micro\iService\iVP,1.0
4178,Definition Update for Microsoft Office 2013 (KB3115404) 64-Bit Edition,,Microsoft Corporation Inc.,Add/Remove Programs,,,
4178,DeviceUpdateDmExe,63.05,HP Inc.,Application,,C:\Program Files\HP\HP Scan\Bin,1.0
8161,.NET Runtime Crash Dump Generator,8.0,Microsoft Corporation Inc.,Application,,C:\Program Files (x86)\Trend Micro\Endpoint Basecamp\modules\vom\modules\UiBridgeModule\VOneAgentConsole,1.0
8161,.NET Runtime Optimization Service,4.8,Microsoft Corporation Inc.,Application,,C:\Windows\Microsoft.NET\Framework64\v4.0.30319,2.0
8161,64Bit MAPI Mail Agent,1.0,Foxit Software Inc.,Application,,C:\Program Files (x86)\Foxit Software\Foxit PDF Reader,1.0
8161,7-Zip 24.08 (x64 edition),24.08,Igor Pavlov,Add/Remove Programs,"November 28, 2024 12:00:00 AM",,
8161,7-Zip Console,25.01,Igor Pavlov,Application,,C:\Program Files (x86)\Trend Micro\Security Agent,4.0
8161,7-Zip Console,24.08,Igor Pavlov,Application,,C:\Program Files\7-Zip,1.0
8161,7-Zip File Manager,24.08,Igor Pavlov,Application,,C:\Program Files\7-Zip,1.0
8161,7-Zip GUI,24.08,Igor Pavlov,Application,,C:\Program Files\7-Zip,1.0
8161,AAD token broker plugin,10.0,Microsoft Corporation Inc.,Application,,C:\Windows\SystemApps\Microsoft.AAD.BrokerPlugin_cw5n1h2txyewy,1.0
8161,Accounts Control Host,10.0,Microsoft Corporation Inc.,Application,,C:\Windows\SystemApps\Microsoft.AccountsControl_cw5n1h2txyewy,1.0
8161,ActiveUpdate module.,2.88,Trend Micro Inc.,Application,,C:\Program Files (x86)\Trend Micro\Security Agent,2.0
8161,AddSuggestedFoldersToLibraryDialog,10.0,Microsoft Corporation Inc.,Application,,C:\Windows\SystemApps\Microsoft.Windows.AddSuggestedFoldersToLibraryDialog_cw5n1h2txyewy,1.0
8161,Antimalware Service Executable,4.18,Microsoft Corporation Inc.,Application,,C:\Program Files\Windows Defender,1.0
8161,AppResolverUX,10.0,Microsoft Corporation Inc.,Application,,C:\Windows\SystemApps\Microsoft.Windows.AppResolverUX_cw5n1h2txyewy,1.0
8161,AsyncTextService,10.0,Microsoft Corporation Inc.,Application,,C:\Windows\SystemApps\Microsoft.AsyncTextService_8wekyb3d8bbwe,1.0
8161,BingWallpaper,2.0,Microsoft Corporation Inc.,Application,,D:\AGAS\Download Laptop Agas Baru,1.0
8161,Biometric Enrollment Host,10.0,Microsoft Corporation Inc.,Application,,C:\Windows\SystemApps\Microsoft.BioEnrollment_cw5n1h2txyewy,1.0
8161,BMC Client Management Agent,24.1.01.240624,BMC Software Inc.,Application,,C:\Program Files\BMC Software\Client Management\Client\bin,1.0
8161,BMC Client Management Certificate Generator,24.1.01.240624,BMC Software Inc.,Application,,C:\Program Files\BMC Software\Client Management\Client\bin,1.0
8161,BMC Client Management Chilli Interpreter,24.1.01.240624,BMC Software Inc.,Application,,C:\Program Files\BMC Software\Client Management\Client\bin,1.0
8161,BMC Client Management Direct Access Proxy Agent,24.1.01.240624,BMC Software Inc.,Application,,C:\Program Files\BMC Software\Client Management\Client\bin,1.0
8161,BMC Client Management Opswat Proxy Agent,24.1.01.240624,BMC Software Inc.,Application,,C:\Program Files\BMC Software\Client Management\Client\bin,1.0
8161,BMC Client Management Package Viewer,24.1.01.240624,BMC Software Inc.,Application,,C:\Program Files\BMC Software\Client Management\Client\bin,1.0
8161,BMC Client Management Patch Broker,24.1.01.240624,BMC Software Inc.,Application,,C:\Program Files\BMC Software\Client Management\Client\bin,1.0
8161,BMC Client Management Proxy Agent,24.1.01.240624,BMC Software Inc.,Application,,C:\Program Files\BMC Software\Client Management\Client\bin,1.0
8161,BMC Client Management Remote Control proxy,24.1.01.240624,BMC Software Inc.,Application,,C:\Program Files\BMC Software\Client Management\Client\bin,1.0
8161,BMC Client Management SCAP,24.1.01.240624,BMC Software Inc.,Application,,C:\Program Files\BMC Software\Client Management\Client\bin,1.0
8161,BMC Client Management Video Proxy Agent,24.1.01.240624,BMC Software Inc.,Application,,C:\Program Files\BMC Software\Client Management\Client\bin,1.0
8161,Boot File Servicing Utility,10.0,Microsoft Corporation Inc.,Application,,C:\Windows,1.0
8161,BrowserCore,10.0,Microsoft Corporation Inc.,Application,,C:\Windows\BrowserCore,1.0
8161,Calling App to host call progress on shell,10.0,Microsoft Corporation Inc.,Application,,C:\Windows\SystemApps\Microsoft.Windows.CallingShellApp_cw5n1h2txyewy,1.0
8161,CameraBarcodeScannerPreview,10.0,Microsoft Corporation Inc.,Application,,C:\Windows\SystemApps\Windows.CBSPreview_cw5n1h2txyewy,1.0
8161,CL5,9.6,Ivanti,Application,,C:\Program Files\BMC Software\Client Management\Client\data\PatchManagementPremium\workspace,4.0
8161,ClickOnce,4.8,Microsoft Corporation Inc.,Application,,C:\Windows\Microsoft.NET\Framework64\v4.0.30319,3.0
8161,Common User Interface,5.8,Musarubra US LLC.,Application,,C:\Program Files\McAfee\Agent\x86,1.0
8161,Copilot,144.0,Microsoft Corporation Inc.,Application,,C:\Program Files (x86)\Microsoft\EdgeWebView\Application\144.0.3719.115,5.0
8161,Copilot Update,1.3,Microsoft Corporation Inc.,Application,,C:\Program Files (x86)\Microsoft\EdgeUpdate,2.0
8161,Credential Dialog Host,10.0,Microsoft Corporation Inc.,Application,,C:\Windows\SystemApps\microsoft.creddialoghost_cw5n1h2txyewy,1.0
8161,Deep Security Agent Configuration Compiler,12.0,Trend Micro Inc.,Application,,C:\Program Files (x86)\Trend Micro\iService\iVP,1.0
8161,DREBoot,2.0,Trend Micro Inc.,Application,,C:\Program Files (x86)\Trend Micro\Security Agent\CCSF\module\DRE,1.0
8161,dtoop Application,6.2,Trend Micro Inc.,Application,,C:\Program Files (x86)\Trend Micro\Security Agent\dlplite\update\x64\system32\dgagent,3.0
8161,EC App,10.0,Microsoft Corporation Inc.,Application,,C:\Windows\SystemApps\Microsoft.ECApp_8wekyb3d8bbwe,1.0
8161,expediteupdater,10.0,Microsoft Corporation Inc.,Application,,C:\Program Files\Microsoft Update Health Tools,1.0
8161,FE Commander,6.0,Trend Micro Inc.,Application,,C:\Program Files (x86)\Trend Micro\Security Agent\dlplite\update\x64\system32\dgagent,3.0
8161,File Explorer,10.0,Microsoft Corporation Inc.,Application,,C:\Windows\SystemApps\Microsoft.Windows.FileExplorer_cw5n1h2txyewy,1.0
8161,File Picker,10.0,Microsoft Corporation Inc.,Application,,C:\Windows\SystemApps\Microsoft.Windows.FilePicker_cw5n1h2txyewy,1.0
8161,Foxit PDF CEF,11.2,Foxit Software Inc.,Application,,C:\Program Files (x86)\Foxit Software\Foxit PDF Reader,1.0
8161,Foxit PDF Preview Handler Host,1.0,Foxit Corporation,Application,,C:\Program Files (x86)\Foxit Software\Foxit PDF Reader\Shell Extensions,1.0
8161,Foxit PDF Reader,11.2,Foxit Software Inc.,Add/Remove Programs,"June 17, 2023 12:00:00 AM",C:\Program Files (x86)\Foxit Software\Foxit PDF Reader\,
8161,Foxit PDF Reader 11.2,11.2,Foxit Software Inc.,Application,,C:\Program Files (x86)\Foxit Software\Foxit PDF Reader,1.0
2415,.NET Framework,3.0,Microsoft Corporation Inc.,Application,,C:\Windows\Microsoft.NET\Framework64\v3.0\Windows Communication Foundation,2.0
2415,.NET Runtime Optimization Service,4.8,Microsoft Corporation Inc.,Application,,C:\Windows\Microsoft.NET\Framework64\v4.0.30319,2.0
2415,.NET Runtime Optimization Service,2.0,Microsoft Corporation Inc.,Application,,C:\Windows\Microsoft.NET\Framework64\v2.0.50727,2.0
2415,64Bit MAPI Mail Agent,1.0,Foxit Software Inc.,Application,,C:\Program Files (x86)\Foxit Software\Foxit Reader,1.0
2415,7-Zip 23.00 (x64),23.0,Igor Pavlov,Add/Remove Programs,,C:\Program Files\7-Zip\,
2415,7-Zip Console,23.0,Igor Pavlov,Application,,C:\Program Files\7-Zip,1.0
2415,7-Zip File Manager,23.0,Igor Pavlov,Application,,C:\Program Files\7-Zip,1.0
2415,7-Zip GUI,23.0,Igor Pavlov,Application,,C:\Program Files\7-Zip,1.0
2415,Accounts Control Host,10.0,Microsoft Corporation Inc.,Application,,C:\Windows\SystemApps\Microsoft.AccountsControl_cw5n1h2txyewy,1.0
2415,AddSuggestedFoldersToLibraryDialog,10.0,Microsoft Corporation Inc.,Application,,C:\Windows\SystemApps\Microsoft.Windows.AddSuggestedFoldersToLibraryDialog_cw5n1h2txyewy,1.0
2415,Antimalware Core Service,4.18,Microsoft Corporation Inc.,Application,,C:\Program Files\Windows Defender,1.0
2415,Antimalware Service Executable,4.18,Microsoft Corporation Inc.,Application,,C:\Program Files\Windows Defender,1.0
2415,AppResolverUX,10.0,Microsoft Corporation Inc.,Application,,C:\Windows\SystemApps\Microsoft.Windows.AppResolverUX_cw5n1h2txyewy,1.0
2415,AsyncTextService,10.0,Microsoft Corporation Inc.,Application,,C:\Windows\SystemApps\Microsoft.AsyncTextService_8wekyb3d8bbwe,1.0
2415,Biometric Enrollment Host,10.0,Microsoft Corporation Inc.,Application,,C:\Windows\SystemApps\Microsoft.BioEnrollment_cw5n1h2txyewy,1.0
2415,BMC Client Management Agent,24.1.01.240624,BMC Software Inc.,Application,,C:\Program Files\BMC Software\Client Management\Client\bin,1.0
2415,BMC Client Management Certificate Generator,24.1.01.240624,BMC Software Inc.,Application,,C:\Program Files\BMC Software\Client Management\Client\bin,1.0
2415,BMC Client Management Chilli Interpreter,24.1.01.240624,BMC Software Inc.,Application,,C:\Program Files\BMC Software\Client Management\Client\bin,1.0
2415,BMC Client Management Direct Access Proxy Agent,24.1.01.240624,BMC Software Inc.,Application,,C:\Program Files\BMC Software\Client Management\Client\bin,1.0
2415,BMC Client Management Opswat Proxy Agent,24.1.01.240624,BMC Software Inc.,Application,,C:\Program Files\BMC Software\Client Management\Client\bin,1.0
2415,BMC Client Management Package Viewer,24.1.01.240624,BMC Software Inc.,Application,,C:\Program Files\BMC Software\Client Management\Client\bin,1.0
2415,BMC Client Management Patch Broker,24.1.01.240624,BMC Software Inc.,Application,,C:\Program Files\BMC Software\Client Management\Client\bin,1.0
2415,BMC Client Management Proxy Agent,24.1.01.240624,BMC Software Inc.,Application,,C:\Program Files\BMC Software\Client Management\Client\bin,1.0
2415,BMC Client Management Remote Control proxy,24.1.01.240624,BMC Software Inc.,Application,,C:\Program Files\BMC Software\Client Management\Client\bin,1.0
2415,BMC Client Management SCAP,24.1.01.240624,BMC Software Inc.,Application,,C:\Program Files\BMC Software\Client Management\Client\bin,1.0
2415,BMC Client Management Video Proxy Agent,24.1.01.240624,BMC Software Inc.,Application,,C:\Program Files\BMC Software\Client Management\Client\bin,1.0
2415,Boot File Servicing Utility,10.0,Microsoft Corporation Inc.,Application,,C:\Windows,1.0
2415,Browser Protection Native Messaging Host,4.18,Microsoft Corporation Inc.,Application,,C:\Program Files\Windows Defender,1.0
2415,BrowserCore,10.0,Microsoft Corporation Inc.,Application,,C:\Windows\BrowserCore,1.0
2415,CameraBarcodeScannerPreview,10.0,Microsoft Corporation Inc.,Application,,C:\Windows\SystemApps\Windows.CBSPreview_cw5n1h2txyewy,1.0
2415,CancelEventHandler,63.5,HP Inc.,Application,,C:\Program Files (x86)\HP\HP Scan\bin,1.0
2415,CL5,9.6,Ivanti,Application,,C:\Program Files\BMC Software\Client Management\Client\data\PatchManagementPremium\workspace,1.0
2415,ClickOnce,4.8,Microsoft Corporation Inc.,Application,,C:\Windows\Microsoft.NET\Framework64\v4.0.30319,3.0
2415,Common User Interface,5.8,Musarubra US LLC.,Application,,C:\Program Files\McAfee\Agent\x86,1.0
2415,Copilot,144.0,Microsoft Corporation Inc.,Application,,C:\Program Files (x86)\Microsoft\EdgeWebView\Application\144.0.3719.115,5.0
2415,Copilot Update,1.3,Microsoft Corporation Inc.,Application,,C:\Program Files (x86)\Microsoft\EdgeUpdate,2.0
2415,Create Virtual Machine,10.0,Microsoft Corporation Inc.,Application,,C:\Program Files\Hyper-V,1.0
2415,Credential Dialog Host,10.0,Microsoft Corporation Inc.,Application,,C:\Windows\SystemApps\microsoft.creddialoghost_cw5n1h2txyewy,1.0
2415,CrowdStrike Device Control,7.29,CrowdStrike Inc.,Add/Remove Programs,"November 14, 2025 12:00:00 AM",,
2415,CrowdStrike Device Control Support Tool,7.29,CrowdStrike Inc.,Application,,C:\Program Files\CrowdStrike,1.0
2415,CrowdStrike Falcon Connector,7.32,CrowdStrike Inc.,Application,,C:\Program Files\CrowdStrike,1.0
2415,CrowdStrike Falcon Sensor,7.32,CrowdStrike Inc.,Application,,C:\Program Files\CrowdStrike,1.0
2415,CrowdStrike Falcon Sensor Controller,7.32,CrowdStrike Inc.,Application,,C:\Program Files\CrowdStrike,1.0
2415,CrowdStrike Falcon Sensor Service,7.32,CrowdStrike Inc.,Application,,C:\Program Files\CrowdStrike,1.0
2415,CrowdStrike Falcon Sensor Servlet Container,7.32,CrowdStrike Inc.,Application,,C:\Program Files\CrowdStrike,1.0
2415,CrowdStrike Falcon Sensor Settings Tool,7.32,CrowdStrike Inc.,Application,,C:\Program Files\CrowdStrike,1.0
2415,CrowdStrike Falcon Sensor System Tray Application,7.32,CrowdStrike Inc.,Application,,C:\Program Files\CrowdStrike,2.0
2415,CrowdStrike Firmware Analysis,7.14,CrowdStrike Inc.,Add/Remove Programs,"April 29, 2025 12:00:00 AM",,
2415,CrowdStrike Firmware Analysis Support Tool,7.14,CrowdStrike Inc.,Application,,C:\Program Files\CrowdStrike,1.0
2415,CrowdStrike On-Demand Scan Command-line Tool,7.32,CrowdStrike Inc.,Application,,C:\Program Files\CrowdStrike,1.0
5081,.NET Runtime Crash Dump Generator,8.0,Microsoft Corporation Inc.,Application,,C:\Program Files (x86)\Trend Micro\Endpoint Basecamp\modules\vom\modules\UiBridgeModule\VOneAgentConsole,1.0
5081,.NET Runtime Optimization Service,4.8,Microsoft Corporation Inc.,Application,,C:\Windows\Microsoft.NET\Framework64\v4.0.30319,2.0
5081,64Bit MAPI Mail Agent,1.0,Foxit Software Inc.,Application,,C:\Program Files (x86)\Foxit Software\Foxit PDF Reader,1.0
5081,7-Zip 24.08 (x64 edition),24.08,Igor Pavlov,Add/Remove Programs,"November 29, 2024 12:00:00 AM",,
5081,7-Zip Console,24.08,Igor Pavlov,Application,,C:\Program Files\7-Zip,1.0
5081,7-Zip Console,25.01,Igor Pavlov,Application,,C:\Program Files (x86)\Trend Micro\Security Agent,4.0
5081,7-Zip File Manager,24.08,Igor Pavlov,Application,,C:\Program Files\7-Zip,1.0
5081,7-Zip GUI,24.08,Igor Pavlov,Application,,C:\Program Files\7-Zip,1.0
5081,Accounts Control Host,10.0,Microsoft Corporation Inc.,Application,,C:\Windows\SystemApps\Microsoft.AccountsControl_cw5n1h2txyewy,1.0
5081,ActiveUpdate module.,2.88,Trend Micro Inc.,Application,,C:\Program Files (x86)\Trend Micro\Security Agent,2.0
5081,AddSuggestedFoldersToLibraryDialog,10.0,Microsoft Corporation Inc.,Application,,C:\Windows\SystemApps\Microsoft.Windows.AddSuggestedFoldersToLibraryDialog_cw5n1h2txyewy,1.0
5081,Antimalware Core Service,4.18,Microsoft Corporation Inc.,Application,,C:\Program Files\Windows Defender,1.0
5081,AntiMalware Platform Update (amd64fre),4.18,Microsoft Corporation Inc.,Application,,C:\Windows\SystemTemp\28BCC31A-3B1C-4064-8171-7EBEA9EBDD79MpCommU,1.0
5081,Antimalware Service Executable,4.18,Microsoft Corporation Inc.,Application,,C:\Program Files\Windows Defender,1.0
5081,AppActions,10.0,Microsoft Corporation Inc.,Application,,C:\Windows\SystemApps\Shared\AOT,2.0
5081,AppResolverUX,10.0,Microsoft Corporation Inc.,Application,,C:\Windows\SystemApps\Microsoft.Windows.AppResolverUX_cw5n1h2txyewy,1.0
5081,AsyncTextService,10.0,Microsoft Corporation Inc.,Application,,C:\Windows\SystemApps\Microsoft.AsyncTextService_8wekyb3d8bbwe,1.0
5081,Biometric Enrollment Host,10.0,Microsoft Corporation Inc.,Application,,C:\Windows\SystemApps\Microsoft.BioEnrollment_cw5n1h2txyewy,1.0
5081,BMC Client Management Agent,24.1.01.240624,BMC Software Inc.,Application,,C:\Program Files\BMC Software\Client Management\Client\bin,1.0
5081,BMC Client Management Certificate Generator,24.1.01.240624,BMC Software Inc.,Application,,C:\Program Files\BMC Software\Client Management\Client\bin,1.0
5081,BMC Client Management Chilli Interpreter,24.1.01.240624,BMC Software Inc.,Application,,C:\Program Files\BMC Software\Client Management\Client\bin,1.0
5081,BMC Client Management Direct Access Proxy Agent,24.1.01.240624,BMC Software Inc.,Application,,C:\Program Files\BMC Software\Client Management\Client\bin,1.0
5081,BMC Client Management Opswat Proxy Agent,24.1.01.240624,BMC Software Inc.,Application,,C:\Program Files\BMC Software\Client Management\Client\bin,1.0
5081,BMC Client Management Package Viewer,24.1.01.240624,BMC Software Inc.,Application,,C:\Program Files\BMC Software\Client Management\Client\bin,1.0
5081,BMC Client Management Patch Broker,24.1.01.240624,BMC Software Inc.,Application,,C:\Program Files\BMC Software\Client Management\Client\bin,1.0
5081,BMC Client Management Proxy Agent,24.1.01.240624,BMC Software Inc.,Application,,C:\Program Files\BMC Software\Client Management\Client\bin,1.0
5081,BMC Client Management Remote Control proxy,24.1.01.240624,BMC Software Inc.,Application,,C:\Program Files\BMC Software\Client Management\Client\bin,1.0
5081,BMC Client Management SCAP,24.1.01.240624,BMC Software Inc.,Application,,C:\Program Files\BMC Software\Client Management\Client\bin,1.0
5081,BMC Client Management Video Proxy Agent,24.1.01.240624,BMC Software Inc.,Application,,C:\Program Files\BMC Software\Client Management\Client\bin,1.0
5081,Boot File Servicing Utility,10.0,Microsoft Corporation Inc.,Application,,C:\Windows,1.0
5081,Browser Protection Native Messaging Host,4.18,Microsoft Corporation Inc.,Application,,C:\Program Files\Windows Defender,1.0
5081,BrowserCore,10.0,Microsoft Corporation Inc.,Application,,C:\Windows\BrowserCore,1.0
5081,CameraBarcodeScannerPreview,10.0,Microsoft Corporation Inc.,Application,,C:\Windows\SystemApps\Windows.CBSPreview_cw5n1h2txyewy,1.0
5081,ChromeEnterpriseCompanion,143.0,Google LLC,Application,,C:\Windows\SystemTemp\scoped_dir20224_375565307\scoped_dir20224_2795335,1.0
5081,CL5,9.6,Ivanti,Application,,C:\Program Files\BMC Software\Client Management\Client\data\PatchManagementPremium\workspace,3.0
5081,ClickOnce,4.8,Microsoft Corporation Inc.,Application,,C:\Windows\Microsoft.NET\Framework64\v4.0.30319,3.0
5081,Common User Interface,5.8,Musarubra US LLC.,Application,,C:\Program Files\McAfee\Agent\x86,1.0
5081,Copilot,144.0,Microsoft Corporation Inc.,Application,,C:\Program Files (x86)\Microsoft\EdgeWebView\Application\144.0.3719.115,5.0
5081,Copilot Update,1.3,Microsoft Corporation Inc.,Application,,C:\Program Files (x86)\Microsoft\EdgeUpdate,2.0
5081,Credential Dialog Host,10.0,Microsoft Corporation Inc.,Application,,C:\Windows\SystemApps\microsoft.creddialoghost_cw5n1h2txyewy,1.0
5081,Deep Security Agent Configuration Compiler,12.0,Trend Micro Inc.,Application,,C:\Program Files (x86)\Trend Micro\iService\iVP,1.0
5081,DiscoveryHubApp,10.0,Microsoft Corporation Inc.,Application,,C:\Windows\SystemApps\Shared\AOT,2.0
5081,DREBoot,2.0,Trend Micro Inc.,Application,,C:\Program Files (x86)\Trend Micro\Security Agent\CCSF\module\DRE,1.0
5081,dtoop Application,6.2,Trend Micro Inc.,Application,,C:\Program Files (x86)\Trend Micro\Security Agent\dlplite\update\x64\system32\dgagent,3.0
5081,EC App,10.0,Microsoft Corporation Inc.,Application,,C:\Windows\SystemApps\Microsoft.ECApp_8wekyb3d8bbwe,1.0
5081,expediteupdater,10.0,Microsoft Corporation Inc.,Application,,C:\Program Files\Microsoft Update Health Tools,1.0
5081,FE Commander,6.0,Trend Micro Inc.,Application,,C:\Program Files (x86)\Trend Micro\Security Agent\dlplite\update\x64\system32\dgagent,3.0
5081,File Explorer,10.0,Microsoft Corporation Inc.,Application,,C:\Windows\SystemApps\Microsoft.Windows.FileExplorer_cw5n1h2txyewy,1.0
5081,File Picker,10.0,Microsoft Corporation Inc.,Application,,C:\Windows\SystemApps\Microsoft.Windows.FilePicker_cw5n1h2txyewy,1.0
5081,Foxit PDF Preview Handler Host,12.1,Foxit Corporation,Application,,C:\Program Files (x86)\Foxit Software\Foxit PDF Reader\Shell Extensions,1.0
2668,.NET Runtime Optimization Service,4.8,Microsoft Corporation Inc.,Application,,C:\Windows\Microsoft.NET\Framework64\v4.0.30319,2.0
2668,64Bit MAPI Mail Agent,1.0,Foxit Software Inc.,Application,,C:\Program Files (x86)\Foxit Software\Foxit PDF Reader,1.0
2668,7-Zip 24.09 (x64),24.09,Igor Pavlov,Add/Remove Programs,,C:\Program Files\7-Zip\,
2668,7-Zip Console,24.09,Igor Pavlov,Application,,C:\Program Files\7-Zip,1.0
2668,7-Zip File Manager,24.09,Igor Pavlov,Application,,C:\Program Files\7-Zip,1.0
2668,7-Zip GUI,24.09,Igor Pavlov,Application,,C:\Program Files\7-Zip,1.0
2668,Accounts Control Host,10.0,Microsoft Corporation Inc.,Application,,C:\Windows\SystemApps\Microsoft.AccountsControl_cw5n1h2txyewy,1.0
2668,AddSuggestedFoldersToLibraryDialog,10.0,Microsoft Corporation Inc.,Application,,C:\Windows\SystemApps\Microsoft.Windows.AddSuggestedFoldersToLibraryDialog_cw5n1h2txyewy,1.0
2668,Antimalware Core Service,4.18,Microsoft Corporation Inc.,Application,,C:\Program Files\Windows Defender,1.0
2668,Antimalware Service Executable,4.18,Microsoft Corporation Inc.,Application,,C:\Program Files\Windows Defender,1.0
2668,AppResolverUX,10.0,Microsoft Corporation Inc.,Application,,C:\Windows\SystemApps\Microsoft.Windows.AppResolverUX_cw5n1h2txyewy,1.0
2668,AsyncTextService,10.0,Microsoft Corporation Inc.,Application,,C:\Windows\SystemApps\Microsoft.AsyncTextService_8wekyb3d8bbwe,1.0
2668,Biometric Enrollment Host,10.0,Microsoft Corporation Inc.,Application,,C:\Windows\SystemApps\Microsoft.BioEnrollment_cw5n1h2txyewy,1.0
2668,BMC Client Management Agent,24.1.01.240624,BMC Software Inc.,Application,,C:\Program Files\BMC Software\Client Management\Client\bin,1.0
2668,BMC Client Management Certificate Generator,24.1.01.240624,BMC Software Inc.,Application,,C:\Program Files\BMC Software\Client Management\Client\bin,1.0
2668,BMC Client Management Chilli Interpreter,24.1.01.240624,BMC Software Inc.,Application,,C:\Program Files\BMC Software\Client Management\Client\bin,1.0
2668,BMC Client Management Direct Access Proxy Agent,24.1.01.240624,BMC Software Inc.,Application,,C:\Program Files\BMC Software\Client Management\Client\bin,1.0
2668,BMC Client Management Opswat Proxy Agent,24.1.01.240624,BMC Software Inc.,Application,,C:\Program Files\BMC Software\Client Management\Client\bin,1.0
2668,BMC Client Management Package Viewer,24.1.01.240624,BMC Software Inc.,Application,,C:\Program Files\BMC Software\Client Management\Client\bin,1.0
2668,BMC Client Management Patch Broker,24.1.01.240624,BMC Software Inc.,Application,,C:\Program Files\BMC Software\Client Management\Client\bin,1.0
2668,BMC Client Management Proxy Agent,24.1.01.240624,BMC Software Inc.,Application,,C:\Program Files\BMC Software\Client Management\Client\bin,1.0
2668,BMC Client Management Remote Control proxy,24.1.01.240624,BMC Software Inc.,Application,,C:\Program Files\BMC Software\Client Management\Client\bin,1.0
2668,BMC Client Management SCAP,24.1.01.240624,BMC Software Inc.,Application,,C:\Program Files\BMC Software\Client Management\Client\bin,1.0
2668,BMC Client Management SFX,24.1.01.240624,BMC Software Inc.,Application,,D:,1.0
2668,BMC Client Management Video Proxy Agent,24.1.01.240624,BMC Software Inc.,Application,,C:\Program Files\BMC Software\Client Management\Client\bin,1.0
2668,Boot File Servicing Utility,10.0,Microsoft Corporation Inc.,Application,,C:\Windows,1.0
2668,Browser Protection Native Messaging Host,4.18,Microsoft Corporation Inc.,Application,,C:\Program Files\Windows Defender,1.0
2668,BrowserCore,10.0,Microsoft Corporation Inc.,Application,,C:\Windows\BrowserCore,1.0
2668,CameraBarcodeScannerPreview,10.0,Microsoft Corporation Inc.,Application,,C:\Windows\SystemApps\Windows.CBSPreview_cw5n1h2txyewy,1.0
2668,CL5,9.6,Ivanti,Application,,C:\Program Files\BMC Software\Client Management\Client\data\PatchManagementPremium\workspace,1.0
2668,ClickOnce,4.8,Microsoft Corporation Inc.,Application,,C:\Windows\Microsoft.NET\Framework64\v4.0.30319,3.0
2668,Credential Dialog Host,10.0,Microsoft Corporation Inc.,Application,,C:\Windows\SystemApps\microsoft.creddialoghost_cw5n1h2txyewy,1.0
2668,CrowdStrike Device Control,7.29,CrowdStrike Inc.,Add/Remove Programs,"November 14, 2025 12:00:00 AM",,
2668,CrowdStrike Device Control Support Tool,7.29,CrowdStrike Inc.,Application,,C:\Program Files\CrowdStrike,1.0
2668,CrowdStrike Falcon Connector,7.31,CrowdStrike Inc.,Application,,C:\Program Files\CrowdStrike,1.0
2668,CrowdStrike Falcon Sensor,7.31,CrowdStrike Inc.,Application,,C:\Program Files\CrowdStrike,1.0
2668,CrowdStrike Falcon Sensor Controller,7.31,CrowdStrike Inc.,Application,,C:\Program Files\CrowdStrike,1.0
2668,CrowdStrike Falcon Sensor Service,7.31,CrowdStrike Inc.,Application,,C:\Program Files\CrowdStrike,1.0
2668,CrowdStrike Falcon Sensor Servlet Container,7.31,CrowdStrike Inc.,Application,,C:\Program Files\CrowdStrike,1.0
2668,CrowdStrike Falcon Sensor Settings Tool,7.31,CrowdStrike Inc.,Application,,C:\Program Files\CrowdStrike,1.0
2668,CrowdStrike Falcon Sensor System Tray Application,7.31,CrowdStrike Inc.,Application,,C:\Program Files\CrowdStrike,2.0
2668,CrowdStrike Firmware Analysis,7.14,CrowdStrike Inc.,Add/Remove Programs,"June 11, 2025 12:00:00 AM",,
2668,CrowdStrike Firmware Analysis Support Tool,7.14,CrowdStrike Inc.,Application,,C:\Program Files\CrowdStrike,1.0
2668,CrowdStrike On-Demand Scan Command-line Tool,7.31,CrowdStrike Inc.,Application,,C:\Program Files\CrowdStrike,1.0
2668,CrowdStrike On-Demand Scan Tool,7.31,CrowdStrike Inc.,Application,,C:\Program Files\CrowdStrike,1.0
2668,CrowdStrike Sensor Platform,7.31,CrowdStrike Inc.,Add/Remove Programs,"December 10, 2025 12:00:00 AM",,
2668,CrowdStrike Windows Sensor,7.31,CrowdStrike Inc.,Add/Remove Programs,"December 10, 2025 12:00:00 AM",,
2668,CrowdStrike Windows Sensor,7.19,CrowdStrike Inc.,Application,,D:\Crodstrike 7.16,1.0
2668,EC App,10.0,Microsoft Corporation Inc.,Application,,C:\Windows\SystemApps\Microsoft.ECApp_8wekyb3d8bbwe,1.0
2668,File Explorer,10.0,Microsoft Corporation Inc.,Application,,C:\Windows\SystemApps\Microsoft.Windows.FileExplorer_cw5n1h2txyewy,1.0
2775,.NET Runtime Optimization Service,4.8,Microsoft Corporation Inc.,Application,,C:\Windows\Microsoft.NET\Framework64\v4.0.30319,2.0
2775,64Bit MAPI Mail Agent,1.0,Foxit Software Inc.,Application,,C:\Program Files (x86)\Foxit Software\Foxit PDF Reader,1.0
2775,7-Zip 24.08 (x64 edition),24.08,Igor Pavlov,Add/Remove Programs,"November 27, 2024 12:00:00 AM",,
2775,7-Zip Console,24.08,Igor Pavlov,Application,,C:\Program Files\7-Zip,1.0
2775,7-Zip File Manager,24.08,Igor Pavlov,Application,,C:\Program Files\7-Zip,1.0
2775,7-Zip GUI,24.08,Igor Pavlov,Application,,C:\Program Files\7-Zip,1.0
2775,AAD token broker plugin,10.0,Microsoft Corporation Inc.,Application,,C:\Windows\SystemApps\Microsoft.AAD.BrokerPlugin_cw5n1h2txyewy,1.0
2775,Accounts Control Host,10.0,Microsoft Corporation Inc.,Application,,C:\Windows\SystemApps\Microsoft.AccountsControl_cw5n1h2txyewy,1.0
2775,AddSuggestedFoldersToLibraryDialog,10.0,Microsoft Corporation Inc.,Application,,C:\Windows\SystemApps\Microsoft.Windows.AddSuggestedFoldersToLibraryDialog_cw5n1h2txyewy,1.0
2775,Antimalware Service Executable,4.18,Microsoft Corporation Inc.,Application,,C:\Program Files\Windows Defender,1.0
2775,AppFollower,1.3,Conexant Systems Inc.,Application,,C:\Program Files\CONEXANT\Flow,1.0
2775,AppResolverUX,10.0,Microsoft Corporation Inc.,Application,,C:\Windows\SystemApps\Microsoft.Windows.AppResolverUX_cw5n1h2txyewy,1.0
2775,AsyncTextService,10.0,Microsoft Corporation Inc.,Application,,C:\Windows\SystemApps\Microsoft.AsyncTextService_8wekyb3d8bbwe,1.0
2775,Audio Control,4.0,Conexant Systems LLC.,Application,,C:\Program Files\CONEXANT\Install\Audio\SA3\SA3\Dyson,2.0
2775,Audio Controls Control Panel,4.0,Conexant Systems LLC.,Application,,C:\Program Files\CONEXANT\SA3\HP-NB-AIO,3.0
2775,Bang & Olufsen,4.0,Conexant Systems LLC.,Application,,C:\Program Files\CONEXANT\Install\Audio\SA3\SA3\BandO,2.0
2775,Biometric Enrollment Host,10.0,Microsoft Corporation Inc.,Application,,C:\Windows\SystemApps\Microsoft.BioEnrollment_cw5n1h2txyewy,1.0
2775,BMC Client Management Agent,24.1.01.240624,BMC Software Inc.,Application,,C:\Program Files\BMC Software\Client Management\Client\bin,1.0
2775,BMC Client Management Certificate Generator,24.1.01.240624,BMC Software Inc.,Application,,C:\Program Files\BMC Software\Client Management\Client\bin,1.0
2775,BMC Client Management Chilli Interpreter,24.1.01.240624,BMC Software Inc.,Application,,C:\Program Files\BMC Software\Client Management\Client\bin,1.0
2775,BMC Client Management Direct Access Proxy Agent,24.1.01.240624,BMC Software Inc.,Application,,C:\Program Files\BMC Software\Client Management\Client\bin,1.0
2775,BMC Client Management Opswat Proxy Agent,24.1.01.240624,BMC Software Inc.,Application,,C:\Program Files\BMC Software\Client Management\Client\bin,1.0
2775,BMC Client Management Package Viewer,24.1.01.240624,BMC Software Inc.,Application,,C:\Program Files\BMC Software\Client Management\Client\bin,1.0
2775,BMC Client Management Patch Broker,24.1.01.240624,BMC Software Inc.,Application,,C:\Program Files\BMC Software\Client Management\Client\bin,1.0
2775,BMC Client Management Proxy Agent,24.1.01.240624,BMC Software Inc.,Application,,C:\Program Files\BMC Software\Client Management\Client\bin,1.0
2775,BMC Client Management Remote Control proxy,24.1.01.240624,BMC Software Inc.,Application,,C:\Program Files\BMC Software\Client Management\Client\bin,1.0
2775,BMC Client Management SCAP,24.1.01.240624,BMC Software Inc.,Application,,C:\Program Files\BMC Software\Client Management\Client\bin,1.0
2775,BMC Client Management SFX,24.1.01.240624,BMC Software Inc.,Application,,C:\Users\joinuser.yanfin\Videos,1.0
2775,BMC Client Management Video Proxy Agent,24.1.01.240624,BMC Software Inc.,Application,,C:\Program Files\BMC Software\Client Management\Client\bin,1.0
2775,Boot File Servicing Utility,10.0,Microsoft Corporation Inc.,Application,,C:\Windows,1.0
2775,Boot Sector Manipulation Tool,10.0,Microsoft Corporation Inc.,Application,,C:\Users\joinuser.yanfin\Videos\Win11_23H2_English_x64v2\boot,1.0
2775,BrowserCore,10.0,Microsoft Corporation Inc.,Application,,C:\Windows\BrowserCore,1.0
2775,Calling App to host call progress on shell,10.0,Microsoft Corporation Inc.,Application,,C:\Windows\SystemApps\Microsoft.Windows.CallingShellApp_cw5n1h2txyewy,1.0
2775,CameraBarcodeScannerPreview,10.0,Microsoft Corporation Inc.,Application,,C:\Windows\SystemApps\Windows.CBSPreview_cw5n1h2txyewy,1.0
2775,CL5,9.6,Ivanti,Application,,C:\Program Files\BMC Software\Client Management\Client\data\PatchManagementPremium\workspace,6.0
2775,ClickOnce,4.8,Microsoft Corporation Inc.,Application,,C:\Windows\Microsoft.NET\Framework64\v4.0.30319,3.0
2775,CnxtNotify,1.0,Conexant Systems Inc.,Application,,C:\Program Files\CONEXANT\SA3\HP-NB-AIO,1.0
2775,Credential Dialog Host,10.0,Microsoft Corporation Inc.,Application,,C:\Windows\SystemApps\microsoft.creddialoghost_cw5n1h2txyewy,1.0
2775,CrowdStrike Device Control,7.29,CrowdStrike Inc.,Add/Remove Programs,"November 14, 2025 12:00:00 AM",,
2775,CrowdStrike Device Control Support Tool,7.29,CrowdStrike Inc.,Application,,C:\Program Files\CrowdStrike,1.0
2775,CrowdStrike Falcon Connector,7.32,CrowdStrike Inc.,Application,,C:\Program Files\CrowdStrike,1.0
2775,CrowdStrike Falcon Sensor,7.32,CrowdStrike Inc.,Application,,C:\Program Files\CrowdStrike,1.0
2775,CrowdStrike Falcon Sensor Controller,7.32,CrowdStrike Inc.,Application,,C:\Program Files\CrowdStrike,1.0
2775,CrowdStrike Falcon Sensor Service,7.32,CrowdStrike Inc.,Application,,C:\Program Files\CrowdStrike,1.0
2775,CrowdStrike Falcon Sensor Servlet Container,7.32,CrowdStrike Inc.,Application,,C:\Program Files\CrowdStrike,1.0
2775,CrowdStrike Falcon Sensor Settings Tool,7.32,CrowdStrike Inc.,Application,,C:\Program Files\CrowdStrike,1.0
2775,CrowdStrike Falcon Sensor System Tray Application,7.32,CrowdStrike Inc.,Application,,C:\Program Files\CrowdStrike,2.0
2775,CrowdStrike Firmware Analysis,7.14,CrowdStrike Inc.,Add/Remove Programs,"July 24, 2025 12:00:00 AM",,
2775,CrowdStrike Firmware Analysis Support Tool,7.14,CrowdStrike Inc.,Application,,C:\Program Files\CrowdStrike,1.0
2775,CrowdStrike Forensic Data Collection Tool,1.0,CrowdStrike Inc.,Application,,C:,2.0
2985,.NET Runtime Optimization Service,4.8,Microsoft Corporation Inc.,Application,,C:\Windows\Microsoft.NET\Framework64\v4.0.30319,2.0
2985,64Bit MAPI Mail Agent,1.0,Foxit Software Inc.,Application,,C:\Program Files (x86)\Foxit Software\Foxit PDF Reader,1.0
2985,7-Zip 24.09 (x64),24.09,Igor Pavlov,Add/Remove Programs,,C:\Program Files\7-Zip\,
2985,7-Zip Console,24.09,Igor Pavlov,Application,,C:\Program Files\7-Zip,1.0
2985,7-Zip File Manager,24.09,Igor Pavlov,Application,,C:\Program Files\7-Zip,1.0
2985,7-Zip GUI,24.09,Igor Pavlov,Application,,C:\Program Files\7-Zip,1.0
2985,Accounts Control Host,10.0,Microsoft Corporation Inc.,Application,,C:\Windows\SystemApps\Microsoft.AccountsControl_cw5n1h2txyewy,1.0
2985,AddSuggestedFoldersToLibraryDialog,10.0,Microsoft Corporation Inc.,Application,,C:\Windows\SystemApps\Microsoft.Windows.AddSuggestedFoldersToLibraryDialog_cw5n1h2txyewy,1.0
2985,Antimalware Core Service,4.18,Microsoft Corporation Inc.,Application,,C:\Program Files\Windows Defender,1.0
2985,Antimalware Service Executable,4.18,Microsoft Corporation Inc.,Application,,C:\Program Files\Windows Defender,1.0
2985,AppFollower,1.3,Conexant Systems Inc.,Application,,C:\Program Files\CONEXANT\Flow,1.0
2985,AppResolverUX,10.0,Microsoft Corporation Inc.,Application,,C:\Windows\SystemApps\Microsoft.Windows.AppResolverUX_cw5n1h2txyewy,1.0
2985,AsyncTextService,10.0,Microsoft Corporation Inc.,Application,,C:\Windows\SystemApps\Microsoft.AsyncTextService_8wekyb3d8bbwe,1.0
2985,Audio Control,4.0,Conexant Systems LLC.,Application,,C:\Program Files\CONEXANT\Install\Audio\SA3\SA3\Dyson,2.0
2985,Audio Controls Control Panel,4.0,Conexant Systems LLC.,Application,,C:\Program Files\CONEXANT\SA3\HP-NB-AIO,3.0
2985,Bang & Olufsen,4.0,Conexant Systems LLC.,Application,,C:\Program Files\CONEXANT\Install\Audio\SA3\SA3\BandO,2.0
2985,Biometric Enrollment Host,10.0,Microsoft Corporation Inc.,Application,,C:\Windows\SystemApps\Microsoft.BioEnrollment_cw5n1h2txyewy,1.0
2985,BMC Client Management Agent,24.1.01.240624,BMC Software Inc.,Application,,C:\Program Files\BMC Software\Client Management\Client\bin,1.0
2985,BMC Client Management Certificate Generator,24.1.01.240624,BMC Software Inc.,Application,,C:\Program Files\BMC Software\Client Management\Client\bin,1.0
2985,BMC Client Management Chilli Interpreter,24.1.01.240624,BMC Software Inc.,Application,,C:\Program Files\BMC Software\Client Management\Client\bin,1.0
2985,BMC Client Management Direct Access Proxy Agent,24.1.01.240624,BMC Software Inc.,Application,,C:\Program Files\BMC Software\Client Management\Client\bin,1.0
2985,BMC Client Management Opswat Proxy Agent,24.1.01.240624,BMC Software Inc.,Application,,C:\Program Files\BMC Software\Client Management\Client\bin,1.0
2985,BMC Client Management Package Viewer,24.1.01.240624,BMC Software Inc.,Application,,C:\Program Files\BMC Software\Client Management\Client\bin,1.0
2985,BMC Client Management Patch Broker,24.1.01.240624,BMC Software Inc.,Application,,C:\Program Files\BMC Software\Client Management\Client\bin,1.0
2985,BMC Client Management Proxy Agent,24.1.01.240624,BMC Software Inc.,Application,,C:\Program Files\BMC Software\Client Management\Client\bin,1.0
2985,BMC Client Management Remote Control proxy,24.1.01.240624,BMC Software Inc.,Application,,C:\Program Files\BMC Software\Client Management\Client\bin,1.0
2985,BMC Client Management SCAP,24.1.01.240624,BMC Software Inc.,Application,,C:\Program Files\BMC Software\Client Management\Client\bin,1.0
2985,BMC Client Management Video Proxy Agent,24.1.01.240624,BMC Software Inc.,Application,,C:\Program Files\BMC Software\Client Management\Client\bin,1.0
2985,Boot File Servicing Utility,10.0,Microsoft Corporation Inc.,Application,,C:\Windows,1.0
2985,Browser Protection Native Messaging Host,4.18,Microsoft Corporation Inc.,Application,,C:\Program Files\Windows Defender,1.0
2985,BrowserCore,10.0,Microsoft Corporation Inc.,Application,,C:\Windows\BrowserCore,1.0
2985,CameraBarcodeScannerPreview,10.0,Microsoft Corporation Inc.,Application,,C:\Windows\SystemApps\Windows.CBSPreview_cw5n1h2txyewy,1.0
2985,CL5,9.6,Ivanti,Application,,C:\Program Files\BMC Software\Client Management\Client\data\PatchManagementPremium\workspace,1.0
2985,ClickOnce,4.8,Microsoft Corporation Inc.,Application,,C:\Windows\Microsoft.NET\Framework64\v4.0.30319,3.0
2985,CnxtNotify,1.0,Conexant Systems Inc.,Application,,C:\Program Files\CONEXANT\SA3\HP-NB-AIO,1.0
2985,Credential Dialog Host,10.0,Microsoft Corporation Inc.,Application,,C:\Windows\SystemApps\microsoft.creddialoghost_cw5n1h2txyewy,1.0
2985,CrowdStrike Device Control,7.29,CrowdStrike Inc.,Add/Remove Programs,"November 14, 2025 12:00:00 AM",,
2985,CrowdStrike Device Control Support Tool,7.29,CrowdStrike Inc.,Application,,C:\Program Files\CrowdStrike,1.0
2985,CrowdStrike Falcon Connector,7.31,CrowdStrike Inc.,Application,,C:\Program Files\CrowdStrike,1.0
2985,CrowdStrike Falcon Sensor,7.31,CrowdStrike Inc.,Application,,C:\Program Files\CrowdStrike,1.0
2985,CrowdStrike Falcon Sensor Controller,7.31,CrowdStrike Inc.,Application,,C:\Program Files\CrowdStrike,1.0
2985,CrowdStrike Falcon Sensor Service,7.31,CrowdStrike Inc.,Application,,C:\Program Files\CrowdStrike,1.0
2985,CrowdStrike Falcon Sensor Servlet Container,7.31,CrowdStrike Inc.,Application,,C:\Program Files\CrowdStrike,1.0
2985,CrowdStrike Falcon Sensor Settings Tool,7.31,CrowdStrike Inc.,Application,,C:\Program Files\CrowdStrike,1.0
2985,CrowdStrike Falcon Sensor System Tray Application,7.31,CrowdStrike Inc.,Application,,C:\Program Files\CrowdStrike,2.0
2985,CrowdStrike Firmware Analysis,7.14,CrowdStrike Inc.,Add/Remove Programs,"June 11, 2025 12:00:00 AM",,
2985,CrowdStrike Firmware Analysis Support Tool,7.14,CrowdStrike Inc.,Application,,C:\Program Files\CrowdStrike,1.0
2985,CrowdStrike On-Demand Scan Command-line Tool,7.31,CrowdStrike Inc.,Application,,C:\Program Files\CrowdStrike,1.0
2985,CrowdStrike On-Demand Scan Tool,7.31,CrowdStrike Inc.,Application,,C:\Program Files\CrowdStrike,1.0
2985,CrowdStrike Sensor Platform,7.31,CrowdStrike Inc.,Add/Remove Programs,"December 10, 2025 12:00:00 AM",,
2761,.NET Runtime Optimization Service,4.8,Microsoft Corporation Inc.,Application,,C:\Windows\Microsoft.NET\Framework64\v4.0.30319,2.0
2761,64Bit MAPI Mail Agent,1.0,Foxit Software Inc.,Application,,C:\Program Files (x86)\Foxit Software\Foxit PDF Reader,1.0
2761,7-Zip 24.09 (x64),24.09,Igor Pavlov,Add/Remove Programs,,C:\Program Files\7-Zip\,
2761,7-Zip Console,24.09,Igor Pavlov,Application,,C:\Program Files\7-Zip,1.0
2761,7-Zip File Manager,24.09,Igor Pavlov,Application,,C:\Program Files\7-Zip,1.0
2761,7-Zip GUI,24.09,Igor Pavlov,Application,,C:\Program Files\7-Zip,1.0
2761,Accounts Control Host,10.0,Microsoft Corporation Inc.,Application,,C:\Windows\SystemApps\Microsoft.AccountsControl_cw5n1h2txyewy,1.0
2761,AddSuggestedFoldersToLibraryDialog,10.0,Microsoft Corporation Inc.,Application,,C:\Windows\SystemApps\Microsoft.Windows.AddSuggestedFoldersToLibraryDialog_cw5n1h2txyewy,1.0
2761,Antimalware Core Service,4.18,Microsoft Corporation Inc.,Application,,C:\Program Files\Windows Defender,1.0
2761,Antimalware Service Executable,4.18,Microsoft Corporation Inc.,Application,,C:\Program Files\Windows Defender,1.0
2761,AppResolverUX,10.0,Microsoft Corporation Inc.,Application,,C:\Windows\SystemApps\Microsoft.Windows.AppResolverUX_cw5n1h2txyewy,1.0
2761,AsyncTextService,10.0,Microsoft Corporation Inc.,Application,,C:\Windows\SystemApps\Microsoft.AsyncTextService_8wekyb3d8bbwe,1.0
2761,Biometric Enrollment Host,10.0,Microsoft Corporation Inc.,Application,,C:\Windows\SystemApps\Microsoft.BioEnrollment_cw5n1h2txyewy,1.0
2761,BMC Client Management Agent,24.1.01.240624,BMC Software Inc.,Application,,C:\Program Files\BMC Software\Client Management\Client\bin,1.0
2761,BMC Client Management Certificate Generator,24.1.01.240624,BMC Software Inc.,Application,,C:\Program Files\BMC Software\Client Management\Client\bin,1.0
2761,BMC Client Management Chilli Interpreter,24.1.01.240624,BMC Software Inc.,Application,,C:\Program Files\BMC Software\Client Management\Client\bin,1.0
2761,BMC Client Management Direct Access Proxy Agent,24.1.01.240624,BMC Software Inc.,Application,,C:\Program Files\BMC Software\Client Management\Client\bin,1.0
2761,BMC Client Management Opswat Proxy Agent,24.1.01.240624,BMC Software Inc.,Application,,C:\Program Files\BMC Software\Client Management\Client\bin,1.0
2761,BMC Client Management Package Viewer,24.1.01.240624,BMC Software Inc.,Application,,C:\Program Files\BMC Software\Client Management\Client\bin,1.0
2761,BMC Client Management Patch Broker,24.1.01.240624,BMC Software Inc.,Application,,C:\Program Files\BMC Software\Client Management\Client\bin,1.0
2761,BMC Client Management Proxy Agent,24.1.01.240624,BMC Software Inc.,Application,,C:\Program Files\BMC Software\Client Management\Client\bin,1.0
2761,BMC Client Management Remote Control proxy,24.1.01.240624,BMC Software Inc.,Application,,C:\Program Files\BMC Software\Client Management\Client\bin,1.0
2761,BMC Client Management SCAP,24.1.01.240624,BMC Software Inc.,Application,,C:\Program Files\BMC Software\Client Management\Client\bin,1.0
2761,BMC Client Management Video Proxy Agent,24.1.01.240624,BMC Software Inc.,Application,,C:\Program Files\BMC Software\Client Management\Client\bin,1.0
2761,Boot File Servicing Utility,10.0,Microsoft Corporation Inc.,Application,,C:\Windows,1.0
2761,Browser Protection Native Messaging Host,4.18,Microsoft Corporation Inc.,Application,,C:\Program Files\Windows Defender,1.0
2761,BrowserCore,10.0,Microsoft Corporation Inc.,Application,,C:\Windows\BrowserCore,1.0
2761,CameraBarcodeScannerPreview,10.0,Microsoft Corporation Inc.,Application,,C:\Windows\SystemApps\Windows.CBSPreview_cw5n1h2txyewy,1.0
2761,CL5,9.6,Ivanti,Application,,C:\Program Files\BMC Software\Client Management\Client\data\PatchManagementPremium\workspace,1.0
2761,ClickOnce,4.8,Microsoft Corporation Inc.,Application,,C:\Windows\Microsoft.NET\Framework64\v4.0.30319,3.0
2761,Credential Dialog Host,10.0,Microsoft Corporation Inc.,Application,,C:\Windows\SystemApps\microsoft.creddialoghost_cw5n1h2txyewy,1.0
2761,CrowdStrike Device Control,7.29,CrowdStrike Inc.,Add/Remove Programs,"November 14, 2025 12:00:00 AM",,
2761,CrowdStrike Device Control Support Tool,7.29,CrowdStrike Inc.,Application,,C:\Program Files\CrowdStrike,1.0
2761,CrowdStrike Falcon Connector,7.31,CrowdStrike Inc.,Application,,C:\Program Files\CrowdStrike,1.0
2761,CrowdStrike Falcon Sensor,7.31,CrowdStrike Inc.,Application,,C:\Program Files\CrowdStrike,1.0
2761,CrowdStrike Falcon Sensor Controller,7.31,CrowdStrike Inc.,Application,,C:\Program Files\CrowdStrike,1.0
2761,CrowdStrike Falcon Sensor Service,7.31,CrowdStrike Inc.,Application,,C:\Program Files\CrowdStrike,1.0
2761,CrowdStrike Falcon Sensor Servlet Container,7.31,CrowdStrike Inc.,Application,,C:\Program Files\CrowdStrike,1.0
2761,CrowdStrike Falcon Sensor Settings Tool,7.31,CrowdStrike Inc.,Application,,C:\Program Files\CrowdStrike,1.0
2761,CrowdStrike Falcon Sensor System Tray Application,7.31,CrowdStrike Inc.,Application,,C:\Program Files\CrowdStrike,2.0
2761,CrowdStrike Firmware Analysis,7.14,CrowdStrike Inc.,Add/Remove Programs,"June 18, 2025 12:00:00 AM",,
2761,CrowdStrike Firmware Analysis Support Tool,7.14,CrowdStrike Inc.,Application,,C:\Program Files\CrowdStrike,1.0
2761,CrowdStrike On-Demand Scan Command-line Tool,7.31,CrowdStrike Inc.,Application,,C:\Program Files\CrowdStrike,1.0
2761,CrowdStrike On-Demand Scan Tool,7.31,CrowdStrike Inc.,Application,,C:\Program Files\CrowdStrike,1.0
2761,CrowdStrike Sensor Platform,7.31,CrowdStrike Inc.,Add/Remove Programs,"December 10, 2025 12:00:00 AM",,
2761,CrowdStrike Windows Sensor,7.31,CrowdStrike Inc.,Add/Remove Programs,"December 10, 2025 12:00:00 AM",,
2761,EC App,10.0,Microsoft Corporation Inc.,Application,,C:\Windows\SystemApps\Microsoft.ECApp_8wekyb3d8bbwe,1.0
2761,File Explorer,10.0,Microsoft Corporation Inc.,Application,,C:\Windows\SystemApps\Microsoft.Windows.FileExplorer_cw5n1h2txyewy,1.0
2761,File Picker,10.0,Microsoft Corporation Inc.,Application,,C:\Windows\SystemApps\Microsoft.Windows.FilePicker_cw5n1h2txyewy,1.0
2761,Foxit PDF Preview Handler Host,12.1,Foxit Corporation,Application,,C:\Program Files (x86)\Foxit Software\Foxit PDF Reader\Shell Extensions,1.0
2950,.NET Runtime Optimization Service,4.8,Microsoft Corporation Inc.,Application,,C:\Windows\Microsoft.NET\Framework64\v4.0.30319,2.0
2950,.NET Runtime Optimization Service,2.0,Microsoft Corporation Inc.,Application,,C:\Windows\Microsoft.NET\Framework64\v2.0.50727,2.0
2950,64Bit MAPI Mail Agent,1.0,Foxit Software Inc.,Application,,C:\Program Files (x86)\Foxit Software\Foxit PDF Reader,1.0
2950,7-Zip 24.08 (x64 edition),24.08,Igor Pavlov,Add/Remove Programs,"November 28, 2024 12:00:00 AM",,
2950,7-Zip Console,24.08,Igor Pavlov,Application,,C:\Program Files\7-Zip,1.0
2950,7-Zip File Manager,24.08,Igor Pavlov,Application,,C:\Program Files\7-Zip,1.0
2950,7-Zip GUI,24.08,Igor Pavlov,Application,,C:\Program Files\7-Zip,1.0
2950,Accounts Control Host,10.0,Microsoft Corporation Inc.,Application,,C:\Windows\SystemApps\Microsoft.AccountsControl_cw5n1h2txyewy,1.0
2950,AddSuggestedFoldersToLibraryDialog,10.0,Microsoft Corporation Inc.,Application,,C:\Windows\SystemApps\Microsoft.Windows.AddSuggestedFoldersToLibraryDialog_cw5n1h2txyewy,1.0
2950,Antimalware Core Service,4.18,Microsoft Corporation Inc.,Application,,C:\Program Files\Windows Defender,1.0
2950,Antimalware Service Executable,4.18,Microsoft Corporation Inc.,Application,,C:\Program Files\Windows Defender,1.0
2950,AppResolverUX,10.0,Microsoft Corporation Inc.,Application,,C:\Windows\SystemApps\Microsoft.Windows.AppResolverUX_cw5n1h2txyewy,1.0
2950,AsyncTextService,10.0,Microsoft Corporation Inc.,Application,,C:\Windows\SystemApps\Microsoft.AsyncTextService_8wekyb3d8bbwe,1.0
2950,Biometric Enrollment Host,10.0,Microsoft Corporation Inc.,Application,,C:\Windows\SystemApps\Microsoft.BioEnrollment_cw5n1h2txyewy,1.0
2950,BMC Client Management Agent,24.1.01.240624,BMC Software Inc.,Application,,C:\Program Files\BMC Software\Client Management\Client\bin,1.0
2950,BMC Client Management Certificate Generator,24.1.01.240624,BMC Software Inc.,Application,,C:\Program Files\BMC Software\Client Management\Client\bin,1.0
2950,BMC Client Management Chilli Interpreter,24.1.01.240624,BMC Software Inc.,Application,,C:\Program Files\BMC Software\Client Management\Client\bin,1.0
2950,BMC Client Management Direct Access Proxy Agent,24.1.01.240624,BMC Software Inc.,Application,,C:\Program Files\BMC Software\Client Management\Client\bin,1.0
2950,BMC Client Management Opswat Proxy Agent,24.1.01.240624,BMC Software Inc.,Application,,C:\Program Files\BMC Software\Client Management\Client\bin,1.0
2950,BMC Client Management Package Viewer,24.1.01.240624,BMC Software Inc.,Application,,C:\Program Files\BMC Software\Client Management\Client\bin,1.0
2950,BMC Client Management Patch Broker,24.1.01.240624,BMC Software Inc.,Application,,C:\Program Files\BMC Software\Client Management\Client\bin,1.0
2950,BMC Client Management Proxy Agent,24.1.01.240624,BMC Software Inc.,Application,,C:\Program Files\BMC Software\Client Management\Client\bin,1.0
2950,BMC Client Management Remote Control proxy,24.1.01.240624,BMC Software Inc.,Application,,C:\Program Files\BMC Software\Client Management\Client\bin,1.0
2950,BMC Client Management SCAP,24.1.01.240624,BMC Software Inc.,Application,,C:\Program Files\BMC Software\Client Management\Client\bin,1.0
2950,BMC Client Management SFX,24.1.01.240624,BMC Software Inc.,Application,,C:\Users\support.local02\Videos,1.0
2950,BMC Client Management Video Proxy Agent,24.1.01.240624,BMC Software Inc.,Application,,C:\Program Files\BMC Software\Client Management\Client\bin,1.0
2950,Boot File Servicing Utility,10.0,Microsoft Corporation Inc.,Application,,C:\Windows,1.0
2950,Browser Protection Native Messaging Host,4.18,Microsoft Corporation Inc.,Application,,C:\Program Files\Windows Defender,1.0
2950,BrowserCore,10.0,Microsoft Corporation Inc.,Application,,C:\Windows\BrowserCore,1.0
2950,CameraBarcodeScannerPreview,10.0,Microsoft Corporation Inc.,Application,,C:\Windows\SystemApps\Windows.CBSPreview_cw5n1h2txyewy,1.0
2950,CL5,9.6,Ivanti,Application,,C:\Program Files\BMC Software\Client Management\Client\data\PatchManagementPremium\workspace,4.0
2950,ClickOnce,4.8,Microsoft Corporation Inc.,Application,,C:\Windows\Microsoft.NET\Framework64\v4.0.30319,3.0
2950,Credential Dialog Host,10.0,Microsoft Corporation Inc.,Application,,C:\Windows\SystemApps\microsoft.creddialoghost_cw5n1h2txyewy,1.0
2950,CrowdStrike Device Control,7.29,CrowdStrike Inc.,Add/Remove Programs,"November 14, 2025 12:00:00 AM",,
2950,CrowdStrike Device Control Support Tool,7.29,CrowdStrike Inc.,Application,,C:\Program Files\CrowdStrike,1.0
2950,CrowdStrike Falcon Connector,7.32,CrowdStrike Inc.,Application,,C:\Program Files\CrowdStrike,1.0
2950,CrowdStrike Falcon Sensor,7.32,CrowdStrike Inc.,Application,,C:\Program Files\CrowdStrike,1.0
2950,CrowdStrike Falcon Sensor Controller,7.32,CrowdStrike Inc.,Application,,C:\Program Files\CrowdStrike,1.0
2950,CrowdStrike Falcon Sensor Service,7.32,CrowdStrike Inc.,Application,,C:\Program Files\CrowdStrike,1.0
2950,CrowdStrike Falcon Sensor Servlet Container,7.32,CrowdStrike Inc.,Application,,C:\Program Files\CrowdStrike,1.0
2950,CrowdStrike Falcon Sensor Settings Tool,7.32,CrowdStrike Inc.,Application,,C:\Program Files\CrowdStrike,1.0
2950,CrowdStrike Falcon Sensor System Tray Application,7.32,CrowdStrike Inc.,Application,,C:\Program Files\CrowdStrike,2.0
2950,CrowdStrike Firmware Analysis,7.14,CrowdStrike Inc.,Add/Remove Programs,"May 22, 2025 12:00:00 AM",,
2950,CrowdStrike Firmware Analysis Support Tool,7.14,CrowdStrike Inc.,Application,,C:\Program Files\CrowdStrike,1.0
2950,CrowdStrike On-Demand Scan Command-line Tool,7.32,CrowdStrike Inc.,Application,,C:\Program Files\CrowdStrike,1.0
2950,CrowdStrike On-Demand Scan Tool,7.32,CrowdStrike Inc.,Application,,C:\Program Files\CrowdStrike,1.0
2950,CrowdStrike Sensor Platform,7.32,CrowdStrike Inc.,Add/Remove Programs,"January 14, 2026 12:00:00 AM",,
2950,CrowdStrike Windows Sensor,7.32,CrowdStrike Inc.,Add/Remove Programs,"January 14, 2026 12:00:00 AM",,
2950,EC App,10.0,Microsoft Corporation Inc.,Application,,C:\Windows\SystemApps\Microsoft.ECApp_8wekyb3d8bbwe,1.0
2950,expediteupdater,10.0,Microsoft Corporation Inc.,Application,,C:\Program Files\Microsoft Update Health Tools,1.0
16106,.NET Runtime Optimization Service,4.8,Microsoft Corporation Inc.,Application,,C:\Windows\Microsoft.NET\Framework64\v4.0.30319,2.0
16106,64Bit MAPI Mail Agent,1.0,Foxit Software Inc.,Application,,C:\Program Files (x86)\Foxit Software\Foxit PDF Reader,1.0
16106,7-Zip 24.09 (x64),24.09,Igor Pavlov,Add/Remove Programs,,C:\Program Files\7-Zip\,
16106,7-Zip Console,24.09,Igor Pavlov,Application,,C:\Program Files\7-Zip,1.0
16106,7-Zip File Manager,24.09,Igor Pavlov,Application,,C:\Program Files\7-Zip,1.0
16106,7-Zip GUI,24.09,Igor Pavlov,Application,,C:\Program Files\7-Zip,1.0
16106,Accounts Control Host,10.0,Microsoft Corporation Inc.,Application,,C:\Windows\SystemApps\Microsoft.AccountsControl_cw5n1h2txyewy,1.0
16106,AddSuggestedFoldersToLibraryDialog,10.0,Microsoft Corporation Inc.,Application,,C:\Windows\SystemApps\Microsoft.Windows.AddSuggestedFoldersToLibraryDialog_cw5n1h2txyewy,1.0
16106,Antimalware Core Service,4.18,Microsoft Corporation Inc.,Application,,C:\Program Files\Windows Defender,1.0
16106,Antimalware Service Executable,4.18,Microsoft Corporation Inc.,Application,,C:\Program Files\Windows Defender,1.0
16106,AppResolverUX,10.0,Microsoft Corporation Inc.,Application,,C:\Windows\SystemApps\Microsoft.Windows.AppResolverUX_cw5n1h2txyewy,1.0
16106,AsyncTextService,10.0,Microsoft Corporation Inc.,Application,,C:\Windows\SystemApps\Microsoft.AsyncTextService_8wekyb3d8bbwe,1.0
16106,Biometric Enrollment Host,10.0,Microsoft Corporation Inc.,Application,,C:\Windows\SystemApps\Microsoft.BioEnrollment_cw5n1h2txyewy,1.0
16106,BMC Client Management Agent,24.1.01.240624,BMC Software Inc.,Application,,C:\Program Files\BMC Software\Client Management\Client\bin,1.0
16106,BMC Client Management Certificate Generator,24.1.01.240624,BMC Software Inc.,Application,,C:\Program Files\BMC Software\Client Management\Client\bin,1.0
16106,BMC Client Management Chilli Interpreter,24.1.01.240624,BMC Software Inc.,Application,,C:\Program Files\BMC Software\Client Management\Client\bin,1.0
16106,BMC Client Management Direct Access Proxy Agent,24.1.01.240624,BMC Software Inc.,Application,,C:\Program Files\BMC Software\Client Management\Client\bin,1.0
16106,BMC Client Management Opswat Proxy Agent,24.1.01.240624,BMC Software Inc.,Application,,C:\Program Files\BMC Software\Client Management\Client\bin,1.0
16106,BMC Client Management Package Viewer,24.1.01.240624,BMC Software Inc.,Application,,C:\Program Files\BMC Software\Client Management\Client\bin,1.0
16106,BMC Client Management Patch Broker,24.1.01.240624,BMC Software Inc.,Application,,C:\Program Files\BMC Software\Client Management\Client\bin,1.0
16106,BMC Client Management Proxy Agent,24.1.01.240624,BMC Software Inc.,Application,,C:\Program Files\BMC Software\Client Management\Client\bin,1.0
16106,BMC Client Management Remote Control proxy,24.1.01.240624,BMC Software Inc.,Application,,C:\Program Files\BMC Software\Client Management\Client\bin,1.0
16106,BMC Client Management SCAP,24.1.01.240624,BMC Software Inc.,Application,,C:\Program Files\BMC Software\Client Management\Client\bin,1.0
16106,BMC Client Management SFX,24.1.01.240624,BMC Software Inc.,Application,,C:\Users\joinuser.yanfin\Videos,2.0
16106,BMC Client Management Video Proxy Agent,24.1.01.240624,BMC Software Inc.,Application,,C:\Program Files\BMC Software\Client Management\Client\bin,1.0
16106,Boot File Servicing Utility,10.0,Microsoft Corporation Inc.,Application,,C:\Windows,1.0
16106,Browser Protection Native Messaging Host,4.18,Microsoft Corporation Inc.,Application,,C:\Program Files\Windows Defender,1.0
16106,BrowserCore,10.0,Microsoft Corporation Inc.,Application,,C:\Windows\BrowserCore,1.0
16106,CameraBarcodeScannerPreview,10.0,Microsoft Corporation Inc.,Application,,C:\Windows\SystemApps\Windows.CBSPreview_cw5n1h2txyewy,1.0
16106,CL5,9.6,Ivanti,Application,,C:\Program Files\BMC Software\Client Management\Client\data\PatchManagementPremium\workspace,1.0
16106,ClickOnce,4.8,Microsoft Corporation Inc.,Application,,C:\Windows\Microsoft.NET\Framework64\v4.0.30319,3.0
16106,Credential Dialog Host,10.0,Microsoft Corporation Inc.,Application,,C:\Windows\SystemApps\microsoft.creddialoghost_cw5n1h2txyewy,1.0
16106,CrowdStrike Device Control,7.29,CrowdStrike Inc.,Add/Remove Programs,"November 14, 2025 12:00:00 AM",,
16106,CrowdStrike Device Control Support Tool,7.29,CrowdStrike Inc.,Application,,C:\Program Files\CrowdStrike,1.0
16106,CrowdStrike Falcon Connector,7.32,CrowdStrike Inc.,Application,,C:\Program Files\CrowdStrike,1.0
16106,CrowdStrike Falcon Sensor,7.32,CrowdStrike Inc.,Application,,C:\Program Files\CrowdStrike,1.0
16106,CrowdStrike Falcon Sensor Controller,7.32,CrowdStrike Inc.,Application,,C:\Program Files\CrowdStrike,1.0
16106,CrowdStrike Falcon Sensor Service,7.32,CrowdStrike Inc.,Application,,C:\Program Files\CrowdStrike,1.0
16106,CrowdStrike Falcon Sensor Servlet Container,7.32,CrowdStrike Inc.,Application,,C:\Program Files\CrowdStrike,1.0
16106,CrowdStrike Falcon Sensor Settings Tool,7.32,CrowdStrike Inc.,Application,,C:\Program Files\CrowdStrike,1.0
16106,CrowdStrike Falcon Sensor System Tray Application,7.32,CrowdStrike Inc.,Application,,C:\Program Files\CrowdStrike,2.0
16106,CrowdStrike Firmware Analysis,7.14,CrowdStrike Inc.,Add/Remove Programs,"June 11, 2025 12:00:00 AM",,
16106,CrowdStrike Firmware Analysis Support Tool,7.14,CrowdStrike Inc.,Application,,C:\Program Files\CrowdStrike,1.0
16106,CrowdStrike On-Demand Scan Command-line Tool,7.32,CrowdStrike Inc.,Application,,C:\Program Files\CrowdStrike,1.0
16106,CrowdStrike On-Demand Scan Tool,7.32,CrowdStrike Inc.,Application,,C:\Program Files\CrowdStrike,1.0
16106,CrowdStrike Sensor Platform,7.32,CrowdStrike Inc.,Add/Remove Programs,"January 14, 2026 12:00:00 AM",,
16106,CrowdStrike Windows Sensor,7.32,CrowdStrike Inc.,Add/Remove Programs,"January 14, 2026 12:00:00 AM",,
16106,EC App,10.0,Microsoft Corporation Inc.,Application,,C:\Windows\SystemApps\Microsoft.ECApp_8wekyb3d8bbwe,1.0
16106,File Explorer,10.0,Microsoft Corporation Inc.,Application,,C:\Windows\SystemApps\Microsoft.Windows.FileExplorer_cw5n1h2txyewy,1.0
16106,File Picker,10.0,Microsoft Corporation Inc.,Application,,C:\Windows\SystemApps\Microsoft.Windows.FilePicker_cw5n1h2txyewy,1.0
14290,.NET Runtime Optimization Service,4.8,Microsoft Corporation Inc.,Application,,C:\Windows\Microsoft.NET\Framework64\v4.0.30319,2.0
14290,64Bit MAPI Mail Agent,1.0,Foxit Software Inc.,Application,,C:\Program Files (x86)\Foxit Software\Foxit PDF Reader,1.0
14290,7-Zip 19.00 (x64),19.0,Igor Pavlov,Add/Remove Programs,,C:\Program Files\7-Zip\,
14290,7-Zip Console,19.0,Igor Pavlov,Application,,C:\Program Files\7-Zip,1.0
14290,7-Zip File Manager,19.0,Igor Pavlov,Application,,C:\Program Files\7-Zip,1.0
14290,7-Zip GUI,19.0,Igor Pavlov,Application,,C:\Program Files\7-Zip,1.0
14290,Accounts Control Host,10.0,Microsoft Corporation Inc.,Application,,C:\Windows\SystemApps\Microsoft.AccountsControl_cw5n1h2txyewy,1.0
14290,AddSuggestedFoldersToLibraryDialog,10.0,Microsoft Corporation Inc.,Application,,C:\Windows\SystemApps\Microsoft.Windows.AddSuggestedFoldersToLibraryDialog_cw5n1h2txyewy,1.0
14290,Antimalware Core Service,4.18,Microsoft Corporation Inc.,Application,,C:\Program Files\Windows Defender,1.0
14290,Antimalware Service Executable,4.18,Microsoft Corporation Inc.,Application,,C:\Program Files\Windows Defender,1.0
14290,AppResolverUX,10.0,Microsoft Corporation Inc.,Application,,C:\Windows\SystemApps\Microsoft.Windows.AppResolverUX_cw5n1h2txyewy,1.0
14290,AsyncTextService,10.0,Microsoft Corporation Inc.,Application,,C:\Windows\SystemApps\Microsoft.AsyncTextService_8wekyb3d8bbwe,1.0
14290,Biometric Enrollment Host,10.0,Microsoft Corporation Inc.,Application,,C:\Windows\SystemApps\Microsoft.BioEnrollment_cw5n1h2txyewy,1.0
14290,BMC Client Management Agent,24.1.01.240624,BMC Software Inc.,Application,,C:\Program Files\BMC Software\Client Management\Client\bin,1.0
14290,BMC Client Management Certificate Generator,24.1.01.240624,BMC Software Inc.,Application,,C:\Program Files\BMC Software\Client Management\Client\bin,1.0
14290,BMC Client Management Chilli Interpreter,24.1.01.240624,BMC Software Inc.,Application,,C:\Program Files\BMC Software\Client Management\Client\bin,1.0
14290,BMC Client Management Direct Access Proxy Agent,24.1.01.240624,BMC Software Inc.,Application,,C:\Program Files\BMC Software\Client Management\Client\bin,1.0
14290,BMC Client Management Opswat Proxy Agent,24.1.01.240624,BMC Software Inc.,Application,,C:\Program Files\BMC Software\Client Management\Client\bin,1.0
14290,BMC Client Management Package Viewer,24.1.01.240624,BMC Software Inc.,Application,,C:\Program Files\BMC Software\Client Management\Client\bin,1.0
14290,BMC Client Management Patch Broker,24.1.01.240624,BMC Software Inc.,Application,,C:\Program Files\BMC Software\Client Management\Client\bin,1.0
14290,BMC Client Management Proxy Agent,24.1.01.240624,BMC Software Inc.,Application,,C:\Program Files\BMC Software\Client Management\Client\bin,1.0
14290,BMC Client Management Remote Control proxy,24.1.01.240624,BMC Software Inc.,Application,,C:\Program Files\BMC Software\Client Management\Client\bin,1.0
14290,BMC Client Management SCAP,24.1.01.240624,BMC Software Inc.,Application,,C:\Program Files\BMC Software\Client Management\Client\bin,1.0
14290,BMC Client Management Video Proxy Agent,24.1.01.240624,BMC Software Inc.,Application,,C:\Program Files\BMC Software\Client Management\Client\bin,1.0
14290,Boot File Servicing Utility,10.0,Microsoft Corporation Inc.,Application,,C:\Windows,1.0
14290,Browser Protection Native Messaging Host,4.18,Microsoft Corporation Inc.,Application,,C:\Program Files\Windows Defender,1.0
14290,BrowserCore,10.0,Microsoft Corporation Inc.,Application,,C:\Windows\BrowserCore,1.0
14290,CameraBarcodeScannerPreview,10.0,Microsoft Corporation Inc.,Application,,C:\Windows\SystemApps\Windows.CBSPreview_cw5n1h2txyewy,1.0
14290,CL5,9.6,Ivanti,Application,,C:\Program Files\BMC Software\Client Management\Client\data\PatchManagementPremium\workspace,1.0
14290,ClickOnce,4.8,Microsoft Corporation Inc.,Application,,C:\Windows\Microsoft.NET\Framework64\v4.0.30319,3.0
14290,Credential Dialog Host,10.0,Microsoft Corporation Inc.,Application,,C:\Windows\SystemApps\microsoft.creddialoghost_cw5n1h2txyewy,1.0
14290,CrowdStrike Device Control,7.29,CrowdStrike Inc.,Add/Remove Programs,"November 14, 2025 12:00:00 AM",,
14290,CrowdStrike Device Control Support Tool,7.29,CrowdStrike Inc.,Application,,C:\Program Files\CrowdStrike,1.0
14290,CrowdStrike Falcon Connector,7.32,CrowdStrike Inc.,Application,,C:\Program Files\CrowdStrike,1.0
14290,CrowdStrike Falcon Sensor,7.32,CrowdStrike Inc.,Application,,C:\Program Files\CrowdStrike,1.0
14290,CrowdStrike Falcon Sensor Controller,7.32,CrowdStrike Inc.,Application,,C:\Program Files\CrowdStrike,1.0
14290,CrowdStrike Falcon Sensor Service,7.32,CrowdStrike Inc.,Application,,C:\Program Files\CrowdStrike,1.0
14290,CrowdStrike Falcon Sensor Servlet Container,7.32,CrowdStrike Inc.,Application,,C:\Program Files\CrowdStrike,1.0
14290,CrowdStrike Falcon Sensor Settings Tool,7.32,CrowdStrike Inc.,Application,,C:\Program Files\CrowdStrike,1.0
14290,CrowdStrike Falcon Sensor System Tray Application,7.32,CrowdStrike Inc.,Application,,C:\Program Files\CrowdStrike,2.0
14290,CrowdStrike Firmware Analysis,7.14,CrowdStrike Inc.,Add/Remove Programs,"February 26, 2025 12:00:00 AM",,
14290,CrowdStrike Firmware Analysis Support Tool,7.14,CrowdStrike Inc.,Application,,C:\Program Files\CrowdStrike,1.0
14290,CrowdStrike On-Demand Scan Command-line Tool,7.32,CrowdStrike Inc.,Application,,C:\Program Files\CrowdStrike,1.0
14290,CrowdStrike On-Demand Scan Tool,7.32,CrowdStrike Inc.,Application,,C:\Program Files\CrowdStrike,1.0
14290,CrowdStrike Sensor Platform,7.32,CrowdStrike Inc.,Add/Remove Programs,"January 14, 2026 12:00:00 AM",,
14290,CrowdStrike Windows Sensor,7.32,CrowdStrike Inc.,Add/Remove Programs,"January 14, 2026 12:00:00 AM",,
14290,CxAudioSvc,1.0,Conexant Systems LLC.,Application,,C:\Windows\CxSvc,1.0
14290,EC App,10.0,Microsoft Corporation Inc.,Application,,C:\Windows\SystemApps\Microsoft.ECApp_8wekyb3d8bbwe,1.0
14290,File Explorer,10.0,Microsoft Corporation Inc.,Application,,C:\Windows\SystemApps\Microsoft.Windows.FileExplorer_cw5n1h2txyewy,1.0
14290,File Picker,10.0,Microsoft Corporation Inc.,Application,,C:\Windows\SystemApps\Microsoft.Windows.FilePicker_cw5n1h2txyewy,1.0
2903,.NET Runtime Optimization Service,4.8,Microsoft Corporation Inc.,Application,,C:\Windows\Microsoft.NET\Framework64\v4.0.30319,2.0
2903,64Bit MAPI Mail Agent,1.0,Foxit Software Inc.,Application,,C:\Program Files (x86)\Foxit Software\Foxit PDF Reader,1.0
2903,7-Zip 24.09 (x64),24.09,Igor Pavlov,Add/Remove Programs,,C:\Program Files\7-Zip\,
2903,7-Zip Console,24.09,Igor Pavlov,Application,,C:\Program Files\7-Zip,1.0
2903,7-Zip File Manager,24.09,Igor Pavlov,Application,,C:\Program Files\7-Zip,1.0
2903,7-Zip GUI,24.09,Igor Pavlov,Application,,C:\Program Files\7-Zip,1.0
2903,Accounts Control Host,10.0,Microsoft Corporation Inc.,Application,,C:\Windows\SystemApps\Microsoft.AccountsControl_cw5n1h2txyewy,1.0
2903,AddSuggestedFoldersToLibraryDialog,10.0,Microsoft Corporation Inc.,Application,,C:\Windows\SystemApps\Microsoft.Windows.AddSuggestedFoldersToLibraryDialog_cw5n1h2txyewy,1.0
2903,Antimalware Core Service,4.18,Microsoft Corporation Inc.,Application,,C:\Program Files\Windows Defender,1.0
2903,AntiMalware Platform Update (amd64fre),4.18,Microsoft Corporation Inc.,Application,,C:\Windows\SystemTemp\CE7F4A06-F3BD-4E98-82C0-D34C2413944CMpCommU,1.0
2903,Antimalware Service Executable,4.18,Microsoft Corporation Inc.,Application,,C:\Program Files\Windows Defender,1.0
2903,AppResolverUX,10.0,Microsoft Corporation Inc.,Application,,C:\Windows\SystemApps\Microsoft.Windows.AppResolverUX_cw5n1h2txyewy,1.0
2903,AsyncTextService,10.0,Microsoft Corporation Inc.,Application,,C:\Windows\SystemApps\Microsoft.AsyncTextService_8wekyb3d8bbwe,1.0
2903,Biometric Enrollment Host,10.0,Microsoft Corporation Inc.,Application,,C:\Windows\SystemApps\Microsoft.BioEnrollment_cw5n1h2txyewy,1.0
2903,BMC Client Management Agent,24.1.01.240624,BMC Software Inc.,Application,,C:\Program Files\BMC Software\Client Management\Client\bin,1.0
2903,BMC Client Management Certificate Generator,24.1.01.240624,BMC Software Inc.,Application,,C:\Program Files\BMC Software\Client Management\Client\bin,1.0
2903,BMC Client Management Chilli Interpreter,24.1.01.240624,BMC Software Inc.,Application,,C:\Program Files\BMC Software\Client Management\Client\bin,1.0
2903,BMC Client Management Direct Access Proxy Agent,24.1.01.240624,BMC Software Inc.,Application,,C:\Program Files\BMC Software\Client Management\Client\bin,1.0
2903,BMC Client Management Opswat Proxy Agent,24.1.01.240624,BMC Software Inc.,Application,,C:\Program Files\BMC Software\Client Management\Client\bin,1.0
2903,BMC Client Management Package Viewer,24.1.01.240624,BMC Software Inc.,Application,,C:\Program Files\BMC Software\Client Management\Client\bin,1.0
2903,BMC Client Management Patch Broker,24.1.01.240624,BMC Software Inc.,Application,,C:\Program Files\BMC Software\Client Management\Client\bin,1.0
2903,BMC Client Management Proxy Agent,24.1.01.240624,BMC Software Inc.,Application,,C:\Program Files\BMC Software\Client Management\Client\bin,1.0
2903,BMC Client Management Remote Control proxy,24.1.01.240624,BMC Software Inc.,Application,,C:\Program Files\BMC Software\Client Management\Client\bin,1.0
2903,BMC Client Management SCAP,24.1.01.240624,BMC Software Inc.,Application,,C:\Program Files\BMC Software\Client Management\Client\bin,1.0
2903,BMC Client Management Video Proxy Agent,24.1.01.240624,BMC Software Inc.,Application,,C:\Program Files\BMC Software\Client Management\Client\bin,1.0
2903,Boot File Servicing Utility,10.0,Microsoft Corporation Inc.,Application,,C:\Windows,1.0
2903,Browser Protection Native Messaging Host,4.18,Microsoft Corporation Inc.,Application,,C:\Program Files\Windows Defender,1.0
2903,BrowserCore,10.0,Microsoft Corporation Inc.,Application,,C:\Windows\BrowserCore,1.0
2903,CameraBarcodeScannerPreview,10.0,Microsoft Corporation Inc.,Application,,C:\Windows\SystemApps\Windows.CBSPreview_cw5n1h2txyewy,1.0
2903,ChromeEnterpriseCompanion,143.0,Google LLC,Application,,C:\Windows\SystemTemp\scoped_dir1868_1500242086\scoped_dir1868_1974375922,1.0
2903,CL5,9.6,Ivanti,Application,,C:\Program Files\BMC Software\Client Management\Client\data\PatchManagementPremium\workspace,5.0
2903,ClickOnce,4.8,Microsoft Corporation Inc.,Application,,C:\Windows\Microsoft.NET\Framework64\v4.0.30319,3.0
2903,Credential Dialog Host,10.0,Microsoft Corporation Inc.,Application,,C:\Windows\SystemApps\microsoft.creddialoghost_cw5n1h2txyewy,1.0
2903,CrowdStrike Device Control,7.29,CrowdStrike Inc.,Add/Remove Programs,"November 14, 2025 12:00:00 AM",,
2903,CrowdStrike Device Control Support Tool,7.29,CrowdStrike Inc.,Application,,C:\Program Files\CrowdStrike,1.0
2903,CrowdStrike Falcon Connector,7.31,CrowdStrike Inc.,Application,,C:\Program Files\CrowdStrike,1.0
2903,CrowdStrike Falcon Sensor,7.31,CrowdStrike Inc.,Application,,C:\Program Files\CrowdStrike,1.0
2903,CrowdStrike Falcon Sensor Controller,7.31,CrowdStrike Inc.,Application,,C:\Program Files\CrowdStrike,1.0
2903,CrowdStrike Falcon Sensor Service,7.31,CrowdStrike Inc.,Application,,C:\Program Files\CrowdStrike,1.0
2903,CrowdStrike Falcon Sensor Servlet Container,7.31,CrowdStrike Inc.,Application,,C:\Program Files\CrowdStrike,1.0
2903,CrowdStrike Falcon Sensor Settings Tool,7.31,CrowdStrike Inc.,Application,,C:\Program Files\CrowdStrike,1.0
2903,CrowdStrike Falcon Sensor System Tray Application,7.31,CrowdStrike Inc.,Application,,C:\Program Files\CrowdStrike,2.0
2903,CrowdStrike Firmware Analysis,7.14,CrowdStrike Inc.,Add/Remove Programs,"June 20, 2025 12:00:00 AM",,
2903,CrowdStrike Firmware Analysis Support Tool,7.14,CrowdStrike Inc.,Application,,C:\Program Files\CrowdStrike,1.0
2903,CrowdStrike On-Demand Scan Command-line Tool,7.31,CrowdStrike Inc.,Application,,C:\Program Files\CrowdStrike,1.0
2903,CrowdStrike On-Demand Scan Tool,7.31,CrowdStrike Inc.,Application,,C:\Program Files\CrowdStrike,1.0
2903,CrowdStrike Sensor Platform,7.31,CrowdStrike Inc.,Add/Remove Programs,"December 10, 2025 12:00:00 AM",,
2903,CrowdStrike Windows Sensor,7.31,CrowdStrike Inc.,Add/Remove Programs,"December 10, 2025 12:00:00 AM",,
2903,CxAudioSvc,1.0,Conexant Systems LLC.,Application,,C:\Windows\CxSvc,1.0
2903,EC App,10.0,Microsoft Corporation Inc.,Application,,C:\Windows\SystemApps\Microsoft.ECApp_8wekyb3d8bbwe,1.0
15585,.NET Runtime Crash Dump Generator,9.0,Microsoft Corporation Inc.,Application,,C:\Program Files (x86)\Lenovo\LenovoNow\x86,1.0
15585,.NET Runtime Crash Dump Generator,8.0,Microsoft Corporation Inc.,Application,,C:\Program Files (x86)\Trend Micro\Endpoint Basecamp\modules\vom\modules\UiBridgeModule\VOneAgentConsole,1.0
15585,.NET Runtime Optimization Service,4.8,Microsoft Corporation Inc.,Application,,C:\Windows\Microsoft.NET\Framework64\v4.0.30319,2.0
15585,64Bit MAPI Mail Agent,1.0,Foxit Software Inc.,Application,,C:\Program Files (x86)\Foxit Software\Foxit PDF Reader,1.0
15585,7-Zip 24.08 (x64),24.08,Igor Pavlov,Add/Remove Programs,,C:\Program Files\7-Zip\,
15585,7-Zip Console,24.08,Igor Pavlov,Application,,C:\Program Files\7-Zip,1.0
15585,7-Zip Console,25.01,Igor Pavlov,Application,,C:\Program Files (x86)\Trend Micro\Security Agent,4.0
15585,7-Zip File Manager,24.08,Igor Pavlov,Application,,C:\Program Files\7-Zip,1.0
15585,7-Zip GUI,24.08,Igor Pavlov,Application,,C:\Program Files\7-Zip,1.0
15585,7-Zip Reduced Standalone Console,25.01,Igor Pavlov,Application,,C:\Program Files (x86)\Lenovo\VantageService\4.2601.20.0\x64,2.0
15585,Accounts Control Host,10.0,Microsoft Corporation Inc.,Application,,C:\Windows\SystemApps\Microsoft.AccountsControl_cw5n1h2txyewy,1.0
15585,ActiveUpdate module.,2.88,Trend Micro Inc.,Application,,C:\Program Files (x86)\Trend Micro\Security Agent,2.0
15585,AddSuggestedFoldersToLibraryDialog,10.0,Microsoft Corporation Inc.,Application,,C:\Windows\SystemApps\Microsoft.Windows.AddSuggestedFoldersToLibraryDialog_cw5n1h2txyewy,1.0
15585,AISpeech AIMM Service For Smart Meeting,3.0,AISpeech,Application,,C:\Program Files\Lenovo\Lenovo Smart Meeting Components\Components\x64\AIMMService,1.0
15585,Antimalware Core Service,4.18,Microsoft Corporation Inc.,Application,,C:\Program Files\Windows Defender,1.0
15585,AntiMalware Platform Update (amd64fre),4.18,Microsoft Corporation Inc.,Application,,C:\Windows\SystemTemp\731FAEC9-D850-4026-985A-80E31512BC49MpCommU,2.0
15585,Antimalware Service Executable,4.18,Microsoft Corporation Inc.,Application,,C:\Program Files\Windows Defender,1.0
15585,AppResolverUX,10.0,Microsoft Corporation Inc.,Application,,C:\Windows\SystemApps\Microsoft.Windows.AppResolverUX_cw5n1h2txyewy,1.0
15585,AsyncTextService,10.0,Microsoft Corporation Inc.,Application,,C:\Windows\SystemApps\Microsoft.AsyncTextService_8wekyb3d8bbwe,1.0
15585,Biometric Enrollment Host,10.0,Microsoft Corporation Inc.,Application,,C:\Windows\SystemApps\Microsoft.BioEnrollment_cw5n1h2txyewy,1.0
15585,BMC Client Management Agent,24.1.01.240624,BMC Software Inc.,Application,,C:\Program Files\BMC Software\Client Management\Client\bin,1.0
15585,BMC Client Management Certificate Generator,24.1.01.240624,BMC Software Inc.,Application,,C:\Program Files\BMC Software\Client Management\Client\bin,1.0
15585,BMC Client Management Chilli Interpreter,24.1.01.240624,BMC Software Inc.,Application,,C:\Program Files\BMC Software\Client Management\Client\bin,1.0
15585,BMC Client Management Direct Access Proxy Agent,24.1.01.240624,BMC Software Inc.,Application,,C:\Program Files\BMC Software\Client Management\Client\bin,1.0
15585,BMC Client Management Opswat Proxy Agent,24.1.01.240624,BMC Software Inc.,Application,,C:\Program Files\BMC Software\Client Management\Client\bin,1.0
15585,BMC Client Management Package Viewer,24.1.01.240624,BMC Software Inc.,Application,,C:\Program Files\BMC Software\Client Management\Client\bin,1.0
15585,BMC Client Management Patch Broker,24.1.01.240624,BMC Software Inc.,Application,,C:\Program Files\BMC Software\Client Management\Client\bin,1.0
15585,BMC Client Management Proxy Agent,24.1.01.240624,BMC Software Inc.,Application,,C:\Program Files\BMC Software\Client Management\Client\bin,1.0
15585,BMC Client Management Remote Control proxy,24.1.01.240624,BMC Software Inc.,Application,,C:\Program Files\BMC Software\Client Management\Client\bin,1.0
15585,BMC Client Management SCAP,24.1.01.240624,BMC Software Inc.,Application,,C:\Program Files\BMC Software\Client Management\Client\bin,1.0
15585,BMC Client Management Video Proxy Agent,24.1.01.240624,BMC Software Inc.,Application,,C:\Program Files\BMC Software\Client Management\Client\bin,1.0
15585,Boot File Servicing Utility,10.0,Microsoft Corporation Inc.,Application,,C:\Windows,1.0
15585,Browser Protection Native Messaging Host,4.18,Microsoft Corporation Inc.,Application,,C:\Program Files\Windows Defender,1.0
15585,BrowserCore,10.0,Microsoft Corporation Inc.,Application,,C:\Windows\BrowserCore,1.0
15585,CameraBarcodeScannerPreview,10.0,Microsoft Corporation Inc.,Application,,C:\Windows\SystemApps\Windows.CBSPreview_cw5n1h2txyewy,1.0
15585,CL5,9.6,Ivanti,Application,,C:\Program Files\BMC Software\Client Management\Client\data\PatchManagementPremium\workspace,1.0
15585,ClickOnce,4.8,Microsoft Corporation Inc.,Application,,C:\Windows\Microsoft.NET\Framework64\v4.0.30319,3.0
15585,Common User Interface,5.8,Musarubra US LLC.,Application,,C:\Program Files\McAfee\Agent\x86,1.0
15585,Copilot,144.0,Microsoft Corporation Inc.,Application,,C:\Program Files (x86)\Microsoft\EdgeWebView\Application\144.0.3719.93,6.0
15585,Copilot Update,1.3,Microsoft Corporation Inc.,Application,,C:\Program Files (x86)\Microsoft\EdgeUpdate,2.0
15585,Create a self-signed digital certificate,15.0,Microsoft Corporation Inc.,Application,,C:\Program Files\Microsoft Office\Office15,1.0
15585,Credential Dialog Host,10.0,Microsoft Corporation Inc.,Application,,C:\Windows\SystemApps\microsoft.creddialoghost_cw5n1h2txyewy,1.0
15585,DAX API,3.30508,Dolby Laboratories,Application,,C:\Drivers\Audio\Source\Thirdparty\D0601\swc_factory\swc_aposvc_20h1_21h2_22h2_b23362_v3.30508.581.0,1.0
15585,Deep Security Agent Configuration Compiler,12.0,Trend Micro Inc.,Application,,C:\Program Files (x86)\Trend Micro\iService\iVP,1.0
15585,DREBoot,2.0,Trend Micro Inc.,Application,,C:\Program Files (x86)\Trend Micro\Security Agent\CCSF\module\DRE,1.0
15585,dtoop Application,6.2,Trend Micro Inc.,Application,,C:\Program Files (x86)\Trend Micro\Security Agent\dlplite\update\x64\system32\dgagent,3.0
15585,EC App,10.0,Microsoft Corporation Inc.,Application,,C:\Windows\SystemApps\Microsoft.ECApp_8wekyb3d8bbwe,1.0
15585,Elevoc Audio Manager,1.0,Elevoc Technology Co.Ltd.,Application,,C:\Drivers\Audio\Source\Thirdparty\E0828\ElevocAPO64,1.0
15585,Elevoc Control Service,1.0,Elevoc Technology Co.Ltd.,Application,,C:\Drivers\Audio\Source\Thirdparty\E0828\ElevocAPO64,1.0
15585,FE Commander,6.0,Trend Micro Inc.,Application,,C:\Program Files (x86)\Trend Micro\Security Agent\dlplite\update\x64\system32\dgagent,3.0
3162,.NET Runtime Optimization Service,4.8,Microsoft Corporation Inc.,Application,,C:\Windows\Microsoft.NET\Framework64\v4.0.30319,2.0
3162,64Bit MAPI Mail Agent,1.0,Foxit Software Inc.,Application,,C:\Program Files (x86)\Foxit Software\Foxit PDF Reader,1.0
3162,7-Zip 24.09 (x64),24.09,Igor Pavlov,Add/Remove Programs,,C:\Program Files\7-Zip\,
3162,7-Zip Console,24.09,Igor Pavlov,Application,,C:\Program Files\7-Zip,1.0
3162,7-Zip File Manager,24.09,Igor Pavlov,Application,,C:\Program Files\7-Zip,1.0
3162,7-Zip GUI,24.09,Igor Pavlov,Application,,C:\Program Files\7-Zip,1.0
3162,Accounts Control Host,10.0,Microsoft Corporation Inc.,Application,,C:\Windows\SystemApps\Microsoft.AccountsControl_cw5n1h2txyewy,1.0
3162,AddSuggestedFoldersToLibraryDialog,10.0,Microsoft Corporation Inc.,Application,,C:\Windows\SystemApps\Microsoft.Windows.AddSuggestedFoldersToLibraryDialog_cw5n1h2txyewy,1.0
3162,Antimalware Core Service,4.18,Microsoft Corporation Inc.,Application,,C:\Program Files\Windows Defender,1.0
3162,AntiMalware Platform Update (amd64fre),4.18,Microsoft Corporation Inc.,Application,,C:\Windows\SystemTemp\4691D104-EB09-4238-BA0F-74E96F149E52MpCommU,1.0
3162,Antimalware Service Executable,4.18,Microsoft Corporation Inc.,Application,,C:\Program Files\Windows Defender,1.0
3162,AppFollower,1.3,Conexant Systems Inc.,Application,,C:\Program Files\CONEXANT\Flow,1.0
3162,AppResolverUX,10.0,Microsoft Corporation Inc.,Application,,C:\Windows\SystemApps\Microsoft.Windows.AppResolverUX_cw5n1h2txyewy,1.0
3162,AsyncTextService,10.0,Microsoft Corporation Inc.,Application,,C:\Windows\SystemApps\Microsoft.AsyncTextService_8wekyb3d8bbwe,1.0
3162,Audio Control,4.0,Conexant Systems LLC.,Application,,C:\Program Files\CONEXANT\Install\Audio\SA3\SA3\Dyson,2.0
3162,Audio Controls Control Panel,4.0,Conexant Systems LLC.,Application,,C:\Program Files\CONEXANT\SA3\HP-NB-AIO,3.0
3162,Bang & Olufsen,4.0,Conexant Systems LLC.,Application,,C:\Program Files\CONEXANT\Install\Audio\SA3\SA3\BandO,2.0
3162,Biometric Enrollment Host,10.0,Microsoft Corporation Inc.,Application,,C:\Windows\SystemApps\Microsoft.BioEnrollment_cw5n1h2txyewy,1.0
3162,BMC Client Management Agent,24.1.01.240624,BMC Software Inc.,Application,,C:\Program Files\BMC Software\Client Management\Client\bin,1.0
3162,BMC Client Management Certificate Generator,24.1.01.240624,BMC Software Inc.,Application,,C:\Program Files\BMC Software\Client Management\Client\bin,1.0
3162,BMC Client Management Chilli Interpreter,24.1.01.240624,BMC Software Inc.,Application,,C:\Program Files\BMC Software\Client Management\Client\bin,1.0
3162,BMC Client Management Direct Access Proxy Agent,24.1.01.240624,BMC Software Inc.,Application,,C:\Program Files\BMC Software\Client Management\Client\bin,1.0
3162,BMC Client Management Opswat Proxy Agent,24.1.01.240624,BMC Software Inc.,Application,,C:\Program Files\BMC Software\Client Management\Client\bin,1.0
3162,BMC Client Management Package Viewer,24.1.01.240624,BMC Software Inc.,Application,,C:\Program Files\BMC Software\Client Management\Client\bin,1.0
3162,BMC Client Management Patch Broker,24.1.01.240624,BMC Software Inc.,Application,,C:\Program Files\BMC Software\Client Management\Client\bin,1.0
3162,BMC Client Management Proxy Agent,24.1.01.240624,BMC Software Inc.,Application,,C:\Program Files\BMC Software\Client Management\Client\bin,1.0
3162,BMC Client Management Remote Control proxy,24.1.01.240624,BMC Software Inc.,Application,,C:\Program Files\BMC Software\Client Management\Client\bin,1.0
3162,BMC Client Management SCAP,24.1.01.240624,BMC Software Inc.,Application,,C:\Program Files\BMC Software\Client Management\Client\bin,1.0
3162,BMC Client Management Video Proxy Agent,24.1.01.240624,BMC Software Inc.,Application,,C:\Program Files\BMC Software\Client Management\Client\bin,1.0
3162,Boot File Servicing Utility,10.0,Microsoft Corporation Inc.,Application,,C:\Windows,1.0
3162,Browser Protection Native Messaging Host,4.18,Microsoft Corporation Inc.,Application,,C:\Program Files\Windows Defender,1.0
3162,BrowserCore,10.0,Microsoft Corporation Inc.,Application,,C:\Windows\BrowserCore,1.0
3162,CameraBarcodeScannerPreview,10.0,Microsoft Corporation Inc.,Application,,C:\Windows\SystemApps\Windows.CBSPreview_cw5n1h2txyewy,1.0
3162,CL5,9.6,Ivanti,Application,,C:\Program Files\BMC Software\Client Management\Client\data\PatchManagementPremium\workspace,1.0
3162,ClickOnce,4.8,Microsoft Corporation Inc.,Application,,C:\Windows\Microsoft.NET\Framework64\v4.0.30319,3.0
3162,CnxtNotify,1.0,Conexant Systems Inc.,Application,,C:\Program Files\CONEXANT\SA3\HP-NB-AIO,1.0
3162,Credential Dialog Host,10.0,Microsoft Corporation Inc.,Application,,C:\Windows\SystemApps\microsoft.creddialoghost_cw5n1h2txyewy,1.0
3162,CrowdStrike Device Control,7.29,CrowdStrike Inc.,Add/Remove Programs,"November 14, 2025 12:00:00 AM",,
3162,CrowdStrike Device Control Support Tool,7.29,CrowdStrike Inc.,Application,,C:\Program Files\CrowdStrike,1.0
3162,CrowdStrike Falcon Connector,7.31,CrowdStrike Inc.,Application,,C:\Program Files\CrowdStrike,1.0
3162,CrowdStrike Falcon Sensor,7.31,CrowdStrike Inc.,Application,,C:\Program Files\CrowdStrike,1.0
3162,CrowdStrike Falcon Sensor Controller,7.31,CrowdStrike Inc.,Application,,C:\Program Files\CrowdStrike,1.0
3162,CrowdStrike Falcon Sensor Service,7.31,CrowdStrike Inc.,Application,,C:\Program Files\CrowdStrike,1.0
3162,CrowdStrike Falcon Sensor Servlet Container,7.31,CrowdStrike Inc.,Application,,C:\Program Files\CrowdStrike,1.0
3162,CrowdStrike Falcon Sensor Settings Tool,7.31,CrowdStrike Inc.,Application,,C:\Program Files\CrowdStrike,1.0
3162,CrowdStrike Falcon Sensor System Tray Application,7.31,CrowdStrike Inc.,Application,,C:\Program Files\CrowdStrike,2.0
3162,CrowdStrike Firmware Analysis,7.14,CrowdStrike Inc.,Add/Remove Programs,"June 20, 2025 12:00:00 AM",,
3162,CrowdStrike Firmware Analysis Support Tool,7.14,CrowdStrike Inc.,Application,,C:\Program Files\CrowdStrike,1.0
3162,CrowdStrike On-Demand Scan Command-line Tool,7.31,CrowdStrike Inc.,Application,,C:\Program Files\CrowdStrike,1.0
3162,CrowdStrike On-Demand Scan Tool,7.31,CrowdStrike Inc.,Application,,C:\Program Files\CrowdStrike,1.0
15969,.NET Runtime Crash Dump Generator,8.0,Microsoft Corporation Inc.,Application,,C:\Program Files (x86)\Trend Micro\Endpoint Basecamp\modules\vom\modules\UiBridgeModule\VOneAgentConsole,1.0
15969,.NET Runtime Optimization Service,4.8,Microsoft Corporation Inc.,Application,,C:\Windows\Microsoft.NET\Framework64\v4.0.30319,2.0
15969,64Bit MAPI Mail Agent,1.0,Foxit Software Inc.,Application,,C:\Program Files (x86)\Foxit Software\Foxit PDF Reader,1.0
15969,7-Zip 24.08 (x64),24.08,Igor Pavlov,Add/Remove Programs,,C:\Program Files\7-Zip\,
15969,7-Zip Console,24.08,Igor Pavlov,Application,,C:\Program Files\7-Zip,1.0
15969,7-Zip Console,25.01,Igor Pavlov,Application,,C:\Program Files (x86)\Trend Micro\Security Agent,4.0
15969,7-Zip File Manager,24.08,Igor Pavlov,Application,,C:\Program Files\7-Zip,1.0
15969,7-Zip GUI,24.08,Igor Pavlov,Application,,C:\Program Files\7-Zip,1.0
15969,Accounts Control Host,10.0,Microsoft Corporation Inc.,Application,,C:\Windows\SystemApps\Microsoft.AccountsControl_cw5n1h2txyewy,1.0
15969,ActiveUpdate module.,2.88,Trend Micro Inc.,Application,,C:\Program Files (x86)\Trend Micro\Security Agent,2.0
15969,AddSuggestedFoldersToLibraryDialog,10.0,Microsoft Corporation Inc.,Application,,C:\Windows\SystemApps\Microsoft.Windows.AddSuggestedFoldersToLibraryDialog_cw5n1h2txyewy,1.0
15969,Antimalware Core Service,4.18,Microsoft Corporation Inc.,Application,,C:\Program Files\Windows Defender,1.0
15969,Antimalware Service Executable,4.18,Microsoft Corporation Inc.,Application,,C:\Program Files\Windows Defender,1.0
15969,AppResolverUX,10.0,Microsoft Corporation Inc.,Application,,C:\Windows\SystemApps\Microsoft.Windows.AppResolverUX_cw5n1h2txyewy,1.0
15969,AsyncTextService,10.0,Microsoft Corporation Inc.,Application,,C:\Windows\SystemApps\Microsoft.AsyncTextService_8wekyb3d8bbwe,1.0
15969,Biometric Enrollment Host,10.0,Microsoft Corporation Inc.,Application,,C:\Windows\SystemApps\Microsoft.BioEnrollment_cw5n1h2txyewy,1.0
15969,BMC Client Management Agent,24.1.01.240624,BMC Software Inc.,Application,,C:\Program Files\BMC Software\Client Management\Client\bin,1.0
15969,BMC Client Management Certificate Generator,24.1.01.240624,BMC Software Inc.,Application,,C:\Program Files\BMC Software\Client Management\Client\bin,1.0
15969,BMC Client Management Chilli Interpreter,24.1.01.240624,BMC Software Inc.,Application,,C:\Program Files\BMC Software\Client Management\Client\bin,1.0
15969,BMC Client Management Direct Access Proxy Agent,24.1.01.240624,BMC Software Inc.,Application,,C:\Program Files\BMC Software\Client Management\Client\bin,1.0
15969,BMC Client Management Opswat Proxy Agent,24.1.01.240624,BMC Software Inc.,Application,,C:\Program Files\BMC Software\Client Management\Client\bin,1.0
15969,BMC Client Management Package Viewer,24.1.01.240624,BMC Software Inc.,Application,,C:\Program Files\BMC Software\Client Management\Client\bin,1.0
15969,BMC Client Management Patch Broker,24.1.01.240624,BMC Software Inc.,Application,,C:\Program Files\BMC Software\Client Management\Client\bin,1.0
15969,BMC Client Management Proxy Agent,24.1.01.240624,BMC Software Inc.,Application,,C:\Program Files\BMC Software\Client Management\Client\bin,1.0
15969,BMC Client Management Remote Control proxy,24.1.01.240624,BMC Software Inc.,Application,,C:\Program Files\BMC Software\Client Management\Client\bin,1.0
15969,BMC Client Management SCAP,24.1.01.240624,BMC Software Inc.,Application,,C:\Program Files\BMC Software\Client Management\Client\bin,1.0
15969,BMC Client Management Video Proxy Agent,24.1.01.240624,BMC Software Inc.,Application,,C:\Program Files\BMC Software\Client Management\Client\bin,1.0
15969,Boot File Servicing Utility,10.0,Microsoft Corporation Inc.,Application,,C:\Windows,1.0
15969,Browser Protection Native Messaging Host,4.18,Microsoft Corporation Inc.,Application,,C:\Program Files\Windows Defender,1.0
15969,BrowserCore,10.0,Microsoft Corporation Inc.,Application,,C:\Windows\BrowserCore,1.0
15969,CameraBarcodeScannerPreview,10.0,Microsoft Corporation Inc.,Application,,C:\Windows\SystemApps\Windows.CBSPreview_cw5n1h2txyewy,1.0
15969,ChromeEnterpriseCompanion,143.0,Google LLC,Application,,C:\Windows\SystemTemp\scoped_dir19764_957200887\scoped_dir19764_1634437449,1.0
15969,CL5,9.6,Ivanti,Application,,C:\Program Files\BMC Software\Client Management\Client\data\PatchManagementPremium\workspace,1.0
15969,ClickOnce,4.8,Microsoft Corporation Inc.,Application,,C:\Windows\Microsoft.NET\Framework64\v4.0.30319,3.0
15969,Common User Interface,5.8,Musarubra US LLC.,Application,,C:\Program Files\McAfee\Agent\x86,1.0
15969,Copilot,144.0,Microsoft Corporation Inc.,Application,,C:\Program Files (x86)\Microsoft\EdgeWebView\Application\144.0.3719.93,4.0
15969,Copilot Update,1.3,Microsoft Corporation Inc.,Application,,C:\Program Files (x86)\Microsoft\EdgeUpdate,2.0
15969,CrashSender Application,4.3,Google Inc.,Application,,C:\Program Files\Google\Google Apps Migration,1.0
15969,Create a self-signed digital certificate,15.0,Microsoft Corporation Inc.,Application,,C:\Program Files\Microsoft Office\Office15,1.0
15969,Credential Dialog Host,10.0,Microsoft Corporation Inc.,Application,,C:\Windows\SystemApps\microsoft.creddialoghost_cw5n1h2txyewy,1.0
15969,Deep Security Agent Configuration Compiler,12.0,Trend Micro Inc.,Application,,C:\Program Files (x86)\Trend Micro\iService\iVP,1.0
15969,DREBoot,2.0,Trend Micro Inc.,Application,,C:\Program Files (x86)\Trend Micro\Security Agent\CCSF\module\DRE,1.0
15969,dtoop Application,6.2,Trend Micro Inc.,Application,,C:\Program Files (x86)\Trend Micro\Security Agent\dlplite\update\x64\system32\dgagent,3.0
15969,EC App,10.0,Microsoft Corporation Inc.,Application,,C:\Windows\SystemApps\Microsoft.ECApp_8wekyb3d8bbwe,1.0
15969,FE Commander,6.0,Trend Micro Inc.,Application,,C:\Program Files (x86)\Trend Micro\Security Agent\dlplite\update\x64\system32\dgagent,3.0
15969,File Explorer,10.0,Microsoft Corporation Inc.,Application,,C:\Windows\SystemApps\Microsoft.Windows.FileExplorer_cw5n1h2txyewy,1.0
15969,File Picker,10.0,Microsoft Corporation Inc.,Application,,C:\Windows\SystemApps\Microsoft.Windows.FilePicker_cw5n1h2txyewy,1.0
15969,Foxit PDF Preview Handler Host,12.1,Foxit Corporation,Application,,C:\Program Files (x86)\Foxit Software\Foxit PDF Reader\Shell Extensions,1.0
15969,Foxit PDF Reader,2024.4,Foxit Software Inc.,Application,"March 18, 2025 12:00:00 AM",C:\Program Files (x86)\Foxit Software\Foxit PDF Reader,1.0
15969,Foxit PDF Reader Update Service,2.0,Foxit Software Inc.,Application,,C:\Program Files (x86)\Common Files\Foxit PDF Reader,2.0
5021,.NET Runtime Crash Dump Generator,8.0,Microsoft Corporation Inc.,Application,,C:\Program Files (x86)\Trend Micro\Endpoint Basecamp\modules\vom\modules\UiBridgeModule\VOneAgentConsole,1.0
5021,.NET Runtime Optimization Service,4.8,Microsoft Corporation Inc.,Application,,C:\Windows\Microsoft.NET\Framework64\v4.0.30319,2.0
5021,64Bit MAPI Mail Agent,1.0,Foxit Software Inc.,Application,,C:\Program Files (x86)\Foxit Software\Foxit PDF Reader,1.0
5021,7-Zip 24.08 (x64 edition),24.08,Igor Pavlov,Add/Remove Programs,"November 30, 2024 12:00:00 AM",,
5021,7-Zip Console,24.08,Igor Pavlov,Application,,C:\Program Files\7-Zip,1.0
5021,7-Zip Console,25.01,Igor Pavlov,Application,,C:\Program Files (x86)\Trend Micro\Security Agent,4.0
5021,7-Zip File Manager,24.08,Igor Pavlov,Application,,C:\Program Files\7-Zip,1.0
5021,7-Zip GUI,24.08,Igor Pavlov,Application,,C:\Program Files\7-Zip,1.0
5021,Accounts Control Host,10.0,Microsoft Corporation Inc.,Application,,C:\Windows\SystemApps\Microsoft.AccountsControl_cw5n1h2txyewy,1.0
5021,ActiveUpdate module.,2.88,Trend Micro Inc.,Application,,C:\Program Files (x86)\Trend Micro\Security Agent,2.0
5021,AddSuggestedFoldersToLibraryDialog,10.0,Microsoft Corporation Inc.,Application,,C:\Windows\SystemApps\Microsoft.Windows.AddSuggestedFoldersToLibraryDialog_cw5n1h2txyewy,1.0
5021,Antimalware Core Service,4.18,Microsoft Corporation Inc.,Application,,C:\Program Files\Windows Defender,1.0
5021,Antimalware Service Executable,4.18,Microsoft Corporation Inc.,Application,,C:\Program Files\Windows Defender,1.0
5021,AppResolverUX,10.0,Microsoft Corporation Inc.,Application,,C:\Windows\SystemApps\Microsoft.Windows.AppResolverUX_cw5n1h2txyewy,1.0
5021,AsyncTextService,10.0,Microsoft Corporation Inc.,Application,,C:\Windows\SystemApps\Microsoft.AsyncTextService_8wekyb3d8bbwe,1.0
5021,Biometric Enrollment Host,10.0,Microsoft Corporation Inc.,Application,,C:\Windows\SystemApps\Microsoft.BioEnrollment_cw5n1h2txyewy,1.0
5021,BMC Client Management Agent,24.1.01.240624,BMC Software Inc.,Application,,C:\Program Files\BMC Software\Client Management\Client\bin,1.0
5021,BMC Client Management Certificate Generator,24.1.01.240624,BMC Software Inc.,Application,,C:\Program Files\BMC Software\Client Management\Client\bin,1.0
5021,BMC Client Management Chilli Interpreter,24.1.01.240624,BMC Software Inc.,Application,,C:\Program Files\BMC Software\Client Management\Client\bin,1.0
5021,BMC Client Management Direct Access Proxy Agent,24.1.01.240624,BMC Software Inc.,Application,,C:\Program Files\BMC Software\Client Management\Client\bin,1.0
5021,BMC Client Management Opswat Proxy Agent,24.1.01.240624,BMC Software Inc.,Application,,C:\Program Files\BMC Software\Client Management\Client\bin,1.0
5021,BMC Client Management Package Viewer,24.1.01.240624,BMC Software Inc.,Application,,C:\Program Files\BMC Software\Client Management\Client\bin,1.0
5021,BMC Client Management Patch Broker,24.1.01.240624,BMC Software Inc.,Application,,C:\Program Files\BMC Software\Client Management\Client\bin,1.0
5021,BMC Client Management Proxy Agent,24.1.01.240624,BMC Software Inc.,Application,,C:\Program Files\BMC Software\Client Management\Client\bin,1.0
5021,BMC Client Management Remote Control proxy,24.1.01.240624,BMC Software Inc.,Application,,C:\Program Files\BMC Software\Client Management\Client\bin,1.0
5021,BMC Client Management SCAP,24.1.01.240624,BMC Software Inc.,Application,,C:\Program Files\BMC Software\Client Management\Client\bin,1.0
5021,BMC Client Management Video Proxy Agent,24.1.01.240624,BMC Software Inc.,Application,,C:\Program Files\BMC Software\Client Management\Client\bin,1.0
5021,Boot File Servicing Utility,10.0,Microsoft Corporation Inc.,Application,,C:\Windows,1.0
5021,Browser Protection Native Messaging Host,4.18,Microsoft Corporation Inc.,Application,,C:\Program Files\Windows Defender,1.0
5021,BrowserCore,10.0,Microsoft Corporation Inc.,Application,,C:\Windows\BrowserCore,1.0
5021,CameraBarcodeScannerPreview,10.0,Microsoft Corporation Inc.,Application,,C:\Windows\SystemApps\Windows.CBSPreview_cw5n1h2txyewy,1.0
5021,CL5,9.6,Ivanti,Application,,C:\Program Files\BMC Software\Client Management\Client\data\PatchManagementPremium\workspace,1.0
5021,ClickOnce,4.8,Microsoft Corporation Inc.,Application,,C:\Windows\Microsoft.NET\Framework64\v4.0.30319,3.0
5021,Common User Interface,5.8,Musarubra US LLC.,Application,,C:\Program Files\McAfee\Agent\x86,1.0
5021,Copilot,144.0,Microsoft Corporation Inc.,Application,,C:\Program Files (x86)\Microsoft\EdgeWebView\Application\144.0.3719.93,6.0
5021,Copilot Update,1.3,Microsoft Corporation Inc.,Application,,C:\Program Files (x86)\Microsoft\EdgeUpdate,2.0
5021,Create a self-signed digital certificate,15.0,Microsoft Corporation Inc.,Application,,C:\Program Files\Microsoft Office\Office15,1.0
5021,Credential Dialog Host,10.0,Microsoft Corporation Inc.,Application,,C:\Windows\SystemApps\microsoft.creddialoghost_cw5n1h2txyewy,1.0
5021,Deep Security Agent Configuration Compiler,12.0,Trend Micro Inc.,Application,,C:\Program Files (x86)\Trend Micro\iService\iVP,1.0
5021,Definition Update for Microsoft Office 2013 (KB3115404) 64-Bit Edition,,Microsoft Corporation Inc.,Add/Remove Programs,,,
5021,DREBoot,2.0,Trend Micro Inc.,Application,,C:\Program Files (x86)\Trend Micro\Security Agent\CCSF\module\DRE,1.0
5021,dtoop Application,6.2,Trend Micro Inc.,Application,,C:\Program Files (x86)\Trend Micro\Security Agent\dlplite\update\x64\system32\dgagent,3.0
5021,EC App,10.0,Microsoft Corporation Inc.,Application,,C:\Windows\SystemApps\Microsoft.ECApp_8wekyb3d8bbwe,1.0
5021,expediteupdater,10.0,Microsoft Corporation Inc.,Application,,C:\Program Files\Microsoft Update Health Tools,1.0
5021,FE Commander,6.0,Trend Micro Inc.,Application,,C:\Program Files (x86)\Trend Micro\Security Agent\dlplite\update\x64\system32\dgagent,3.0
5021,File Explorer,10.0,Microsoft Corporation Inc.,Application,,C:\Windows\SystemApps\Microsoft.Windows.FileExplorer_cw5n1h2txyewy,1.0
5021,File Picker,10.0,Microsoft Corporation Inc.,Application,,C:\Windows\SystemApps\Microsoft.Windows.FilePicker_cw5n1h2txyewy,1.0
5021,Foxit PDF CEF,11.2,Foxit Software Inc.,Application,,C:\Program Files (x86)\Foxit Software\Foxit PDF Reader,1.0
5021,Foxit PDF Preview Handler Host,1.0,Foxit Corporation,Application,,C:\Program Files (x86)\Foxit Software\Foxit PDF Reader\Shell Extensions,1.0
5021,Foxit PDF Reader,11.2,Foxit Software Inc.,Add/Remove Programs,"August 08, 2023 12:00:00 AM",C:\Program Files (x86)\Foxit Software\Foxit PDF Reader\,
7273,.NET Framework,3.0,Microsoft Corporation Inc.,Application,,C:\Windows\Microsoft.NET\Framework64\v3.0\Windows Communication Foundation,2.0
7273,.NET Runtime Crash Dump Generator,8.0,Microsoft Corporation Inc.,Application,,C:\Program Files (x86)\Trend Micro\Endpoint Basecamp\modules\vom\modules\UiBridgeModule\VOneAgentConsole,2.0
7273,.NET Runtime Optimization Service,2.0,Microsoft Corporation Inc.,Application,,C:\Windows\Microsoft.NET\Framework64\v2.0.50727,2.0
7273,.NET Runtime Optimization Service,4.8,Microsoft Corporation Inc.,Application,,C:\Windows\Microsoft.NET\Framework64\v4.0.30319,2.0
7273,64Bit MAPI Mail Agent,1.0,Foxit Software Inc.,Application,,C:\Program Files (x86)\Foxit Software\Foxit Reader,1.0
7273,7-Zip 24.08 (x64 edition),24.08,Igor Pavlov,Add/Remove Programs,"November 28, 2024 12:00:00 AM",,
7273,7-Zip Console,24.08,Igor Pavlov,Application,,C:\Program Files\7-Zip,1.0
7273,7-Zip Console,25.01,Igor Pavlov,Application,,C:\Program Files (x86)\Trend Micro\Security Agent,4.0
7273,7-Zip File Manager,24.08,Igor Pavlov,Application,,C:\Program Files\7-Zip,1.0
7273,7-Zip GUI,24.08,Igor Pavlov,Application,,C:\Program Files\7-Zip,1.0
7273,Accounts Control Host,10.0,Microsoft Corporation Inc.,Application,,C:\Windows\SystemApps\Microsoft.AccountsControl_cw5n1h2txyewy,1.0
7273,ActiveUpdate module.,2.88,Trend Micro Inc.,Application,,C:\Program Files (x86)\Trend Micro\Security Agent,2.0
7273,AddSuggestedFoldersToLibraryDialog,10.0,Microsoft Corporation Inc.,Application,,C:\Windows\SystemApps\Microsoft.Windows.AddSuggestedFoldersToLibraryDialog_cw5n1h2txyewy,1.0
7273,Antimalware Core Service,4.18,Microsoft Corporation Inc.,Application,,C:\Windows\SystemTemp\0A587B1D-33C4-4794-B693-6B80D663DBAC,2.0
7273,Antimalware Service Executable,4.18,Microsoft Corporation Inc.,Application,,C:\Windows\SystemTemp\0A587B1D-33C4-4794-B693-6B80D663DBAC,2.0
7273,AppResolverUX,10.0,Microsoft Corporation Inc.,Application,,C:\Windows\SystemApps\Microsoft.Windows.AppResolverUX_cw5n1h2txyewy,1.0
7273,AsyncTextService,10.0,Microsoft Corporation Inc.,Application,,C:\Windows\SystemApps\Microsoft.AsyncTextService_8wekyb3d8bbwe,1.0
7273,Biometric Enrollment Host,10.0,Microsoft Corporation Inc.,Application,,C:\Windows\SystemApps\Microsoft.BioEnrollment_cw5n1h2txyewy,1.0
7273,BMC Client Management Agent,24.1.01.240624,BMC Software Inc.,Application,,C:\Program Files\BMC Software\Client Management\Client\bin,1.0
7273,BMC Client Management Certificate Generator,24.1.01.240624,BMC Software Inc.,Application,,C:\Program Files\BMC Software\Client Management\Client\bin,1.0
7273,BMC Client Management Chilli Interpreter,24.1.01.240624,BMC Software Inc.,Application,,C:\Program Files\BMC Software\Client Management\Client\bin,1.0
7273,BMC Client Management Direct Access Proxy Agent,24.1.01.240624,BMC Software Inc.,Application,,C:\Program Files\BMC Software\Client Management\Client\bin,1.0
7273,BMC Client Management Opswat Proxy Agent,24.1.01.240624,BMC Software Inc.,Application,,C:\Program Files\BMC Software\Client Management\Client\bin,1.0
7273,BMC Client Management Package Viewer,24.1.01.240624,BMC Software Inc.,Application,,C:\Program Files\BMC Software\Client Management\Client\bin,1.0
7273,BMC Client Management Patch Broker,24.1.01.240624,BMC Software Inc.,Application,,C:\Program Files\BMC Software\Client Management\Client\bin,1.0
7273,BMC Client Management Proxy Agent,24.1.01.240624,BMC Software Inc.,Application,,C:\Program Files\BMC Software\Client Management\Client\bin,1.0
7273,BMC Client Management Remote Control proxy,24.1.01.240624,BMC Software Inc.,Application,,C:\Program Files\BMC Software\Client Management\Client\bin,1.0
7273,BMC Client Management SCAP,24.1.01.240624,BMC Software Inc.,Application,,C:\Program Files\BMC Software\Client Management\Client\bin,1.0
7273,BMC Client Management Video Proxy Agent,24.1.01.240624,BMC Software Inc.,Application,,C:\Program Files\BMC Software\Client Management\Client\bin,1.0
7273,Boot File Servicing Utility,10.0,Microsoft Corporation Inc.,Application,,C:\Windows,1.0
7273,Browser Protection Native Messaging Host,4.18,Microsoft Corporation Inc.,Application,,C:\Windows\SystemTemp\0A587B1D-33C4-4794-B693-6B80D663DBAC,2.0
7273,BrowserCore,10.0,Microsoft Corporation Inc.,Application,,C:\Windows\BrowserCore,1.0
7273,CameraBarcodeScannerPreview,10.0,Microsoft Corporation Inc.,Application,,C:\Windows\SystemApps\Windows.CBSPreview_cw5n1h2txyewy,1.0
7273,CL5,9.6,Ivanti,Application,,C:\Program Files\BMC Software\Client Management\Client\data\PatchManagementPremium\workspace,1.0
7273,ClickOnce,4.8,Microsoft Corporation Inc.,Application,,C:\Windows\Microsoft.NET\Framework64\v4.0.30319,3.0
7273,Common User Interface,5.8,Musarubra US LLC.,Application,,C:\Program Files\McAfee\Agent\x86,1.0
7273,Copilot,144.0,Microsoft Corporation Inc.,Application,,C:\Program Files (x86)\Microsoft\EdgeWebView\Application\144.0.3719.115,5.0
7273,Copilot Update,1.3,Microsoft Corporation Inc.,Application,,C:\Program Files (x86)\Microsoft\EdgeUpdate,2.0
7273,Create a self-signed digital certificate,15.0,Microsoft Corporation Inc.,Application,,C:\Program Files\Microsoft Office\Office15,1.0
7273,Credential Dialog Host,10.0,Microsoft Corporation Inc.,Application,,C:\Windows\SystemApps\microsoft.creddialoghost_cw5n1h2txyewy,1.0
7273,CrowdStrike Windows Sensor,7.04,CrowdStrike Inc.,Application,,D:\IT\CROWDSTRIKE 7.04.17605,1.0
7273,DAX API,3.30507,Dolby Laboratories,Application,,C:\Drivers\Audio\Source\Thirdparty\D0427\swc_factory\swc_aposvc_20h1_21h2_22h2_b22564_v3.30507.572.0,1.0
7273,Deep Security Agent Configuration Compiler,12.0,Trend Micro Inc.,Application,,C:\Program Files (x86)\Trend Micro\iService\iVP,1.0
7273,Definition Update for Microsoft Office 2013 (KB3115404) 64-Bit Edition,,Microsoft Corporation Inc.,Add/Remove Programs,,,
7273,DREBoot,2.0,Trend Micro Inc.,Application,,C:\Program Files (x86)\Trend Micro\Security Agent\CCSF\module\DRE,1.0
7273,dtoop Application,6.2,Trend Micro Inc.,Application,,C:\Program Files (x86)\Trend Micro\Security Agent\dlplite\update\x64\system32\dgagent,3.0
7273,EC App,10.0,Microsoft Corporation Inc.,Application,,C:\Windows\SystemApps\Microsoft.ECApp_8wekyb3d8bbwe,1.0
7273,Elevoc Audio Manager,1.0,Elevoc Technology Co.Ltd.,Application,,C:\Drivers\Audio\Source\Thirdparty\E0828\ElevocAPO64,1.0
7273,Elevoc Control Service,1.0,Elevoc Technology Co.Ltd.,Application,,C:\Drivers\Audio\Source\Thirdparty\E0828\ElevocAPO64,1.0
7273,expediteupdater,10.0,Microsoft Corporation Inc.,Application,,C:\Program Files\Microsoft Update Health Tools,1.0
4543,.NET Runtime Optimization Service,4.8,Microsoft Corporation Inc.,Application,,C:\Windows\Microsoft.NET\Framework64\v4.0.30319,2.0
4543,64Bit MAPI Mail Agent,1.0,Foxit Software Inc.,Application,,C:\Program Files (x86)\Foxit Software\Foxit PDF Reader,1.0
4543,7-Zip 24.09 (x64),24.09,Igor Pavlov,Add/Remove Programs,,C:\Program Files\7-Zip\,
4543,7-Zip Console,24.09,Igor Pavlov,Application,,C:\Program Files\7-Zip,1.0
4543,7-Zip File Manager,24.09,Igor Pavlov,Application,,C:\Program Files\7-Zip,1.0
4543,7-Zip GUI,24.09,Igor Pavlov,Application,,C:\Program Files\7-Zip,1.0
4543,Accounts Control Host,10.0,Microsoft Corporation Inc.,Application,,C:\Windows\SystemApps\Microsoft.AccountsControl_cw5n1h2txyewy,1.0
4543,AddSuggestedFoldersToLibraryDialog,10.0,Microsoft Corporation Inc.,Application,,C:\Windows\SystemApps\Microsoft.Windows.AddSuggestedFoldersToLibraryDialog_cw5n1h2txyewy,1.0
4543,Antimalware Core Service,4.18,Microsoft Corporation Inc.,Application,,C:\Program Files\Windows Defender,1.0
4543,AntiMalware Platform Update (amd64fre),4.18,Microsoft Corporation Inc.,Application,,C:\Windows\SystemTemp\92FB2AD1-54A5-439E-AFE7-C604D7577DF8MpCommU,1.0
4543,Antimalware Service Executable,4.18,Microsoft Corporation Inc.,Application,,C:\Program Files\Windows Defender,1.0
4543,AppFollower,1.3,Conexant Systems Inc.,Application,,C:\Program Files\CONEXANT\Flow,1.0
4543,AppResolverUX,10.0,Microsoft Corporation Inc.,Application,,C:\Windows\SystemApps\Microsoft.Windows.AppResolverUX_cw5n1h2txyewy,1.0
4543,AsyncTextService,10.0,Microsoft Corporation Inc.,Application,,C:\Windows\SystemApps\Microsoft.AsyncTextService_8wekyb3d8bbwe,1.0
4543,Audio Control,4.0,Conexant Systems LLC.,Application,,C:\Program Files\CONEXANT\Install\Audio\SA3\SA3\Dyson,2.0
4543,Audio Controls Control Panel,4.0,Conexant Systems LLC.,Application,,C:\Program Files\CONEXANT\SA3\HP-NB-AIO,3.0
4543,Bang & Olufsen,4.0,Conexant Systems LLC.,Application,,C:\Program Files\CONEXANT\Install\Audio\SA3\SA3\BandO,2.0
4543,Biometric Enrollment Host,10.0,Microsoft Corporation Inc.,Application,,C:\Windows\SystemApps\Microsoft.BioEnrollment_cw5n1h2txyewy,1.0
4543,BMC Client Management Agent,24.1.01.240624,BMC Software Inc.,Application,,C:\Program Files\BMC Software\Client Management\Client\bin,1.0
4543,BMC Client Management Certificate Generator,24.1.01.240624,BMC Software Inc.,Application,,C:\Program Files\BMC Software\Client Management\Client\bin,1.0
4543,BMC Client Management Chilli Interpreter,24.1.01.240624,BMC Software Inc.,Application,,C:\Program Files\BMC Software\Client Management\Client\bin,1.0
4543,BMC Client Management Direct Access Proxy Agent,24.1.01.240624,BMC Software Inc.,Application,,C:\Program Files\BMC Software\Client Management\Client\bin,1.0
4543,BMC Client Management Opswat Proxy Agent,24.1.01.240624,BMC Software Inc.,Application,,C:\Program Files\BMC Software\Client Management\Client\bin,1.0
4543,BMC Client Management Package Viewer,24.1.01.240624,BMC Software Inc.,Application,,C:\Program Files\BMC Software\Client Management\Client\bin,1.0
4543,BMC Client Management Patch Broker,24.1.01.240624,BMC Software Inc.,Application,,C:\Program Files\BMC Software\Client Management\Client\bin,1.0
4543,BMC Client Management Proxy Agent,24.1.01.240624,BMC Software Inc.,Application,,C:\Program Files\BMC Software\Client Management\Client\bin,1.0
4543,BMC Client Management Remote Control proxy,24.1.01.240624,BMC Software Inc.,Application,,C:\Program Files\BMC Software\Client Management\Client\bin,1.0
4543,BMC Client Management SCAP,24.1.01.240624,BMC Software Inc.,Application,,C:\Program Files\BMC Software\Client Management\Client\bin,1.0
4543,BMC Client Management SFX,24.1.01.240624,BMC Software Inc.,Application,,C:\Users\support.local02\Videos,1.0
4543,BMC Client Management Video Proxy Agent,24.1.01.240624,BMC Software Inc.,Application,,C:\Program Files\BMC Software\Client Management\Client\bin,1.0
4543,Boot File Servicing Utility,10.0,Microsoft Corporation Inc.,Application,,C:\Windows,1.0
4543,Browser Protection Native Messaging Host,4.18,Microsoft Corporation Inc.,Application,,C:\Program Files\Windows Defender,1.0
4543,BrowserCore,10.0,Microsoft Corporation Inc.,Application,,C:\Windows\BrowserCore,1.0
4543,CameraBarcodeScannerPreview,10.0,Microsoft Corporation Inc.,Application,,C:\Windows\SystemApps\Windows.CBSPreview_cw5n1h2txyewy,1.0
4543,CL5,9.6,Ivanti,Application,,C:\Program Files\BMC Software\Client Management\Client\data\PatchManagementPremium\workspace,1.0
4543,ClickOnce,4.8,Microsoft Corporation Inc.,Application,,C:\Windows\Microsoft.NET\Framework64\v4.0.30319,3.0
4543,CnxtNotify,1.0,Conexant Systems Inc.,Application,,C:\Program Files\CONEXANT\SA3\HP-NB-AIO,1.0
4543,Credential Dialog Host,10.0,Microsoft Corporation Inc.,Application,,C:\Windows\SystemApps\microsoft.creddialoghost_cw5n1h2txyewy,1.0
4543,CrowdStrike Device Control,7.29,CrowdStrike Inc.,Add/Remove Programs,"November 14, 2025 12:00:00 AM",,
4543,CrowdStrike Device Control Support Tool,7.29,CrowdStrike Inc.,Application,,C:\Program Files\CrowdStrike,1.0
4543,CrowdStrike Falcon Connector,7.32,CrowdStrike Inc.,Application,,C:\Program Files\CrowdStrike,1.0
4543,CrowdStrike Falcon Sensor,7.32,CrowdStrike Inc.,Application,,C:\Program Files\CrowdStrike,1.0
4543,CrowdStrike Falcon Sensor Controller,7.32,CrowdStrike Inc.,Application,,C:\Program Files\CrowdStrike,1.0
4543,CrowdStrike Falcon Sensor Service,7.32,CrowdStrike Inc.,Application,,C:\Program Files\CrowdStrike,1.0
4543,CrowdStrike Falcon Sensor Servlet Container,7.32,CrowdStrike Inc.,Application,,C:\Program Files\CrowdStrike,1.0
4543,CrowdStrike Falcon Sensor Settings Tool,7.32,CrowdStrike Inc.,Application,,C:\Program Files\CrowdStrike,1.0
4543,CrowdStrike Falcon Sensor System Tray Application,7.32,CrowdStrike Inc.,Application,,C:\Program Files\CrowdStrike,2.0
4543,CrowdStrike Firmware Analysis,7.14,CrowdStrike Inc.,Add/Remove Programs,"June 20, 2025 12:00:00 AM",,
4543,CrowdStrike Firmware Analysis Support Tool,7.14,CrowdStrike Inc.,Application,,C:\Program Files\CrowdStrike,1.0
4543,CrowdStrike On-Demand Scan Command-line Tool,7.32,CrowdStrike Inc.,Application,,C:\Program Files\CrowdStrike,1.0
3259,.NET Runtime Optimization Service,4.8,Microsoft Corporation Inc.,Application,,C:\Windows\Microsoft.NET\Framework64\v4.0.30319,2.0
3259,64Bit MAPI Mail Agent,1.0,Foxit Software Inc.,Application,,C:\Program Files (x86)\Foxit Software\Foxit PDF Reader,1.0
3259,7-Zip 24.08 (x64 edition),24.08,Igor Pavlov,Add/Remove Programs,"November 28, 2024 12:00:00 AM",,
3259,7-Zip Console,24.08,Igor Pavlov,Application,,C:\Program Files\7-Zip,1.0
3259,7-Zip File Manager,24.08,Igor Pavlov,Application,,C:\Program Files\7-Zip,1.0
3259,7-Zip GUI,24.08,Igor Pavlov,Application,,C:\Program Files\7-Zip,1.0
3259,AAD token broker plugin,10.0,Microsoft Corporation Inc.,Application,,C:\Windows\SystemApps\Microsoft.AAD.BrokerPlugin_cw5n1h2txyewy,1.0
3259,Accounts Control Host,10.0,Microsoft Corporation Inc.,Application,,C:\Windows\SystemApps\Microsoft.AccountsControl_cw5n1h2txyewy,1.0
3259,AddSuggestedFoldersToLibraryDialog,10.0,Microsoft Corporation Inc.,Application,,C:\Windows\SystemApps\Microsoft.Windows.AddSuggestedFoldersToLibraryDialog_cw5n1h2txyewy,1.0
3259,Antimalware Service Executable,4.18,Microsoft Corporation Inc.,Application,,C:\Program Files\Windows Defender,1.0
3259,AppFollower,1.3,Conexant Systems Inc.,Application,,C:\Program Files\CONEXANT\Flow,1.0
3259,AppResolverUX,10.0,Microsoft Corporation Inc.,Application,,C:\Windows\SystemApps\Microsoft.Windows.AppResolverUX_cw5n1h2txyewy,1.0
3259,AsyncTextService,10.0,Microsoft Corporation Inc.,Application,,C:\Windows\SystemApps\Microsoft.AsyncTextService_8wekyb3d8bbwe,1.0
3259,Audio Control,4.0,Conexant Systems LLC.,Application,,C:\Program Files\CONEXANT\Install\Audio\SA3\SA3\Dyson,2.0
3259,Audio Controls Control Panel,4.0,Conexant Systems LLC.,Application,,C:\Program Files\CONEXANT\SA3\HP-NB-AIO,3.0
3259,Bang & Olufsen,4.0,Conexant Systems LLC.,Application,,C:\Program Files\CONEXANT\Install\Audio\SA3\SA3\BandO,2.0
3259,Biometric Enrollment Host,10.0,Microsoft Corporation Inc.,Application,,C:\Windows\SystemApps\Microsoft.BioEnrollment_cw5n1h2txyewy,1.0
3259,BMC Client Management Agent,24.1.01.240624,BMC Software Inc.,Application,,C:\Program Files\BMC Software\Client Management\Client\bin,1.0
3259,BMC Client Management Certificate Generator,24.1.01.240624,BMC Software Inc.,Application,,C:\Program Files\BMC Software\Client Management\Client\bin,1.0
3259,BMC Client Management Chilli Interpreter,24.1.01.240624,BMC Software Inc.,Application,,C:\Program Files\BMC Software\Client Management\Client\bin,1.0
3259,BMC Client Management Direct Access Proxy Agent,24.1.01.240624,BMC Software Inc.,Application,,C:\Program Files\BMC Software\Client Management\Client\bin,1.0
3259,BMC Client Management Opswat Proxy Agent,24.1.01.240624,BMC Software Inc.,Application,,C:\Program Files\BMC Software\Client Management\Client\bin,1.0
3259,BMC Client Management Package Viewer,24.1.01.240624,BMC Software Inc.,Application,,C:\Program Files\BMC Software\Client Management\Client\bin,1.0
3259,BMC Client Management Patch Broker,24.1.01.240624,BMC Software Inc.,Application,,C:\Program Files\BMC Software\Client Management\Client\bin,1.0
3259,BMC Client Management Proxy Agent,24.1.01.240624,BMC Software Inc.,Application,,C:\Program Files\BMC Software\Client Management\Client\bin,1.0
3259,BMC Client Management Remote Control proxy,24.1.01.240624,BMC Software Inc.,Application,,C:\Program Files\BMC Software\Client Management\Client\bin,1.0
3259,BMC Client Management SCAP,24.1.01.240624,BMC Software Inc.,Application,,C:\Program Files\BMC Software\Client Management\Client\bin,1.0
3259,BMC Client Management Video Proxy Agent,24.1.01.240624,BMC Software Inc.,Application,,C:\Program Files\BMC Software\Client Management\Client\bin,1.0
3259,Boot File Servicing Utility,10.0,Microsoft Corporation Inc.,Application,,C:\Windows,1.0
3259,BrowserCore,10.0,Microsoft Corporation Inc.,Application,,C:\Windows\BrowserCore,1.0
3259,Calling App to host call progress on shell,10.0,Microsoft Corporation Inc.,Application,,C:\Windows\SystemApps\Microsoft.Windows.CallingShellApp_cw5n1h2txyewy,1.0
3259,CameraBarcodeScannerPreview,10.0,Microsoft Corporation Inc.,Application,,C:\Windows\SystemApps\Windows.CBSPreview_cw5n1h2txyewy,1.0
3259,ChromeEnterpriseCompanion,143.0,Google LLC,Application,,C:\Windows\SystemTemp\scoped_dir16208_1117529184\scoped_dir16208_1219941432,1.0
3259,CL5,9.6,Ivanti,Application,,C:\Program Files\BMC Software\Client Management\Client\data\PatchManagementPremium\workspace,1.0
3259,ClickOnce,4.8,Microsoft Corporation Inc.,Application,,C:\Windows\Microsoft.NET\Framework64\v4.0.30319,3.0
3259,CnxtNotify,1.0,Conexant Systems Inc.,Application,,C:\Program Files\CONEXANT\SA3\HP-NB-AIO,1.0
3259,Common User Interface,5.8,Musarubra US LLC.,Application,,C:\Program Files\McAfee\Agent\x86,1.0
3259,Copilot,144.0,Microsoft Corporation Inc.,Application,,C:\Program Files (x86)\Microsoft\EdgeWebView\Application\144.0.3719.115,3.0
3259,Copilot Update,1.3,Microsoft Corporation Inc.,Application,,C:\Program Files (x86)\Microsoft\EdgeUpdate,2.0
3259,Credential Dialog Host,10.0,Microsoft Corporation Inc.,Application,,C:\Windows\SystemApps\microsoft.creddialoghost_cw5n1h2txyewy,1.0
3259,CrowdStrike Device Control,7.29,CrowdStrike Inc.,Add/Remove Programs,"November 14, 2025 12:00:00 AM",,
3259,CrowdStrike Device Control Support Tool,7.29,CrowdStrike Inc.,Application,,C:\Program Files\CrowdStrike,1.0
3259,CrowdStrike Falcon Connector,7.32,CrowdStrike Inc.,Application,,C:\Program Files\CrowdStrike,1.0
3259,CrowdStrike Falcon Sensor,7.32,CrowdStrike Inc.,Application,,C:\Program Files\CrowdStrike,1.0
3259,CrowdStrike Falcon Sensor Controller,7.32,CrowdStrike Inc.,Application,,C:\Program Files\CrowdStrike,1.0
3259,CrowdStrike Falcon Sensor Service,7.32,CrowdStrike Inc.,Application,,C:\Program Files\CrowdStrike,1.0
3259,CrowdStrike Falcon Sensor Servlet Container,7.32,CrowdStrike Inc.,Application,,C:\Program Files\CrowdStrike,1.0
3259,CrowdStrike Falcon Sensor Settings Tool,7.32,CrowdStrike Inc.,Application,,C:\Program Files\CrowdStrike,1.0
3259,CrowdStrike Falcon Sensor System Tray Application,7.32,CrowdStrike Inc.,Application,,C:\Program Files\CrowdStrike,2.0
3259,CrowdStrike Firmware Analysis,7.14,CrowdStrike Inc.,Add/Remove Programs,"May 22, 2025 12:00:00 AM",,
3203,.NET Framework,3.0,Microsoft Corporation Inc.,Application,,C:\Windows\Microsoft.NET\Framework64\v3.0\Windows Communication Foundation,2.0
3203,.NET Runtime Optimization Service,2.0,Microsoft Corporation Inc.,Application,,C:\Windows\Microsoft.NET\Framework64\v2.0.50727,2.0
3203,.NET Runtime Optimization Service,4.8,Microsoft Corporation Inc.,Application,,C:\Windows\Microsoft.NET\Framework64\v4.0.30319,2.0
3203,64Bit MAPI Mail Agent,1.0,Foxit Software Inc.,Application,,C:\Program Files (x86)\Foxit Software\Foxit PDF Reader,1.0
3203,7-Zip 24.08 (x64 edition),24.08,Igor Pavlov,Add/Remove Programs,"November 29, 2024 12:00:00 AM",,
3203,7-Zip Console,24.08,Igor Pavlov,Application,,C:\Program Files\7-Zip,1.0
3203,7-Zip File Manager,24.08,Igor Pavlov,Application,,C:\Program Files\7-Zip,1.0
3203,7-Zip GUI,24.08,Igor Pavlov,Application,,C:\Program Files\7-Zip,1.0
3203,Accounts Control Host,10.0,Microsoft Corporation Inc.,Application,,C:\Windows\SystemApps\Microsoft.AccountsControl_cw5n1h2txyewy,1.0
3203,AddSuggestedFoldersToLibraryDialog,10.0,Microsoft Corporation Inc.,Application,,C:\Windows\SystemApps\Microsoft.Windows.AddSuggestedFoldersToLibraryDialog_cw5n1h2txyewy,1.0
3203,Antimalware Core Service,4.18,Microsoft Corporation Inc.,Application,,C:\Program Files\Windows Defender,1.0
3203,Antimalware Service Executable,4.18,Microsoft Corporation Inc.,Application,,C:\Program Files\Windows Defender,1.0
3203,AppResolverUX,10.0,Microsoft Corporation Inc.,Application,,C:\Windows\SystemApps\Microsoft.Windows.AppResolverUX_cw5n1h2txyewy,1.0
3203,AsyncTextService,10.0,Microsoft Corporation Inc.,Application,,C:\Windows\SystemApps\Microsoft.AsyncTextService_8wekyb3d8bbwe,1.0
3203,Biometric Enrollment Host,10.0,Microsoft Corporation Inc.,Application,,C:\Windows\SystemApps\Microsoft.BioEnrollment_cw5n1h2txyewy,1.0
3203,BMC Client Management Agent,24.1.01.240624,BMC Software Inc.,Application,,C:\Program Files\BMC Software\Client Management\Client\bin,1.0
3203,BMC Client Management Certificate Generator,24.1.01.240624,BMC Software Inc.,Application,,C:\Program Files\BMC Software\Client Management\Client\bin,1.0
3203,BMC Client Management Chilli Interpreter,24.1.01.240624,BMC Software Inc.,Application,,C:\Program Files\BMC Software\Client Management\Client\bin,1.0
3203,BMC Client Management Direct Access Proxy Agent,24.1.01.240624,BMC Software Inc.,Application,,C:\Program Files\BMC Software\Client Management\Client\bin,1.0
3203,BMC Client Management Opswat Proxy Agent,24.1.01.240624,BMC Software Inc.,Application,,C:\Program Files\BMC Software\Client Management\Client\bin,1.0
3203,BMC Client Management Package Viewer,24.1.01.240624,BMC Software Inc.,Application,,C:\Program Files\BMC Software\Client Management\Client\bin,1.0
3203,BMC Client Management Patch Broker,24.1.01.240624,BMC Software Inc.,Application,,C:\Program Files\BMC Software\Client Management\Client\bin,1.0
3203,BMC Client Management Proxy Agent,24.1.01.240624,BMC Software Inc.,Application,,C:\Program Files\BMC Software\Client Management\Client\bin,1.0
3203,BMC Client Management Remote Control proxy,24.1.01.240624,BMC Software Inc.,Application,,C:\Program Files\BMC Software\Client Management\Client\bin,1.0
3203,BMC Client Management SCAP,24.1.01.240624,BMC Software Inc.,Application,,C:\Program Files\BMC Software\Client Management\Client\bin,1.0
3203,BMC Client Management Video Proxy Agent,24.1.01.240624,BMC Software Inc.,Application,,C:\Program Files\BMC Software\Client Management\Client\bin,1.0
3203,Boot File Servicing Utility,10.0,Microsoft Corporation Inc.,Application,,C:\Windows,1.0
3203,Browser Protection Native Messaging Host,4.18,Microsoft Corporation Inc.,Application,,C:\Program Files\Windows Defender,1.0
3203,BrowserCore,10.0,Microsoft Corporation Inc.,Application,,C:\Windows\BrowserCore,1.0
3203,CameraBarcodeScannerPreview,10.0,Microsoft Corporation Inc.,Application,,C:\Windows\SystemApps\Windows.CBSPreview_cw5n1h2txyewy,1.0
3203,CL5,9.6,Ivanti,Application,,C:\Program Files\BMC Software\Client Management\Client\data\PatchManagementPremium\workspace,1.0
3203,ClickOnce,4.8,Microsoft Corporation Inc.,Application,,C:\Windows\Microsoft.NET\Framework64\v4.0.30319,3.0
3203,Common User Interface,5.8,Musarubra US LLC.,Application,,C:\Program Files\McAfee\Agent\x86,1.0
3203,Copilot,144.0,Microsoft Corporation Inc.,Application,,C:\Program Files (x86)\Microsoft\EdgeWebView\Application\144.0.3719.93,6.0
3203,Copilot Update,1.3,Microsoft Corporation Inc.,Application,,C:\Program Files (x86)\Microsoft\EdgeUpdate,2.0
3203,Create a self-signed digital certificate,15.0,Microsoft Corporation Inc.,Application,,C:\Program Files\Microsoft Office\Office15,1.0
3203,Credential Dialog Host,10.0,Microsoft Corporation Inc.,Application,,C:\Windows\SystemApps\microsoft.creddialoghost_cw5n1h2txyewy,1.0
3203,CrowdStrike Device Control,7.29,CrowdStrike Inc.,Add/Remove Programs,"November 14, 2025 12:00:00 AM",,
3203,CrowdStrike Device Control Support Tool,7.29,CrowdStrike Inc.,Application,,C:\Program Files\CrowdStrike,1.0
3203,CrowdStrike Falcon Connector,7.32,CrowdStrike Inc.,Application,,C:\Program Files\CrowdStrike,1.0
3203,CrowdStrike Falcon Sensor,7.32,CrowdStrike Inc.,Application,,C:\Program Files\CrowdStrike,1.0
3203,CrowdStrike Falcon Sensor Controller,7.32,CrowdStrike Inc.,Application,,C:\Program Files\CrowdStrike,1.0
3203,CrowdStrike Falcon Sensor Service,7.32,CrowdStrike Inc.,Application,,C:\Program Files\CrowdStrike,1.0
3203,CrowdStrike Falcon Sensor Servlet Container,7.32,CrowdStrike Inc.,Application,,C:\Program Files\CrowdStrike,1.0
3203,CrowdStrike Falcon Sensor Settings Tool,7.32,CrowdStrike Inc.,Application,,C:\Program Files\CrowdStrike,1.0
3203,CrowdStrike Falcon Sensor System Tray Application,7.32,CrowdStrike Inc.,Application,,C:\Program Files\CrowdStrike,2.0
3203,CrowdStrike Firmware Analysis,7.14,CrowdStrike Inc.,Add/Remove Programs,"April 17, 2025 12:00:00 AM",,
3203,CrowdStrike Firmware Analysis Support Tool,7.14,CrowdStrike Inc.,Application,,C:\Program Files\CrowdStrike,1.0
3203,CrowdStrike On-Demand Scan Command-line Tool,7.32,CrowdStrike Inc.,Application,,C:\Program Files\CrowdStrike,1.0
3203,CrowdStrike On-Demand Scan Tool,7.32,CrowdStrike Inc.,Application,,C:\Program Files\CrowdStrike,1.0
2843,.NET Framework,3.0,Microsoft Corporation Inc.,Application,,C:\Windows\Microsoft.NET\Framework64\v3.0\Windows Communication Foundation,2.0
2843,.NET Runtime Optimization Service,4.8,Microsoft Corporation Inc.,Application,,C:\Windows\Microsoft.NET\Framework64\v4.0.30319,2.0
2843,.NET Runtime Optimization Service,2.0,Microsoft Corporation Inc.,Application,,C:\Windows\Microsoft.NET\Framework64\v2.0.50727,2.0
2843,64Bit MAPI Mail Agent,1.0,Foxit Software Inc.,Application,,C:\Program Files (x86)\Foxit Software\Foxit PDF Reader,1.0
2843,7-Zip 24.08 (x64 edition),24.08,Igor Pavlov,Add/Remove Programs,"November 27, 2024 12:00:00 AM",,
2843,7-Zip Console,24.08,Igor Pavlov,Application,,C:\Program Files\7-Zip,1.0
2843,7-Zip File Manager,24.08,Igor Pavlov,Application,,C:\Program Files\7-Zip,1.0
2843,7-Zip GUI,24.08,Igor Pavlov,Application,,C:\Program Files\7-Zip,1.0
2843,AAD token broker plugin,10.0,Microsoft Corporation Inc.,Application,,C:\Windows\SystemApps\Microsoft.AAD.BrokerPlugin_cw5n1h2txyewy,1.0
2843,Accounts Control Host,10.0,Microsoft Corporation Inc.,Application,,C:\Windows\SystemApps\Microsoft.AccountsControl_cw5n1h2txyewy,1.0
2843,AddSuggestedFoldersToLibraryDialog,10.0,Microsoft Corporation Inc.,Application,,C:\Windows\SystemApps\Microsoft.Windows.AddSuggestedFoldersToLibraryDialog_cw5n1h2txyewy,1.0
2843,Antimalware Service Executable,4.18,Microsoft Corporation Inc.,Application,,C:\Program Files\Windows Defender,1.0
2843,AppResolverUX,10.0,Microsoft Corporation Inc.,Application,,C:\Windows\SystemApps\Microsoft.Windows.AppResolverUX_cw5n1h2txyewy,1.0
2843,AsyncTextService,10.0,Microsoft Corporation Inc.,Application,,C:\Windows\SystemApps\Microsoft.AsyncTextService_8wekyb3d8bbwe,1.0
2843,Biometric Enrollment Host,10.0,Microsoft Corporation Inc.,Application,,C:\Windows\SystemApps\Microsoft.BioEnrollment_cw5n1h2txyewy,1.0
2843,BMC Client Management Agent,24.1.01.240624,BMC Software Inc.,Application,,C:\Program Files\BMC Software\Client Management\Client\bin,1.0
2843,BMC Client Management Certificate Generator,24.1.01.240624,BMC Software Inc.,Application,,C:\Program Files\BMC Software\Client Management\Client\bin,1.0
2843,BMC Client Management Chilli Interpreter,24.1.01.240624,BMC Software Inc.,Application,,C:\Program Files\BMC Software\Client Management\Client\bin,1.0
2843,BMC Client Management Direct Access Proxy Agent,24.1.01.240624,BMC Software Inc.,Application,,C:\Program Files\BMC Software\Client Management\Client\bin,1.0
2843,BMC Client Management Opswat Proxy Agent,24.1.01.240624,BMC Software Inc.,Application,,C:\Program Files\BMC Software\Client Management\Client\bin,1.0
2843,BMC Client Management Package Viewer,24.1.01.240624,BMC Software Inc.,Application,,C:\Program Files\BMC Software\Client Management\Client\bin,1.0
2843,BMC Client Management Patch Broker,24.1.01.240624,BMC Software Inc.,Application,,C:\Program Files\BMC Software\Client Management\Client\bin,1.0
2843,BMC Client Management Proxy Agent,24.1.01.240624,BMC Software Inc.,Application,,C:\Program Files\BMC Software\Client Management\Client\bin,1.0
2843,BMC Client Management Remote Control proxy,24.1.01.240624,BMC Software Inc.,Application,,C:\Program Files\BMC Software\Client Management\Client\bin,1.0
2843,BMC Client Management SCAP,24.1.01.240624,BMC Software Inc.,Application,,C:\Program Files\BMC Software\Client Management\Client\bin,1.0
2843,BMC Client Management Video Proxy Agent,24.1.01.240624,BMC Software Inc.,Application,,C:\Program Files\BMC Software\Client Management\Client\bin,1.0
2843,Boot File Servicing Utility,10.0,Microsoft Corporation Inc.,Application,,C:\Windows,1.0
2843,BrowserCore,10.0,Microsoft Corporation Inc.,Application,,C:\Windows\BrowserCore,1.0
2843,Calling App to host call progress on shell,10.0,Microsoft Corporation Inc.,Application,,C:\Windows\SystemApps\Microsoft.Windows.CallingShellApp_cw5n1h2txyewy,1.0
2843,CameraBarcodeScannerPreview,10.0,Microsoft Corporation Inc.,Application,,C:\Windows\SystemApps\Windows.CBSPreview_cw5n1h2txyewy,1.0
2843,CL5,9.6,Ivanti,Application,,C:\Program Files\BMC Software\Client Management\Client\data\PatchManagementPremium\workspace,6.0
2843,ClickOnce,4.8,Microsoft Corporation Inc.,Application,,C:\Windows\Microsoft.NET\Framework64\v4.0.30319,3.0
2843,Create a self-signed digital certificate,15.0,Microsoft Corporation Inc.,Application,,C:\Program Files\Microsoft Office\Office15,1.0
2843,Credential Dialog Host,10.0,Microsoft Corporation Inc.,Application,,C:\Windows\SystemApps\microsoft.creddialoghost_cw5n1h2txyewy,1.0
2843,CrowdStrike Device Control,7.29,CrowdStrike Inc.,Add/Remove Programs,"November 14, 2025 12:00:00 AM",,
2843,CrowdStrike Device Control Support Tool,7.29,CrowdStrike Inc.,Application,,C:\Program Files\CrowdStrike,1.0
2843,CrowdStrike Falcon Connector,7.32,CrowdStrike Inc.,Application,,C:\Program Files\CrowdStrike,1.0
2843,CrowdStrike Falcon Sensor,7.32,CrowdStrike Inc.,Application,,C:\Program Files\CrowdStrike,1.0
2843,CrowdStrike Falcon Sensor Controller,7.32,CrowdStrike Inc.,Application,,C:\Program Files\CrowdStrike,1.0
2843,CrowdStrike Falcon Sensor Service,7.32,CrowdStrike Inc.,Application,,C:\Program Files\CrowdStrike,1.0
2843,CrowdStrike Falcon Sensor Servlet Container,7.32,CrowdStrike Inc.,Application,,C:\Program Files\CrowdStrike,1.0
2843,CrowdStrike Falcon Sensor Settings Tool,7.32,CrowdStrike Inc.,Application,,C:\Program Files\CrowdStrike,1.0
2843,CrowdStrike Falcon Sensor System Tray Application,7.32,CrowdStrike Inc.,Application,,C:\Program Files\CrowdStrike,2.0
2843,CrowdStrike Firmware Analysis,7.14,CrowdStrike Inc.,Add/Remove Programs,"June 18, 2025 12:00:00 AM",,
2843,CrowdStrike Firmware Analysis Support Tool,7.14,CrowdStrike Inc.,Application,,C:\Program Files\CrowdStrike,1.0
2843,CrowdStrike On-Demand Scan Command-line Tool,7.32,CrowdStrike Inc.,Application,,C:\Program Files\CrowdStrike,1.0
2843,CrowdStrike On-Demand Scan Tool,7.32,CrowdStrike Inc.,Application,,C:\Program Files\CrowdStrike,1.0
2843,CrowdStrike Sensor Platform,7.32,CrowdStrike Inc.,Add/Remove Programs,"January 14, 2026 12:00:00 AM",,
2843,CrowdStrike Windows Sensor,7.32,CrowdStrike Inc.,Add/Remove Programs,"January 14, 2026 12:00:00 AM",,
2843,EC App,10.0,Microsoft Corporation Inc.,Application,,C:\Windows\SystemApps\Microsoft.ECApp_8wekyb3d8bbwe,1.0
3247,.NET Runtime Optimization Service,4.8,Microsoft Corporation Inc.,Application,,C:\Windows\Microsoft.NET\Framework64\v4.0.30319,2.0
3247,64Bit MAPI Mail Agent,1.0,Foxit Software Inc.,Application,,C:\Program Files (x86)\Foxit Software\Foxit PDF Reader,1.0
3247,7-Zip 24.09 (x64),24.09,Igor Pavlov,Add/Remove Programs,,C:\Program Files\7-Zip\,
3247,7-Zip Console,24.09,Igor Pavlov,Application,,C:\Program Files\7-Zip,1.0
3247,7-Zip File Manager,24.09,Igor Pavlov,Application,,C:\Program Files\7-Zip,1.0
3247,7-Zip GUI,24.09,Igor Pavlov,Application,,C:\Program Files\7-Zip,1.0
3247,Accounts Control Host,10.0,Microsoft Corporation Inc.,Application,,C:\Windows\SystemApps\Microsoft.AccountsControl_cw5n1h2txyewy,1.0
3247,AddSuggestedFoldersToLibraryDialog,10.0,Microsoft Corporation Inc.,Application,,C:\Windows\SystemApps\Microsoft.Windows.AddSuggestedFoldersToLibraryDialog_cw5n1h2txyewy,1.0
3247,Antimalware Core Service,4.18,Microsoft Corporation Inc.,Application,,C:\Program Files\Windows Defender,1.0
3247,AntiMalware Platform Update (amd64fre),4.18,Microsoft Corporation Inc.,Application,,C:\Windows\SystemTemp\EFE2E1B3-D3B5-4D94-BD60-074CE9D788BFMpCommU,1.0
3247,Antimalware Service Executable,4.18,Microsoft Corporation Inc.,Application,,C:\Program Files\Windows Defender,1.0
3247,AppResolverUX,10.0,Microsoft Corporation Inc.,Application,,C:\Windows\SystemApps\Microsoft.Windows.AppResolverUX_cw5n1h2txyewy,1.0
3247,AsyncTextService,10.0,Microsoft Corporation Inc.,Application,,C:\Windows\SystemApps\Microsoft.AsyncTextService_8wekyb3d8bbwe,1.0
3247,Biometric Enrollment Host,10.0,Microsoft Corporation Inc.,Application,,C:\Windows\SystemApps\Microsoft.BioEnrollment_cw5n1h2txyewy,1.0
3247,BMC Client Management Agent,24.1.01.240624,BMC Software Inc.,Application,,C:\Program Files\BMC Software\Client Management\Client\bin,1.0
3247,BMC Client Management Certificate Generator,24.1.01.240624,BMC Software Inc.,Application,,C:\Program Files\BMC Software\Client Management\Client\bin,1.0
3247,BMC Client Management Chilli Interpreter,24.1.01.240624,BMC Software Inc.,Application,,C:\Program Files\BMC Software\Client Management\Client\bin,1.0
3247,BMC Client Management Direct Access Proxy Agent,24.1.01.240624,BMC Software Inc.,Application,,C:\Program Files\BMC Software\Client Management\Client\bin,1.0
3247,BMC Client Management Opswat Proxy Agent,24.1.01.240624,BMC Software Inc.,Application,,C:\Program Files\BMC Software\Client Management\Client\bin,1.0
3247,BMC Client Management Package Viewer,24.1.01.240624,BMC Software Inc.,Application,,C:\Program Files\BMC Software\Client Management\Client\bin,1.0
3247,BMC Client Management Patch Broker,24.1.01.240624,BMC Software Inc.,Application,,C:\Program Files\BMC Software\Client Management\Client\bin,1.0
3247,BMC Client Management Proxy Agent,24.1.01.240624,BMC Software Inc.,Application,,C:\Program Files\BMC Software\Client Management\Client\bin,1.0
3247,BMC Client Management Remote Control proxy,24.1.01.240624,BMC Software Inc.,Application,,C:\Program Files\BMC Software\Client Management\Client\bin,1.0
3247,BMC Client Management SCAP,24.1.01.240624,BMC Software Inc.,Application,,C:\Program Files\BMC Software\Client Management\Client\bin,1.0
3247,BMC Client Management Video Proxy Agent,24.1.01.240624,BMC Software Inc.,Application,,C:\Program Files\BMC Software\Client Management\Client\bin,1.0
3247,Boot File Servicing Utility,10.0,Microsoft Corporation Inc.,Application,,C:\Windows,1.0
3247,Browser Protection Native Messaging Host,4.18,Microsoft Corporation Inc.,Application,,C:\Program Files\Windows Defender,1.0
3247,BrowserCore,10.0,Microsoft Corporation Inc.,Application,,C:\Windows\BrowserCore,1.0
3247,CameraBarcodeScannerPreview,10.0,Microsoft Corporation Inc.,Application,,C:\Windows\SystemApps\Windows.CBSPreview_cw5n1h2txyewy,1.0
3247,ChromeEnterpriseCompanion,143.0,Google LLC,Application,,C:\Windows\SystemTemp\scoped_dir14904_390845167\scoped_dir14904_479202468,1.0
3247,CL5,9.6,Ivanti,Application,,C:\Program Files\BMC Software\Client Management\Client\data\PatchManagementPremium\workspace,3.0
3247,ClickOnce,4.8,Microsoft Corporation Inc.,Application,,C:\Windows\Microsoft.NET\Framework64\v4.0.30319,3.0
3247,Common User Interface,5.8,Musarubra US LLC.,Application,,C:\Program Files\McAfee\Agent\x86,1.0
3247,Copilot,144.0,Microsoft Corporation Inc.,Application,,C:\Program Files (x86)\Microsoft\EdgeWebView\Application\144.0.3719.115,3.0
3247,Copilot Update,1.3,Microsoft Corporation Inc.,Application,,C:\Program Files (x86)\Microsoft\EdgeUpdate,2.0
3247,Credential Dialog Host,10.0,Microsoft Corporation Inc.,Application,,C:\Windows\SystemApps\microsoft.creddialoghost_cw5n1h2txyewy,1.0
3247,CrowdStrike Device Control,7.29,CrowdStrike Inc.,Add/Remove Programs,"November 14, 2025 12:00:00 AM",,
3247,CrowdStrike Device Control Support Tool,7.29,CrowdStrike Inc.,Application,,C:\Program Files\CrowdStrike,1.0
3247,CrowdStrike Falcon Connector,7.32,CrowdStrike Inc.,Application,,C:\Program Files\CrowdStrike,1.0
3247,CrowdStrike Falcon Sensor,7.32,CrowdStrike Inc.,Application,,C:\Program Files\CrowdStrike,1.0
3247,CrowdStrike Falcon Sensor Controller,7.32,CrowdStrike Inc.,Application,,C:\Program Files\CrowdStrike,1.0
3247,CrowdStrike Falcon Sensor Service,7.32,CrowdStrike Inc.,Application,,C:\Program Files\CrowdStrike,1.0
3247,CrowdStrike Falcon Sensor Servlet Container,7.32,CrowdStrike Inc.,Application,,C:\Program Files\CrowdStrike,1.0
3247,CrowdStrike Falcon Sensor Settings Tool,7.32,CrowdStrike Inc.,Application,,C:\Program Files\CrowdStrike,1.0
3247,CrowdStrike Falcon Sensor System Tray Application,7.32,CrowdStrike Inc.,Application,,C:\Program Files\CrowdStrike,2.0
3247,CrowdStrike Firmware Analysis,7.14,CrowdStrike Inc.,Add/Remove Programs,"June 24, 2025 12:00:00 AM",,
3247,CrowdStrike Firmware Analysis Support Tool,7.14,CrowdStrike Inc.,Application,,C:\Program Files\CrowdStrike,1.0
3247,CrowdStrike On-Demand Scan Command-line Tool,7.32,CrowdStrike Inc.,Application,,C:\Program Files\CrowdStrike,1.0
3247,CrowdStrike On-Demand Scan Tool,7.32,CrowdStrike Inc.,Application,,C:\Program Files\CrowdStrike,1.0
3247,CrowdStrike Sensor Platform,7.32,CrowdStrike Inc.,Add/Remove Programs,"January 14, 2026 12:00:00 AM",,
2416,.NET Runtime Optimization Service,4.8,Microsoft Corporation Inc.,Application,,C:\Windows\Microsoft.NET\Framework64\v4.0.30319,2.0
2416,64Bit MAPI Mail Agent,1.0,Foxit Software Inc.,Application,,C:\Program Files (x86)\Foxit Software\Foxit PDF Reader,1.0
2416,7-Zip 24.09 (x64),24.09,Igor Pavlov,Add/Remove Programs,,C:\Program Files\7-Zip\,
2416,7-Zip Console,24.09,Igor Pavlov,Application,,C:\Program Files\7-Zip,1.0
2416,7-Zip File Manager,24.09,Igor Pavlov,Application,,C:\Program Files\7-Zip,1.0
2416,7-Zip GUI,24.09,Igor Pavlov,Application,,C:\Program Files\7-Zip,1.0
2416,Accounts Control Host,10.0,Microsoft Corporation Inc.,Application,,C:\Windows\SystemApps\Microsoft.AccountsControl_cw5n1h2txyewy,1.0
2416,AddSuggestedFoldersToLibraryDialog,10.0,Microsoft Corporation Inc.,Application,,C:\Windows\SystemApps\Microsoft.Windows.AddSuggestedFoldersToLibraryDialog_cw5n1h2txyewy,1.0
2416,Antimalware Core Service,4.18,Microsoft Corporation Inc.,Application,,C:\Program Files\Windows Defender,1.0
2416,AntiMalware Platform Update (amd64fre),4.18,Microsoft Corporation Inc.,Application,,C:\Windows\SystemTemp\42D7577B-26AB-4FF8-8711-DC8AA64C13E5MpCommU,1.0
2416,Antimalware Service Executable,4.18,Microsoft Corporation Inc.,Application,,C:\Program Files\Windows Defender,1.0
2416,AppFollower,1.3,Conexant Systems Inc.,Application,,C:\Program Files\CONEXANT\Flow,1.0
2416,AppResolverUX,10.0,Microsoft Corporation Inc.,Application,,C:\Windows\SystemApps\Microsoft.Windows.AppResolverUX_cw5n1h2txyewy,1.0
2416,AsyncTextService,10.0,Microsoft Corporation Inc.,Application,,C:\Windows\SystemApps\Microsoft.AsyncTextService_8wekyb3d8bbwe,1.0
2416,Audio Control,4.0,Conexant Systems LLC.,Application,,C:\Program Files\CONEXANT\Install\Audio\SA3\SA3\Dyson,2.0
2416,Audio Controls Control Panel,4.0,Conexant Systems LLC.,Application,,C:\Program Files\CONEXANT\SA3\HP-NB-AIO,3.0
2416,Bang & Olufsen,4.0,Conexant Systems LLC.,Application,,C:\Program Files\CONEXANT\Install\Audio\SA3\SA3\BandO,2.0
2416,Biometric Enrollment Host,10.0,Microsoft Corporation Inc.,Application,,C:\Windows\SystemApps\Microsoft.BioEnrollment_cw5n1h2txyewy,1.0
2416,BMC Client Management Agent,24.1.01.240624,BMC Software Inc.,Application,,C:\Program Files\BMC Software\Client Management\Client\bin,1.0
2416,BMC Client Management Certificate Generator,24.1.01.240624,BMC Software Inc.,Application,,C:\Program Files\BMC Software\Client Management\Client\bin,1.0
2416,BMC Client Management Chilli Interpreter,24.1.01.240624,BMC Software Inc.,Application,,C:\Program Files\BMC Software\Client Management\Client\bin,1.0
2416,BMC Client Management Direct Access Proxy Agent,24.1.01.240624,BMC Software Inc.,Application,,C:\Program Files\BMC Software\Client Management\Client\bin,1.0
2416,BMC Client Management Opswat Proxy Agent,24.1.01.240624,BMC Software Inc.,Application,,C:\Program Files\BMC Software\Client Management\Client\bin,1.0
2416,BMC Client Management Package Viewer,24.1.01.240624,BMC Software Inc.,Application,,C:\Program Files\BMC Software\Client Management\Client\bin,1.0
2416,BMC Client Management Patch Broker,24.1.01.240624,BMC Software Inc.,Application,,C:\Program Files\BMC Software\Client Management\Client\bin,1.0
2416,BMC Client Management Proxy Agent,24.1.01.240624,BMC Software Inc.,Application,,C:\Program Files\BMC Software\Client Management\Client\bin,1.0
2416,BMC Client Management Remote Control proxy,24.1.01.240624,BMC Software Inc.,Application,,C:\Program Files\BMC Software\Client Management\Client\bin,1.0
2416,BMC Client Management SCAP,24.1.01.240624,BMC Software Inc.,Application,,C:\Program Files\BMC Software\Client Management\Client\bin,1.0
2416,BMC Client Management Video Proxy Agent,24.1.01.240624,BMC Software Inc.,Application,,C:\Program Files\BMC Software\Client Management\Client\bin,1.0
2416,Boot File Servicing Utility,10.0,Microsoft Corporation Inc.,Application,,C:\Windows,1.0
2416,Browser Protection Native Messaging Host,4.18,Microsoft Corporation Inc.,Application,,C:\Program Files\Windows Defender,1.0
2416,BrowserCore,10.0,Microsoft Corporation Inc.,Application,,C:\Windows\BrowserCore,1.0
2416,CameraBarcodeScannerPreview,10.0,Microsoft Corporation Inc.,Application,,C:\Windows\SystemApps\Windows.CBSPreview_cw5n1h2txyewy,1.0
2416,CL5,9.6,Ivanti,Application,,C:\Program Files\BMC Software\Client Management\Client\data\PatchManagementPremium\workspace,1.0
2416,ClickOnce,4.8,Microsoft Corporation Inc.,Application,,C:\Windows\Microsoft.NET\Framework64\v4.0.30319,3.0
2416,CnxtNotify,1.0,Conexant Systems Inc.,Application,,C:\Program Files\CONEXANT\SA3\HP-NB-AIO,1.0
2416,Credential Dialog Host,10.0,Microsoft Corporation Inc.,Application,,C:\Windows\SystemApps\microsoft.creddialoghost_cw5n1h2txyewy,1.0
2416,CrowdStrike Device Control,7.29,CrowdStrike Inc.,Add/Remove Programs,"November 14, 2025 12:00:00 AM",,
2416,CrowdStrike Device Control Support Tool,7.29,CrowdStrike Inc.,Application,,C:\Program Files\CrowdStrike,1.0
2416,CrowdStrike Falcon Connector,7.31,CrowdStrike Inc.,Application,,C:\Program Files\CrowdStrike,1.0
2416,CrowdStrike Falcon Sensor,7.31,CrowdStrike Inc.,Application,,C:\Program Files\CrowdStrike,1.0
2416,CrowdStrike Falcon Sensor Controller,7.31,CrowdStrike Inc.,Application,,C:\Program Files\CrowdStrike,1.0
2416,CrowdStrike Falcon Sensor Service,7.31,CrowdStrike Inc.,Application,,C:\Program Files\CrowdStrike,1.0
2416,CrowdStrike Falcon Sensor Servlet Container,7.31,CrowdStrike Inc.,Application,,C:\Program Files\CrowdStrike,1.0
2416,CrowdStrike Falcon Sensor Settings Tool,7.31,CrowdStrike Inc.,Application,,C:\Program Files\CrowdStrike,1.0
2416,CrowdStrike Falcon Sensor System Tray Application,7.31,CrowdStrike Inc.,Application,,C:\Program Files\CrowdStrike,2.0
2416,CrowdStrike Firmware Analysis,7.14,CrowdStrike Inc.,Add/Remove Programs,"June 20, 2025 12:00:00 AM",,
2416,CrowdStrike Firmware Analysis Support Tool,7.14,CrowdStrike Inc.,Application,,C:\Program Files\CrowdStrike,1.0
2416,CrowdStrike On-Demand Scan Command-line Tool,7.31,CrowdStrike Inc.,Application,,C:\Program Files\CrowdStrike,1.0
2416,CrowdStrike On-Demand Scan Tool,7.31,CrowdStrike Inc.,Application,,C:\Program Files\CrowdStrike,1.0
12243,.NET Framework,3.0,Microsoft Corporation Inc.,Application,,C:\Windows\Microsoft.NET\Framework64\v3.0\Windows Communication Foundation,2.0
12243,.NET Runtime Optimization Service,4.8,Microsoft Corporation Inc.,Application,,C:\Windows\Microsoft.NET\Framework64\v4.0.30319,2.0
12243,.NET Runtime Optimization Service,2.0,Microsoft Corporation Inc.,Application,,C:\Windows\Microsoft.NET\Framework64\v2.0.50727,2.0
12243,64Bit MAPI Mail Agent,1.0,Foxit Software Inc.,Application,,C:\Program Files (x86)\Foxit Software\Foxit PDF Reader,1.0
12243,7-Zip 24.08 (x64 edition),24.08,Igor Pavlov,Add/Remove Programs,"December 09, 2024 12:00:00 AM",,
12243,7-Zip Console,24.08,Igor Pavlov,Application,,C:\Program Files\7-Zip,1.0
12243,7-Zip File Manager,24.08,Igor Pavlov,Application,,C:\Program Files\7-Zip,1.0
12243,7-Zip GUI,24.08,Igor Pavlov,Application,,C:\Program Files\7-Zip,1.0
12243,Accounts Control Host,10.0,Microsoft Corporation Inc.,Application,,C:\Windows\SystemApps\Microsoft.AccountsControl_cw5n1h2txyewy,1.0
12243,AddSuggestedFoldersToLibraryDialog,10.0,Microsoft Corporation Inc.,Application,,C:\Windows\SystemApps\Microsoft.Windows.AddSuggestedFoldersToLibraryDialog_cw5n1h2txyewy,1.0
12243,Antimalware Core Service,4.18,Microsoft Corporation Inc.,Application,,C:\Program Files\Windows Defender,1.0
12243,Antimalware Service Executable,4.18,Microsoft Corporation Inc.,Application,,C:\Program Files\Windows Defender,1.0
12243,AppResolverUX,10.0,Microsoft Corporation Inc.,Application,,C:\Windows\SystemApps\Microsoft.Windows.AppResolverUX_cw5n1h2txyewy,1.0
12243,AsyncTextService,10.0,Microsoft Corporation Inc.,Application,,C:\Windows\SystemApps\Microsoft.AsyncTextService_8wekyb3d8bbwe,1.0
12243,Biometric Enrollment Host,10.0,Microsoft Corporation Inc.,Application,,C:\Windows\SystemApps\Microsoft.BioEnrollment_cw5n1h2txyewy,1.0
12243,BMC Client Management Agent,24.1.01.240624,BMC Software Inc.,Application,,C:\Program Files\BMC Software\Client Management\Client\bin,1.0
12243,BMC Client Management Certificate Generator,24.1.01.240624,BMC Software Inc.,Application,,C:\Program Files\BMC Software\Client Management\Client\bin,1.0
12243,BMC Client Management Chilli Interpreter,24.1.01.240624,BMC Software Inc.,Application,,C:\Program Files\BMC Software\Client Management\Client\bin,1.0
12243,BMC Client Management Direct Access Proxy Agent,24.1.01.240624,BMC Software Inc.,Application,,C:\Program Files\BMC Software\Client Management\Client\bin,1.0
12243,BMC Client Management Opswat Proxy Agent,24.1.01.240624,BMC Software Inc.,Application,,C:\Program Files\BMC Software\Client Management\Client\bin,1.0
12243,BMC Client Management Package Viewer,24.1.01.240624,BMC Software Inc.,Application,,C:\Program Files\BMC Software\Client Management\Client\bin,1.0
12243,BMC Client Management Patch Broker,24.1.01.240624,BMC Software Inc.,Application,,C:\Program Files\BMC Software\Client Management\Client\bin,1.0
12243,BMC Client Management Proxy Agent,24.1.01.240624,BMC Software Inc.,Application,,C:\Program Files\BMC Software\Client Management\Client\bin,1.0
12243,BMC Client Management Remote Control proxy,24.1.01.240624,BMC Software Inc.,Application,,C:\Program Files\BMC Software\Client Management\Client\bin,1.0
12243,BMC Client Management SCAP,24.1.01.240624,BMC Software Inc.,Application,,C:\Program Files\BMC Software\Client Management\Client\bin,1.0
12243,BMC Client Management Video Proxy Agent,24.1.01.240624,BMC Software Inc.,Application,,C:\Program Files\BMC Software\Client Management\Client\bin,1.0
12243,Boot File Servicing Utility,10.0,Microsoft Corporation Inc.,Application,,C:\Windows,1.0
12243,Browser Protection Native Messaging Host,4.18,Microsoft Corporation Inc.,Application,,C:\Program Files\Windows Defender,1.0
12243,BrowserCore,10.0,Microsoft Corporation Inc.,Application,,C:\Windows\BrowserCore,1.0
12243,CameraBarcodeScannerPreview,10.0,Microsoft Corporation Inc.,Application,,C:\Windows\SystemApps\Windows.CBSPreview_cw5n1h2txyewy,1.0
12243,CL5,9.6,Ivanti,Application,,C:\Program Files\BMC Software\Client Management\Client\data\PatchManagementPremium\workspace,5.0
12243,ClickOnce,4.8,Microsoft Corporation Inc.,Application,,C:\Windows\Microsoft.NET\Framework64\v4.0.30319,3.0
12243,Common User Interface,5.8,Musarubra US LLC.,Application,,C:\Program Files\McAfee\Agent\x86,1.0
12243,Copilot,144.0,Microsoft Corporation Inc.,Application,,C:\Program Files (x86)\Microsoft\EdgeWebView\Application\144.0.3719.93,6.0
12243,Copilot Update,1.3,Microsoft Corporation Inc.,Application,,C:\Program Files (x86)\Microsoft\EdgeUpdate,2.0
12243,Credential Dialog Host,10.0,Microsoft Corporation Inc.,Application,,C:\Windows\SystemApps\microsoft.creddialoghost_cw5n1h2txyewy,1.0
12243,CrowdStrike Device Control,7.29,CrowdStrike Inc.,Add/Remove Programs,"November 14, 2025 12:00:00 AM",,
12243,CrowdStrike Device Control Support Tool,7.29,CrowdStrike Inc.,Application,,C:\Program Files\CrowdStrike,1.0
12243,CrowdStrike Falcon Connector,7.32,CrowdStrike Inc.,Application,,C:\Program Files\CrowdStrike,1.0
12243,CrowdStrike Falcon Sensor,7.32,CrowdStrike Inc.,Application,,C:\Program Files\CrowdStrike,1.0
12243,CrowdStrike Falcon Sensor Controller,7.32,CrowdStrike Inc.,Application,,C:\Program Files\CrowdStrike,1.0
12243,CrowdStrike Falcon Sensor Service,7.32,CrowdStrike Inc.,Application,,C:\Program Files\CrowdStrike,1.0
12243,CrowdStrike Falcon Sensor Servlet Container,7.32,CrowdStrike Inc.,Application,,C:\Program Files\CrowdStrike,1.0
12243,CrowdStrike Falcon Sensor Settings Tool,7.32,CrowdStrike Inc.,Application,,C:\Program Files\CrowdStrike,1.0
12243,CrowdStrike Falcon Sensor System Tray Application,7.32,CrowdStrike Inc.,Application,,C:\Program Files\CrowdStrike,2.0
12243,CrowdStrike Firmware Analysis,7.14,CrowdStrike Inc.,Add/Remove Programs,"May 22, 2025 12:00:00 AM",,
12243,CrowdStrike Firmware Analysis Support Tool,7.14,CrowdStrike Inc.,Application,,C:\Program Files\CrowdStrike,1.0
12243,CrowdStrike On-Demand Scan Command-line Tool,7.32,CrowdStrike Inc.,Application,,C:\Program Files\CrowdStrike,1.0
12243,CrowdStrike On-Demand Scan Tool,7.32,CrowdStrike Inc.,Application,,C:\Program Files\CrowdStrike,1.0
12243,CrowdStrike Sensor Platform,7.32,CrowdStrike Inc.,Add/Remove Programs,"January 15, 2026 12:00:00 AM",,
3610,.NET Framework,3.0,Microsoft Corporation Inc.,Application,,C:\Windows\Microsoft.NET\Framework64\v3.0\Windows Communication Foundation,2.0
3610,.NET Runtime Optimization Service,4.8,Microsoft Corporation Inc.,Application,,C:\Windows\Microsoft.NET\Framework64\v4.0.30319,2.0
3610,.NET Runtime Optimization Service,2.0,Microsoft Corporation Inc.,Application,,C:\Windows\Microsoft.NET\Framework64\v2.0.50727,2.0
3610,64Bit MAPI Mail Agent,1.0,Foxit Software Inc.,Application,,C:\Program Files (x86)\Foxit Software\Foxit PDF Reader,1.0
3610,7-Zip 24.08 (x64 edition),24.08,Igor Pavlov,Add/Remove Programs,"November 27, 2024 12:00:00 AM",,
3610,7-Zip Console,24.08,Igor Pavlov,Application,,C:\Program Files\7-Zip,1.0
3610,7-Zip File Manager,24.08,Igor Pavlov,Application,,C:\Program Files\7-Zip,1.0
3610,7-Zip GUI,24.08,Igor Pavlov,Application,,C:\Program Files\7-Zip,1.0
3610,AAD token broker plugin,10.0,Microsoft Corporation Inc.,Application,,C:\Windows\SystemApps\Microsoft.AAD.BrokerPlugin_cw5n1h2txyewy,1.0
3610,Accounts Control Host,10.0,Microsoft Corporation Inc.,Application,,C:\Windows\SystemApps\Microsoft.AccountsControl_cw5n1h2txyewy,1.0
3610,AddSuggestedFoldersToLibraryDialog,10.0,Microsoft Corporation Inc.,Application,,C:\Windows\SystemApps\Microsoft.Windows.AddSuggestedFoldersToLibraryDialog_cw5n1h2txyewy,1.0
3610,Antimalware Service Executable,4.18,Microsoft Corporation Inc.,Application,,C:\Program Files\Windows Defender,1.0
3610,AppResolverUX,10.0,Microsoft Corporation Inc.,Application,,C:\Windows\SystemApps\Microsoft.Windows.AppResolverUX_cw5n1h2txyewy,1.0
3610,AsyncTextService,10.0,Microsoft Corporation Inc.,Application,,C:\Windows\SystemApps\Microsoft.AsyncTextService_8wekyb3d8bbwe,1.0
3610,Biometric Enrollment Host,10.0,Microsoft Corporation Inc.,Application,,C:\Windows\SystemApps\Microsoft.BioEnrollment_cw5n1h2txyewy,1.0
3610,BMC Client Management Agent,24.1.01.240624,BMC Software Inc.,Application,,C:\Program Files\BMC Software\Client Management\Client\bin,1.0
3610,BMC Client Management Certificate Generator,24.1.01.240624,BMC Software Inc.,Application,,C:\Program Files\BMC Software\Client Management\Client\bin,1.0
3610,BMC Client Management Chilli Interpreter,24.1.01.240624,BMC Software Inc.,Application,,C:\Program Files\BMC Software\Client Management\Client\bin,1.0
3610,BMC Client Management Direct Access Proxy Agent,24.1.01.240624,BMC Software Inc.,Application,,C:\Program Files\BMC Software\Client Management\Client\bin,1.0
3610,BMC Client Management Opswat Proxy Agent,24.1.01.240624,BMC Software Inc.,Application,,C:\Program Files\BMC Software\Client Management\Client\bin,1.0
3610,BMC Client Management Package Viewer,24.1.01.240624,BMC Software Inc.,Application,,C:\Program Files\BMC Software\Client Management\Client\bin,1.0
3610,BMC Client Management Patch Broker,24.1.01.240624,BMC Software Inc.,Application,,C:\Program Files\BMC Software\Client Management\Client\bin,1.0
3610,BMC Client Management Proxy Agent,24.1.01.240624,BMC Software Inc.,Application,,C:\Program Files\BMC Software\Client Management\Client\bin,1.0
3610,BMC Client Management Remote Control proxy,24.1.01.240624,BMC Software Inc.,Application,,C:\Program Files\BMC Software\Client Management\Client\bin,1.0
3610,BMC Client Management SCAP,24.1.01.240624,BMC Software Inc.,Application,,C:\Program Files\BMC Software\Client Management\Client\bin,1.0
3610,BMC Client Management Video Proxy Agent,24.1.01.240624,BMC Software Inc.,Application,,C:\Program Files\BMC Software\Client Management\Client\bin,1.0
3610,Boot File Servicing Utility,10.0,Microsoft Corporation Inc.,Application,,C:\Windows,1.0
3610,BrowserCore,10.0,Microsoft Corporation Inc.,Application,,C:\Windows\BrowserCore,1.0
3610,Calling App to host call progress on shell,10.0,Microsoft Corporation Inc.,Application,,C:\Windows\SystemApps\Microsoft.Windows.CallingShellApp_cw5n1h2txyewy,1.0
3610,CameraBarcodeScannerPreview,10.0,Microsoft Corporation Inc.,Application,,C:\Windows\SystemApps\Windows.CBSPreview_cw5n1h2txyewy,1.0
3610,CL5,9.6,Ivanti,Application,,C:\Program Files\BMC Software\Client Management\Client\data\PatchManagementPremium\workspace,5.0
3610,ClickOnce,4.8,Microsoft Corporation Inc.,Application,,C:\Windows\Microsoft.NET\Framework64\v4.0.30319,3.0
3610,Credential Dialog Host,10.0,Microsoft Corporation Inc.,Application,,C:\Windows\SystemApps\microsoft.creddialoghost_cw5n1h2txyewy,1.0
3610,CrowdStrike Device Control,7.29,CrowdStrike Inc.,Add/Remove Programs,"November 14, 2025 12:00:00 AM",,
3610,CrowdStrike Device Control Support Tool,7.29,CrowdStrike Inc.,Application,,C:\Program Files\CrowdStrike,1.0
3610,CrowdStrike Falcon Connector,7.32,CrowdStrike Inc.,Application,,C:\Program Files\CrowdStrike,1.0
3610,CrowdStrike Falcon Sensor,7.32,CrowdStrike Inc.,Application,,C:\Program Files\CrowdStrike,1.0
3610,CrowdStrike Falcon Sensor Controller,7.32,CrowdStrike Inc.,Application,,C:\Program Files\CrowdStrike,1.0
3610,CrowdStrike Falcon Sensor Service,7.32,CrowdStrike Inc.,Application,,C:\Program Files\CrowdStrike,1.0
3610,CrowdStrike Falcon Sensor Servlet Container,7.32,CrowdStrike Inc.,Application,,C:\Program Files\CrowdStrike,1.0
3610,CrowdStrike Falcon Sensor Settings Tool,7.32,CrowdStrike Inc.,Application,,C:\Program Files\CrowdStrike,1.0
3610,CrowdStrike Falcon Sensor System Tray Application,7.32,CrowdStrike Inc.,Application,,C:\Program Files\CrowdStrike,2.0
3610,CrowdStrike Firmware Analysis,7.14,CrowdStrike Inc.,Add/Remove Programs,"April 17, 2025 12:00:00 AM",,
3610,CrowdStrike Firmware Analysis Support Tool,7.14,CrowdStrike Inc.,Application,,C:\Program Files\CrowdStrike,1.0
3610,CrowdStrike On-Demand Scan Command-line Tool,7.32,CrowdStrike Inc.,Application,,C:\Program Files\CrowdStrike,1.0
3610,CrowdStrike On-Demand Scan Tool,7.32,CrowdStrike Inc.,Application,,C:\Program Files\CrowdStrike,1.0
3610,CrowdStrike Sensor Platform,7.32,CrowdStrike Inc.,Add/Remove Programs,"January 14, 2026 12:00:00 AM",,
3610,CrowdStrike Windows Sensor,7.32,CrowdStrike Inc.,Add/Remove Programs,"January 14, 2026 12:00:00 AM",,
3610,EC App,10.0,Microsoft Corporation Inc.,Application,,C:\Windows\SystemApps\Microsoft.ECApp_8wekyb3d8bbwe,1.0
3610,expediteupdater,10.0,Microsoft Corporation Inc.,Application,,C:\Program Files\Microsoft Update Health Tools,1.0
6309,.NET Framework,3.0,Microsoft Corporation Inc.,Application,,C:\Windows\Microsoft.NET\Framework64\v3.0\Windows Communication Foundation,2.0
6309,.NET Runtime Optimization Service,4.8,Microsoft Corporation Inc.,Application,,C:\Windows\Microsoft.NET\Framework64\v4.0.30319,2.0
6309,.NET Runtime Optimization Service,2.0,Microsoft Corporation Inc.,Application,,C:\Windows\Microsoft.NET\Framework64\v2.0.50727,2.0
6309,64Bit MAPI Mail Agent,1.0,Foxit Software Inc.,Application,,C:\Program Files (x86)\Foxit Software\Foxit PDF Reader,1.0
6309,7-Zip 24.08 (x64 edition),24.08,Igor Pavlov,Add/Remove Programs,"November 30, 2024 12:00:00 AM",,
6309,7-Zip Console,24.08,Igor Pavlov,Application,,C:\Program Files\7-Zip,1.0
6309,7-Zip File Manager,24.08,Igor Pavlov,Application,,C:\Program Files\7-Zip,1.0
6309,7-Zip GUI,24.08,Igor Pavlov,Application,,C:\Program Files\7-Zip,1.0
6309,AAD token broker plugin,10.0,Microsoft Corporation Inc.,Application,,C:\Windows\SystemApps\Microsoft.AAD.BrokerPlugin_cw5n1h2txyewy,1.0
6309,Accounts Control Host,10.0,Microsoft Corporation Inc.,Application,,C:\Windows\SystemApps\Microsoft.AccountsControl_cw5n1h2txyewy,1.0
6309,AddSuggestedFoldersToLibraryDialog,10.0,Microsoft Corporation Inc.,Application,,C:\Windows\SystemApps\Microsoft.Windows.AddSuggestedFoldersToLibraryDialog_cw5n1h2txyewy,1.0
6309,Antimalware Service Executable,4.18,Microsoft Corporation Inc.,Application,,C:\Program Files\Windows Defender,1.0
6309,AppResolverUX,10.0,Microsoft Corporation Inc.,Application,,C:\Windows\SystemApps\Microsoft.Windows.AppResolverUX_cw5n1h2txyewy,1.0
6309,AsyncTextService,10.0,Microsoft Corporation Inc.,Application,,C:\Windows\SystemApps\Microsoft.AsyncTextService_8wekyb3d8bbwe,1.0
6309,Biometric Enrollment Host,10.0,Microsoft Corporation Inc.,Application,,C:\Windows\SystemApps\Microsoft.BioEnrollment_cw5n1h2txyewy,1.0
6309,BMC Client Management Agent,24.1.01.240624,BMC Software Inc.,Application,,C:\Program Files\BMC Software\Client Management\Client\bin,1.0
6309,BMC Client Management Certificate Generator,24.1.01.240624,BMC Software Inc.,Application,,C:\Program Files\BMC Software\Client Management\Client\bin,1.0
6309,BMC Client Management Chilli Interpreter,24.1.01.240624,BMC Software Inc.,Application,,C:\Program Files\BMC Software\Client Management\Client\bin,1.0
6309,BMC Client Management Direct Access Proxy Agent,24.1.01.240624,BMC Software Inc.,Application,,C:\Program Files\BMC Software\Client Management\Client\bin,1.0
6309,BMC Client Management Opswat Proxy Agent,24.1.01.240624,BMC Software Inc.,Application,,C:\Program Files\BMC Software\Client Management\Client\bin,1.0
6309,BMC Client Management Package Viewer,24.1.01.240624,BMC Software Inc.,Application,,C:\Program Files\BMC Software\Client Management\Client\bin,1.0
6309,BMC Client Management Patch Broker,24.1.01.240624,BMC Software Inc.,Application,,C:\Program Files\BMC Software\Client Management\Client\bin,1.0
6309,BMC Client Management Proxy Agent,24.1.01.240624,BMC Software Inc.,Application,,C:\Program Files\BMC Software\Client Management\Client\bin,1.0
6309,BMC Client Management Remote Control proxy,24.1.01.240624,BMC Software Inc.,Application,,C:\Program Files\BMC Software\Client Management\Client\bin,1.0
6309,BMC Client Management SCAP,24.1.01.240624,BMC Software Inc.,Application,,C:\Program Files\BMC Software\Client Management\Client\bin,1.0
6309,BMC Client Management Video Proxy Agent,24.1.01.240624,BMC Software Inc.,Application,,C:\Program Files\BMC Software\Client Management\Client\bin,1.0
6309,Boot File Servicing Utility,10.0,Microsoft Corporation Inc.,Application,,C:\Windows,1.0
6309,BrowserCore,10.0,Microsoft Corporation Inc.,Application,,C:\Windows\BrowserCore,1.0
6309,Calling App to host call progress on shell,10.0,Microsoft Corporation Inc.,Application,,C:\Windows\SystemApps\Microsoft.Windows.CallingShellApp_cw5n1h2txyewy,1.0
6309,CameraBarcodeScannerPreview,10.0,Microsoft Corporation Inc.,Application,,C:\Windows\SystemApps\Windows.CBSPreview_cw5n1h2txyewy,1.0
6309,CL5,9.6,Ivanti,Application,,C:\Program Files\BMC Software\Client Management\Client\data\PatchManagementPremium\workspace,5.0
6309,ClickOnce,4.8,Microsoft Corporation Inc.,Application,,C:\Windows\Microsoft.NET\Framework64\v4.0.30319,3.0
6309,Credential Dialog Host,10.0,Microsoft Corporation Inc.,Application,,C:\Windows\SystemApps\microsoft.creddialoghost_cw5n1h2txyewy,1.0
6309,CrowdStrike Device Control,7.29,CrowdStrike Inc.,Add/Remove Programs,"November 14, 2025 12:00:00 AM",,
6309,CrowdStrike Device Control Support Tool,7.29,CrowdStrike Inc.,Application,,C:\Program Files\CrowdStrike,1.0
6309,CrowdStrike Falcon Connector,7.32,CrowdStrike Inc.,Application,,C:\Program Files\CrowdStrike,1.0
6309,CrowdStrike Falcon Sensor,7.32,CrowdStrike Inc.,Application,,C:\Program Files\CrowdStrike,1.0
6309,CrowdStrike Falcon Sensor Controller,7.32,CrowdStrike Inc.,Application,,C:\Program Files\CrowdStrike,1.0
6309,CrowdStrike Falcon Sensor Service,7.32,CrowdStrike Inc.,Application,,C:\Program Files\CrowdStrike,1.0
6309,CrowdStrike Falcon Sensor Servlet Container,7.32,CrowdStrike Inc.,Application,,C:\Program Files\CrowdStrike,1.0
6309,CrowdStrike Falcon Sensor Settings Tool,7.32,CrowdStrike Inc.,Application,,C:\Program Files\CrowdStrike,1.0
6309,CrowdStrike Falcon Sensor System Tray Application,7.32,CrowdStrike Inc.,Application,,C:\Program Files\CrowdStrike,2.0
6309,CrowdStrike Firmware Analysis,7.14,CrowdStrike Inc.,Add/Remove Programs,"May 22, 2025 12:00:00 AM",,
6309,CrowdStrike Firmware Analysis Support Tool,7.14,CrowdStrike Inc.,Application,,C:\Program Files\CrowdStrike,1.0
6309,CrowdStrike On-Demand Scan Command-line Tool,7.32,CrowdStrike Inc.,Application,,C:\Program Files\CrowdStrike,1.0
6309,CrowdStrike On-Demand Scan Tool,7.32,CrowdStrike Inc.,Application,,C:\Program Files\CrowdStrike,1.0
6309,CrowdStrike Sensor Platform,7.32,CrowdStrike Inc.,Add/Remove Programs,"January 14, 2026 12:00:00 AM",,
6309,CrowdStrike Windows Sensor,7.32,CrowdStrike Inc.,Add/Remove Programs,"January 14, 2026 12:00:00 AM",,
6309,EC App,10.0,Microsoft Corporation Inc.,Application,,C:\Windows\SystemApps\Microsoft.ECApp_8wekyb3d8bbwe,1.0
6309,eEBAPI Core Process module,2.0,SEIKO EPSON CORPORATION,Application,,C:\Program Files (x86)\Common Files\EPSON\EBAPI,1.0
2807,"""ApplyTrustOffline.PROGRAM""",10.0,Microsoft Corporation Inc.,Application,,D:\$WINDOWS.~TMP\Microsoft-Windows-Client-Desktop-Required-Package~~amd64~~10.0.26100.1\amd64_microsoft-windows-appx-deployment-server_31bf3856ad364e35_10.0.26100.1_none_5e42f68e1f34970e,1.0
2807,"""DeviceCredentialDeployment.exe""",10.0,Microsoft Corporation Inc.,Application,,D:\$WINDOWS.~TMP\Microsoft-Windows-Client-Desktop-Required-Package~~amd64~~10.0.26100.1\amd64_microsoft-windows-s..daryauthfactor-task_31bf3856ad364e35_10.0.26100.1_none_c8f9d045adfd2c23,1.0
2807,"""nvspinfo.PROGRAM""",10.0,Microsoft Corporation Inc.,Application,,D:\$WINDOWS.~TMP\Microsoft-Windows-EditionPack-Professional-Package~~amd64~~10.0.26100.1\amd64_microsoft-hyper-v-d..s-vmswitch-netsetup_31bf3856ad364e35_10.0.26100.1_none_815b742cc3d8eca1,2.0
2807,.NET Framework,3.0,Microsoft Corporation Inc.,Application,,C:\Windows\Microsoft.NET\Framework64\v3.0\Windows Communication Foundation,4.0
2807,.NET Runtime Optimization Service,4.8,Microsoft Corporation Inc.,Application,,C:\Windows\Microsoft.NET\Framework64\v4.0.30319,4.0
2807,.NET Runtime Optimization Service,2.0,Microsoft Corporation Inc.,Application,,C:\Windows\Microsoft.NET\Framework64\v2.0.50727,2.0
2807,64Bit MAPI Mail Agent,1.0,Foxit Software Inc.,Application,,C:\Program Files (x86)\Foxit Software\Foxit PDF Reader,1.0
2807,7-Zip 24.08 (x64 edition),24.08,Igor Pavlov,Add/Remove Programs,"November 28, 2024 12:00:00 AM",,
2807,7-Zip Console,24.08,Igor Pavlov,Application,,C:\Program Files\7-Zip,1.0
2807,7-Zip File Manager,24.08,Igor Pavlov,Application,,C:\Program Files\7-Zip,1.0
2807,7-Zip GUI,24.08,Igor Pavlov,Application,,C:\Program Files\7-Zip,1.0
2807,Accessibility On-Screen Keyboard,10.0,Microsoft Corporation Inc.,Application,,D:\$WINDOWS.~TMP\Microsoft-Windows-Client-Desktop-Required-Package~~amd64~~10.0.26100.1\amd64_microsoft-windows-osk_31bf3856ad364e35_10.0.26100.1_none_a7b07bccc27b4c06,1.0
2807,Accessibility shortcut keys,10.0,Microsoft Corporation Inc.,Application,,D:\$WINDOWS.~TMP\Microsoft-Windows-Client-Desktop-Required-WOW64-Package~~amd64~~10.0.26100.1\wow64_microsoft-windows-sethc_31bf3856ad364e35_10.0.26100.1_none_6a0891ac1208aad1,2.0
2807,Accounts Control Host,10.0,Microsoft Corporation Inc.,Application,,C:\Windows\SystemApps\Microsoft.AccountsControl_cw5n1h2txyewy,2.0
2807,Acquire IMDS response,10.0,Microsoft Corporation Inc.,Application,,D:\$WINDOWS.~TMP\Microsoft-Windows-EditionPack-Professional-Package~~amd64~~10.0.26100.1\amd64_microsoft-client-li..e-flexible-platform_31bf3856ad364e35_10.0.26100.1_none_3e956ed7e6c6fe06,1.0
2807,Acquire License From Store,10.0,Microsoft Corporation Inc.,Application,,D:\$WINDOWS.~TMP\Microsoft-Windows-EditionSpecific-Professional-Package~~amd64~~10.0.26100.1\amd64_microsoft-client-li..pgrade-subscription_31bf3856ad364e35_10.0.26100.1_none_4e62aa9e90c8456d,1.0
2807,Add features to Windows Results,10.0,Microsoft Corporation Inc.,Application,,D:\$WINDOWS.~TMP\Microsoft-Windows-Client-Desktop-Required-Package~~amd64~~10.0.26100.1\amd64_microsoft-windows-security-spp-ux-dlg_31bf3856ad364e35_10.0.26100.1_none_9b4aebd8428c1e59,1.0
2807,Add Hardware Wizard,10.0,Microsoft Corporation Inc.,Application,,D:\$WINDOWS.~TMP\Microsoft-Windows-Client-Desktop-Required-WOW64-Package~~amd64~~10.0.26100.1\wow64_microsoft-windows-legacyhwui_31bf3856ad364e35_10.0.26100.1_none_e9bc7515e52e45ce,2.0
2807,AddSuggestedFoldersToLibraryDialog,10.0,Microsoft Corporation Inc.,Application,,C:\Windows\SystemApps\Microsoft.Windows.AddSuggestedFoldersToLibraryDialog_cw5n1h2txyewy,2.0
2807,Advanced System Settings,10.0,Microsoft Corporation Inc.,Application,,D:\$WINDOWS.~TMP\Microsoft-Windows-Client-Features-WOW64-Package~~amd64~~10.0.26100.1\wow64_microsoft-windows-s..mpropertiesadvanced_31bf3856ad364e35_10.0.26100.1_none_fe90da8a8133c864,4.0
2807,Advanced User Accounts Control Panel,10.0,Microsoft Corporation Inc.,Application,,D:\$WINDOWS.~TMP\Microsoft-Windows-Client-Desktop-Required-WOW64-Package~~amd64~~10.0.26100.1\wow64_microsoft-windows-netplwiz-exe_31bf3856ad364e35_10.0.26100.1_none_f49f0778ad4f459c,2.0
2807,AgentActivationRuntime Starter,10.0,Microsoft Corporation Inc.,Application,,D:\$WINDOWS.~TMP\Microsoft-Windows-Client-Desktop-Required-WOW64-Package~~amd64~~10.0.26100.1\wow64_microsoft-windows-aarsvc_31bf3856ad364e35_10.0.26100.1_none_6a38013c42457cb2,2.0
2807,AgentService EXE,10.0,Microsoft Corporation Inc.,Application,,D:\$WINDOWS.~TMP\Microsoft-Windows-EditionPack-Professional-Package~~amd64~~10.0.26100.1\amd64_microsoft-windows-a..nagement-uevservice_31bf3856ad364e35_10.0.26100.1_none_7a97d2b392c30b35,1.0
2807,Antimalware Core Service,4.18,Microsoft Corporation Inc.,Application,,C:\Program Files\Windows Defender,2.0
2807,Antimalware Service Executable,4.18,Microsoft Corporation Inc.,Application,,C:\Program Files\Windows Defender,2.0
2807,API for MDM Enrollment,10.0,Microsoft Corporation Inc.,Application,,D:\$WINDOWS.~TMP\Microsoft-Windows-Client-Desktop-Required-Package~~amd64~~10.0.26100.1\amd64_microsoft-windows-deviceenroller_31bf3856ad364e35_10.0.26100.1_none_be38fa0b75d7b334,1.0
2807,App Uri Handlers Registration Verifier,10.0,Microsoft Corporation Inc.,Application,,D:\$WINDOWS.~TMP\Microsoft-Windows-Client-Desktop-Required-Package~~amd64~~10.0.26100.1\amd64_windows-application..egistrationverifier_31bf3856ad364e35_10.0.26100.1_none_83e40f722d9cd2b4,1.0
2807,AppContainer Network Isolation Diagnostic Tool,10.0,Microsoft Corporation Inc.,Application,,D:\$WINDOWS.~TMP\Microsoft-Windows-Client-Features-WOW64-Package~~amd64~~10.0.26100.1\wow64_networking-mpssvc-netsh_31bf3856ad364e35_10.0.26100.1_none_b638e7de639d1c91,2.0
2807,AppID Certificate Store Verification Task,10.0,Microsoft Corporation Inc.,Application,,D:\$WINDOWS.~TMP\Microsoft-Windows-Client-Desktop-Required-Package~~amd64~~10.0.26100.1\amd64_microsoft-windows-appid_31bf3856ad364e35_10.0.26100.1_none_543fb8ac1ab3e68b,1.0
2807,AppID Policy Converter Task,10.0,Microsoft Corporation Inc.,Application,,D:\$WINDOWS.~TMP\Microsoft-Windows-Client-Desktop-Required-Package~~amd64~~10.0.26100.1\amd64_microsoft-windows-appid_31bf3856ad364e35_10.0.26100.1_none_543fb8ac1ab3e68b,1.0
2807,Application Frame Host,10.0,Microsoft Corporation Inc.,Application,,D:\$WINDOWS.~TMP\Microsoft-Windows-Client-Desktop-Required-Package~~amd64~~10.0.26100.1\amd64_microsoft-windows-s..plicationframe-host_31bf3856ad364e35_10.0.26100.1_none_d6a0db719589ca30,1.0
2807,Application Impact Telemetry Static Analyzer,10.0,Microsoft Corporation Inc.,Application,,D:\$WINDOWS.~TMP\Microsoft-Windows-Client-Desktop-Required-Package~~amd64~~10.0.26100.1\amd64_microsoft-windows-a..perience-ait-static_31bf3856ad364e35_10.0.26100.1_none_2dd83f6916d198e4,1.0
2807,Application Launcher,1.0,Brother Industories Ltd.,Application,,C:\Program Files (x86)\Brother\BrLauncher,1.0
2807,Application Layer Gateway Service,10.0,Microsoft Corporation Inc.,Application,,D:\$WINDOWS.~TMP\Microsoft-Windows-Client-Desktop-Required-Package~~amd64~~10.0.26100.1\amd64_microsoft-windows-alg_31bf3856ad364e35_10.0.26100.1_none_a5dcfa80c3ab23c1,1.0
2807,Application Server Command Line Admin Tool,10.0,Microsoft Corporation Inc.,Application,,D:\$WINDOWS.~TMP\Microsoft-Windows-EditionPack-Professional-Package~~amd64~~10.0.26100.1\wow64_microsoft-windows-i..raries-servercommon_31bf3856ad364e35_10.0.26100.1_none_b0d3de420cfbf405,2.0
2807,Apply Boot Experience related BCD settings to the image,10.0,Microsoft Corporation Inc.,Application,,D:\$WINDOWS.~TMP\Microsoft-Windows-EditionPack-Professional-Package~~amd64~~10.0.26100.1\amd64_microsoft-windows-embedded-bootexp_31bf3856ad364e35_10.0.26100.1_none_c654ffda6c4696e3,1.0
2807,ApplySettingsTemplateCatalog EXE,10.0,Microsoft Corporation Inc.,Application,,D:\$WINDOWS.~TMP\Microsoft-Windows-EditionPack-Professional-Package~~amd64~~10.0.26100.1\amd64_microsoft-windows-appmanagement-uevagent_31bf3856ad364e35_10.0.26100.1_none_f99f4dd04d8747c1,1.0
2807,AppResolverUX,10.0,Microsoft Corporation Inc.,Application,,C:\Windows\SystemApps\Microsoft.Windows.AppResolverUX_cw5n1h2txyewy,2.0
2807,AppX Deployment Bytecode Generator EXE,10.0,Microsoft Corporation Inc.,Application,,D:\$WINDOWS.~TMP\Microsoft-Windows-Client-Desktop-Required-WOW64-Package~~amd64~~10.0.26100.1\wow64_microsoft-windows-a..t-bytecodegenerator_31bf3856ad364e35_10.0.26100.1_none_e76b3de73182bef6,2.0
2807,AppX Deployment User Data Source EXE,10.0,Microsoft Corporation Inc.,Application,,D:\$WINDOWS.~TMP\Microsoft-Windows-Client-Features-Package~~amd64~~10.0.26100.1\amd64_microsoft-windows-a..ment-userdatasource_31bf3856ad364e35_10.0.26100.1_none_62847f4fa4876179,1.0
2807,AssignedAccessGuard,10.0,Microsoft Corporation Inc.,Application,,D:\$WINDOWS.~TMP\Microsoft-Windows-EditionPack-Professional-Package~~amd64~~10.0.26100.1\amd64_microsoft-windows-assignedaccess-guard_31bf3856ad364e35_10.0.26100.1_none_2f9d025128855757,1.0
2807,AsyncTextService,10.0,Microsoft Corporation Inc.,Application,,C:\Windows\SystemApps\Microsoft.AsyncTextService_8wekyb3d8bbwe,2.0
2807,Attribute Utility,10.0,Microsoft Corporation Inc.,Application,,D:\$WINDOWS.~TMP\Microsoft-Windows-Client-Features-WOW64-Package~~amd64~~10.0.26100.1\wow64_microsoft-windows-attrib_31bf3856ad364e35_10.0.26100.1_none_b9d66d642921dc90,2.0
2807,Audit,10.0,Microsoft Corporation Inc.,Application,,D:\$WINDOWS.~TMP\Microsoft-Windows-Client-Desktop-Required-Package~~amd64~~10.0.26100.1\amd64_microsoft-windows-audit-component_31bf3856ad364e35_10.0.26100.1_none_a3abe7a4df6b292a,1.0
2807,Audit Mode Desktop Switch Utility,10.0,Microsoft Corporation Inc.,Application,,D:\$WINDOWS.~TMP\Microsoft-Windows-Client-Desktop-Required-Package~~amd64~~10.0.26100.1\amd64_microsoft-windows-audit-component_31bf3856ad364e35_10.0.26100.1_none_a3abe7a4df6b292a,1.0
2807,Audit Policy Program,10.0,Microsoft Corporation Inc.,Application,,D:\$WINDOWS.~TMP\Microsoft-Windows-Client-Features-WOW64-Package~~amd64~~10.0.26100.1\wow64_microsoft-windows-msaudittools_31bf3856ad364e35_10.0.26100.1_none_1ecd646959af4e74,2.0
2807,Auto Check Utility,10.0,Microsoft Corporation Inc.,Application,,D:\$WINDOWS.~TMP\Microsoft-Windows-Client-Desktop-Required-WOW64-Package~~amd64~~10.0.26100.1\wow64_microsoft-windows-autochk_31bf3856ad364e35_10.0.26100.1_none_e93c3ffc5eae7f6f,2.0
2807,Automatic Maintenance,10.0,Microsoft Corporation Inc.,Application,,D:\$WINDOWS.~TMP\Microsoft-Windows-Client-Desktop-Required-Package~~amd64~~10.0.26100.1\amd64_microsoft-windows-mschedexe_31bf3856ad364e35_10.0.26100.1_none_dc91fd1f1af84c4d,1.0
2807,Background Task Host,10.0,Microsoft Corporation Inc.,Application,,D:\$WINDOWS.~TMP\Microsoft-Windows-Client-Desktop-Required-WOW64-Package~~amd64~~10.0.26100.1\wow64_microsoft-windows-b..nfrastructurebghost_31bf3856ad364e35_10.0.26100.1_none_783b330506082901,2.0
2807,Bcdboot utility,10.0,Microsoft Corporation Inc.,Application,,D:\$WINDOWS.~TMP\Microsoft-Windows-Client-Desktop-Required-Package~~amd64~~10.0.26100.1\amd64_microsoft-windows-bcdboot-cmdlinetool_31bf3856ad364e35_10.0.26100.1_none_5e498cf5a6b10113,1.0
3378,.NET Runtime Optimization Service,4.8,Microsoft Corporation Inc.,Application,,C:\Windows\Microsoft.NET\Framework64\v4.0.30319,2.0
3378,64Bit MAPI Mail Agent,1.0,Foxit Software Inc.,Application,,C:\Program Files (x86)\Foxit Software\Foxit PDF Reader,1.0
3378,7-Zip 24.09 (x64),24.09,Igor Pavlov,Add/Remove Programs,,C:\Program Files\7-Zip\,
3378,7-Zip Console,24.09,Igor Pavlov,Application,,C:\Program Files\7-Zip,1.0
3378,7-Zip File Manager,24.09,Igor Pavlov,Application,,C:\Program Files\7-Zip,1.0
3378,7-Zip GUI,24.09,Igor Pavlov,Application,,C:\Program Files\7-Zip,1.0
3378,Accounts Control Host,10.0,Microsoft Corporation Inc.,Application,,C:\Windows\SystemApps\Microsoft.AccountsControl_cw5n1h2txyewy,1.0
3378,AddSuggestedFoldersToLibraryDialog,10.0,Microsoft Corporation Inc.,Application,,C:\Windows\SystemApps\Microsoft.Windows.AddSuggestedFoldersToLibraryDialog_cw5n1h2txyewy,1.0
3378,Antimalware Core Service,4.18,Microsoft Corporation Inc.,Application,,C:\Program Files\Windows Defender,1.0
3378,Antimalware Service Executable,4.18,Microsoft Corporation Inc.,Application,,C:\Program Files\Windows Defender,1.0
3378,AppFollower,1.3,Conexant Systems Inc.,Application,,C:\Program Files\CONEXANT\Flow,1.0
3378,AppResolverUX,10.0,Microsoft Corporation Inc.,Application,,C:\Windows\SystemApps\Microsoft.Windows.AppResolverUX_cw5n1h2txyewy,1.0
3378,AsyncTextService,10.0,Microsoft Corporation Inc.,Application,,C:\Windows\SystemApps\Microsoft.AsyncTextService_8wekyb3d8bbwe,1.0
3378,Audio Control,4.0,Conexant Systems LLC.,Application,,C:\Program Files\CONEXANT\Install\Audio\SA3\SA3\Dyson,2.0
3378,Audio Controls Control Panel,4.0,Conexant Systems LLC.,Application,,C:\Program Files\CONEXANT\SA3\HP-NB-AIO,3.0
3378,Bang & Olufsen,4.0,Conexant Systems LLC.,Application,,C:\Program Files\CONEXANT\Install\Audio\SA3\SA3\BandO,2.0
3378,Biometric Enrollment Host,10.0,Microsoft Corporation Inc.,Application,,C:\Windows\SystemApps\Microsoft.BioEnrollment_cw5n1h2txyewy,1.0
3378,BMC Client Management Agent,24.1.01.240624,BMC Software Inc.,Application,,C:\Program Files\BMC Software\Client Management\Client\bin,1.0
3378,BMC Client Management Certificate Generator,24.1.01.240624,BMC Software Inc.,Application,,C:\Program Files\BMC Software\Client Management\Client\bin,1.0
3378,BMC Client Management Chilli Interpreter,24.1.01.240624,BMC Software Inc.,Application,,C:\Program Files\BMC Software\Client Management\Client\bin,1.0
3378,BMC Client Management Direct Access Proxy Agent,24.1.01.240624,BMC Software Inc.,Application,,C:\Program Files\BMC Software\Client Management\Client\bin,1.0
3378,BMC Client Management Opswat Proxy Agent,24.1.01.240624,BMC Software Inc.,Application,,C:\Program Files\BMC Software\Client Management\Client\bin,1.0
3378,BMC Client Management Package Viewer,24.1.01.240624,BMC Software Inc.,Application,,C:\Program Files\BMC Software\Client Management\Client\bin,1.0
3378,BMC Client Management Patch Broker,24.1.01.240624,BMC Software Inc.,Application,,C:\Program Files\BMC Software\Client Management\Client\bin,1.0
3378,BMC Client Management Proxy Agent,24.1.01.240624,BMC Software Inc.,Application,,C:\Program Files\BMC Software\Client Management\Client\bin,1.0
3378,BMC Client Management Remote Control proxy,24.1.01.240624,BMC Software Inc.,Application,,C:\Program Files\BMC Software\Client Management\Client\bin,1.0
3378,BMC Client Management SCAP,24.1.01.240624,BMC Software Inc.,Application,,C:\Program Files\BMC Software\Client Management\Client\bin,1.0
3378,BMC Client Management Video Proxy Agent,24.1.01.240624,BMC Software Inc.,Application,,C:\Program Files\BMC Software\Client Management\Client\bin,1.0
3378,Boot File Servicing Utility,10.0,Microsoft Corporation Inc.,Application,,C:\Windows,1.0
3378,Browser Protection Native Messaging Host,4.18,Microsoft Corporation Inc.,Application,,C:\Program Files\Windows Defender,1.0
3378,BrowserCore,10.0,Microsoft Corporation Inc.,Application,,C:\Windows\BrowserCore,1.0
3378,CameraBarcodeScannerPreview,10.0,Microsoft Corporation Inc.,Application,,C:\Windows\SystemApps\Windows.CBSPreview_cw5n1h2txyewy,1.0
3378,CL5,9.6,Ivanti,Application,,C:\Program Files\BMC Software\Client Management\Client\data\PatchManagementPremium\workspace,1.0
3378,ClickOnce,4.8,Microsoft Corporation Inc.,Application,,C:\Windows\Microsoft.NET\Framework64\v4.0.30319,3.0
3378,CnxtNotify,1.0,Conexant Systems Inc.,Application,,C:\Program Files\CONEXANT\SA3\HP-NB-AIO,1.0
3378,Credential Dialog Host,10.0,Microsoft Corporation Inc.,Application,,C:\Windows\SystemApps\microsoft.creddialoghost_cw5n1h2txyewy,1.0
3378,CrowdStrike Device Control,7.29,CrowdStrike Inc.,Add/Remove Programs,"November 14, 2025 12:00:00 AM",,
3378,CrowdStrike Device Control Support Tool,7.29,CrowdStrike Inc.,Application,,C:\Program Files\CrowdStrike,1.0
3378,CrowdStrike Falcon Connector,7.32,CrowdStrike Inc.,Application,,C:\Program Files\CrowdStrike,1.0
3378,CrowdStrike Falcon Sensor,7.32,CrowdStrike Inc.,Application,,C:\Program Files\CrowdStrike,1.0
3378,CrowdStrike Falcon Sensor Controller,7.32,CrowdStrike Inc.,Application,,C:\Program Files\CrowdStrike,1.0
3378,CrowdStrike Falcon Sensor Service,7.32,CrowdStrike Inc.,Application,,C:\Program Files\CrowdStrike,1.0
3378,CrowdStrike Falcon Sensor Servlet Container,7.32,CrowdStrike Inc.,Application,,C:\Program Files\CrowdStrike,1.0
3378,CrowdStrike Falcon Sensor Settings Tool,7.32,CrowdStrike Inc.,Application,,C:\Program Files\CrowdStrike,1.0
3378,CrowdStrike Falcon Sensor System Tray Application,7.32,CrowdStrike Inc.,Application,,C:\Program Files\CrowdStrike,2.0
3378,CrowdStrike Firmware Analysis,7.14,CrowdStrike Inc.,Add/Remove Programs,"June 18, 2025 12:00:00 AM",,
3378,CrowdStrike Firmware Analysis Support Tool,7.14,CrowdStrike Inc.,Application,,C:\Program Files\CrowdStrike,1.0
3378,CrowdStrike On-Demand Scan Command-line Tool,7.32,CrowdStrike Inc.,Application,,C:\Program Files\CrowdStrike,1.0
3378,CrowdStrike On-Demand Scan Tool,7.32,CrowdStrike Inc.,Application,,C:\Program Files\CrowdStrike,1.0
3378,CrowdStrike Sensor Platform,7.32,CrowdStrike Inc.,Add/Remove Programs,"January 14, 2026 12:00:00 AM",,
3465,.NET Runtime Optimization Service,4.8,Microsoft Corporation Inc.,Application,,C:\Windows\Microsoft.NET\Framework64\v4.0.30319,2.0
3465,64Bit MAPI Mail Agent,1.0,Foxit Software Inc.,Application,,C:\Program Files (x86)\Foxit Software\Foxit PDF Reader,1.0
3465,7-Zip 24.09 (x64),24.09,Igor Pavlov,Add/Remove Programs,,C:\Program Files\7-Zip\,
3465,7-Zip Console,24.09,Igor Pavlov,Application,,C:\Program Files\7-Zip,1.0
3465,7-Zip File Manager,24.09,Igor Pavlov,Application,,C:\Program Files\7-Zip,1.0
3465,7-Zip GUI,24.09,Igor Pavlov,Application,,C:\Program Files\7-Zip,1.0
3465,Accounts Control Host,10.0,Microsoft Corporation Inc.,Application,,C:\Windows\SystemApps\Microsoft.AccountsControl_cw5n1h2txyewy,1.0
3465,AddSuggestedFoldersToLibraryDialog,10.0,Microsoft Corporation Inc.,Application,,C:\Windows\SystemApps\Microsoft.Windows.AddSuggestedFoldersToLibraryDialog_cw5n1h2txyewy,1.0
3465,Antimalware Core Service,4.18,Microsoft Corporation Inc.,Application,,C:\Program Files\Windows Defender,1.0
3465,AntiMalware Platform Update (amd64fre),4.18,Microsoft Corporation Inc.,Application,,C:\Windows\SystemTemp\402143F4-3A55-498E-B3D1-12FB454CE862MpCommU,1.0
3465,Antimalware Service Executable,4.18,Microsoft Corporation Inc.,Application,,C:\Program Files\Windows Defender,1.0
3465,AppResolverUX,10.0,Microsoft Corporation Inc.,Application,,C:\Windows\SystemApps\Microsoft.Windows.AppResolverUX_cw5n1h2txyewy,1.0
3465,AsyncTextService,10.0,Microsoft Corporation Inc.,Application,,C:\Windows\SystemApps\Microsoft.AsyncTextService_8wekyb3d8bbwe,1.0
3465,Biometric Enrollment Host,10.0,Microsoft Corporation Inc.,Application,,C:\Windows\SystemApps\Microsoft.BioEnrollment_cw5n1h2txyewy,1.0
3465,BMC Client Management Agent,24.1.01.240624,BMC Software Inc.,Application,,C:\Program Files\BMC Software\Client Management\Client\bin,1.0
3465,BMC Client Management Certificate Generator,24.1.01.240624,BMC Software Inc.,Application,,C:\Program Files\BMC Software\Client Management\Client\bin,1.0
3465,BMC Client Management Chilli Interpreter,24.1.01.240624,BMC Software Inc.,Application,,C:\Program Files\BMC Software\Client Management\Client\bin,1.0
3465,BMC Client Management Direct Access Proxy Agent,24.1.01.240624,BMC Software Inc.,Application,,C:\Program Files\BMC Software\Client Management\Client\bin,1.0
3465,BMC Client Management Opswat Proxy Agent,24.1.01.240624,BMC Software Inc.,Application,,C:\Program Files\BMC Software\Client Management\Client\bin,1.0
3465,BMC Client Management Package Viewer,24.1.01.240624,BMC Software Inc.,Application,,C:\Program Files\BMC Software\Client Management\Client\bin,1.0
3465,BMC Client Management Patch Broker,24.1.01.240624,BMC Software Inc.,Application,,C:\Program Files\BMC Software\Client Management\Client\bin,1.0
3465,BMC Client Management Proxy Agent,24.1.01.240624,BMC Software Inc.,Application,,C:\Program Files\BMC Software\Client Management\Client\bin,1.0
3465,BMC Client Management Remote Control proxy,24.1.01.240624,BMC Software Inc.,Application,,C:\Program Files\BMC Software\Client Management\Client\bin,1.0
3465,BMC Client Management SCAP,24.1.01.240624,BMC Software Inc.,Application,,C:\Program Files\BMC Software\Client Management\Client\bin,1.0
3465,BMC Client Management Video Proxy Agent,24.1.01.240624,BMC Software Inc.,Application,,C:\Program Files\BMC Software\Client Management\Client\bin,1.0
3465,Boot File Servicing Utility,10.0,Microsoft Corporation Inc.,Application,,C:\Windows,1.0
3465,Browser Protection Native Messaging Host,4.18,Microsoft Corporation Inc.,Application,,C:\Program Files\Windows Defender,1.0
3465,BrowserCore,10.0,Microsoft Corporation Inc.,Application,,C:\Windows\BrowserCore,1.0
3465,CameraBarcodeScannerPreview,10.0,Microsoft Corporation Inc.,Application,,C:\Windows\SystemApps\Windows.CBSPreview_cw5n1h2txyewy,1.0
3465,CL5,9.6,Ivanti,Application,,C:\Program Files\BMC Software\Client Management\Client\data\PatchManagementPremium\workspace,1.0
3465,ClickOnce,4.8,Microsoft Corporation Inc.,Application,,C:\Windows\Microsoft.NET\Framework64\v4.0.30319,3.0
3465,Credential Dialog Host,10.0,Microsoft Corporation Inc.,Application,,C:\Windows\SystemApps\microsoft.creddialoghost_cw5n1h2txyewy,1.0
3465,CrowdStrike Device Control,7.29,CrowdStrike Inc.,Add/Remove Programs,"November 14, 2025 12:00:00 AM",,
3465,CrowdStrike Device Control Support Tool,7.29,CrowdStrike Inc.,Application,,C:\Program Files\CrowdStrike,1.0
3465,CrowdStrike Falcon Connector,7.31,CrowdStrike Inc.,Application,,C:\Program Files\CrowdStrike,1.0
3465,CrowdStrike Falcon Sensor,7.31,CrowdStrike Inc.,Application,,C:\Program Files\CrowdStrike,1.0
3465,CrowdStrike Falcon Sensor Controller,7.31,CrowdStrike Inc.,Application,,C:\Program Files\CrowdStrike,1.0
3465,CrowdStrike Falcon Sensor Service,7.31,CrowdStrike Inc.,Application,,C:\Program Files\CrowdStrike,1.0
3465,CrowdStrike Falcon Sensor Servlet Container,7.31,CrowdStrike Inc.,Application,,C:\Program Files\CrowdStrike,1.0
3465,CrowdStrike Falcon Sensor Settings Tool,7.31,CrowdStrike Inc.,Application,,C:\Program Files\CrowdStrike,1.0
3465,CrowdStrike Falcon Sensor System Tray Application,7.31,CrowdStrike Inc.,Application,,C:\Program Files\CrowdStrike,2.0
3465,CrowdStrike Firmware Analysis,7.14,CrowdStrike Inc.,Add/Remove Programs,"June 16, 2025 12:00:00 AM",,
3465,CrowdStrike Firmware Analysis Support Tool,7.14,CrowdStrike Inc.,Application,,C:\Program Files\CrowdStrike,1.0
3465,CrowdStrike On-Demand Scan Command-line Tool,7.31,CrowdStrike Inc.,Application,,C:\Program Files\CrowdStrike,1.0
3465,CrowdStrike On-Demand Scan Tool,7.31,CrowdStrike Inc.,Application,,C:\Program Files\CrowdStrike,1.0
3465,CrowdStrike Sensor Platform,7.31,CrowdStrike Inc.,Add/Remove Programs,"December 10, 2025 12:00:00 AM",,
3465,CrowdStrike Windows Sensor,7.31,CrowdStrike Inc.,Add/Remove Programs,"December 10, 2025 12:00:00 AM",,
3465,CxAudioSvc,1.0,Conexant Systems LLC.,Application,,C:\Windows\CxSvc,1.0
3465,EC App,10.0,Microsoft Corporation Inc.,Application,,C:\Windows\SystemApps\Microsoft.ECApp_8wekyb3d8bbwe,1.0
3465,File Explorer,10.0,Microsoft Corporation Inc.,Application,,C:\Windows\SystemApps\Microsoft.Windows.FileExplorer_cw5n1h2txyewy,1.0
4240,.NET Runtime Optimization Service,4.8,Microsoft Corporation Inc.,Application,,C:\Windows\Microsoft.NET\Framework64\v4.0.30319,2.0
4240,64Bit MAPI Mail Agent,1.0,Foxit Software Inc.,Application,,C:\Program Files (x86)\Foxit Software\Foxit PDF Reader,1.0
4240,7-Zip 24.08 (x64 edition),24.08,Igor Pavlov,Add/Remove Programs,"November 28, 2024 12:00:00 AM",,
4240,7-Zip Console,24.08,Igor Pavlov,Application,,C:\Program Files\7-Zip,1.0
4240,7-Zip File Manager,24.08,Igor Pavlov,Application,,C:\Program Files\7-Zip,1.0
4240,7-Zip GUI,24.08,Igor Pavlov,Application,,C:\Program Files\7-Zip,1.0
4240,AAD token broker plugin,10.0,Microsoft Corporation Inc.,Application,,C:\Windows\SystemApps\Microsoft.AAD.BrokerPlugin_cw5n1h2txyewy,1.0
4240,Accounts Control Host,10.0,Microsoft Corporation Inc.,Application,,C:\Windows\SystemApps\Microsoft.AccountsControl_cw5n1h2txyewy,1.0
4240,AddSuggestedFoldersToLibraryDialog,10.0,Microsoft Corporation Inc.,Application,,C:\Windows\SystemApps\Microsoft.Windows.AddSuggestedFoldersToLibraryDialog_cw5n1h2txyewy,1.0
4240,Antimalware Service Executable,4.18,Microsoft Corporation Inc.,Application,,C:\Program Files\Windows Defender,1.0
4240,AppResolverUX,10.0,Microsoft Corporation Inc.,Application,,C:\Windows\SystemApps\Microsoft.Windows.AppResolverUX_cw5n1h2txyewy,1.0
4240,AsyncTextService,10.0,Microsoft Corporation Inc.,Application,,C:\Windows\SystemApps\Microsoft.AsyncTextService_8wekyb3d8bbwe,1.0
4240,Biometric Enrollment Host,10.0,Microsoft Corporation Inc.,Application,,C:\Windows\SystemApps\Microsoft.BioEnrollment_cw5n1h2txyewy,1.0
4240,BMC Client Management Agent,24.1.01.240624,BMC Software Inc.,Application,,C:\Program Files\BMC Software\Client Management\Client\bin,1.0
4240,BMC Client Management Certificate Generator,24.1.01.240624,BMC Software Inc.,Application,,C:\Program Files\BMC Software\Client Management\Client\bin,1.0
4240,BMC Client Management Chilli Interpreter,24.1.01.240624,BMC Software Inc.,Application,,C:\Program Files\BMC Software\Client Management\Client\bin,1.0
4240,BMC Client Management Direct Access Proxy Agent,24.1.01.240624,BMC Software Inc.,Application,,C:\Program Files\BMC Software\Client Management\Client\bin,1.0
4240,BMC Client Management Opswat Proxy Agent,24.1.01.240624,BMC Software Inc.,Application,,C:\Program Files\BMC Software\Client Management\Client\bin,1.0
4240,BMC Client Management Package Viewer,24.1.01.240624,BMC Software Inc.,Application,,C:\Program Files\BMC Software\Client Management\Client\bin,1.0
4240,BMC Client Management Patch Broker,24.1.01.240624,BMC Software Inc.,Application,,C:\Program Files\BMC Software\Client Management\Client\bin,1.0
4240,BMC Client Management Proxy Agent,24.1.01.240624,BMC Software Inc.,Application,,C:\Program Files\BMC Software\Client Management\Client\bin,1.0
4240,BMC Client Management Remote Control proxy,24.1.01.240624,BMC Software Inc.,Application,,C:\Program Files\BMC Software\Client Management\Client\bin,1.0
4240,BMC Client Management SCAP,24.1.01.240624,BMC Software Inc.,Application,,C:\Program Files\BMC Software\Client Management\Client\bin,1.0
4240,BMC Client Management Video Proxy Agent,24.1.01.240624,BMC Software Inc.,Application,,C:\Program Files\BMC Software\Client Management\Client\bin,1.0
4240,Boot File Servicing Utility,10.0,Microsoft Corporation Inc.,Application,,C:\Windows,1.0
4240,BrowserCore,10.0,Microsoft Corporation Inc.,Application,,C:\Windows\BrowserCore,1.0
4240,Calling App to host call progress on shell,10.0,Microsoft Corporation Inc.,Application,,C:\Windows\SystemApps\Microsoft.Windows.CallingShellApp_cw5n1h2txyewy,1.0
4240,CameraBarcodeScannerPreview,10.0,Microsoft Corporation Inc.,Application,,C:\Windows\SystemApps\Windows.CBSPreview_cw5n1h2txyewy,1.0
4240,Canon LBP6000/LBP6018,,,Add/Remove Programs,,,
4240,ChromeEnterpriseCompanion,143.0,Google LLC,Application,,C:\Windows\SystemTemp\scoped_dir7616_1326163367\scoped_dir7616_2080863421,1.0
4240,CL5,9.6,Ivanti,Application,,C:\Program Files\BMC Software\Client Management\Client\data\PatchManagementPremium\workspace,3.0
4240,ClickOnce,4.8,Microsoft Corporation Inc.,Application,,C:\Windows\Microsoft.NET\Framework64\v4.0.30319,3.0
4240,Credential Dialog Host,10.0,Microsoft Corporation Inc.,Application,,C:\Windows\SystemApps\microsoft.creddialoghost_cw5n1h2txyewy,1.0
4240,CrowdStrike Device Control,7.29,CrowdStrike Inc.,Add/Remove Programs,"November 14, 2025 12:00:00 AM",,
4240,CrowdStrike Device Control Support Tool,7.29,CrowdStrike Inc.,Application,,C:\Program Files\CrowdStrike,1.0
4240,CrowdStrike Falcon Connector,7.32,CrowdStrike Inc.,Application,,C:\Program Files\CrowdStrike,1.0
4240,CrowdStrike Falcon Sensor,7.32,CrowdStrike Inc.,Application,,C:\Program Files\CrowdStrike,1.0
4240,CrowdStrike Falcon Sensor Controller,7.32,CrowdStrike Inc.,Application,,C:\Program Files\CrowdStrike,1.0
4240,CrowdStrike Falcon Sensor Service,7.32,CrowdStrike Inc.,Application,,C:\Program Files\CrowdStrike,1.0
4240,CrowdStrike Falcon Sensor Servlet Container,7.32,CrowdStrike Inc.,Application,,C:\Program Files\CrowdStrike,1.0
4240,CrowdStrike Falcon Sensor Settings Tool,7.32,CrowdStrike Inc.,Application,,C:\Program Files\CrowdStrike,1.0
4240,CrowdStrike Falcon Sensor System Tray Application,7.32,CrowdStrike Inc.,Application,,C:\Program Files\CrowdStrike,2.0
4240,CrowdStrike Firmware Analysis,7.14,CrowdStrike Inc.,Add/Remove Programs,"June 18, 2025 12:00:00 AM",,
4240,CrowdStrike Firmware Analysis Support Tool,7.14,CrowdStrike Inc.,Application,,C:\Program Files\CrowdStrike,1.0
4240,CrowdStrike Forensic Data Collection Tool,1.0,CrowdStrike Inc.,Application,,C:,2.0
4240,CrowdStrike On-Demand Scan Command-line Tool,7.32,CrowdStrike Inc.,Application,,C:\Program Files\CrowdStrike,1.0
4240,CrowdStrike On-Demand Scan Tool,7.32,CrowdStrike Inc.,Application,,C:\Program Files\CrowdStrike,1.0
4240,CrowdStrike Sensor Platform,7.32,CrowdStrike Inc.,Add/Remove Programs,"January 14, 2026 12:00:00 AM",,
4240,CrowdStrike Windows Sensor,7.32,CrowdStrike Inc.,Add/Remove Programs,"January 14, 2026 12:00:00 AM",,
4240,CxAudioSvc,1.0,Conexant Systems LLC.,Application,,C:\Windows\CxSvc,1.0
2813,.NET Runtime Optimization Service,4.8,Microsoft Corporation Inc.,Application,,C:\Windows\Microsoft.NET\Framework64\v4.0.30319,2.0
2813,64Bit MAPI Mail Agent,1.0,Foxit Software Inc.,Application,,C:\Program Files (x86)\Foxit Software\Foxit PDF Reader,1.0
2813,7-Zip 24.09 (x64),24.09,Igor Pavlov,Add/Remove Programs,,C:\Program Files\7-Zip\,
2813,7-Zip Console,24.09,Igor Pavlov,Application,,C:\Program Files\7-Zip,1.0
2813,7-Zip File Manager,24.09,Igor Pavlov,Application,,C:\Program Files\7-Zip,1.0
2813,7-Zip GUI,24.09,Igor Pavlov,Application,,C:\Program Files\7-Zip,1.0
2813,Accounts Control Host,10.0,Microsoft Corporation Inc.,Application,,C:\Windows\SystemApps\Microsoft.AccountsControl_cw5n1h2txyewy,1.0
2813,AddSuggestedFoldersToLibraryDialog,10.0,Microsoft Corporation Inc.,Application,,C:\Windows\SystemApps\Microsoft.Windows.AddSuggestedFoldersToLibraryDialog_cw5n1h2txyewy,1.0
2813,Antimalware Core Service,4.18,Microsoft Corporation Inc.,Application,,C:\Program Files\Windows Defender,1.0
2813,Antimalware Service Executable,4.18,Microsoft Corporation Inc.,Application,,C:\Program Files\Windows Defender,1.0
2813,AppFollower,1.3,Conexant Systems Inc.,Application,,C:\Program Files\CONEXANT\Flow,1.0
2813,AppResolverUX,10.0,Microsoft Corporation Inc.,Application,,C:\Windows\SystemApps\Microsoft.Windows.AppResolverUX_cw5n1h2txyewy,1.0
2813,AsyncTextService,10.0,Microsoft Corporation Inc.,Application,,C:\Windows\SystemApps\Microsoft.AsyncTextService_8wekyb3d8bbwe,1.0
2813,Audio Control,4.0,Conexant Systems LLC.,Application,,C:\Program Files\CONEXANT\Install\Audio\SA3\SA3\Dyson,2.0
2813,Audio Controls Control Panel,4.0,Conexant Systems LLC.,Application,,C:\Program Files\CONEXANT\SA3\HP-NB-AIO,3.0
2813,Bang & Olufsen,4.0,Conexant Systems LLC.,Application,,C:\Program Files\CONEXANT\Install\Audio\SA3\SA3\BandO,2.0
2813,Biometric Enrollment Host,10.0,Microsoft Corporation Inc.,Application,,C:\Windows\SystemApps\Microsoft.BioEnrollment_cw5n1h2txyewy,1.0
2813,BMC Client Management Agent,24.1.01.240624,BMC Software Inc.,Application,,C:\Program Files\BMC Software\Client Management\Client\bin,1.0
2813,BMC Client Management Certificate Generator,24.1.01.240624,BMC Software Inc.,Application,,C:\Program Files\BMC Software\Client Management\Client\bin,1.0
2813,BMC Client Management Chilli Interpreter,24.1.01.240624,BMC Software Inc.,Application,,C:\Program Files\BMC Software\Client Management\Client\bin,1.0
2813,BMC Client Management Direct Access Proxy Agent,24.1.01.240624,BMC Software Inc.,Application,,C:\Program Files\BMC Software\Client Management\Client\bin,1.0
2813,BMC Client Management Opswat Proxy Agent,24.1.01.240624,BMC Software Inc.,Application,,C:\Program Files\BMC Software\Client Management\Client\bin,1.0
2813,BMC Client Management Package Viewer,24.1.01.240624,BMC Software Inc.,Application,,C:\Program Files\BMC Software\Client Management\Client\bin,1.0
2813,BMC Client Management Patch Broker,24.1.01.240624,BMC Software Inc.,Application,,C:\Program Files\BMC Software\Client Management\Client\bin,1.0
2813,BMC Client Management Proxy Agent,24.1.01.240624,BMC Software Inc.,Application,,C:\Program Files\BMC Software\Client Management\Client\bin,1.0
2813,BMC Client Management Remote Control proxy,24.1.01.240624,BMC Software Inc.,Application,,C:\Program Files\BMC Software\Client Management\Client\bin,1.0
2813,BMC Client Management SCAP,24.1.01.240624,BMC Software Inc.,Application,,C:\Program Files\BMC Software\Client Management\Client\bin,1.0
2813,BMC Client Management Video Proxy Agent,24.1.01.240624,BMC Software Inc.,Application,,C:\Program Files\BMC Software\Client Management\Client\bin,1.0
2813,Boot File Servicing Utility,10.0,Microsoft Corporation Inc.,Application,,C:\Windows,1.0
2813,Browser Protection Native Messaging Host,4.18,Microsoft Corporation Inc.,Application,,C:\Program Files\Windows Defender,1.0
2813,BrowserCore,10.0,Microsoft Corporation Inc.,Application,,C:\Windows\BrowserCore,1.0
2813,CameraBarcodeScannerPreview,10.0,Microsoft Corporation Inc.,Application,,C:\Windows\SystemApps\Windows.CBSPreview_cw5n1h2txyewy,1.0
2813,CL5,9.6,Ivanti,Application,,C:\Program Files\BMC Software\Client Management\Client\data\PatchManagementPremium\workspace,1.0
2813,ClickOnce,4.8,Microsoft Corporation Inc.,Application,,C:\Windows\Microsoft.NET\Framework64\v4.0.30319,3.0
2813,CnxtNotify,1.0,Conexant Systems Inc.,Application,,C:\Program Files\CONEXANT\SA3\HP-NB-AIO,1.0
2813,Credential Dialog Host,10.0,Microsoft Corporation Inc.,Application,,C:\Windows\SystemApps\microsoft.creddialoghost_cw5n1h2txyewy,1.0
2813,CrowdStrike Device Control,7.29,CrowdStrike Inc.,Add/Remove Programs,"November 14, 2025 12:00:00 AM",,
2813,CrowdStrike Device Control Support Tool,7.29,CrowdStrike Inc.,Application,,C:\Program Files\CrowdStrike,1.0
2813,CrowdStrike Falcon Connector,7.31,CrowdStrike Inc.,Application,,C:\Program Files\CrowdStrike,1.0
2813,CrowdStrike Falcon Sensor,7.31,CrowdStrike Inc.,Application,,C:\Program Files\CrowdStrike,1.0
2813,CrowdStrike Falcon Sensor Controller,7.31,CrowdStrike Inc.,Application,,C:\Program Files\CrowdStrike,1.0
2813,CrowdStrike Falcon Sensor Service,7.31,CrowdStrike Inc.,Application,,C:\Program Files\CrowdStrike,1.0
2813,CrowdStrike Falcon Sensor Servlet Container,7.31,CrowdStrike Inc.,Application,,C:\Program Files\CrowdStrike,1.0
2813,CrowdStrike Falcon Sensor Settings Tool,7.31,CrowdStrike Inc.,Application,,C:\Program Files\CrowdStrike,1.0
2813,CrowdStrike Falcon Sensor System Tray Application,7.31,CrowdStrike Inc.,Application,,C:\Program Files\CrowdStrike,2.0
2813,CrowdStrike Firmware Analysis,7.14,CrowdStrike Inc.,Add/Remove Programs,"June 18, 2025 12:00:00 AM",,
2813,CrowdStrike Firmware Analysis Support Tool,7.14,CrowdStrike Inc.,Application,,C:\Program Files\CrowdStrike,1.0
2813,CrowdStrike On-Demand Scan Command-line Tool,7.31,CrowdStrike Inc.,Application,,C:\Program Files\CrowdStrike,1.0
2813,CrowdStrike On-Demand Scan Tool,7.31,CrowdStrike Inc.,Application,,C:\Program Files\CrowdStrike,1.0
2813,CrowdStrike Sensor Platform,7.31,CrowdStrike Inc.,Add/Remove Programs,"December 10, 2025 12:00:00 AM",,
5360,.NET Framework,3.0,Microsoft Corporation Inc.,Application,,C:\Windows\Microsoft.NET\Framework64\v3.0\Windows Communication Foundation,2.0
5360,.NET Runtime Crash Dump Generator,8.0,Microsoft Corporation Inc.,Application,,C:\Program Files (x86)\Trend Micro\Endpoint Basecamp\modules\vom\modules\UiBridgeModule\VOneAgentConsole,1.0
5360,.NET Runtime Optimization Service,2.0,Microsoft Corporation Inc.,Application,,C:\Windows\Microsoft.NET\Framework64\v2.0.50727,2.0
5360,.NET Runtime Optimization Service,4.8,Microsoft Corporation Inc.,Application,,C:\Windows\Microsoft.NET\Framework64\v4.0.30319,2.0
5360,64Bit MAPI Mail Agent,1.0,Foxit Software Inc.,Application,,C:\Program Files (x86)\Foxit Software\Foxit PDF Reader,1.0
5360,7-Zip 24.08 (x64 edition),24.08,Igor Pavlov,Add/Remove Programs,"January 25, 2025 12:00:00 AM",,
5360,7-Zip Console,24.08,Igor Pavlov,Application,,C:\Program Files\7-Zip,1.0
5360,7-Zip Console,25.01,Igor Pavlov,Application,,C:\Program Files (x86)\Trend Micro\Security Agent,4.0
5360,7-Zip File Manager,24.08,Igor Pavlov,Application,,C:\Program Files\7-Zip,1.0
5360,7-Zip GUI,24.08,Igor Pavlov,Application,,C:\Program Files\7-Zip,1.0
5360,Accounts Control Host,10.0,Microsoft Corporation Inc.,Application,,C:\Windows\SystemApps\Microsoft.AccountsControl_cw5n1h2txyewy,1.0
5360,ActiveUpdate module.,2.88,Trend Micro Inc.,Application,,C:\Program Files (x86)\Trend Micro\Security Agent,2.0
5360,AddSuggestedFoldersToLibraryDialog,10.0,Microsoft Corporation Inc.,Application,,C:\Windows\SystemApps\Microsoft.Windows.AddSuggestedFoldersToLibraryDialog_cw5n1h2txyewy,1.0
5360,Antimalware Core Service,4.18,Microsoft Corporation Inc.,Application,,C:\Program Files\Windows Defender,1.0
5360,Antimalware Service Executable,4.18,Microsoft Corporation Inc.,Application,,C:\Program Files\Windows Defender,1.0
5360,AppResolverUX,10.0,Microsoft Corporation Inc.,Application,,C:\Windows\SystemApps\Microsoft.Windows.AppResolverUX_cw5n1h2txyewy,1.0
5360,AsyncTextService,10.0,Microsoft Corporation Inc.,Application,,C:\Windows\SystemApps\Microsoft.AsyncTextService_8wekyb3d8bbwe,1.0
5360,Biometric Enrollment Host,10.0,Microsoft Corporation Inc.,Application,,C:\Windows\SystemApps\Microsoft.BioEnrollment_cw5n1h2txyewy,1.0
5360,BMC Client Management Agent,24.1.01.240624,BMC Software Inc.,Application,,C:\Program Files\BMC Software\Client Management\Client\bin,1.0
5360,BMC Client Management Certificate Generator,24.1.01.240624,BMC Software Inc.,Application,,C:\Program Files\BMC Software\Client Management\Client\bin,1.0
5360,BMC Client Management Chilli Interpreter,24.1.01.240624,BMC Software Inc.,Application,,C:\Program Files\BMC Software\Client Management\Client\bin,1.0
5360,BMC Client Management Direct Access Proxy Agent,24.1.01.240624,BMC Software Inc.,Application,,C:\Program Files\BMC Software\Client Management\Client\bin,1.0
5360,BMC Client Management Opswat Proxy Agent,24.1.01.240624,BMC Software Inc.,Application,,C:\Program Files\BMC Software\Client Management\Client\bin,1.0
5360,BMC Client Management Package Viewer,24.1.01.240624,BMC Software Inc.,Application,,C:\Program Files\BMC Software\Client Management\Client\bin,1.0
5360,BMC Client Management Patch Broker,24.1.01.240624,BMC Software Inc.,Application,,C:\Program Files\BMC Software\Client Management\Client\bin,1.0
5360,BMC Client Management Proxy Agent,24.1.01.240624,BMC Software Inc.,Application,,C:\Program Files\BMC Software\Client Management\Client\bin,1.0
5360,BMC Client Management Remote Control proxy,24.1.01.240624,BMC Software Inc.,Application,,C:\Program Files\BMC Software\Client Management\Client\bin,1.0
5360,BMC Client Management SCAP,24.1.01.240624,BMC Software Inc.,Application,,C:\Program Files\BMC Software\Client Management\Client\bin,1.0
5360,BMC Client Management SFX,24.1.01.240624,BMC Software Inc.,Application,,C:\Users\Support.local02\Videos,1.0
5360,BMC Client Management Video Proxy Agent,24.1.01.240624,BMC Software Inc.,Application,,C:\Program Files\BMC Software\Client Management\Client\bin,1.0
5360,Boot File Servicing Utility,10.0,Microsoft Corporation Inc.,Application,,C:\Windows,1.0
5360,Browser Protection Native Messaging Host,4.18,Microsoft Corporation Inc.,Application,,C:\Program Files\Windows Defender,1.0
5360,BrowserCore,10.0,Microsoft Corporation Inc.,Application,,C:\Windows\BrowserCore,1.0
5360,CameraBarcodeScannerPreview,10.0,Microsoft Corporation Inc.,Application,,C:\Windows\SystemApps\Windows.CBSPreview_cw5n1h2txyewy,1.0
5360,ChromeEnterpriseCompanion,143.0,Google LLC,Application,,C:\Windows\SystemTemp\scoped_dir26364_2103423169\scoped_dir26364_1966422570,2.0
5360,CL5,9.6,Ivanti,Application,,C:\Program Files\BMC Software\Client Management\Client\data\PatchManagementPremium\workspace,4.0
5360,ClickOnce,4.8,Microsoft Corporation Inc.,Application,,C:\Windows\Microsoft.NET\Framework64\v4.0.30319,3.0
5360,Common User Interface,5.8,Musarubra US LLC.,Application,,C:\Program Files\McAfee\Agent\x86,1.0
5360,Copilot,144.0,Microsoft Corporation Inc.,Application,,C:\Program Files (x86)\Microsoft\EdgeWebView\Application\144.0.3719.115,5.0
5360,Copilot Update,1.3,Microsoft Corporation Inc.,Application,,C:\Program Files (x86)\Microsoft\EdgeUpdate,2.0
5360,Create a self-signed digital certificate,15.0,Microsoft Corporation Inc.,Application,,C:\Program Files\Microsoft Office\Office15,1.0
5360,Credential Dialog Host,10.0,Microsoft Corporation Inc.,Application,,C:\Windows\SystemApps\microsoft.creddialoghost_cw5n1h2txyewy,1.0
5360,Deep Security Agent Configuration Compiler,12.0,Trend Micro Inc.,Application,,C:\Program Files (x86)\Trend Micro\iService\iVP,1.0
5360,Definition Update for Microsoft Office 2013 (KB3115404) 64-Bit Edition,,Microsoft Corporation Inc.,Add/Remove Programs,,,
5360,DREBoot,2.0,Trend Micro Inc.,Application,,C:\Program Files (x86)\Trend Micro\Security Agent\CCSF\module\DRE,1.0
5360,dtoop Application,6.2,Trend Micro Inc.,Application,,C:\Program Files (x86)\Trend Micro\Security Agent\dlplite\update\x64\system32\dgagent,3.0
5360,EC App,10.0,Microsoft Corporation Inc.,Application,,C:\Windows\SystemApps\Microsoft.ECApp_8wekyb3d8bbwe,1.0
5360,expediteupdater,10.0,Microsoft Corporation Inc.,Application,,C:\Program Files\Microsoft Update Health Tools,1.0
5360,FE Commander,6.0,Trend Micro Inc.,Application,,C:\Program Files (x86)\Trend Micro\Security Agent\dlplite\update\x64\system32\dgagent,3.0
5360,File Explorer,10.0,Microsoft Corporation Inc.,Application,,C:\Windows\SystemApps\Microsoft.Windows.FileExplorer_cw5n1h2txyewy,1.0
3161,.NET Runtime Optimization Service,4.8,Microsoft Corporation Inc.,Application,,C:\Windows\Microsoft.NET\Framework64\v4.0.30319,2.0
3161,64Bit MAPI Mail Agent,1.0,Foxit Software Inc.,Application,,C:\Program Files (x86)\Foxit Software\Foxit PDF Reader,1.0
3161,7-Zip 24.09 (x64),24.09,Igor Pavlov,Add/Remove Programs,,C:\Program Files\7-Zip\,
3161,7-Zip Console,24.09,Igor Pavlov,Application,,C:\Program Files\7-Zip,1.0
3161,7-Zip File Manager,24.09,Igor Pavlov,Application,,C:\Program Files\7-Zip,1.0
3161,7-Zip GUI,24.09,Igor Pavlov,Application,,C:\Program Files\7-Zip,1.0
3161,Accounts Control Host,10.0,Microsoft Corporation Inc.,Application,,C:\Windows\SystemApps\Microsoft.AccountsControl_cw5n1h2txyewy,1.0
3161,AddSuggestedFoldersToLibraryDialog,10.0,Microsoft Corporation Inc.,Application,,C:\Windows\SystemApps\Microsoft.Windows.AddSuggestedFoldersToLibraryDialog_cw5n1h2txyewy,1.0
3161,Antimalware Core Service,4.18,Microsoft Corporation Inc.,Application,,C:\Program Files\Windows Defender,1.0
3161,Antimalware Service Executable,4.18,Microsoft Corporation Inc.,Application,,C:\Program Files\Windows Defender,1.0
3161,AppResolverUX,10.0,Microsoft Corporation Inc.,Application,,C:\Windows\SystemApps\Microsoft.Windows.AppResolverUX_cw5n1h2txyewy,1.0
3161,AsyncTextService,10.0,Microsoft Corporation Inc.,Application,,C:\Windows\SystemApps\Microsoft.AsyncTextService_8wekyb3d8bbwe,1.0
3161,Biometric Enrollment Host,10.0,Microsoft Corporation Inc.,Application,,C:\Windows\SystemApps\Microsoft.BioEnrollment_cw5n1h2txyewy,1.0
3161,BMC Client Management Agent,24.1.01.240624,BMC Software Inc.,Application,,C:\Program Files\BMC Software\Client Management\Client\bin,1.0
3161,BMC Client Management Certificate Generator,24.1.01.240624,BMC Software Inc.,Application,,C:\Program Files\BMC Software\Client Management\Client\bin,1.0
3161,BMC Client Management Chilli Interpreter,24.1.01.240624,BMC Software Inc.,Application,,C:\Program Files\BMC Software\Client Management\Client\bin,1.0
3161,BMC Client Management Direct Access Proxy Agent,24.1.01.240624,BMC Software Inc.,Application,,C:\Program Files\BMC Software\Client Management\Client\bin,1.0
3161,BMC Client Management Opswat Proxy Agent,24.1.01.240624,BMC Software Inc.,Application,,C:\Program Files\BMC Software\Client Management\Client\bin,1.0
3161,BMC Client Management Package Viewer,24.1.01.240624,BMC Software Inc.,Application,,C:\Program Files\BMC Software\Client Management\Client\bin,1.0
3161,BMC Client Management Patch Broker,24.1.01.240624,BMC Software Inc.,Application,,C:\Program Files\BMC Software\Client Management\Client\bin,1.0
3161,BMC Client Management Proxy Agent,24.1.01.240624,BMC Software Inc.,Application,,C:\Program Files\BMC Software\Client Management\Client\bin,1.0
3161,BMC Client Management Remote Control proxy,24.1.01.240624,BMC Software Inc.,Application,,C:\Program Files\BMC Software\Client Management\Client\bin,1.0
3161,BMC Client Management SCAP,24.1.01.240624,BMC Software Inc.,Application,,C:\Program Files\BMC Software\Client Management\Client\bin,1.0
3161,BMC Client Management Video Proxy Agent,24.1.01.240624,BMC Software Inc.,Application,,C:\Program Files\BMC Software\Client Management\Client\bin,1.0
3161,Boot File Servicing Utility,10.0,Microsoft Corporation Inc.,Application,,C:\Windows,1.0
3161,Browser Protection Native Messaging Host,4.18,Microsoft Corporation Inc.,Application,,C:\Program Files\Windows Defender,1.0
3161,BrowserCore,10.0,Microsoft Corporation Inc.,Application,,C:\Windows\BrowserCore,1.0
3161,CameraBarcodeScannerPreview,10.0,Microsoft Corporation Inc.,Application,,C:\Windows\SystemApps\Windows.CBSPreview_cw5n1h2txyewy,1.0
3161,CL5,9.6,Ivanti,Application,,C:\Program Files\BMC Software\Client Management\Client\data\PatchManagementPremium\workspace,1.0
3161,ClickOnce,4.8,Microsoft Corporation Inc.,Application,,C:\Windows\Microsoft.NET\Framework64\v4.0.30319,3.0
3161,Credential Dialog Host,10.0,Microsoft Corporation Inc.,Application,,C:\Windows\SystemApps\microsoft.creddialoghost_cw5n1h2txyewy,1.0
3161,CrowdStrike Device Control,7.29,CrowdStrike Inc.,Add/Remove Programs,"November 14, 2025 12:00:00 AM",,
3161,CrowdStrike Device Control Support Tool,7.29,CrowdStrike Inc.,Application,,C:\Program Files\CrowdStrike,1.0
3161,CrowdStrike Falcon Connector,7.31,CrowdStrike Inc.,Application,,C:\Program Files\CrowdStrike,1.0
3161,CrowdStrike Falcon Sensor,7.31,CrowdStrike Inc.,Application,,C:\Program Files\CrowdStrike,1.0
3161,CrowdStrike Falcon Sensor Controller,7.31,CrowdStrike Inc.,Application,,C:\Program Files\CrowdStrike,1.0
3161,CrowdStrike Falcon Sensor Service,7.31,CrowdStrike Inc.,Application,,C:\Program Files\CrowdStrike,1.0
3161,CrowdStrike Falcon Sensor Servlet Container,7.31,CrowdStrike Inc.,Application,,C:\Program Files\CrowdStrike,1.0
3161,CrowdStrike Falcon Sensor Settings Tool,7.31,CrowdStrike Inc.,Application,,C:\Program Files\CrowdStrike,1.0
3161,CrowdStrike Falcon Sensor System Tray Application,7.31,CrowdStrike Inc.,Application,,C:\Program Files\CrowdStrike,2.0
3161,CrowdStrike Firmware Analysis,7.14,CrowdStrike Inc.,Add/Remove Programs,"June 19, 2025 12:00:00 AM",,
3161,CrowdStrike Firmware Analysis Support Tool,7.14,CrowdStrike Inc.,Application,,C:\Program Files\CrowdStrike,1.0
3161,CrowdStrike On-Demand Scan Command-line Tool,7.31,CrowdStrike Inc.,Application,,C:\Program Files\CrowdStrike,1.0
3161,CrowdStrike On-Demand Scan Tool,7.31,CrowdStrike Inc.,Application,,C:\Program Files\CrowdStrike,1.0
3161,CrowdStrike Sensor Platform,7.31,CrowdStrike Inc.,Add/Remove Programs,"December 10, 2025 12:00:00 AM",,
3161,CrowdStrike Windows Sensor,7.31,CrowdStrike Inc.,Add/Remove Programs,"December 10, 2025 12:00:00 AM",,
3161,EC App,10.0,Microsoft Corporation Inc.,Application,,C:\Windows\SystemApps\Microsoft.ECApp_8wekyb3d8bbwe,1.0
3161,File Explorer,10.0,Microsoft Corporation Inc.,Application,,C:\Windows\SystemApps\Microsoft.Windows.FileExplorer_cw5n1h2txyewy,1.0
3161,File Picker,10.0,Microsoft Corporation Inc.,Application,,C:\Windows\SystemApps\Microsoft.Windows.FilePicker_cw5n1h2txyewy,1.0
3161,Foxit PDF Preview Handler Host,12.1,Foxit Corporation,Application,,C:\Program Files (x86)\Foxit Software\Foxit PDF Reader\Shell Extensions,1.0
3686,.NET Framework,3.0,Microsoft Corporation Inc.,Application,,C:\Windows\Microsoft.NET\Framework64\v3.0\Windows Communication Foundation,2.0
3686,.NET Runtime Optimization Service,2.0,Microsoft Corporation Inc.,Application,,C:\Windows\Microsoft.NET\Framework64\v2.0.50727,2.0
3686,.NET Runtime Optimization Service,4.8,Microsoft Corporation Inc.,Application,,C:\Windows\Microsoft.NET\Framework64\v4.0.30319,2.0
3686,64Bit MAPI Mail Agent,1.0,Foxit Software Inc.,Application,,C:\Program Files (x86)\Foxit Software\Foxit PDF Reader,1.0
3686,7-Zip 24.08 (x64 edition),24.08,Igor Pavlov,Add/Remove Programs,"November 30, 2024 12:00:00 AM",,
3686,7-Zip Console,24.08,Igor Pavlov,Application,,C:\Program Files\7-Zip,1.0
3686,7-Zip File Manager,24.08,Igor Pavlov,Application,,C:\Program Files\7-Zip,1.0
3686,7-Zip GUI,24.08,Igor Pavlov,Application,,C:\Program Files\7-Zip,1.0
3686,AAD token broker plugin,10.0,Microsoft Corporation Inc.,Application,,C:\Windows\SystemApps\Microsoft.AAD.BrokerPlugin_cw5n1h2txyewy,1.0
3686,Accounts Control Host,10.0,Microsoft Corporation Inc.,Application,,C:\Windows\SystemApps\Microsoft.AccountsControl_cw5n1h2txyewy,1.0
3686,AddSuggestedFoldersToLibraryDialog,10.0,Microsoft Corporation Inc.,Application,,C:\Windows\SystemApps\Microsoft.Windows.AddSuggestedFoldersToLibraryDialog_cw5n1h2txyewy,1.0
3686,Antimalware Service Executable,4.18,Microsoft Corporation Inc.,Application,,C:\Program Files\Windows Defender,1.0
3686,AppResolverUX,10.0,Microsoft Corporation Inc.,Application,,C:\Windows\SystemApps\Microsoft.Windows.AppResolverUX_cw5n1h2txyewy,1.0
3686,AsyncTextService,10.0,Microsoft Corporation Inc.,Application,,C:\Windows\SystemApps\Microsoft.AsyncTextService_8wekyb3d8bbwe,1.0
3686,Biometric Enrollment Host,10.0,Microsoft Corporation Inc.,Application,,C:\Windows\SystemApps\Microsoft.BioEnrollment_cw5n1h2txyewy,1.0
3686,BMC Client Management Agent,24.1.01.240624,BMC Software Inc.,Application,,C:\Program Files\BMC Software\Client Management\Client\bin,1.0
3686,BMC Client Management Certificate Generator,24.1.01.240624,BMC Software Inc.,Application,,C:\Program Files\BMC Software\Client Management\Client\bin,1.0
3686,BMC Client Management Chilli Interpreter,24.1.01.240624,BMC Software Inc.,Application,,C:\Program Files\BMC Software\Client Management\Client\bin,1.0
3686,BMC Client Management Direct Access Proxy Agent,24.1.01.240624,BMC Software Inc.,Application,,C:\Program Files\BMC Software\Client Management\Client\bin,1.0
3686,BMC Client Management Opswat Proxy Agent,24.1.01.240624,BMC Software Inc.,Application,,C:\Program Files\BMC Software\Client Management\Client\bin,1.0
3686,BMC Client Management Package Viewer,24.1.01.240624,BMC Software Inc.,Application,,C:\Program Files\BMC Software\Client Management\Client\bin,1.0
3686,BMC Client Management Patch Broker,24.1.01.240624,BMC Software Inc.,Application,,C:\Program Files\BMC Software\Client Management\Client\bin,1.0
3686,BMC Client Management Proxy Agent,24.1.01.240624,BMC Software Inc.,Application,,C:\Program Files\BMC Software\Client Management\Client\bin,1.0
3686,BMC Client Management Remote Control proxy,24.1.01.240624,BMC Software Inc.,Application,,C:\Program Files\BMC Software\Client Management\Client\bin,1.0
3686,BMC Client Management SCAP,24.1.01.240624,BMC Software Inc.,Application,,C:\Program Files\BMC Software\Client Management\Client\bin,1.0
3686,BMC Client Management Video Proxy Agent,24.1.01.240624,BMC Software Inc.,Application,,C:\Program Files\BMC Software\Client Management\Client\bin,1.0
3686,Boot File Servicing Utility,10.0,Microsoft Corporation Inc.,Application,,C:\Windows,1.0
3686,BrowserCore,10.0,Microsoft Corporation Inc.,Application,,C:\Windows\BrowserCore,1.0
3686,Calling App to host call progress on shell,10.0,Microsoft Corporation Inc.,Application,,C:\Windows\SystemApps\Microsoft.Windows.CallingShellApp_cw5n1h2txyewy,1.0
3686,CameraBarcodeScannerPreview,10.0,Microsoft Corporation Inc.,Application,,C:\Windows\SystemApps\Windows.CBSPreview_cw5n1h2txyewy,1.0
3686,ChromeEnterpriseCompanion,143.0,Google LLC,Application,,C:\Windows\SystemTemp\scoped_dir13092_574377410\scoped_dir13092_579031538,1.0
3686,CL5,9.6,Ivanti,Application,,C:\Program Files\BMC Software\Client Management\Client\data\PatchManagementPremium\workspace,3.0
3686,ClickOnce,4.8,Microsoft Corporation Inc.,Application,,C:\Windows\Microsoft.NET\Framework64\v4.0.30319,3.0
3686,Common User Interface,5.8,Musarubra US LLC.,Application,,C:\Program Files\McAfee\Agent\x86,1.0
3686,Credential Dialog Host,10.0,Microsoft Corporation Inc.,Application,,C:\Windows\SystemApps\microsoft.creddialoghost_cw5n1h2txyewy,1.0
3686,CrowdStrike Device Control,7.29,CrowdStrike Inc.,Add/Remove Programs,"November 14, 2025 12:00:00 AM",,
3686,CrowdStrike Device Control Support Tool,7.29,CrowdStrike Inc.,Application,,C:\Program Files\CrowdStrike,1.0
3686,CrowdStrike Falcon Connector,7.32,CrowdStrike Inc.,Application,,C:\Program Files\CrowdStrike,1.0
3686,CrowdStrike Falcon Sensor,7.32,CrowdStrike Inc.,Application,,C:\Program Files\CrowdStrike,1.0
3686,CrowdStrike Falcon Sensor Controller,7.32,CrowdStrike Inc.,Application,,C:\Program Files\CrowdStrike,1.0
3686,CrowdStrike Falcon Sensor Service,7.32,CrowdStrike Inc.,Application,,C:\Program Files\CrowdStrike,1.0
3686,CrowdStrike Falcon Sensor Servlet Container,7.32,CrowdStrike Inc.,Application,,C:\Program Files\CrowdStrike,1.0
3686,CrowdStrike Falcon Sensor Settings Tool,7.32,CrowdStrike Inc.,Application,,C:\Program Files\CrowdStrike,1.0
3686,CrowdStrike Falcon Sensor System Tray Application,7.32,CrowdStrike Inc.,Application,,C:\Program Files\CrowdStrike,2.0
3686,CrowdStrike Firmware Analysis,7.14,CrowdStrike Inc.,Add/Remove Programs,"April 29, 2025 12:00:00 AM",,
3686,CrowdStrike Firmware Analysis Support Tool,7.14,CrowdStrike Inc.,Application,,C:\Program Files\CrowdStrike,1.0
3686,CrowdStrike On-Demand Scan Command-line Tool,7.32,CrowdStrike Inc.,Application,,C:\Program Files\CrowdStrike,1.0
3686,CrowdStrike On-Demand Scan Tool,7.32,CrowdStrike Inc.,Application,,C:\Program Files\CrowdStrike,1.0
3686,CrowdStrike Sensor Platform,7.32,CrowdStrike Inc.,Add/Remove Programs,"January 14, 2026 12:00:00 AM",,
3686,CrowdStrike Windows Sensor,7.32,CrowdStrike Inc.,Add/Remove Programs,"January 14, 2026 12:00:00 AM",,
2766,.NET Runtime Optimization Service,4.8,Microsoft Corporation Inc.,Application,,C:\Windows\Microsoft.NET\Framework64\v4.0.30319,2.0
2766,64Bit MAPI Mail Agent,1.0,Foxit Software Inc.,Application,,C:\Program Files (x86)\Foxit Software\Foxit PDF Reader,1.0
2766,7-Zip 24.09 (x64),24.09,Igor Pavlov,Add/Remove Programs,,C:\Program Files\7-Zip\,
2766,7-Zip Console,24.09,Igor Pavlov,Application,,C:\Program Files\7-Zip,1.0
2766,7-Zip File Manager,24.09,Igor Pavlov,Application,,C:\Program Files\7-Zip,1.0
2766,7-Zip GUI,24.09,Igor Pavlov,Application,,C:\Program Files\7-Zip,1.0
2766,Accounts Control Host,10.0,Microsoft Corporation Inc.,Application,,C:\Windows\SystemApps\Microsoft.AccountsControl_cw5n1h2txyewy,1.0
2766,AddSuggestedFoldersToLibraryDialog,10.0,Microsoft Corporation Inc.,Application,,C:\Windows\SystemApps\Microsoft.Windows.AddSuggestedFoldersToLibraryDialog_cw5n1h2txyewy,1.0
2766,Antimalware Core Service,4.18,Microsoft Corporation Inc.,Application,,C:\Program Files\Windows Defender,1.0
2766,AntiMalware Platform Update (amd64fre),4.18,Microsoft Corporation Inc.,Application,,C:\Windows\SystemTemp\47F30794-004D-433E-8556-10430A153092MpCommU,1.0
2766,Antimalware Service Executable,4.18,Microsoft Corporation Inc.,Application,,C:\Program Files\Windows Defender,1.0
2766,AppFollower,1.3,Conexant Systems Inc.,Application,,C:\Program Files\CONEXANT\Flow,1.0
2766,AppResolverUX,10.0,Microsoft Corporation Inc.,Application,,C:\Windows\SystemApps\Microsoft.Windows.AppResolverUX_cw5n1h2txyewy,1.0
2766,AsyncTextService,10.0,Microsoft Corporation Inc.,Application,,C:\Windows\SystemApps\Microsoft.AsyncTextService_8wekyb3d8bbwe,1.0
2766,Audio Control,4.0,Conexant Systems LLC.,Application,,C:\Program Files\CONEXANT\Install\Audio\SA3\SA3\Dyson,2.0
2766,Audio Controls Control Panel,4.0,Conexant Systems LLC.,Application,,C:\Program Files\CONEXANT\SA3\HP-NB-AIO,3.0
2766,Bang & Olufsen,4.0,Conexant Systems LLC.,Application,,C:\Program Files\CONEXANT\Install\Audio\SA3\SA3\BandO,2.0
2766,Biometric Enrollment Host,10.0,Microsoft Corporation Inc.,Application,,C:\Windows\SystemApps\Microsoft.BioEnrollment_cw5n1h2txyewy,1.0
2766,BMC Client Management Agent,24.1.01.240624,BMC Software Inc.,Application,,C:\Program Files\BMC Software\Client Management\Client\bin,1.0
2766,BMC Client Management Certificate Generator,24.1.01.240624,BMC Software Inc.,Application,,C:\Program Files\BMC Software\Client Management\Client\bin,1.0
2766,BMC Client Management Chilli Interpreter,24.1.01.240624,BMC Software Inc.,Application,,C:\Program Files\BMC Software\Client Management\Client\bin,1.0
2766,BMC Client Management Direct Access Proxy Agent,24.1.01.240624,BMC Software Inc.,Application,,C:\Program Files\BMC Software\Client Management\Client\bin,1.0
2766,BMC Client Management Opswat Proxy Agent,24.1.01.240624,BMC Software Inc.,Application,,C:\Program Files\BMC Software\Client Management\Client\bin,1.0
2766,BMC Client Management Package Viewer,24.1.01.240624,BMC Software Inc.,Application,,C:\Program Files\BMC Software\Client Management\Client\bin,1.0
2766,BMC Client Management Patch Broker,24.1.01.240624,BMC Software Inc.,Application,,C:\Program Files\BMC Software\Client Management\Client\bin,1.0
2766,BMC Client Management Proxy Agent,24.1.01.240624,BMC Software Inc.,Application,,C:\Program Files\BMC Software\Client Management\Client\bin,1.0
2766,BMC Client Management Remote Control proxy,24.1.01.240624,BMC Software Inc.,Application,,C:\Program Files\BMC Software\Client Management\Client\bin,1.0
2766,BMC Client Management SCAP,24.1.01.240624,BMC Software Inc.,Application,,C:\Program Files\BMC Software\Client Management\Client\bin,1.0
2766,BMC Client Management SFX,24.1.01.240624,BMC Software Inc.,Application,,C:\Users\support.local02\Videos,1.0
2766,BMC Client Management Video Proxy Agent,24.1.01.240624,BMC Software Inc.,Application,,C:\Program Files\BMC Software\Client Management\Client\bin,1.0
2766,Boot File Servicing Utility,10.0,Microsoft Corporation Inc.,Application,,C:\Windows,1.0
2766,Browser Protection Native Messaging Host,4.18,Microsoft Corporation Inc.,Application,,C:\Program Files\Windows Defender,1.0
2766,BrowserCore,10.0,Microsoft Corporation Inc.,Application,,C:\Windows\BrowserCore,1.0
2766,CameraBarcodeScannerPreview,10.0,Microsoft Corporation Inc.,Application,,C:\Windows\SystemApps\Windows.CBSPreview_cw5n1h2txyewy,1.0
2766,CL5,9.6,Ivanti,Application,,C:\Program Files\BMC Software\Client Management\Client\data\PatchManagementPremium\workspace,1.0
2766,ClickOnce,4.8,Microsoft Corporation Inc.,Application,,C:\Windows\Microsoft.NET\Framework64\v4.0.30319,3.0
2766,CnxtNotify,1.0,Conexant Systems Inc.,Application,,C:\Program Files\CONEXANT\SA3\HP-NB-AIO,1.0
2766,Credential Dialog Host,10.0,Microsoft Corporation Inc.,Application,,C:\Windows\SystemApps\microsoft.creddialoghost_cw5n1h2txyewy,1.0
2766,CrowdStrike Device Control,7.29,CrowdStrike Inc.,Add/Remove Programs,"November 14, 2025 12:00:00 AM",,
2766,CrowdStrike Device Control Support Tool,7.29,CrowdStrike Inc.,Application,,C:\Program Files\CrowdStrike,1.0
2766,CrowdStrike Falcon Connector,7.31,CrowdStrike Inc.,Application,,C:\Program Files\CrowdStrike,1.0
2766,CrowdStrike Falcon Sensor,7.31,CrowdStrike Inc.,Application,,C:\Program Files\CrowdStrike,1.0
2766,CrowdStrike Falcon Sensor Controller,7.31,CrowdStrike Inc.,Application,,C:\Program Files\CrowdStrike,1.0
2766,CrowdStrike Falcon Sensor Service,7.31,CrowdStrike Inc.,Application,,C:\Program Files\CrowdStrike,1.0
2766,CrowdStrike Falcon Sensor Servlet Container,7.31,CrowdStrike Inc.,Application,,C:\Program Files\CrowdStrike,1.0
2766,CrowdStrike Falcon Sensor Settings Tool,7.31,CrowdStrike Inc.,Application,,C:\Program Files\CrowdStrike,1.0
2766,CrowdStrike Falcon Sensor System Tray Application,7.31,CrowdStrike Inc.,Application,,C:\Program Files\CrowdStrike,2.0
2766,CrowdStrike Firmware Analysis,7.14,CrowdStrike Inc.,Add/Remove Programs,"July 24, 2025 12:00:00 AM",,
2766,CrowdStrike Firmware Analysis Support Tool,7.14,CrowdStrike Inc.,Application,,C:\Program Files\CrowdStrike,1.0
2766,CrowdStrike On-Demand Scan Command-line Tool,7.31,CrowdStrike Inc.,Application,,C:\Program Files\CrowdStrike,1.0
5023,.NET Runtime Optimization Service,4.8,Microsoft Corporation Inc.,Application,,C:\Windows\Microsoft.NET\Framework64\v4.0.30319,2.0
5023,64Bit MAPI Mail Agent,1.0,Foxit Software Inc.,Application,,C:\Program Files (x86)\Foxit Software\Foxit PDF Reader,1.0
5023,7-Zip 19.00 (x64),19.0,Igor Pavlov,Add/Remove Programs,,C:\Program Files\7-Zip\,
5023,7-Zip Console,19.0,Igor Pavlov,Application,,C:\Program Files\7-Zip,1.0
5023,7-Zip File Manager,19.0,Igor Pavlov,Application,,C:\Program Files\7-Zip,1.0
5023,7-Zip GUI,19.0,Igor Pavlov,Application,,C:\Program Files\7-Zip,1.0
5023,Accounts Control Host,10.0,Microsoft Corporation Inc.,Application,,C:\Windows\SystemApps\Microsoft.AccountsControl_cw5n1h2txyewy,1.0
5023,AddSuggestedFoldersToLibraryDialog,10.0,Microsoft Corporation Inc.,Application,,C:\Windows\SystemApps\Microsoft.Windows.AddSuggestedFoldersToLibraryDialog_cw5n1h2txyewy,1.0
5023,Antimalware Core Service,4.18,Microsoft Corporation Inc.,Application,,C:\Program Files\Windows Defender,1.0
5023,AntiMalware Platform Update (amd64fre),4.18,Microsoft Corporation Inc.,Application,,C:\Windows\SystemTemp\D61AAD2E-5F41-4604-B551-16BD10143542MpCommU,2.0
5023,Antimalware Service Executable,4.18,Microsoft Corporation Inc.,Application,,C:\Program Files\Windows Defender,1.0
5023,AppResolverUX,10.0,Microsoft Corporation Inc.,Application,,C:\Windows\SystemApps\Microsoft.Windows.AppResolverUX_cw5n1h2txyewy,1.0
5023,AsyncTextService,10.0,Microsoft Corporation Inc.,Application,,C:\Windows\SystemApps\Microsoft.AsyncTextService_8wekyb3d8bbwe,1.0
5023,Biometric Enrollment Host,10.0,Microsoft Corporation Inc.,Application,,C:\Windows\SystemApps\Microsoft.BioEnrollment_cw5n1h2txyewy,1.0
5023,BMC Client Management Agent,24.1.01.240624,BMC Software Inc.,Application,,C:\Program Files\BMC Software\Client Management\Client\bin,1.0
5023,BMC Client Management Certificate Generator,24.1.01.240624,BMC Software Inc.,Application,,C:\Program Files\BMC Software\Client Management\Client\bin,1.0
5023,BMC Client Management Chilli Interpreter,24.1.01.240624,BMC Software Inc.,Application,,C:\Program Files\BMC Software\Client Management\Client\bin,1.0
5023,BMC Client Management Direct Access Proxy Agent,24.1.01.240624,BMC Software Inc.,Application,,C:\Program Files\BMC Software\Client Management\Client\bin,1.0
5023,BMC Client Management Opswat Proxy Agent,24.1.01.240624,BMC Software Inc.,Application,,C:\Program Files\BMC Software\Client Management\Client\bin,1.0
5023,BMC Client Management Package Viewer,24.1.01.240624,BMC Software Inc.,Application,,C:\Program Files\BMC Software\Client Management\Client\bin,1.0
5023,BMC Client Management Patch Broker,24.1.01.240624,BMC Software Inc.,Application,,C:\Program Files\BMC Software\Client Management\Client\bin,1.0
5023,BMC Client Management Proxy Agent,24.1.01.240624,BMC Software Inc.,Application,,C:\Program Files\BMC Software\Client Management\Client\bin,1.0
5023,BMC Client Management Remote Control proxy,24.1.01.240624,BMC Software Inc.,Application,,C:\Program Files\BMC Software\Client Management\Client\bin,1.0
5023,BMC Client Management SCAP,24.1.01.240624,BMC Software Inc.,Application,,C:\Program Files\BMC Software\Client Management\Client\bin,1.0
5023,BMC Client Management Video Proxy Agent,24.1.01.240624,BMC Software Inc.,Application,,C:\Program Files\BMC Software\Client Management\Client\bin,1.0
5023,Boot File Servicing Utility,10.0,Microsoft Corporation Inc.,Application,,C:\Windows,1.0
5023,Browser Protection Native Messaging Host,4.18,Microsoft Corporation Inc.,Application,,C:\Program Files\Windows Defender,1.0
5023,BrowserCore,10.0,Microsoft Corporation Inc.,Application,,C:\Windows\BrowserCore,1.0
5023,CameraBarcodeScannerPreview,10.0,Microsoft Corporation Inc.,Application,,C:\Windows\SystemApps\Windows.CBSPreview_cw5n1h2txyewy,1.0
5023,ChromeEnterpriseCompanion,143.0,Google LLC,Application,,C:\Windows\SystemTemp\scoped_dir15280_1642234540\scoped_dir15280_1932283281,1.0
5023,CL5,9.6,Ivanti,Application,,C:\Program Files\BMC Software\Client Management\Client\data\PatchManagementPremium\workspace,1.0
5023,ClickOnce,4.8,Microsoft Corporation Inc.,Application,,C:\Windows\Microsoft.NET\Framework64\v4.0.30319,3.0
5023,Common User Interface,5.8,Musarubra US LLC.,Application,,C:\Program Files\McAfee\Agent\x86,1.0
5023,Copilot,144.0,Microsoft Corporation Inc.,Application,,C:\Program Files (x86)\Microsoft\EdgeWebView\Application\144.0.3719.93,6.0
5023,Copilot Update,1.3,Microsoft Corporation Inc.,Application,,C:\Program Files (x86)\Microsoft\EdgeUpdate,2.0
5023,Create a self-signed digital certificate,15.0,Microsoft Corporation Inc.,Application,,C:\Program Files\Microsoft Office\Office15,1.0
5023,Credential Dialog Host,10.0,Microsoft Corporation Inc.,Application,,C:\Windows\SystemApps\microsoft.creddialoghost_cw5n1h2txyewy,1.0
5023,CrowdStrike Device Control,7.29,CrowdStrike Inc.,Add/Remove Programs,"November 14, 2025 12:00:00 AM",,
5023,CrowdStrike Device Control Support Tool,7.29,CrowdStrike Inc.,Application,,C:\Program Files\CrowdStrike,1.0
5023,CrowdStrike Falcon Connector,7.32,CrowdStrike Inc.,Application,,C:\Program Files\CrowdStrike,1.0
5023,CrowdStrike Falcon Sensor,7.32,CrowdStrike Inc.,Application,,C:\Program Files\CrowdStrike,1.0
5023,CrowdStrike Falcon Sensor Controller,7.32,CrowdStrike Inc.,Application,,C:\Program Files\CrowdStrike,1.0
5023,CrowdStrike Falcon Sensor Service,7.32,CrowdStrike Inc.,Application,,C:\Program Files\CrowdStrike,1.0
5023,CrowdStrike Falcon Sensor Servlet Container,7.32,CrowdStrike Inc.,Application,,C:\Program Files\CrowdStrike,1.0
5023,CrowdStrike Falcon Sensor Settings Tool,7.32,CrowdStrike Inc.,Application,,C:\Program Files\CrowdStrike,1.0
5023,CrowdStrike Falcon Sensor System Tray Application,7.32,CrowdStrike Inc.,Application,,C:\Program Files\CrowdStrike,2.0
5023,CrowdStrike Firmware Analysis,7.14,CrowdStrike Inc.,Add/Remove Programs,"March 28, 2025 12:00:00 AM",,
5023,CrowdStrike Firmware Analysis Support Tool,7.14,CrowdStrike Inc.,Application,,C:\Program Files\CrowdStrike,1.0
5023,CrowdStrike On-Demand Scan Command-line Tool,7.32,CrowdStrike Inc.,Application,,C:\Program Files\CrowdStrike,1.0
5023,CrowdStrike On-Demand Scan Tool,7.32,CrowdStrike Inc.,Application,,C:\Program Files\CrowdStrike,1.0
2777,.NET Runtime Optimization Service,4.8,Microsoft Corporation Inc.,Application,,C:\Windows\Microsoft.NET\Framework64\v4.0.30319,2.0
2777,64Bit MAPI Mail Agent,1.0,Foxit Software Inc.,Application,,C:\Program Files (x86)\Foxit Software\Foxit PDF Reader,1.0
2777,7-Zip 24.09 (x64),24.09,Igor Pavlov,Add/Remove Programs,,C:\Program Files\7-Zip\,
2777,7-Zip Console,24.09,Igor Pavlov,Application,,C:\Program Files\7-Zip,1.0
2777,7-Zip File Manager,24.09,Igor Pavlov,Application,,C:\Program Files\7-Zip,1.0
2777,7-Zip GUI,24.09,Igor Pavlov,Application,,C:\Program Files\7-Zip,1.0
2777,Accounts Control Host,10.0,Microsoft Corporation Inc.,Application,,C:\Windows\SystemApps\Microsoft.AccountsControl_cw5n1h2txyewy,1.0
2777,AddSuggestedFoldersToLibraryDialog,10.0,Microsoft Corporation Inc.,Application,,C:\Windows\SystemApps\Microsoft.Windows.AddSuggestedFoldersToLibraryDialog_cw5n1h2txyewy,1.0
2777,Antimalware Core Service,4.18,Microsoft Corporation Inc.,Application,,C:\Program Files\Windows Defender,1.0
2777,AntiMalware Platform Update (amd64fre),4.18,Microsoft Corporation Inc.,Application,,C:\Windows\SystemTemp\2791C4D2-DE1D-4389-9F51-8C21E739D0A0MpCommU,1.0
2777,Antimalware Service Executable,4.18,Microsoft Corporation Inc.,Application,,C:\Program Files\Windows Defender,1.0
2777,AppResolverUX,10.0,Microsoft Corporation Inc.,Application,,C:\Windows\SystemApps\Microsoft.Windows.AppResolverUX_cw5n1h2txyewy,1.0
2777,AsyncTextService,10.0,Microsoft Corporation Inc.,Application,,C:\Windows\SystemApps\Microsoft.AsyncTextService_8wekyb3d8bbwe,1.0
2777,Biometric Enrollment Host,10.0,Microsoft Corporation Inc.,Application,,C:\Windows\SystemApps\Microsoft.BioEnrollment_cw5n1h2txyewy,1.0
2777,BMC Client Management Agent,24.1.01.240624,BMC Software Inc.,Application,,C:\Program Files\BMC Software\Client Management\Client\bin,1.0
2777,BMC Client Management Certificate Generator,24.1.01.240624,BMC Software Inc.,Application,,C:\Program Files\BMC Software\Client Management\Client\bin,1.0
2777,BMC Client Management Chilli Interpreter,24.1.01.240624,BMC Software Inc.,Application,,C:\Program Files\BMC Software\Client Management\Client\bin,1.0
2777,BMC Client Management Direct Access Proxy Agent,24.1.01.240624,BMC Software Inc.,Application,,C:\Program Files\BMC Software\Client Management\Client\bin,1.0
2777,BMC Client Management Opswat Proxy Agent,24.1.01.240624,BMC Software Inc.,Application,,C:\Program Files\BMC Software\Client Management\Client\bin,1.0
2777,BMC Client Management Package Viewer,24.1.01.240624,BMC Software Inc.,Application,,C:\Program Files\BMC Software\Client Management\Client\bin,1.0
2777,BMC Client Management Patch Broker,24.1.01.240624,BMC Software Inc.,Application,,C:\Program Files\BMC Software\Client Management\Client\bin,1.0
2777,BMC Client Management Proxy Agent,24.1.01.240624,BMC Software Inc.,Application,,C:\Program Files\BMC Software\Client Management\Client\bin,1.0
2777,BMC Client Management Remote Control proxy,24.1.01.240624,BMC Software Inc.,Application,,C:\Program Files\BMC Software\Client Management\Client\bin,1.0
2777,BMC Client Management SCAP,24.1.01.240624,BMC Software Inc.,Application,,C:\Program Files\BMC Software\Client Management\Client\bin,1.0
2777,BMC Client Management Video Proxy Agent,24.1.01.240624,BMC Software Inc.,Application,,C:\Program Files\BMC Software\Client Management\Client\bin,1.0
2777,Boot File Servicing Utility,10.0,Microsoft Corporation Inc.,Application,,C:\Windows,1.0
2777,Browser Protection Native Messaging Host,4.18,Microsoft Corporation Inc.,Application,,C:\Program Files\Windows Defender,1.0
2777,BrowserCore,10.0,Microsoft Corporation Inc.,Application,,C:\Windows\BrowserCore,1.0
2777,CameraBarcodeScannerPreview,10.0,Microsoft Corporation Inc.,Application,,C:\Windows\SystemApps\Windows.CBSPreview_cw5n1h2txyewy,1.0
2777,CL5,9.6,Ivanti,Application,,C:\Program Files\BMC Software\Client Management\Client\data\PatchManagementPremium\workspace,1.0
2777,ClickOnce,4.8,Microsoft Corporation Inc.,Application,,C:\Windows\Microsoft.NET\Framework64\v4.0.30319,3.0
2777,Credential Dialog Host,10.0,Microsoft Corporation Inc.,Application,,C:\Windows\SystemApps\microsoft.creddialoghost_cw5n1h2txyewy,1.0
2777,CrowdStrike Device Control,7.29,CrowdStrike Inc.,Add/Remove Programs,"November 14, 2025 12:00:00 AM",,
2777,CrowdStrike Device Control Support Tool,7.29,CrowdStrike Inc.,Application,,C:\Program Files\CrowdStrike,1.0
2777,CrowdStrike Falcon Connector,7.31,CrowdStrike Inc.,Application,,C:\Program Files\CrowdStrike,1.0
2777,CrowdStrike Falcon Sensor,7.31,CrowdStrike Inc.,Application,,C:\Program Files\CrowdStrike,1.0
2777,CrowdStrike Falcon Sensor Controller,7.31,CrowdStrike Inc.,Application,,C:\Program Files\CrowdStrike,1.0
2777,CrowdStrike Falcon Sensor Service,7.31,CrowdStrike Inc.,Application,,C:\Program Files\CrowdStrike,1.0
2777,CrowdStrike Falcon Sensor Servlet Container,7.31,CrowdStrike Inc.,Application,,C:\Program Files\CrowdStrike,1.0
2777,CrowdStrike Falcon Sensor Settings Tool,7.31,CrowdStrike Inc.,Application,,C:\Program Files\CrowdStrike,1.0
2777,CrowdStrike Falcon Sensor System Tray Application,7.31,CrowdStrike Inc.,Application,,C:\Program Files\CrowdStrike,2.0
2777,CrowdStrike Firmware Analysis,7.14,CrowdStrike Inc.,Add/Remove Programs,"July 24, 2025 12:00:00 AM",,
2777,CrowdStrike Firmware Analysis Support Tool,7.14,CrowdStrike Inc.,Application,,C:\Program Files\CrowdStrike,1.0
2777,CrowdStrike On-Demand Scan Command-line Tool,7.31,CrowdStrike Inc.,Application,,C:\Program Files\CrowdStrike,1.0
2777,CrowdStrike On-Demand Scan Tool,7.31,CrowdStrike Inc.,Application,,C:\Program Files\CrowdStrike,1.0
2777,CrowdStrike Sensor Platform,7.31,CrowdStrike Inc.,Add/Remove Programs,"December 10, 2025 12:00:00 AM",,
2777,CrowdStrike Windows Sensor,7.31,CrowdStrike Inc.,Add/Remove Programs,"December 10, 2025 12:00:00 AM",,
2777,EC App,10.0,Microsoft Corporation Inc.,Application,,C:\Windows\SystemApps\Microsoft.ECApp_8wekyb3d8bbwe,1.0
2777,File Explorer,10.0,Microsoft Corporation Inc.,Application,,C:\Windows\SystemApps\Microsoft.Windows.FileExplorer_cw5n1h2txyewy,1.0
2777,File Picker,10.0,Microsoft Corporation Inc.,Application,,C:\Windows\SystemApps\Microsoft.Windows.FilePicker_cw5n1h2txyewy,1.0
3008,.NET Runtime Optimization Service,4.8,Microsoft Corporation Inc.,Application,,C:\Windows\Microsoft.NET\Framework64\v4.0.30319,2.0
3008,64Bit MAPI Mail Agent,1.0,Foxit Software Inc.,Application,,C:\Program Files (x86)\Foxit Software\Foxit PDF Reader,1.0
3008,7-Zip 24.09 (x64),24.09,Igor Pavlov,Add/Remove Programs,,C:\Program Files\7-Zip\,
3008,7-Zip Console,24.09,Igor Pavlov,Application,,C:\Program Files\7-Zip,1.0
3008,7-Zip File Manager,24.09,Igor Pavlov,Application,,C:\Program Files\7-Zip,1.0
3008,7-Zip GUI,24.09,Igor Pavlov,Application,,C:\Program Files\7-Zip,1.0
3008,Accounts Control Host,10.0,Microsoft Corporation Inc.,Application,,C:\Windows\SystemApps\Microsoft.AccountsControl_cw5n1h2txyewy,1.0
3008,AddSuggestedFoldersToLibraryDialog,10.0,Microsoft Corporation Inc.,Application,,C:\Windows\SystemApps\Microsoft.Windows.AddSuggestedFoldersToLibraryDialog_cw5n1h2txyewy,1.0
3008,Antimalware Core Service,4.18,Microsoft Corporation Inc.,Application,,C:\Program Files\Windows Defender,1.0
3008,AntiMalware Platform Update (amd64fre),4.18,Microsoft Corporation Inc.,Application,,C:\Windows\SystemTemp\C410C66F-A949-4AA5-85F4-02131C8A3EC4MpCommU,1.0
3008,Antimalware Service Executable,4.18,Microsoft Corporation Inc.,Application,,C:\Program Files\Windows Defender,1.0
3008,AppFollower,1.3,Conexant Systems Inc.,Application,,C:\Program Files\CONEXANT\Flow,1.0
3008,AppResolverUX,10.0,Microsoft Corporation Inc.,Application,,C:\Windows\SystemApps\Microsoft.Windows.AppResolverUX_cw5n1h2txyewy,1.0
3008,AsyncTextService,10.0,Microsoft Corporation Inc.,Application,,C:\Windows\SystemApps\Microsoft.AsyncTextService_8wekyb3d8bbwe,1.0
3008,Audio Control,4.0,Conexant Systems LLC.,Application,,C:\Program Files\CONEXANT\Install\Audio\SA3\SA3\Dyson,2.0
3008,Audio Controls Control Panel,4.0,Conexant Systems LLC.,Application,,C:\Program Files\CONEXANT\SA3\HP-NB-AIO,3.0
3008,Bang & Olufsen,4.0,Conexant Systems LLC.,Application,,C:\Program Files\CONEXANT\Install\Audio\SA3\SA3\BandO,2.0
3008,Biometric Enrollment Host,10.0,Microsoft Corporation Inc.,Application,,C:\Windows\SystemApps\Microsoft.BioEnrollment_cw5n1h2txyewy,1.0
3008,BMC Client Management Agent,24.1.01.240624,BMC Software Inc.,Application,,C:\Program Files\BMC Software\Client Management\Client\bin,1.0
3008,BMC Client Management Certificate Generator,24.1.01.240624,BMC Software Inc.,Application,,C:\Program Files\BMC Software\Client Management\Client\bin,1.0
3008,BMC Client Management Chilli Interpreter,24.1.01.240624,BMC Software Inc.,Application,,C:\Program Files\BMC Software\Client Management\Client\bin,1.0
3008,BMC Client Management Direct Access Proxy Agent,24.1.01.240624,BMC Software Inc.,Application,,C:\Program Files\BMC Software\Client Management\Client\bin,1.0
3008,BMC Client Management Opswat Proxy Agent,24.1.01.240624,BMC Software Inc.,Application,,C:\Program Files\BMC Software\Client Management\Client\bin,1.0
3008,BMC Client Management Package Viewer,24.1.01.240624,BMC Software Inc.,Application,,C:\Program Files\BMC Software\Client Management\Client\bin,1.0
3008,BMC Client Management Patch Broker,24.1.01.240624,BMC Software Inc.,Application,,C:\Program Files\BMC Software\Client Management\Client\bin,1.0
3008,BMC Client Management Proxy Agent,24.1.01.240624,BMC Software Inc.,Application,,C:\Program Files\BMC Software\Client Management\Client\bin,1.0
3008,BMC Client Management Remote Control proxy,24.1.01.240624,BMC Software Inc.,Application,,C:\Program Files\BMC Software\Client Management\Client\bin,1.0
3008,BMC Client Management SCAP,24.1.01.240624,BMC Software Inc.,Application,,C:\Program Files\BMC Software\Client Management\Client\bin,1.0
3008,BMC Client Management Video Proxy Agent,24.1.01.240624,BMC Software Inc.,Application,,C:\Program Files\BMC Software\Client Management\Client\bin,1.0
3008,Boot File Servicing Utility,10.0,Microsoft Corporation Inc.,Application,,C:\Windows,1.0
3008,Browser Protection Native Messaging Host,4.18,Microsoft Corporation Inc.,Application,,C:\Program Files\Windows Defender,1.0
3008,BrowserCore,10.0,Microsoft Corporation Inc.,Application,,C:\Windows\BrowserCore,1.0
3008,CameraBarcodeScannerPreview,10.0,Microsoft Corporation Inc.,Application,,C:\Windows\SystemApps\Windows.CBSPreview_cw5n1h2txyewy,1.0
3008,CL5,9.6,Ivanti,Application,,C:\Program Files\BMC Software\Client Management\Client\data\PatchManagementPremium\workspace,1.0
3008,ClickOnce,4.8,Microsoft Corporation Inc.,Application,,C:\Windows\Microsoft.NET\Framework64\v4.0.30319,3.0
3008,CnxtNotify,1.0,Conexant Systems Inc.,Application,,C:\Program Files\CONEXANT\SA3\HP-NB-AIO,1.0
3008,Credential Dialog Host,10.0,Microsoft Corporation Inc.,Application,,C:\Windows\SystemApps\microsoft.creddialoghost_cw5n1h2txyewy,1.0
3008,CrowdStrike Device Control,7.29,CrowdStrike Inc.,Add/Remove Programs,"November 14, 2025 12:00:00 AM",,
3008,CrowdStrike Device Control Support Tool,7.29,CrowdStrike Inc.,Application,,C:\Program Files\CrowdStrike,1.0
3008,CrowdStrike Falcon Connector,7.31,CrowdStrike Inc.,Application,,C:\Program Files\CrowdStrike,1.0
3008,CrowdStrike Falcon Sensor,7.31,CrowdStrike Inc.,Application,,C:\Program Files\CrowdStrike,1.0
3008,CrowdStrike Falcon Sensor Controller,7.31,CrowdStrike Inc.,Application,,C:\Program Files\CrowdStrike,1.0
3008,CrowdStrike Falcon Sensor Service,7.31,CrowdStrike Inc.,Application,,C:\Program Files\CrowdStrike,1.0
3008,CrowdStrike Falcon Sensor Servlet Container,7.31,CrowdStrike Inc.,Application,,C:\Program Files\CrowdStrike,1.0
3008,CrowdStrike Falcon Sensor Settings Tool,7.31,CrowdStrike Inc.,Application,,C:\Program Files\CrowdStrike,1.0
3008,CrowdStrike Falcon Sensor System Tray Application,7.31,CrowdStrike Inc.,Application,,C:\Program Files\CrowdStrike,2.0
3008,CrowdStrike Firmware Analysis,7.14,CrowdStrike Inc.,Add/Remove Programs,"June 19, 2025 12:00:00 AM",,
3008,CrowdStrike Firmware Analysis Support Tool,7.14,CrowdStrike Inc.,Application,,C:\Program Files\CrowdStrike,1.0
3008,CrowdStrike On-Demand Scan Command-line Tool,7.31,CrowdStrike Inc.,Application,,C:\Program Files\CrowdStrike,1.0
3008,CrowdStrike On-Demand Scan Tool,7.31,CrowdStrike Inc.,Application,,C:\Program Files\CrowdStrike,1.0
3238,.NET Framework,3.0,Microsoft Corporation Inc.,Application,,C:\Windows\Microsoft.NET\Framework64\v3.0\Windows Communication Foundation,2.0
3238,.NET Runtime Optimization Service,4.8,Microsoft Corporation Inc.,Application,,C:\Windows\Microsoft.NET\Framework64\v4.0.30319,2.0
3238,.NET Runtime Optimization Service,2.0,Microsoft Corporation Inc.,Application,,C:\Windows\Microsoft.NET\Framework64\v2.0.50727,2.0
3238,64Bit MAPI Mail Agent,1.0,Foxit Software Inc.,Application,,C:\Program Files (x86)\Foxit Software\Foxit PDF Reader,1.0
3238,7-Zip 24.08 (x64 edition),24.08,Igor Pavlov,Add/Remove Programs,"November 28, 2024 12:00:00 AM",,
3238,7-Zip Console,24.08,Igor Pavlov,Application,,C:\Program Files\7-Zip,1.0
3238,7-Zip File Manager,24.08,Igor Pavlov,Application,,C:\Program Files\7-Zip,1.0
3238,7-Zip GUI,24.08,Igor Pavlov,Application,,C:\Program Files\7-Zip,1.0
3238,AAD token broker plugin,10.0,Microsoft Corporation Inc.,Application,,C:\Windows\SystemApps\Microsoft.AAD.BrokerPlugin_cw5n1h2txyewy,1.0
3238,Accounts Control Host,10.0,Microsoft Corporation Inc.,Application,,C:\Windows\SystemApps\Microsoft.AccountsControl_cw5n1h2txyewy,1.0
3238,AddSuggestedFoldersToLibraryDialog,10.0,Microsoft Corporation Inc.,Application,,C:\Windows\SystemApps\Microsoft.Windows.AddSuggestedFoldersToLibraryDialog_cw5n1h2txyewy,1.0
3238,Antimalware Service Executable,4.18,Microsoft Corporation Inc.,Application,,C:\Program Files\Windows Defender,1.0
3238,AppResolverUX,10.0,Microsoft Corporation Inc.,Application,,C:\Windows\SystemApps\Microsoft.Windows.AppResolverUX_cw5n1h2txyewy,1.0
3238,AsyncTextService,10.0,Microsoft Corporation Inc.,Application,,C:\Windows\SystemApps\Microsoft.AsyncTextService_8wekyb3d8bbwe,1.0
3238,Biometric Enrollment Host,10.0,Microsoft Corporation Inc.,Application,,C:\Windows\SystemApps\Microsoft.BioEnrollment_cw5n1h2txyewy,1.0
3238,BMC Client Management Agent,24.1.01.240624,BMC Software Inc.,Application,,C:\Program Files\BMC Software\Client Management\Client\bin,1.0
3238,BMC Client Management Certificate Generator,24.1.01.240624,BMC Software Inc.,Application,,C:\Program Files\BMC Software\Client Management\Client\bin,1.0
3238,BMC Client Management Chilli Interpreter,24.1.01.240624,BMC Software Inc.,Application,,C:\Program Files\BMC Software\Client Management\Client\bin,1.0
3238,BMC Client Management Direct Access Proxy Agent,24.1.01.240624,BMC Software Inc.,Application,,C:\Program Files\BMC Software\Client Management\Client\bin,1.0
3238,BMC Client Management Opswat Proxy Agent,24.1.01.240624,BMC Software Inc.,Application,,C:\Program Files\BMC Software\Client Management\Client\bin,1.0
3238,BMC Client Management Package Viewer,24.1.01.240624,BMC Software Inc.,Application,,C:\Program Files\BMC Software\Client Management\Client\bin,1.0
3238,BMC Client Management Patch Broker,24.1.01.240624,BMC Software Inc.,Application,,C:\Program Files\BMC Software\Client Management\Client\bin,1.0
3238,BMC Client Management Proxy Agent,24.1.01.240624,BMC Software Inc.,Application,,C:\Program Files\BMC Software\Client Management\Client\bin,1.0
3238,BMC Client Management Remote Control proxy,24.1.01.240624,BMC Software Inc.,Application,,C:\Program Files\BMC Software\Client Management\Client\bin,1.0
3238,BMC Client Management SCAP,24.1.01.240624,BMC Software Inc.,Application,,C:\Program Files\BMC Software\Client Management\Client\bin,1.0
3238,BMC Client Management Video Proxy Agent,24.1.01.240624,BMC Software Inc.,Application,,C:\Program Files\BMC Software\Client Management\Client\bin,1.0
3238,Boot File Servicing Utility,10.0,Microsoft Corporation Inc.,Application,,C:\Windows,1.0
3238,BrowserCore,10.0,Microsoft Corporation Inc.,Application,,C:\Windows\BrowserCore,1.0
3238,Calling App to host call progress on shell,10.0,Microsoft Corporation Inc.,Application,,C:\Windows\SystemApps\Microsoft.Windows.CallingShellApp_cw5n1h2txyewy,1.0
3238,CameraBarcodeScannerPreview,10.0,Microsoft Corporation Inc.,Application,,C:\Windows\SystemApps\Windows.CBSPreview_cw5n1h2txyewy,1.0
3238,CL5,9.6,Ivanti,Application,,C:\Program Files\BMC Software\Client Management\Client\data\PatchManagementPremium\workspace,4.0
3238,ClickOnce,4.8,Microsoft Corporation Inc.,Application,,C:\Windows\Microsoft.NET\Framework64\v4.0.30319,3.0
3238,Credential Dialog Host,10.0,Microsoft Corporation Inc.,Application,,C:\Windows\SystemApps\microsoft.creddialoghost_cw5n1h2txyewy,1.0
3238,CrowdStrike Device Control,7.29,CrowdStrike Inc.,Add/Remove Programs,"November 14, 2025 12:00:00 AM",,
3238,CrowdStrike Device Control Support Tool,7.29,CrowdStrike Inc.,Application,,C:\Program Files\CrowdStrike,1.0
3238,CrowdStrike Falcon Connector,7.32,CrowdStrike Inc.,Application,,C:\Program Files\CrowdStrike,1.0
3238,CrowdStrike Falcon Sensor,7.32,CrowdStrike Inc.,Application,,C:\Program Files\CrowdStrike,1.0
3238,CrowdStrike Falcon Sensor Controller,7.32,CrowdStrike Inc.,Application,,C:\Program Files\CrowdStrike,1.0
3238,CrowdStrike Falcon Sensor Service,7.32,CrowdStrike Inc.,Application,,C:\Program Files\CrowdStrike,1.0
3238,CrowdStrike Falcon Sensor Servlet Container,7.32,CrowdStrike Inc.,Application,,C:\Program Files\CrowdStrike,1.0
3238,CrowdStrike Falcon Sensor Settings Tool,7.32,CrowdStrike Inc.,Application,,C:\Program Files\CrowdStrike,1.0
3238,CrowdStrike Falcon Sensor System Tray Application,7.32,CrowdStrike Inc.,Application,,C:\Program Files\CrowdStrike,2.0
3238,CrowdStrike Firmware Analysis,7.14,CrowdStrike Inc.,Add/Remove Programs,"March 28, 2025 12:00:00 AM",,
3238,CrowdStrike Firmware Analysis Support Tool,7.14,CrowdStrike Inc.,Application,,C:\Program Files\CrowdStrike,1.0
3238,CrowdStrike On-Demand Scan Command-line Tool,7.32,CrowdStrike Inc.,Application,,C:\Program Files\CrowdStrike,1.0
3238,CrowdStrike On-Demand Scan Tool,7.32,CrowdStrike Inc.,Application,,C:\Program Files\CrowdStrike,1.0
3238,CrowdStrike Sensor Platform,7.32,CrowdStrike Inc.,Add/Remove Programs,"January 14, 2026 12:00:00 AM",,
3238,CrowdStrike Windows Sensor,7.32,CrowdStrike Inc.,Add/Remove Programs,"January 14, 2026 12:00:00 AM",,
3238,EC App,10.0,Microsoft Corporation Inc.,Application,,C:\Windows\SystemApps\Microsoft.ECApp_8wekyb3d8bbwe,1.0
3238,expediteupdater,10.0,Microsoft Corporation Inc.,Application,,C:\Program Files\Microsoft Update Health Tools,1.0
3266,.NET Runtime Optimization Service,4.8,Microsoft Corporation Inc.,Application,,C:\Windows\Microsoft.NET\Framework64\v4.0.30319,2.0
3266,64Bit MAPI Mail Agent,1.0,Foxit Software Inc.,Application,,C:\Program Files (x86)\Foxit Software\Foxit PDF Reader,1.0
3266,7-Zip 24.09 (x64),24.09,Igor Pavlov,Add/Remove Programs,,C:\Program Files\7-Zip\,
3266,7-Zip Console,24.09,Igor Pavlov,Application,,C:\Program Files\7-Zip,1.0
3266,7-Zip File Manager,24.09,Igor Pavlov,Application,,C:\Program Files\7-Zip,1.0
3266,7-Zip GUI,24.09,Igor Pavlov,Application,,C:\Program Files\7-Zip,1.0
3266,Accounts Control Host,10.0,Microsoft Corporation Inc.,Application,,C:\Windows\SystemApps\Microsoft.AccountsControl_cw5n1h2txyewy,1.0
3266,AddSuggestedFoldersToLibraryDialog,10.0,Microsoft Corporation Inc.,Application,,C:\Windows\SystemApps\Microsoft.Windows.AddSuggestedFoldersToLibraryDialog_cw5n1h2txyewy,1.0
3266,Antimalware Core Service,4.18,Microsoft Corporation Inc.,Application,,C:\Program Files\Windows Defender,1.0
3266,AntiMalware Platform Update (amd64fre),4.18,Microsoft Corporation Inc.,Application,,C:\Windows\SystemTemp\C5AA7CC0-71F3-43DD-8EB7-09431AB6DF68MpCommU,1.0
3266,Antimalware Service Executable,4.18,Microsoft Corporation Inc.,Application,,C:\Program Files\Windows Defender,1.0
3266,AppResolverUX,10.0,Microsoft Corporation Inc.,Application,,C:\Windows\SystemApps\Microsoft.Windows.AppResolverUX_cw5n1h2txyewy,1.0
3266,AsyncTextService,10.0,Microsoft Corporation Inc.,Application,,C:\Windows\SystemApps\Microsoft.AsyncTextService_8wekyb3d8bbwe,1.0
3266,Biometric Enrollment Host,10.0,Microsoft Corporation Inc.,Application,,C:\Windows\SystemApps\Microsoft.BioEnrollment_cw5n1h2txyewy,1.0
3266,BMC Client Management Agent,24.1.01.240624,BMC Software Inc.,Application,,C:\Program Files\BMC Software\Client Management\Client\bin,1.0
3266,BMC Client Management Certificate Generator,24.1.01.240624,BMC Software Inc.,Application,,C:\Program Files\BMC Software\Client Management\Client\bin,1.0
3266,BMC Client Management Chilli Interpreter,24.1.01.240624,BMC Software Inc.,Application,,C:\Program Files\BMC Software\Client Management\Client\bin,1.0
3266,BMC Client Management Direct Access Proxy Agent,24.1.01.240624,BMC Software Inc.,Application,,C:\Program Files\BMC Software\Client Management\Client\bin,1.0
3266,BMC Client Management Opswat Proxy Agent,24.1.01.240624,BMC Software Inc.,Application,,C:\Program Files\BMC Software\Client Management\Client\bin,1.0
3266,BMC Client Management Package Viewer,24.1.01.240624,BMC Software Inc.,Application,,C:\Program Files\BMC Software\Client Management\Client\bin,1.0
3266,BMC Client Management Patch Broker,24.1.01.240624,BMC Software Inc.,Application,,C:\Program Files\BMC Software\Client Management\Client\bin,1.0
3266,BMC Client Management Proxy Agent,24.1.01.240624,BMC Software Inc.,Application,,C:\Program Files\BMC Software\Client Management\Client\bin,1.0
3266,BMC Client Management Remote Control proxy,24.1.01.240624,BMC Software Inc.,Application,,C:\Program Files\BMC Software\Client Management\Client\bin,1.0
3266,BMC Client Management SCAP,24.1.01.240624,BMC Software Inc.,Application,,C:\Program Files\BMC Software\Client Management\Client\bin,1.0
3266,BMC Client Management Video Proxy Agent,24.1.01.240624,BMC Software Inc.,Application,,C:\Program Files\BMC Software\Client Management\Client\bin,1.0
3266,Boot File Servicing Utility,10.0,Microsoft Corporation Inc.,Application,,C:\Windows,1.0
3266,Browser Protection Native Messaging Host,4.18,Microsoft Corporation Inc.,Application,,C:\Program Files\Windows Defender,1.0
3266,BrowserCore,10.0,Microsoft Corporation Inc.,Application,,C:\Windows\BrowserCore,1.0
3266,CameraBarcodeScannerPreview,10.0,Microsoft Corporation Inc.,Application,,C:\Windows\SystemApps\Windows.CBSPreview_cw5n1h2txyewy,1.0
3266,ClickOnce,4.8,Microsoft Corporation Inc.,Application,,C:\Windows\Microsoft.NET\Framework64\v4.0.30319,3.0
3266,Credential Dialog Host,10.0,Microsoft Corporation Inc.,Application,,C:\Windows\SystemApps\microsoft.creddialoghost_cw5n1h2txyewy,1.0
3266,CrowdStrike Device Control,7.29,CrowdStrike Inc.,Add/Remove Programs,"November 14, 2025 12:00:00 AM",,
3266,CrowdStrike Device Control Support Tool,7.29,CrowdStrike Inc.,Application,,C:\Program Files\CrowdStrike,1.0
3266,CrowdStrike Falcon Connector,7.32,CrowdStrike Inc.,Application,,C:\Program Files\CrowdStrike,1.0
3266,CrowdStrike Falcon Sensor,7.32,CrowdStrike Inc.,Application,,C:\Program Files\CrowdStrike,1.0
3266,CrowdStrike Falcon Sensor Controller,7.32,CrowdStrike Inc.,Application,,C:\Program Files\CrowdStrike,1.0
3266,CrowdStrike Falcon Sensor Service,7.32,CrowdStrike Inc.,Application,,C:\Program Files\CrowdStrike,1.0
3266,CrowdStrike Falcon Sensor Servlet Container,7.32,CrowdStrike Inc.,Application,,C:\Program Files\CrowdStrike,1.0
3266,CrowdStrike Falcon Sensor Settings Tool,7.32,CrowdStrike Inc.,Application,,C:\Program Files\CrowdStrike,1.0
3266,CrowdStrike Falcon Sensor System Tray Application,7.32,CrowdStrike Inc.,Application,,C:\Program Files\CrowdStrike,2.0
3266,CrowdStrike Firmware Analysis,7.14,CrowdStrike Inc.,Add/Remove Programs,"July 24, 2025 12:00:00 AM",,
3266,CrowdStrike Firmware Analysis Support Tool,7.14,CrowdStrike Inc.,Application,,C:\Program Files\CrowdStrike,1.0
3266,CrowdStrike On-Demand Scan Command-line Tool,7.32,CrowdStrike Inc.,Application,,C:\Program Files\CrowdStrike,1.0
3266,CrowdStrike On-Demand Scan Tool,7.32,CrowdStrike Inc.,Application,,C:\Program Files\CrowdStrike,1.0
3266,CrowdStrike Sensor Platform,7.32,CrowdStrike Inc.,Add/Remove Programs,"January 14, 2026 12:00:00 AM",,
3266,CrowdStrike Windows Sensor,7.32,CrowdStrike Inc.,Add/Remove Programs,"January 14, 2026 12:00:00 AM",,
3266,EC App,10.0,Microsoft Corporation Inc.,Application,,C:\Windows\SystemApps\Microsoft.ECApp_8wekyb3d8bbwe,1.0
3266,File Explorer,10.0,Microsoft Corporation Inc.,Application,,C:\Windows\SystemApps\Microsoft.Windows.FileExplorer_cw5n1h2txyewy,1.0
3266,File Picker,10.0,Microsoft Corporation Inc.,Application,,C:\Windows\SystemApps\Microsoft.Windows.FilePicker_cw5n1h2txyewy,1.0
3266,Foxit PDF Preview Handler Host,12.1,Foxit Corporation,Application,,C:\Program Files (x86)\Foxit Software\Foxit PDF Reader\Shell Extensions,1.0
16086,.NET Runtime Optimization Service,4.8,Microsoft Corporation Inc.,Application,,C:\Windows\Microsoft.NET\Framework64\v4.0.30319,2.0
16086,64Bit MAPI Mail Agent,1.0,Foxit Software Inc.,Application,,C:\Program Files (x86)\Foxit Software\Foxit PDF Reader,1.0
16086,7-Zip 24.09 (x64),24.09,Igor Pavlov,Add/Remove Programs,,C:\Program Files\7-Zip\,
16086,7-Zip Console,24.09,Igor Pavlov,Application,,C:\Program Files\7-Zip,1.0
16086,7-Zip File Manager,24.09,Igor Pavlov,Application,,C:\Program Files\7-Zip,1.0
16086,7-Zip GUI,24.09,Igor Pavlov,Application,,C:\Program Files\7-Zip,1.0
16086,Accounts Control Host,10.0,Microsoft Corporation Inc.,Application,,C:\Windows\SystemApps\Microsoft.AccountsControl_cw5n1h2txyewy,1.0
16086,AddSuggestedFoldersToLibraryDialog,10.0,Microsoft Corporation Inc.,Application,,C:\Windows\SystemApps\Microsoft.Windows.AddSuggestedFoldersToLibraryDialog_cw5n1h2txyewy,1.0
16086,Antimalware Core Service,4.18,Microsoft Corporation Inc.,Application,,C:\Program Files\Windows Defender,1.0
16086,Antimalware Service Executable,4.18,Microsoft Corporation Inc.,Application,,C:\Program Files\Windows Defender,1.0
16086,AppResolverUX,10.0,Microsoft Corporation Inc.,Application,,C:\Windows\SystemApps\Microsoft.Windows.AppResolverUX_cw5n1h2txyewy,1.0
16086,AsyncTextService,10.0,Microsoft Corporation Inc.,Application,,C:\Windows\SystemApps\Microsoft.AsyncTextService_8wekyb3d8bbwe,1.0
16086,Biometric Enrollment Host,10.0,Microsoft Corporation Inc.,Application,,C:\Windows\SystemApps\Microsoft.BioEnrollment_cw5n1h2txyewy,1.0
16086,BMC Client Management Agent,24.1.01.240624,BMC Software Inc.,Application,,C:\Program Files\BMC Software\Client Management\Client\bin,1.0
16086,BMC Client Management Certificate Generator,24.1.01.240624,BMC Software Inc.,Application,,C:\Program Files\BMC Software\Client Management\Client\bin,1.0
16086,BMC Client Management Chilli Interpreter,24.1.01.240624,BMC Software Inc.,Application,,C:\Program Files\BMC Software\Client Management\Client\bin,1.0
16086,BMC Client Management Direct Access Proxy Agent,24.1.01.240624,BMC Software Inc.,Application,,C:\Program Files\BMC Software\Client Management\Client\bin,1.0
16086,BMC Client Management Opswat Proxy Agent,24.1.01.240624,BMC Software Inc.,Application,,C:\Program Files\BMC Software\Client Management\Client\bin,1.0
16086,BMC Client Management Package Viewer,24.1.01.240624,BMC Software Inc.,Application,,C:\Program Files\BMC Software\Client Management\Client\bin,1.0
16086,BMC Client Management Patch Broker,24.1.01.240624,BMC Software Inc.,Application,,C:\Program Files\BMC Software\Client Management\Client\bin,1.0
16086,BMC Client Management Proxy Agent,24.1.01.240624,BMC Software Inc.,Application,,C:\Program Files\BMC Software\Client Management\Client\bin,1.0
16086,BMC Client Management Remote Control proxy,24.1.01.240624,BMC Software Inc.,Application,,C:\Program Files\BMC Software\Client Management\Client\bin,1.0
16086,BMC Client Management SCAP,24.1.01.240624,BMC Software Inc.,Application,,C:\Program Files\BMC Software\Client Management\Client\bin,1.0
16086,BMC Client Management SFX,24.1.01.240624,BMC Software Inc.,Application,,C:\Users\joinuser.abdullah\Desktop\BMC,2.0
16086,BMC Client Management Video Proxy Agent,24.1.01.240624,BMC Software Inc.,Application,,C:\Program Files\BMC Software\Client Management\Client\bin,1.0
16086,Boot File Servicing Utility,10.0,Microsoft Corporation Inc.,Application,,C:\Windows,1.0
16086,Browser Protection Native Messaging Host,4.18,Microsoft Corporation Inc.,Application,,C:\Program Files\Windows Defender,1.0
16086,BrowserCore,10.0,Microsoft Corporation Inc.,Application,,C:\Windows\BrowserCore,1.0
16086,CameraBarcodeScannerPreview,10.0,Microsoft Corporation Inc.,Application,,C:\Windows\SystemApps\Windows.CBSPreview_cw5n1h2txyewy,1.0
16086,ChromeEnterpriseCompanion,143.0,Google LLC,Application,,C:\Windows\SystemTemp\scoped_dir2960_461950711\scoped_dir2960_897814933,1.0
16086,CL5,9.6,Ivanti,Application,,C:\Program Files\BMC Software\Client Management\Client\data\PatchManagementPremium\workspace,1.0
16086,ClickOnce,4.8,Microsoft Corporation Inc.,Application,,C:\Windows\Microsoft.NET\Framework64\v4.0.30319,3.0
16086,Credential Dialog Host,10.0,Microsoft Corporation Inc.,Application,,C:\Windows\SystemApps\microsoft.creddialoghost_cw5n1h2txyewy,1.0
16086,CrowdStrike Device Control,7.29,CrowdStrike Inc.,Add/Remove Programs,"November 14, 2025 12:00:00 AM",,
16086,CrowdStrike Device Control Support Tool,7.29,CrowdStrike Inc.,Application,,C:\Program Files\CrowdStrike,1.0
16086,CrowdStrike Falcon Connector,7.32,CrowdStrike Inc.,Application,,C:\Program Files\CrowdStrike,1.0
16086,CrowdStrike Falcon Sensor,7.32,CrowdStrike Inc.,Application,,C:\Program Files\CrowdStrike,1.0
16086,CrowdStrike Falcon Sensor Controller,7.32,CrowdStrike Inc.,Application,,C:\Program Files\CrowdStrike,1.0
16086,CrowdStrike Falcon Sensor Service,7.32,CrowdStrike Inc.,Application,,C:\Program Files\CrowdStrike,1.0
16086,CrowdStrike Falcon Sensor Servlet Container,7.32,CrowdStrike Inc.,Application,,C:\Program Files\CrowdStrike,1.0
16086,CrowdStrike Falcon Sensor Settings Tool,7.32,CrowdStrike Inc.,Application,,C:\Program Files\CrowdStrike,1.0
16086,CrowdStrike Falcon Sensor System Tray Application,7.32,CrowdStrike Inc.,Application,,C:\Program Files\CrowdStrike,2.0
16086,CrowdStrike Firmware Analysis,7.14,CrowdStrike Inc.,Add/Remove Programs,"June 18, 2025 12:00:00 AM",,
16086,CrowdStrike Firmware Analysis Support Tool,7.14,CrowdStrike Inc.,Application,,C:\Program Files\CrowdStrike,1.0
16086,CrowdStrike On-Demand Scan Command-line Tool,7.32,CrowdStrike Inc.,Application,,C:\Program Files\CrowdStrike,1.0
16086,CrowdStrike On-Demand Scan Tool,7.32,CrowdStrike Inc.,Application,,C:\Program Files\CrowdStrike,1.0
16086,CrowdStrike Sensor Platform,7.32,CrowdStrike Inc.,Add/Remove Programs,"January 14, 2026 12:00:00 AM",,
16086,CrowdStrike Windows Sensor,7.32,CrowdStrike Inc.,Add/Remove Programs,"January 14, 2026 12:00:00 AM",,
16086,CxAudioSvc,1.0,Conexant Systems LLC.,Application,,C:\Windows\CxSvc,1.0
16086,EC App,10.0,Microsoft Corporation Inc.,Application,,C:\Windows\SystemApps\Microsoft.ECApp_8wekyb3d8bbwe,1.0
10652,.NET Runtime Crash Dump Generator,8.0,Microsoft Corporation Inc.,Application,,C:\Program Files (x86)\Trend Micro\Endpoint Basecamp\modules\vom\modules\UiBridgeModule\VOneAgentConsole,1.0
10652,.NET Runtime Optimization Service,4.8,Microsoft Corporation Inc.,Application,,C:\Windows\Microsoft.NET\Framework64\v4.0.30319,2.0
10652,64Bit MAPI Mail Agent,1.0,Foxit Software Inc.,Application,,C:\Program Files (x86)\Foxit Software\Foxit PDF Reader,1.0
10652,7-Zip 24.08 (x64 edition),24.08,Igor Pavlov,Add/Remove Programs,"December 06, 2024 12:00:00 AM",,
10652,7-Zip Console,24.08,Igor Pavlov,Application,,C:\Program Files\7-Zip,1.0
10652,7-Zip Console,25.01,Igor Pavlov,Application,,C:\Program Files (x86)\Trend Micro\Security Agent,4.0
10652,7-Zip File Manager,24.08,Igor Pavlov,Application,,C:\Program Files\7-Zip,1.0
10652,7-Zip GUI,24.08,Igor Pavlov,Application,,C:\Program Files\7-Zip,1.0
10652,Accounts Control Host,10.0,Microsoft Corporation Inc.,Application,,C:\Windows\SystemApps\Microsoft.AccountsControl_cw5n1h2txyewy,1.0
10652,ActiveUpdate module.,2.88,Trend Micro Inc.,Application,,C:\Program Files (x86)\Trend Micro\Security Agent,2.0
10652,AddSuggestedFoldersToLibraryDialog,10.0,Microsoft Corporation Inc.,Application,,C:\Windows\SystemApps\Microsoft.Windows.AddSuggestedFoldersToLibraryDialog_cw5n1h2txyewy,1.0
10652,Antimalware Core Service,4.18,Microsoft Corporation Inc.,Application,,C:\Windows\SystemTemp\377843FB-1A2C-479A-BC82-4D6DB5267B1D,2.0
10652,Antimalware Service Executable,4.18,Microsoft Corporation Inc.,Application,,C:\Windows\SystemTemp\377843FB-1A2C-479A-BC82-4D6DB5267B1D,2.0
10652,Application Launcher,1.0,Brother Industories Ltd.,Application,,C:\Program Files (x86)\Brother\BrLauncher,1.0
10652,AppResolverUX,10.0,Microsoft Corporation Inc.,Application,,C:\Windows\SystemApps\Microsoft.Windows.AppResolverUX_cw5n1h2txyewy,1.0
10652,AsyncTextService,10.0,Microsoft Corporation Inc.,Application,,C:\Windows\SystemApps\Microsoft.AsyncTextService_8wekyb3d8bbwe,1.0
10652,Biometric Enrollment Host,10.0,Microsoft Corporation Inc.,Application,,C:\Windows\SystemApps\Microsoft.BioEnrollment_cw5n1h2txyewy,1.0
10652,BMC Client Management Agent,24.1.01.240624,BMC Software Inc.,Application,,C:\Program Files\BMC Software\Client Management\Client\bin,1.0
10652,BMC Client Management Certificate Generator,24.1.01.240624,BMC Software Inc.,Application,,C:\Program Files\BMC Software\Client Management\Client\bin,1.0
10652,BMC Client Management Chilli Interpreter,24.1.01.240624,BMC Software Inc.,Application,,C:\Program Files\BMC Software\Client Management\Client\bin,1.0
10652,BMC Client Management Direct Access Proxy Agent,24.1.01.240624,BMC Software Inc.,Application,,C:\Program Files\BMC Software\Client Management\Client\bin,1.0
10652,BMC Client Management Opswat Proxy Agent,24.1.01.240624,BMC Software Inc.,Application,,C:\Program Files\BMC Software\Client Management\Client\bin,1.0
10652,BMC Client Management Package Viewer,24.1.01.240624,BMC Software Inc.,Application,,C:\Program Files\BMC Software\Client Management\Client\bin,1.0
10652,BMC Client Management Patch Broker,24.1.01.240624,BMC Software Inc.,Application,,C:\Program Files\BMC Software\Client Management\Client\bin,1.0
10652,BMC Client Management Proxy Agent,24.1.01.240624,BMC Software Inc.,Application,,C:\Program Files\BMC Software\Client Management\Client\bin,1.0
10652,BMC Client Management Remote Control proxy,24.1.01.240624,BMC Software Inc.,Application,,C:\Program Files\BMC Software\Client Management\Client\bin,1.0
10652,BMC Client Management SCAP,24.1.01.240624,BMC Software Inc.,Application,,C:\Program Files\BMC Software\Client Management\Client\bin,1.0
10652,BMC Client Management SFX,24.1.01.240624,BMC Software Inc.,Application,,C:\Users\support.local02\Videos,1.0
10652,BMC Client Management Video Proxy Agent,24.1.01.240624,BMC Software Inc.,Application,,C:\Program Files\BMC Software\Client Management\Client\bin,1.0
10652,Boot File Servicing Utility,10.0,Microsoft Corporation Inc.,Application,,C:\Windows,1.0
10652,BrIndicator,1.0,Brother Industries Ltd.,Application,,C:\Program Files (x86)\BrownyInd\Brother,1.0
10652,Brolink0,1.0,Brother Industories Ltd.,Application,,C:\Users\013277\Videos\Brother\install\data\Disk1\brolink,3.0
10652,Brother Collect Tool,3.10,Brother Industries Ltd.,Application,,C:\Users\013277\Videos\Brother\tools\brinfo,1.0
10652,Brother MFC Windows Software Standard Debug Log Receive Process,1.1,Brother Industries Ltd.,Application,,C:\Users\013277\Videos\Brother\tools\rempnp,3.0
10652,Brother network connection repair tool,1.2,Brother Industries Ltd.,Application,,C:\Program Files (x86)\Browny02\Brother,1.0
10652,Brother USB Connection Repair Tool,1.4,Brother Industries Ltd.,Application,,C:\Users\013277\Videos\Brother\tools\UsbRepairTool,2.0
10652,Browser Protection Native Messaging Host,4.18,Microsoft Corporation Inc.,Application,,C:\Windows\SystemTemp\377843FB-1A2C-479A-BC82-4D6DB5267B1D,2.0
10652,BrowserCore,10.0,Microsoft Corporation Inc.,Application,,C:\Windows\BrowserCore,1.0
10652,BrYNCSvc,1.5,Brother Industries Ltd.,Application,,C:\Program Files (x86)\Browny02,1.0
10652,CameraBarcodeScannerPreview,10.0,Microsoft Corporation Inc.,Application,,C:\Windows\SystemApps\Windows.CBSPreview_cw5n1h2txyewy,1.0
10652,CL5,9.6,Ivanti,Application,,C:\Program Files\BMC Software\Client Management\Client\data\PatchManagementPremium\workspace,7.0
10652,ClickOnce,4.8,Microsoft Corporation Inc.,Application,,C:\Windows\Microsoft.NET\Framework64\v4.0.30319,3.0
10652,Common User Interface,5.8,Musarubra US LLC.,Application,,C:\Program Files\McAfee\Agent\x86,1.0
10652,Copilot,144.0,Microsoft Corporation Inc.,Application,,C:\Program Files (x86)\Microsoft\EdgeWebView\Application\144.0.3719.115,5.0
10652,Copilot Update,1.3,Microsoft Corporation Inc.,Application,,C:\Program Files (x86)\Microsoft\EdgeUpdate,2.0
10652,Create a self-signed digital certificate,15.0,Microsoft Corporation Inc.,Application,,C:\Program Files\Microsoft Office\Office15,1.0
10652,Credential Dialog Host,10.0,Microsoft Corporation Inc.,Application,,C:\Windows\SystemApps\microsoft.creddialoghost_cw5n1h2txyewy,1.0
10652,Deep Security Agent Configuration Compiler,12.0,Trend Micro Inc.,Application,,C:\Program Files (x86)\Trend Micro\iService\iVP,1.0
10652,Definition Update for Microsoft Office 2013 (KB3115404) 64-Bit Edition,,Microsoft Corporation Inc.,Add/Remove Programs,,,
10652,DREBoot,2.0,Trend Micro Inc.,Application,,C:\Program Files (x86)\Trend Micro\Security Agent\CCSF\module\DRE,1.0
3642,.NET Framework,3.0,Microsoft Corporation Inc.,Application,,C:\Windows\Microsoft.NET\Framework64\v3.0\Windows Communication Foundation,2.0
3642,.NET Runtime Optimization Service,2.0,Microsoft Corporation Inc.,Application,,C:\Windows\Microsoft.NET\Framework64\v2.0.50727,2.0
3642,.NET Runtime Optimization Service,4.8,Microsoft Corporation Inc.,Application,,C:\Windows\Microsoft.NET\Framework64\v4.0.30319,2.0
3642,64Bit MAPI Mail Agent,1.0,Foxit Software Inc.,Application,,C:\Program Files (x86)\Foxit Software\Foxit PDF Reader,1.0
3642,7-Zip 24.08 (x64 edition),24.08,Igor Pavlov,Add/Remove Programs,"November 29, 2024 12:00:00 AM",,
3642,7-Zip Console,24.08,Igor Pavlov,Application,,C:\Program Files\7-Zip,1.0
3642,7-Zip File Manager,24.08,Igor Pavlov,Application,,C:\Program Files\7-Zip,1.0
3642,7-Zip GUI,24.08,Igor Pavlov,Application,,C:\Program Files\7-Zip,1.0
3642,AAD token broker plugin,10.0,Microsoft Corporation Inc.,Application,,C:\Windows\SystemApps\Microsoft.AAD.BrokerPlugin_cw5n1h2txyewy,1.0
3642,Accounts Control Host,10.0,Microsoft Corporation Inc.,Application,,C:\Windows\SystemApps\Microsoft.AccountsControl_cw5n1h2txyewy,1.0
3642,AddSuggestedFoldersToLibraryDialog,10.0,Microsoft Corporation Inc.,Application,,C:\Windows\SystemApps\Microsoft.Windows.AddSuggestedFoldersToLibraryDialog_cw5n1h2txyewy,1.0
3642,Antimalware Service Executable,4.18,Microsoft Corporation Inc.,Application,,C:\Program Files\Windows Defender,1.0
3642,AppResolverUX,10.0,Microsoft Corporation Inc.,Application,,C:\Windows\SystemApps\Microsoft.Windows.AppResolverUX_cw5n1h2txyewy,1.0
3642,AsyncTextService,10.0,Microsoft Corporation Inc.,Application,,C:\Windows\SystemApps\Microsoft.AsyncTextService_8wekyb3d8bbwe,1.0
3642,BingWallpaper,2.0,Microsoft Corporation Inc.,Application,,C:\Users\020583\Downloads\download,1.0
3642,Biometric Enrollment Host,10.0,Microsoft Corporation Inc.,Application,,C:\Windows\SystemApps\Microsoft.BioEnrollment_cw5n1h2txyewy,1.0
3642,BMC Client Management Agent,24.1.01.240624,BMC Software Inc.,Application,,C:\Program Files\BMC Software\Client Management\Client\bin,1.0
3642,BMC Client Management Certificate Generator,24.1.01.240624,BMC Software Inc.,Application,,C:\Program Files\BMC Software\Client Management\Client\bin,1.0
3642,BMC Client Management Chilli Interpreter,24.1.01.240624,BMC Software Inc.,Application,,C:\Program Files\BMC Software\Client Management\Client\bin,1.0
3642,BMC Client Management Direct Access Proxy Agent,24.1.01.240624,BMC Software Inc.,Application,,C:\Program Files\BMC Software\Client Management\Client\bin,1.0
3642,BMC Client Management Opswat Proxy Agent,24.1.01.240624,BMC Software Inc.,Application,,C:\Program Files\BMC Software\Client Management\Client\bin,1.0
3642,BMC Client Management Package Viewer,24.1.01.240624,BMC Software Inc.,Application,,C:\Program Files\BMC Software\Client Management\Client\bin,1.0
3642,BMC Client Management Patch Broker,24.1.01.240624,BMC Software Inc.,Application,,C:\Program Files\BMC Software\Client Management\Client\bin,1.0
3642,BMC Client Management Proxy Agent,24.1.01.240624,BMC Software Inc.,Application,,C:\Program Files\BMC Software\Client Management\Client\bin,1.0
3642,BMC Client Management Remote Control proxy,24.1.01.240624,BMC Software Inc.,Application,,C:\Program Files\BMC Software\Client Management\Client\bin,1.0
3642,BMC Client Management SCAP,24.1.01.240624,BMC Software Inc.,Application,,C:\Program Files\BMC Software\Client Management\Client\bin,1.0
3642,BMC Client Management Video Proxy Agent,24.1.01.240624,BMC Software Inc.,Application,,C:\Program Files\BMC Software\Client Management\Client\bin,1.0
3642,Boot File Servicing Utility,10.0,Microsoft Corporation Inc.,Application,,C:\Windows,1.0
3642,BrowserCore,10.0,Microsoft Corporation Inc.,Application,,C:\Windows\BrowserCore,1.0
3642,Calling App to host call progress on shell,10.0,Microsoft Corporation Inc.,Application,,C:\Windows\SystemApps\Microsoft.Windows.CallingShellApp_cw5n1h2txyewy,1.0
3642,CameraBarcodeScannerPreview,10.0,Microsoft Corporation Inc.,Application,,C:\Windows\SystemApps\Windows.CBSPreview_cw5n1h2txyewy,1.0
3642,ChromeEnterpriseCompanion,143.0,Google LLC,Application,,C:\Windows\SystemTemp\scoped_dir2268_229359200\scoped_dir2268_238882801,1.0
3642,CL5,9.6,Ivanti,Application,,C:\Program Files\BMC Software\Client Management\Client\data\PatchManagementPremium\workspace,5.0
3642,ClickOnce,4.8,Microsoft Corporation Inc.,Application,,C:\Windows\Microsoft.NET\Framework64\v4.0.30319,3.0
3642,Common User Interface,5.8,Musarubra US LLC.,Application,,C:\Program Files\McAfee\Agent\x86,1.0
3642,Credential Dialog Host,10.0,Microsoft Corporation Inc.,Application,,C:\Windows\SystemApps\microsoft.creddialoghost_cw5n1h2txyewy,1.0
3642,CrowdStrike Device Control,7.29,CrowdStrike Inc.,Add/Remove Programs,"November 14, 2025 12:00:00 AM",,
3642,CrowdStrike Device Control Support Tool,7.29,CrowdStrike Inc.,Application,,C:\Program Files\CrowdStrike,1.0
3642,CrowdStrike Falcon Connector,7.32,CrowdStrike Inc.,Application,,C:\Program Files\CrowdStrike,1.0
3642,CrowdStrike Falcon Sensor,7.32,CrowdStrike Inc.,Application,,C:\Program Files\CrowdStrike,1.0
3642,CrowdStrike Falcon Sensor Controller,7.32,CrowdStrike Inc.,Application,,C:\Program Files\CrowdStrike,1.0
3642,CrowdStrike Falcon Sensor Service,7.32,CrowdStrike Inc.,Application,,C:\Program Files\CrowdStrike,1.0
3642,CrowdStrike Falcon Sensor Servlet Container,7.32,CrowdStrike Inc.,Application,,C:\Program Files\CrowdStrike,1.0
3642,CrowdStrike Falcon Sensor Settings Tool,7.32,CrowdStrike Inc.,Application,,C:\Program Files\CrowdStrike,1.0
3642,CrowdStrike Falcon Sensor System Tray Application,7.32,CrowdStrike Inc.,Application,,C:\Program Files\CrowdStrike,2.0
3642,CrowdStrike Firmware Analysis,7.14,CrowdStrike Inc.,Add/Remove Programs,"July 24, 2025 12:00:00 AM",,
3642,CrowdStrike Firmware Analysis Support Tool,7.14,CrowdStrike Inc.,Application,,C:\Program Files\CrowdStrike,1.0
3642,CrowdStrike On-Demand Scan Command-line Tool,7.32,CrowdStrike Inc.,Application,,C:\Program Files\CrowdStrike,1.0
3642,CrowdStrike On-Demand Scan Tool,7.32,CrowdStrike Inc.,Application,,C:\Program Files\CrowdStrike,1.0
3642,CrowdStrike Sensor Platform,7.32,CrowdStrike Inc.,Add/Remove Programs,"January 14, 2026 12:00:00 AM",,
3235,.NET Framework,3.0,Microsoft Corporation Inc.,Application,,C:\Windows\Microsoft.NET\Framework64\v3.0\Windows Communication Foundation,2.0
3235,.NET Runtime Optimization Service,4.8,Microsoft Corporation Inc.,Application,,C:\Windows\Microsoft.NET\Framework64\v4.0.30319,2.0
3235,.NET Runtime Optimization Service,2.0,Microsoft Corporation Inc.,Application,,C:\Windows\Microsoft.NET\Framework64\v2.0.50727,2.0
3235,64Bit MAPI Mail Agent,1.0,Foxit Software Inc.,Application,,C:\Program Files (x86)\Foxit Software\Foxit PDF Reader,1.0
3235,7-Zip 24.08 (x64 edition),24.08,Igor Pavlov,Add/Remove Programs,"November 28, 2024 12:00:00 AM",,
3235,7-Zip Console,24.08,Igor Pavlov,Application,,C:\Program Files\7-Zip,1.0
3235,7-Zip File Manager,24.08,Igor Pavlov,Application,,C:\Program Files\7-Zip,1.0
3235,7-Zip GUI,24.08,Igor Pavlov,Application,,C:\Program Files\7-Zip,1.0
3235,Accounts Control Host,10.0,Microsoft Corporation Inc.,Application,,C:\Windows\SystemApps\Microsoft.AccountsControl_cw5n1h2txyewy,1.0
3235,AddSuggestedFoldersToLibraryDialog,10.0,Microsoft Corporation Inc.,Application,,C:\Windows\SystemApps\Microsoft.Windows.AddSuggestedFoldersToLibraryDialog_cw5n1h2txyewy,1.0
3235,Antimalware Core Service,4.18,Microsoft Corporation Inc.,Application,,C:\Program Files\Windows Defender,1.0
3235,Antimalware Service Executable,4.18,Microsoft Corporation Inc.,Application,,C:\Program Files\Windows Defender,1.0
3235,AppResolverUX,10.0,Microsoft Corporation Inc.,Application,,C:\Windows\SystemApps\Microsoft.Windows.AppResolverUX_cw5n1h2txyewy,1.0
3235,AsyncTextService,10.0,Microsoft Corporation Inc.,Application,,C:\Windows\SystemApps\Microsoft.AsyncTextService_8wekyb3d8bbwe,1.0
3235,Biometric Enrollment Host,10.0,Microsoft Corporation Inc.,Application,,C:\Windows\SystemApps\Microsoft.BioEnrollment_cw5n1h2txyewy,1.0
3235,BMC Client Management Agent,24.1.01.240624,BMC Software Inc.,Application,,C:\Program Files\BMC Software\Client Management\Client\bin,1.0
3235,BMC Client Management Certificate Generator,24.1.01.240624,BMC Software Inc.,Application,,C:\Program Files\BMC Software\Client Management\Client\bin,1.0
3235,BMC Client Management Chilli Interpreter,24.1.01.240624,BMC Software Inc.,Application,,C:\Program Files\BMC Software\Client Management\Client\bin,1.0
3235,BMC Client Management Direct Access Proxy Agent,24.1.01.240624,BMC Software Inc.,Application,,C:\Program Files\BMC Software\Client Management\Client\bin,1.0
3235,BMC Client Management Opswat Proxy Agent,24.1.01.240624,BMC Software Inc.,Application,,C:\Program Files\BMC Software\Client Management\Client\bin,1.0
3235,BMC Client Management Package Viewer,24.1.01.240624,BMC Software Inc.,Application,,C:\Program Files\BMC Software\Client Management\Client\bin,1.0
3235,BMC Client Management Patch Broker,24.1.01.240624,BMC Software Inc.,Application,,C:\Program Files\BMC Software\Client Management\Client\bin,1.0
3235,BMC Client Management Proxy Agent,24.1.01.240624,BMC Software Inc.,Application,,C:\Program Files\BMC Software\Client Management\Client\bin,1.0
3235,BMC Client Management Remote Control proxy,24.1.01.240624,BMC Software Inc.,Application,,C:\Program Files\BMC Software\Client Management\Client\bin,1.0
3235,BMC Client Management SCAP,24.1.01.240624,BMC Software Inc.,Application,,C:\Program Files\BMC Software\Client Management\Client\bin,1.0
3235,BMC Client Management Video Proxy Agent,24.1.01.240624,BMC Software Inc.,Application,,C:\Program Files\BMC Software\Client Management\Client\bin,1.0
3235,Boot File Servicing Utility,10.0,Microsoft Corporation Inc.,Application,,C:\Windows,1.0
3235,Browser Protection Native Messaging Host,4.18,Microsoft Corporation Inc.,Application,,C:\Program Files\Windows Defender,1.0
3235,BrowserCore,10.0,Microsoft Corporation Inc.,Application,,C:\Windows\BrowserCore,1.0
3235,CameraBarcodeScannerPreview,10.0,Microsoft Corporation Inc.,Application,,C:\Windows\SystemApps\Windows.CBSPreview_cw5n1h2txyewy,1.0
3235,CL5,9.6,Ivanti,Application,,C:\Program Files\BMC Software\Client Management\Client\data\PatchManagementPremium\workspace,1.0
3235,ClickOnce,4.8,Microsoft Corporation Inc.,Application,,C:\Windows\Microsoft.NET\Framework64\v4.0.30319,3.0
3235,Common User Interface,5.8,Musarubra US LLC.,Application,,C:\Program Files\McAfee\Agent\x86,1.0
3235,Copilot,144.0,Microsoft Corporation Inc.,Application,,C:\Program Files (x86)\Microsoft\EdgeWebView\Application\144.0.3719.115,3.0
3235,Copilot Update,1.3,Microsoft Corporation Inc.,Application,,C:\Program Files (x86)\Microsoft\EdgeUpdate,2.0
3235,Credential Dialog Host,10.0,Microsoft Corporation Inc.,Application,,C:\Windows\SystemApps\microsoft.creddialoghost_cw5n1h2txyewy,1.0
3235,CrowdStrike Device Control,7.29,CrowdStrike Inc.,Add/Remove Programs,"November 14, 2025 12:00:00 AM",,
3235,CrowdStrike Device Control Support Tool,7.29,CrowdStrike Inc.,Application,,C:\Program Files\CrowdStrike,1.0
3235,CrowdStrike Falcon Connector,7.32,CrowdStrike Inc.,Application,,C:\Program Files\CrowdStrike,1.0
3235,CrowdStrike Falcon Sensor,7.32,CrowdStrike Inc.,Application,,C:\Program Files\CrowdStrike,1.0
3235,CrowdStrike Falcon Sensor Controller,7.32,CrowdStrike Inc.,Application,,C:\Program Files\CrowdStrike,1.0
3235,CrowdStrike Falcon Sensor Service,7.32,CrowdStrike Inc.,Application,,C:\Program Files\CrowdStrike,1.0
3235,CrowdStrike Falcon Sensor Servlet Container,7.32,CrowdStrike Inc.,Application,,C:\Program Files\CrowdStrike,1.0
3235,CrowdStrike Falcon Sensor Settings Tool,7.32,CrowdStrike Inc.,Application,,C:\Program Files\CrowdStrike,1.0
3235,CrowdStrike Falcon Sensor System Tray Application,7.32,CrowdStrike Inc.,Application,,C:\Program Files\CrowdStrike,2.0
3235,CrowdStrike Firmware Analysis,7.14,CrowdStrike Inc.,Add/Remove Programs,"May 22, 2025 12:00:00 AM",,
3235,CrowdStrike Firmware Analysis Support Tool,7.14,CrowdStrike Inc.,Application,,C:\Program Files\CrowdStrike,1.0
3235,CrowdStrike On-Demand Scan Command-line Tool,7.32,CrowdStrike Inc.,Application,,C:\Program Files\CrowdStrike,1.0
3235,CrowdStrike On-Demand Scan Tool,7.32,CrowdStrike Inc.,Application,,C:\Program Files\CrowdStrike,1.0
3235,CrowdStrike Sensor Platform,7.32,CrowdStrike Inc.,Add/Remove Programs,"January 14, 2026 12:00:00 AM",,
4460,.NET Framework,3.0,Microsoft Corporation Inc.,Application,,C:\Windows\Microsoft.NET\Framework64\v3.0\Windows Communication Foundation,2.0
4460,.NET Runtime Optimization Service,4.8,Microsoft Corporation Inc.,Application,,C:\Windows\Microsoft.NET\Framework64\v4.0.30319,2.0
4460,.NET Runtime Optimization Service,2.0,Microsoft Corporation Inc.,Application,,C:\Windows\Microsoft.NET\Framework64\v2.0.50727,2.0
4460,64Bit MAPI Mail Agent,1.0,Foxit Software Inc.,Application,,C:\Program Files (x86)\Foxit Software\Foxit PDF Reader,1.0
4460,7-Zip 24.08 (x64 edition),24.08,Igor Pavlov,Add/Remove Programs,"November 27, 2024 12:00:00 AM",,
4460,7-Zip Console,24.08,Igor Pavlov,Application,,C:\Program Files\7-Zip,1.0
4460,7-Zip File Manager,24.08,Igor Pavlov,Application,,C:\Program Files\7-Zip,1.0
4460,7-Zip GUI,24.08,Igor Pavlov,Application,,C:\Program Files\7-Zip,1.0
4460,AAD token broker plugin,10.0,Microsoft Corporation Inc.,Application,,C:\Windows\SystemApps\Microsoft.AAD.BrokerPlugin_cw5n1h2txyewy,1.0
4460,Accounts Control Host,10.0,Microsoft Corporation Inc.,Application,,C:\Windows\SystemApps\Microsoft.AccountsControl_cw5n1h2txyewy,1.0
4460,AddSuggestedFoldersToLibraryDialog,10.0,Microsoft Corporation Inc.,Application,,C:\Windows\SystemApps\Microsoft.Windows.AddSuggestedFoldersToLibraryDialog_cw5n1h2txyewy,1.0
4460,Antimalware Service Executable,4.18,Microsoft Corporation Inc.,Application,,C:\Program Files\Windows Defender,1.0
4460,AppResolverUX,10.0,Microsoft Corporation Inc.,Application,,C:\Windows\SystemApps\Microsoft.Windows.AppResolverUX_cw5n1h2txyewy,1.0
4460,AsyncTextService,10.0,Microsoft Corporation Inc.,Application,,C:\Windows\SystemApps\Microsoft.AsyncTextService_8wekyb3d8bbwe,1.0
4460,Biometric Enrollment Host,10.0,Microsoft Corporation Inc.,Application,,C:\Windows\SystemApps\Microsoft.BioEnrollment_cw5n1h2txyewy,1.0
4460,BMC Client Management Agent,24.1.01.240624,BMC Software Inc.,Application,,C:\Program Files\BMC Software\Client Management\Client\bin,1.0
4460,BMC Client Management Certificate Generator,24.1.01.240624,BMC Software Inc.,Application,,C:\Program Files\BMC Software\Client Management\Client\bin,1.0
4460,BMC Client Management Chilli Interpreter,24.1.01.240624,BMC Software Inc.,Application,,C:\Program Files\BMC Software\Client Management\Client\bin,1.0
4460,BMC Client Management Direct Access Proxy Agent,24.1.01.240624,BMC Software Inc.,Application,,C:\Program Files\BMC Software\Client Management\Client\bin,1.0
4460,BMC Client Management Opswat Proxy Agent,24.1.01.240624,BMC Software Inc.,Application,,C:\Program Files\BMC Software\Client Management\Client\bin,1.0
4460,BMC Client Management Package Viewer,24.1.01.240624,BMC Software Inc.,Application,,C:\Program Files\BMC Software\Client Management\Client\bin,1.0
4460,BMC Client Management Patch Broker,24.1.01.240624,BMC Software Inc.,Application,,C:\Program Files\BMC Software\Client Management\Client\bin,1.0
4460,BMC Client Management Proxy Agent,24.1.01.240624,BMC Software Inc.,Application,,C:\Program Files\BMC Software\Client Management\Client\bin,1.0
4460,BMC Client Management Remote Control proxy,24.1.01.240624,BMC Software Inc.,Application,,C:\Program Files\BMC Software\Client Management\Client\bin,1.0
4460,BMC Client Management SCAP,24.1.01.240624,BMC Software Inc.,Application,,C:\Program Files\BMC Software\Client Management\Client\bin,1.0
4460,BMC Client Management Video Proxy Agent,24.1.01.240624,BMC Software Inc.,Application,,C:\Program Files\BMC Software\Client Management\Client\bin,1.0
4460,Boot File Servicing Utility,10.0,Microsoft Corporation Inc.,Application,,C:\Windows,1.0
4460,BrowserCore,10.0,Microsoft Corporation Inc.,Application,,C:\Windows\BrowserCore,1.0
4460,Calling App to host call progress on shell,10.0,Microsoft Corporation Inc.,Application,,C:\Windows\SystemApps\Microsoft.Windows.CallingShellApp_cw5n1h2txyewy,1.0
4460,CameraBarcodeScannerPreview,10.0,Microsoft Corporation Inc.,Application,,C:\Windows\SystemApps\Windows.CBSPreview_cw5n1h2txyewy,1.0
4460,ChromeEnterpriseCompanion,143.0,Google LLC,Application,,C:\Windows\SystemTemp\scoped_dir10136_2023943521\scoped_dir10136_1459988927,1.0
4460,CL5,9.6,Ivanti,Application,,C:\Program Files\BMC Software\Client Management\Client\data\PatchManagementPremium\workspace,6.0
4460,ClickOnce,4.8,Microsoft Corporation Inc.,Application,,C:\Windows\Microsoft.NET\Framework64\v4.0.30319,3.0
4460,Common User Interface,5.8,Musarubra US LLC.,Application,,C:\Program Files\McAfee\Agent\x86,1.0
4460,Credential Dialog Host,10.0,Microsoft Corporation Inc.,Application,,C:\Windows\SystemApps\microsoft.creddialoghost_cw5n1h2txyewy,1.0
4460,CrowdStrike Device Control,7.29,CrowdStrike Inc.,Add/Remove Programs,"November 14, 2025 12:00:00 AM",,
4460,CrowdStrike Device Control Support Tool,7.29,CrowdStrike Inc.,Application,,C:\Program Files\CrowdStrike,1.0
4460,CrowdStrike Falcon Connector,7.32,CrowdStrike Inc.,Application,,C:\Program Files\CrowdStrike,1.0
4460,CrowdStrike Falcon Sensor,7.32,CrowdStrike Inc.,Application,,C:\Program Files\CrowdStrike,1.0
4460,CrowdStrike Falcon Sensor Controller,7.32,CrowdStrike Inc.,Application,,C:\Program Files\CrowdStrike,1.0
4460,CrowdStrike Falcon Sensor Service,7.32,CrowdStrike Inc.,Application,,C:\Program Files\CrowdStrike,1.0
4460,CrowdStrike Falcon Sensor Servlet Container,7.32,CrowdStrike Inc.,Application,,C:\Program Files\CrowdStrike,1.0
4460,CrowdStrike Falcon Sensor Settings Tool,7.32,CrowdStrike Inc.,Application,,C:\Program Files\CrowdStrike,1.0
4460,CrowdStrike Falcon Sensor System Tray Application,7.32,CrowdStrike Inc.,Application,,C:\Program Files\CrowdStrike,2.0
4460,CrowdStrike Firmware Analysis,7.14,CrowdStrike Inc.,Add/Remove Programs,"July 24, 2025 12:00:00 AM",,
4460,CrowdStrike Firmware Analysis Support Tool,7.14,CrowdStrike Inc.,Application,,C:\Program Files\CrowdStrike,1.0
4460,CrowdStrike On-Demand Scan Command-line Tool,7.32,CrowdStrike Inc.,Application,,C:\Program Files\CrowdStrike,1.0
4460,CrowdStrike On-Demand Scan Tool,7.32,CrowdStrike Inc.,Application,,C:\Program Files\CrowdStrike,1.0
4460,CrowdStrike Sensor Platform,7.32,CrowdStrike Inc.,Add/Remove Programs,"January 14, 2026 12:00:00 AM",,
4460,CrowdStrike Windows Sensor,7.32,CrowdStrike Inc.,Add/Remove Programs,"January 14, 2026 12:00:00 AM",,
14327,.NET Framework,3.0,Microsoft Corporation Inc.,Application,,C:\Windows\Microsoft.NET\Framework64\v3.0\Windows Communication Foundation,2.0
14327,.NET Runtime Optimization Service,4.8,Microsoft Corporation Inc.,Application,,C:\Windows\Microsoft.NET\Framework64\v4.0.30319,2.0
14327,.NET Runtime Optimization Service,2.0,Microsoft Corporation Inc.,Application,,C:\Windows\Microsoft.NET\Framework64\v2.0.50727,2.0
14327,64Bit MAPI Mail Agent,1.0,Foxit Software Inc.,Application,,C:\Program Files (x86)\Foxit Software\Foxit Reader,1.0
14327,7-Zip 24.08 (x64 edition),24.08,Igor Pavlov,Add/Remove Programs,"November 26, 2024 12:00:00 AM",,
14327,7-Zip Console,24.08,Igor Pavlov,Application,,C:\Program Files\7-Zip,1.0
14327,7-Zip File Manager,24.08,Igor Pavlov,Application,,C:\Program Files\7-Zip,1.0
14327,7-Zip GUI,24.08,Igor Pavlov,Application,,C:\Program Files\7-Zip,1.0
14327,AAD token broker plugin,10.0,Microsoft Corporation Inc.,Application,,C:\Windows\SystemApps\Microsoft.AAD.BrokerPlugin_cw5n1h2txyewy,1.0
14327,Accounts Control Host,10.0,Microsoft Corporation Inc.,Application,,C:\Windows\SystemApps\Microsoft.AccountsControl_cw5n1h2txyewy,1.0
14327,AddSuggestedFoldersToLibraryDialog,10.0,Microsoft Corporation Inc.,Application,,C:\Windows\SystemApps\Microsoft.Windows.AddSuggestedFoldersToLibraryDialog_cw5n1h2txyewy,1.0
14327,Antimalware Service Executable,4.18,Microsoft Corporation Inc.,Application,,C:\Program Files\Windows Defender,1.0
14327,AppResolverUX,10.0,Microsoft Corporation Inc.,Application,,C:\Windows\SystemApps\Microsoft.Windows.AppResolverUX_cw5n1h2txyewy,1.0
14327,AsyncTextService,10.0,Microsoft Corporation Inc.,Application,,C:\Windows\SystemApps\Microsoft.AsyncTextService_8wekyb3d8bbwe,1.0
14327,Biometric Enrollment Host,10.0,Microsoft Corporation Inc.,Application,,C:\Windows\SystemApps\Microsoft.BioEnrollment_cw5n1h2txyewy,1.0
14327,BMC Client Management Agent,24.1.01.240624,BMC Software Inc.,Application,,C:\Program Files\BMC Software\Client Management\Client\bin,1.0
14327,BMC Client Management Certificate Generator,24.1.01.240624,BMC Software Inc.,Application,,C:\Program Files\BMC Software\Client Management\Client\bin,1.0
14327,BMC Client Management Chilli Interpreter,24.1.01.240624,BMC Software Inc.,Application,,C:\Program Files\BMC Software\Client Management\Client\bin,1.0
14327,BMC Client Management Direct Access Proxy Agent,24.1.01.240624,BMC Software Inc.,Application,,C:\Program Files\BMC Software\Client Management\Client\bin,1.0
14327,BMC Client Management Opswat Proxy Agent,24.1.01.240624,BMC Software Inc.,Application,,C:\Program Files\BMC Software\Client Management\Client\bin,1.0
14327,BMC Client Management Package Viewer,24.1.01.240624,BMC Software Inc.,Application,,C:\Program Files\BMC Software\Client Management\Client\bin,1.0
14327,BMC Client Management Patch Broker,24.1.01.240624,BMC Software Inc.,Application,,C:\Program Files\BMC Software\Client Management\Client\bin,1.0
14327,BMC Client Management Proxy Agent,24.1.01.240624,BMC Software Inc.,Application,,C:\Program Files\BMC Software\Client Management\Client\bin,1.0
14327,BMC Client Management Remote Control proxy,24.1.01.240624,BMC Software Inc.,Application,,C:\Program Files\BMC Software\Client Management\Client\bin,1.0
14327,BMC Client Management SCAP,24.1.01.240624,BMC Software Inc.,Application,,C:\Program Files\BMC Software\Client Management\Client\bin,1.0
14327,BMC Client Management Video Proxy Agent,24.1.01.240624,BMC Software Inc.,Application,,C:\Program Files\BMC Software\Client Management\Client\bin,1.0
14327,Boot File Servicing Utility,10.0,Microsoft Corporation Inc.,Application,,C:\Windows,1.0
14327,BrowserCore,10.0,Microsoft Corporation Inc.,Application,,C:\Windows\BrowserCore,1.0
14327,Calling App to host call progress on shell,10.0,Microsoft Corporation Inc.,Application,,C:\Windows\SystemApps\Microsoft.Windows.CallingShellApp_cw5n1h2txyewy,1.0
14327,CameraBarcodeScannerPreview,10.0,Microsoft Corporation Inc.,Application,,C:\Windows\SystemApps\Windows.CBSPreview_cw5n1h2txyewy,1.0
14327,Canon LBP6000/LBP6018,,,Add/Remove Programs,,,
14327,CL5,9.6,Ivanti,Application,,C:\Program Files\BMC Software\Client Management\Client\data\PatchManagementPremium\workspace,2.0
14327,ClickOnce,4.8,Microsoft Corporation Inc.,Application,,C:\Windows\Microsoft.NET\Framework64\v4.0.30319,3.0
14327,Common User Interface,5.8,Musarubra US LLC.,Application,,C:\Program Files\McAfee\Agent\x86,1.0
14327,Create Virtual Machine,10.0,Microsoft Corporation Inc.,Application,,C:\Program Files\Hyper-V,1.0
14327,Credential Dialog Host,10.0,Microsoft Corporation Inc.,Application,,C:\Windows\SystemApps\microsoft.creddialoghost_cw5n1h2txyewy,1.0
14327,CrowdStrike Device Control,7.29,CrowdStrike Inc.,Add/Remove Programs,"November 14, 2025 12:00:00 AM",,
14327,CrowdStrike Device Control Support Tool,7.29,CrowdStrike Inc.,Application,,C:\Program Files\CrowdStrike,1.0
14327,CrowdStrike Falcon Connector,7.32,CrowdStrike Inc.,Application,,C:\Program Files\CrowdStrike,1.0
14327,CrowdStrike Falcon Sensor,7.32,CrowdStrike Inc.,Application,,C:\Program Files\CrowdStrike,1.0
14327,CrowdStrike Falcon Sensor Controller,7.32,CrowdStrike Inc.,Application,,C:\Program Files\CrowdStrike,1.0
14327,CrowdStrike Falcon Sensor Service,7.32,CrowdStrike Inc.,Application,,C:\Program Files\CrowdStrike,1.0
14327,CrowdStrike Falcon Sensor Servlet Container,7.32,CrowdStrike Inc.,Application,,C:\Program Files\CrowdStrike,1.0
14327,CrowdStrike Falcon Sensor Settings Tool,7.32,CrowdStrike Inc.,Application,,C:\Program Files\CrowdStrike,1.0
14327,CrowdStrike Falcon Sensor System Tray Application,7.32,CrowdStrike Inc.,Application,,C:\Program Files\CrowdStrike,2.0
14327,CrowdStrike Firmware Analysis,7.14,CrowdStrike Inc.,Add/Remove Programs,"April 29, 2025 12:00:00 AM",,
14327,CrowdStrike Firmware Analysis Support Tool,7.14,CrowdStrike Inc.,Application,,C:\Program Files\CrowdStrike,1.0
14327,CrowdStrike On-Demand Scan Command-line Tool,7.32,CrowdStrike Inc.,Application,,C:\Program Files\CrowdStrike,1.0
14327,CrowdStrike On-Demand Scan Tool,7.32,CrowdStrike Inc.,Application,,C:\Program Files\CrowdStrike,1.0
14327,CrowdStrike Sensor Platform,7.32,CrowdStrike Inc.,Add/Remove Programs,"January 14, 2026 12:00:00 AM",,
14323,.NET Framework,3.0,Microsoft Corporation Inc.,Application,,C:\Windows\Microsoft.NET\Framework64\v3.0\Windows Communication Foundation,2.0
14323,.NET Runtime Optimization Service,4.8,Microsoft Corporation Inc.,Application,,C:\Windows\Microsoft.NET\Framework64\v4.0.30319,2.0
14323,.NET Runtime Optimization Service,2.0,Microsoft Corporation Inc.,Application,,C:\Windows\Microsoft.NET\Framework64\v2.0.50727,2.0
14323,64Bit MAPI Mail Agent,1.0,Foxit Software Inc.,Application,,C:\Program Files (x86)\Foxit Software\Foxit Reader,1.0
14323,7-Zip 24.08 (x64 edition),24.08,Igor Pavlov,Add/Remove Programs,"November 29, 2024 12:00:00 AM",,
14323,7-Zip Console,24.08,Igor Pavlov,Application,,C:\Program Files\7-Zip,1.0
14323,7-Zip File Manager,24.08,Igor Pavlov,Application,,C:\Program Files\7-Zip,1.0
14323,7-Zip GUI,24.08,Igor Pavlov,Application,,C:\Program Files\7-Zip,1.0
14323,AAD token broker plugin,10.0,Microsoft Corporation Inc.,Application,,C:\Windows\SystemApps\Microsoft.AAD.BrokerPlugin_cw5n1h2txyewy,1.0
14323,Accounts Control Host,10.0,Microsoft Corporation Inc.,Application,,C:\Windows\SystemApps\Microsoft.AccountsControl_cw5n1h2txyewy,1.0
14323,AddSuggestedFoldersToLibraryDialog,10.0,Microsoft Corporation Inc.,Application,,C:\Windows\SystemApps\Microsoft.Windows.AddSuggestedFoldersToLibraryDialog_cw5n1h2txyewy,1.0
14323,Antimalware Service Executable,4.18,Microsoft Corporation Inc.,Application,,C:\Program Files\Windows Defender,1.0
14323,AppResolverUX,10.0,Microsoft Corporation Inc.,Application,,C:\Windows\SystemApps\Microsoft.Windows.AppResolverUX_cw5n1h2txyewy,1.0
14323,AsyncTextService,10.0,Microsoft Corporation Inc.,Application,,C:\Windows\SystemApps\Microsoft.AsyncTextService_8wekyb3d8bbwe,1.0
14323,Biometric Enrollment Host,10.0,Microsoft Corporation Inc.,Application,,C:\Windows\SystemApps\Microsoft.BioEnrollment_cw5n1h2txyewy,1.0
14323,BMC Client Management Agent,24.1.01.240624,BMC Software Inc.,Application,,C:\Program Files\BMC Software\Client Management\Client\bin,1.0
14323,BMC Client Management Certificate Generator,24.1.01.240624,BMC Software Inc.,Application,,C:\Program Files\BMC Software\Client Management\Client\bin,1.0
14323,BMC Client Management Chilli Interpreter,24.1.01.240624,BMC Software Inc.,Application,,C:\Program Files\BMC Software\Client Management\Client\bin,1.0
14323,BMC Client Management Direct Access Proxy Agent,24.1.01.240624,BMC Software Inc.,Application,,C:\Program Files\BMC Software\Client Management\Client\bin,1.0
14323,BMC Client Management Opswat Proxy Agent,24.1.01.240624,BMC Software Inc.,Application,,C:\Program Files\BMC Software\Client Management\Client\bin,1.0
14323,BMC Client Management Package Viewer,24.1.01.240624,BMC Software Inc.,Application,,C:\Program Files\BMC Software\Client Management\Client\bin,1.0
14323,BMC Client Management Patch Broker,24.1.01.240624,BMC Software Inc.,Application,,C:\Program Files\BMC Software\Client Management\Client\bin,1.0
14323,BMC Client Management Proxy Agent,24.1.01.240624,BMC Software Inc.,Application,,C:\Program Files\BMC Software\Client Management\Client\bin,1.0
14323,BMC Client Management Remote Control proxy,24.1.01.240624,BMC Software Inc.,Application,,C:\Program Files\BMC Software\Client Management\Client\bin,1.0
14323,BMC Client Management SCAP,24.1.01.240624,BMC Software Inc.,Application,,C:\Program Files\BMC Software\Client Management\Client\bin,1.0
14323,BMC Client Management Video Proxy Agent,24.1.01.240624,BMC Software Inc.,Application,,C:\Program Files\BMC Software\Client Management\Client\bin,1.0
14323,Boot File Servicing Utility,10.0,Microsoft Corporation Inc.,Application,,C:\Windows,1.0
14323,BrowserCore,10.0,Microsoft Corporation Inc.,Application,,C:\Windows\BrowserCore,1.0
14323,Calling App to host call progress on shell,10.0,Microsoft Corporation Inc.,Application,,C:\Windows\SystemApps\Microsoft.Windows.CallingShellApp_cw5n1h2txyewy,1.0
14323,CameraBarcodeScannerPreview,10.0,Microsoft Corporation Inc.,Application,,C:\Windows\SystemApps\Windows.CBSPreview_cw5n1h2txyewy,1.0
14323,CL5,9.6,Ivanti,Application,,C:\Program Files\BMC Software\Client Management\Client\data\PatchManagementPremium\workspace,1.0
14323,ClickOnce,4.8,Microsoft Corporation Inc.,Application,,C:\Windows\Microsoft.NET\Framework64\v4.0.30319,3.0
14323,Common User Interface,5.8,Musarubra US LLC.,Application,,C:\Program Files\McAfee\Agent\x86,1.0
14323,Create Virtual Machine,10.0,Microsoft Corporation Inc.,Application,,C:\Program Files\Hyper-V,1.0
14323,Credential Dialog Host,10.0,Microsoft Corporation Inc.,Application,,C:\Windows\SystemApps\microsoft.creddialoghost_cw5n1h2txyewy,1.0
14323,CrowdStrike Device Control,7.29,CrowdStrike Inc.,Add/Remove Programs,"November 14, 2025 12:00:00 AM",,
14323,CrowdStrike Device Control Support Tool,7.29,CrowdStrike Inc.,Application,,C:\Program Files\CrowdStrike,1.0
14323,CrowdStrike Falcon Connector,7.32,CrowdStrike Inc.,Application,,C:\Program Files\CrowdStrike,1.0
14323,CrowdStrike Falcon Sensor,7.32,CrowdStrike Inc.,Application,,C:\Program Files\CrowdStrike,1.0
14323,CrowdStrike Falcon Sensor Controller,7.32,CrowdStrike Inc.,Application,,C:\Program Files\CrowdStrike,1.0
14323,CrowdStrike Falcon Sensor Service,7.32,CrowdStrike Inc.,Application,,C:\Program Files\CrowdStrike,1.0
14323,CrowdStrike Falcon Sensor Servlet Container,7.32,CrowdStrike Inc.,Application,,C:\Program Files\CrowdStrike,1.0
14323,CrowdStrike Falcon Sensor Settings Tool,7.32,CrowdStrike Inc.,Application,,C:\Program Files\CrowdStrike,1.0
14323,CrowdStrike Falcon Sensor System Tray Application,7.32,CrowdStrike Inc.,Application,,C:\Program Files\CrowdStrike,2.0
14323,CrowdStrike Firmware Analysis,7.14,CrowdStrike Inc.,Add/Remove Programs,"April 17, 2025 12:00:00 AM",,
14323,CrowdStrike Firmware Analysis Support Tool,7.14,CrowdStrike Inc.,Application,,C:\Program Files\CrowdStrike,1.0
14323,CrowdStrike On-Demand Scan Command-line Tool,7.32,CrowdStrike Inc.,Application,,C:\Program Files\CrowdStrike,1.0
14323,CrowdStrike On-Demand Scan Tool,7.32,CrowdStrike Inc.,Application,,C:\Program Files\CrowdStrike,1.0
14323,CrowdStrike Sensor Platform,7.32,CrowdStrike Inc.,Add/Remove Programs,"January 14, 2026 12:00:00 AM",,
14323,CrowdStrike Windows Sensor,7.32,CrowdStrike Inc.,Add/Remove Programs,"January 14, 2026 12:00:00 AM",,
3252,.NET Framework,3.0,Microsoft Corporation Inc.,Application,,C:\Windows\Microsoft.NET\Framework64\v3.0\Windows Communication Foundation,2.0
3252,.NET Runtime Optimization Service,4.8,Microsoft Corporation Inc.,Application,,C:\Windows\Microsoft.NET\Framework64\v4.0.30319,2.0
3252,.NET Runtime Optimization Service,2.0,Microsoft Corporation Inc.,Application,,C:\Windows\Microsoft.NET\Framework64\v2.0.50727,2.0
3252,64Bit MAPI Mail Agent,1.0,Foxit Software Inc.,Application,,C:\Program Files (x86)\Foxit Software\Foxit PDF Reader,1.0
3252,7-Zip 23.01 (x64),23.01,Igor Pavlov,Add/Remove Programs,,C:\Program Files\7-Zip\,
3252,7-Zip Console,23.01,Igor Pavlov,Application,,C:\Program Files\7-Zip,1.0
3252,7-Zip File Manager,23.01,Igor Pavlov,Application,,C:\Program Files\7-Zip,1.0
3252,7-Zip GUI,23.01,Igor Pavlov,Application,,C:\Program Files\7-Zip,1.0
3252,AAD token broker plugin,10.0,Microsoft Corporation Inc.,Application,,C:\Windows\SystemApps\Microsoft.AAD.BrokerPlugin_cw5n1h2txyewy,1.0
3252,Accounts Control Host,10.0,Microsoft Corporation Inc.,Application,,C:\Windows\SystemApps\Microsoft.AccountsControl_cw5n1h2txyewy,1.0
3252,AddSuggestedFoldersToLibraryDialog,10.0,Microsoft Corporation Inc.,Application,,C:\Windows\SystemApps\Microsoft.Windows.AddSuggestedFoldersToLibraryDialog_cw5n1h2txyewy,1.0
3252,AntiMalware Platform Update (amd64fre),4.18,Microsoft Corporation Inc.,Application,,C:\Windows\SystemTemp,1.0
3252,Antimalware Service Executable,4.18,Microsoft Corporation Inc.,Application,,C:\Program Files\Windows Defender,1.0
3252,AppResolverUX,10.0,Microsoft Corporation Inc.,Application,,C:\Windows\SystemApps\Microsoft.Windows.AppResolverUX_cw5n1h2txyewy,1.0
3252,AsyncTextService,10.0,Microsoft Corporation Inc.,Application,,C:\Windows\SystemApps\Microsoft.AsyncTextService_8wekyb3d8bbwe,1.0
3252,Biometric Enrollment Host,10.0,Microsoft Corporation Inc.,Application,,C:\Windows\SystemApps\Microsoft.BioEnrollment_cw5n1h2txyewy,1.0
3252,BMC Client Management Agent,24.1.01.240624,BMC Software Inc.,Application,,C:\Program Files\BMC Software\Client Management\Client\bin,1.0
3252,BMC Client Management Certificate Generator,24.1.01.240624,BMC Software Inc.,Application,,C:\Program Files\BMC Software\Client Management\Client\bin,1.0
3252,BMC Client Management Chilli Interpreter,24.1.01.240624,BMC Software Inc.,Application,,C:\Program Files\BMC Software\Client Management\Client\bin,1.0
3252,BMC Client Management Direct Access Proxy Agent,24.1.01.240624,BMC Software Inc.,Application,,C:\Program Files\BMC Software\Client Management\Client\bin,1.0
3252,BMC Client Management Opswat Proxy Agent,24.1.01.240624,BMC Software Inc.,Application,,C:\Program Files\BMC Software\Client Management\Client\bin,1.0
3252,BMC Client Management Package Viewer,24.1.01.240624,BMC Software Inc.,Application,,C:\Program Files\BMC Software\Client Management\Client\bin,1.0
3252,BMC Client Management Patch Broker,24.1.01.240624,BMC Software Inc.,Application,,C:\Program Files\BMC Software\Client Management\Client\bin,1.0
3252,BMC Client Management Proxy Agent,24.1.01.240624,BMC Software Inc.,Application,,C:\Program Files\BMC Software\Client Management\Client\bin,1.0
3252,BMC Client Management Remote Control proxy,24.1.01.240624,BMC Software Inc.,Application,,C:\Program Files\BMC Software\Client Management\Client\bin,1.0
3252,BMC Client Management SCAP,24.1.01.240624,BMC Software Inc.,Application,,C:\Program Files\BMC Software\Client Management\Client\bin,1.0
3252,BMC Client Management Video Proxy Agent,24.1.01.240624,BMC Software Inc.,Application,,C:\Program Files\BMC Software\Client Management\Client\bin,1.0
3252,Boot File Servicing Utility,10.0,Microsoft Corporation Inc.,Application,,C:\Windows,1.0
3252,BrowserCore,10.0,Microsoft Corporation Inc.,Application,,C:\Windows\BrowserCore,1.0
3252,Calling App to host call progress on shell,10.0,Microsoft Corporation Inc.,Application,,C:\Windows\SystemApps\Microsoft.Windows.CallingShellApp_cw5n1h2txyewy,1.0
3252,CameraBarcodeScannerPreview,10.0,Microsoft Corporation Inc.,Application,,C:\Windows\SystemApps\Windows.CBSPreview_cw5n1h2txyewy,1.0
3252,ChromeEnterpriseCompanion,143.0,Google LLC,Application,,C:\Windows\SystemTemp\scoped_dir8488_106578286\scoped_dir8488_1126126625,1.0
3252,CL5,9.6,Ivanti,Application,,C:\Program Files\BMC Software\Client Management\Client\data\PatchManagementPremium\workspace,1.0
3252,ClickOnce,4.8,Microsoft Corporation Inc.,Application,,C:\Windows\Microsoft.NET\Framework64\v4.0.30319,3.0
3252,Common User Interface,5.8,Musarubra US LLC.,Application,,C:\Program Files\McAfee\Agent\x86,1.0
3252,Credential Dialog Host,10.0,Microsoft Corporation Inc.,Application,,C:\Windows\SystemApps\microsoft.creddialoghost_cw5n1h2txyewy,1.0
3252,CrowdStrike Device Control,7.29,CrowdStrike Inc.,Add/Remove Programs,"November 14, 2025 12:00:00 AM",,
3252,CrowdStrike Device Control Support Tool,7.29,CrowdStrike Inc.,Application,,C:\Program Files\CrowdStrike,1.0
3252,CrowdStrike Falcon Connector,7.32,CrowdStrike Inc.,Application,,C:\Program Files\CrowdStrike,1.0
3252,CrowdStrike Falcon Sensor,7.32,CrowdStrike Inc.,Application,,C:\Program Files\CrowdStrike,1.0
3252,CrowdStrike Falcon Sensor Controller,7.32,CrowdStrike Inc.,Application,,C:\Program Files\CrowdStrike,1.0
3252,CrowdStrike Falcon Sensor Service,7.32,CrowdStrike Inc.,Application,,C:\Program Files\CrowdStrike,1.0
3252,CrowdStrike Falcon Sensor Servlet Container,7.32,CrowdStrike Inc.,Application,,C:\Program Files\CrowdStrike,1.0
3252,CrowdStrike Falcon Sensor Settings Tool,7.32,CrowdStrike Inc.,Application,,C:\Program Files\CrowdStrike,1.0
3252,CrowdStrike Falcon Sensor System Tray Application,7.32,CrowdStrike Inc.,Application,,C:\Program Files\CrowdStrike,2.0
3252,CrowdStrike Firmware Analysis,7.14,CrowdStrike Inc.,Add/Remove Programs,"April 17, 2025 12:00:00 AM",,
3252,CrowdStrike Firmware Analysis Support Tool,7.14,CrowdStrike Inc.,Application,,C:\Program Files\CrowdStrike,1.0
3252,CrowdStrike On-Demand Scan Command-line Tool,7.32,CrowdStrike Inc.,Application,,C:\Program Files\CrowdStrike,1.0
3252,CrowdStrike On-Demand Scan Tool,7.32,CrowdStrike Inc.,Application,,C:\Program Files\CrowdStrike,1.0
3252,CrowdStrike Sensor Platform,7.32,CrowdStrike Inc.,Add/Remove Programs,"January 14, 2026 12:00:00 AM",,
8776,.NET Runtime Crash Dump Generator,8.0,Microsoft Corporation Inc.,Application,,C:\Program Files (x86)\Trend Micro\Endpoint Basecamp\modules\vom\modules\UiBridgeModule\VOneAgentConsole,1.0
8776,.NET Runtime Optimization Service,4.8,Microsoft Corporation Inc.,Application,,C:\Windows\Microsoft.NET\Framework64\v4.0.30319,2.0
8776,64Bit MAPI Mail Agent,1.0,Foxit Software Inc.,Application,,C:\Program Files (x86)\Foxit Software\Foxit PDF Reader,1.0
8776,7-Zip 19.00 (x64),19.0,Igor Pavlov,Add/Remove Programs,,C:\Program Files\7-Zip\,
8776,7-Zip Console,19.0,Igor Pavlov,Application,,C:\Program Files\7-Zip,1.0
8776,7-Zip Console,25.01,Igor Pavlov,Application,,C:\Program Files (x86)\Trend Micro\Security Agent,4.0
8776,7-Zip File Manager,19.0,Igor Pavlov,Application,,C:\Program Files\7-Zip,1.0
8776,7-Zip GUI,19.0,Igor Pavlov,Application,,C:\Program Files\7-Zip,1.0
8776,AAD token broker plugin,10.0,Microsoft Corporation Inc.,Application,,C:\Windows\SystemApps\Microsoft.AAD.BrokerPlugin_cw5n1h2txyewy,1.0
8776,Accounts Control Host,10.0,Microsoft Corporation Inc.,Application,,C:\Windows\SystemApps\Microsoft.AccountsControl_cw5n1h2txyewy,1.0
8776,ActiveUpdate module.,2.88,Trend Micro Inc.,Application,,C:\Program Files (x86)\Trend Micro\Security Agent,2.0
8776,AddSuggestedFoldersToLibraryDialog,10.0,Microsoft Corporation Inc.,Application,,C:\Windows\SystemApps\Microsoft.Windows.AddSuggestedFoldersToLibraryDialog_cw5n1h2txyewy,1.0
8776,Antimalware Service Executable,4.18,Microsoft Corporation Inc.,Application,,C:\Program Files\Windows Defender,1.0
8776,AppResolverUX,10.0,Microsoft Corporation Inc.,Application,,C:\Windows\SystemApps\Microsoft.Windows.AppResolverUX_cw5n1h2txyewy,1.0
8776,AsyncTextService,10.0,Microsoft Corporation Inc.,Application,,C:\Windows\SystemApps\Microsoft.AsyncTextService_8wekyb3d8bbwe,1.0
8776,Biometric Enrollment Host,10.0,Microsoft Corporation Inc.,Application,,C:\Windows\SystemApps\Microsoft.BioEnrollment_cw5n1h2txyewy,1.0
8776,BMC Client Management Agent,24.1.01.240624,BMC Software Inc.,Application,,C:\Program Files\BMC Software\Client Management\Client\bin,1.0
8776,BMC Client Management Certificate Generator,24.1.01.240624,BMC Software Inc.,Application,,C:\Program Files\BMC Software\Client Management\Client\bin,1.0
8776,BMC Client Management Chilli Interpreter,24.1.01.240624,BMC Software Inc.,Application,,C:\Program Files\BMC Software\Client Management\Client\bin,1.0
8776,BMC Client Management Direct Access Proxy Agent,24.1.01.240624,BMC Software Inc.,Application,,C:\Program Files\BMC Software\Client Management\Client\bin,1.0
8776,BMC Client Management Opswat Proxy Agent,24.1.01.240624,BMC Software Inc.,Application,,C:\Program Files\BMC Software\Client Management\Client\bin,1.0
8776,BMC Client Management Package Viewer,24.1.01.240624,BMC Software Inc.,Application,,C:\Program Files\BMC Software\Client Management\Client\bin,1.0
8776,BMC Client Management Patch Broker,24.1.01.240624,BMC Software Inc.,Application,,C:\Program Files\BMC Software\Client Management\Client\bin,1.0
8776,BMC Client Management Proxy Agent,24.1.01.240624,BMC Software Inc.,Application,,C:\Program Files\BMC Software\Client Management\Client\bin,1.0
8776,BMC Client Management Remote Control proxy,24.1.01.240624,BMC Software Inc.,Application,,C:\Program Files\BMC Software\Client Management\Client\bin,1.0
8776,BMC Client Management SCAP,24.1.01.240624,BMC Software Inc.,Application,,C:\Program Files\BMC Software\Client Management\Client\bin,1.0
8776,BMC Client Management Video Proxy Agent,24.1.01.240624,BMC Software Inc.,Application,,C:\Program Files\BMC Software\Client Management\Client\bin,1.0
8776,Boot File Servicing Utility,10.0,Microsoft Corporation Inc.,Application,,C:\Windows,1.0
8776,BrowserCore,10.0,Microsoft Corporation Inc.,Application,,C:\Windows\BrowserCore,1.0
8776,Calling App to host call progress on shell,10.0,Microsoft Corporation Inc.,Application,,C:\Windows\SystemApps\Microsoft.Windows.CallingShellApp_cw5n1h2txyewy,1.0
8776,CameraBarcodeScannerPreview,10.0,Microsoft Corporation Inc.,Application,,C:\Windows\SystemApps\Windows.CBSPreview_cw5n1h2txyewy,1.0
8776,ChromeEnterpriseCompanion,143.0,Google LLC,Application,,C:\Windows\SystemTemp\scoped_dir10896_269626992\scoped_dir10896_807137797,1.0
8776,ClickOnce,4.8,Microsoft Corporation Inc.,Application,,C:\Windows\Microsoft.NET\Framework64\v4.0.30319,3.0
8776,Common User Interface,5.8,Musarubra US LLC.,Application,,C:\Program Files\McAfee\Agent\x86,1.0
8776,Copilot Update,1.3,Microsoft Corporation Inc.,Application,,C:\Program Files (x86)\Microsoft\EdgeUpdate,2.0
8776,Credential Dialog Host,10.0,Microsoft Corporation Inc.,Application,,C:\Windows\SystemApps\microsoft.creddialoghost_cw5n1h2txyewy,1.0
8776,Deep Security Agent Configuration Compiler,12.0,Trend Micro Inc.,Application,,C:\Program Files (x86)\Trend Micro\iService\iVP,1.0
8776,DREBoot,2.0,Trend Micro Inc.,Application,,C:\Program Files (x86)\Trend Micro\Security Agent\CCSF\module\DRE,1.0
8776,dtoop Application,6.2,Trend Micro Inc.,Application,,C:\Program Files (x86)\Trend Micro\Security Agent\dlplite\update\x64\system32\dgagent,3.0
8776,EC App,10.0,Microsoft Corporation Inc.,Application,,C:\Windows\SystemApps\Microsoft.ECApp_8wekyb3d8bbwe,1.0
8776,expediteupdater,10.0,Microsoft Corporation Inc.,Application,,C:\Program Files\Microsoft Update Health Tools,1.0
8776,FE Commander,6.0,Trend Micro Inc.,Application,,C:\Program Files (x86)\Trend Micro\Security Agent\dlplite\update\x64\system32\dgagent,3.0
8776,File Explorer,10.0,Microsoft Corporation Inc.,Application,,C:\Windows\SystemApps\Microsoft.Windows.FileExplorer_cw5n1h2txyewy,1.0
8776,File Picker,10.0,Microsoft Corporation Inc.,Application,,C:\Windows\SystemApps\Microsoft.Windows.FilePicker_cw5n1h2txyewy,1.0
8776,Foxit PDF CEF,11.2,Foxit Software Inc.,Application,,C:\Program Files (x86)\Foxit Software\Foxit PDF Reader,1.0
8776,Foxit PDF Preview Handler Host,1.0,Foxit Corporation,Application,,C:\Program Files (x86)\Foxit Software\Foxit PDF Reader\Shell Extensions,1.0
8776,Foxit PDF Reader,11.2,Foxit Software Inc.,Add/Remove Programs,"June 15, 2023 12:00:00 AM",C:\Program Files (x86)\Foxit Software\Foxit PDF Reader\,
8776,Foxit PDF Reader 11.2,11.2,Foxit Software Inc.,Application,,C:\Program Files (x86)\Foxit Software\Foxit PDF Reader,1.0
8776,Foxit PDF Reader Update Service,1.0,Foxit Software Inc.,Application,,C:\Program Files (x86)\Foxit Software\Foxit PDF Reader,1.0
8776,Foxit Updater,11.2,Foxit Corporation,Application,,C:\Program Files (x86)\Foxit Software\Foxit PDF Reader,1.0
3303,.NET Runtime Optimization Service,4.8,Microsoft Corporation Inc.,Application,,C:\Windows\Microsoft.NET\Framework64\v4.0.30319,2.0
3303,64Bit MAPI Mail Agent,1.0,Foxit Software Inc.,Application,,C:\Program Files (x86)\Foxit Software\Foxit PDF Reader,1.0
3303,7-Zip 24.09 (x64),24.09,Igor Pavlov,Add/Remove Programs,,C:\Program Files\7-Zip\,
3303,7-Zip Console,24.09,Igor Pavlov,Application,,C:\Program Files\7-Zip,1.0
3303,7-Zip File Manager,24.09,Igor Pavlov,Application,,C:\Program Files\7-Zip,1.0
3303,7-Zip GUI,24.09,Igor Pavlov,Application,,C:\Program Files\7-Zip,1.0
3303,Accounts Control Host,10.0,Microsoft Corporation Inc.,Application,,C:\Windows\SystemApps\Microsoft.AccountsControl_cw5n1h2txyewy,1.0
3303,AddSuggestedFoldersToLibraryDialog,10.0,Microsoft Corporation Inc.,Application,,C:\Windows\SystemApps\Microsoft.Windows.AddSuggestedFoldersToLibraryDialog_cw5n1h2txyewy,1.0
3303,Antimalware Core Service,4.18,Microsoft Corporation Inc.,Application,,C:\Program Files\Windows Defender,1.0
3303,AntiMalware Platform Update (amd64fre),4.18,Microsoft Corporation Inc.,Application,,C:\Windows\SystemTemp\0248538C-1CA1-4563-B89B-EA3293F3BBE3MpCommU,1.0
3303,Antimalware Service Executable,4.18,Microsoft Corporation Inc.,Application,,C:\Program Files\Windows Defender,1.0
3303,AppResolverUX,10.0,Microsoft Corporation Inc.,Application,,C:\Windows\SystemApps\Microsoft.Windows.AppResolverUX_cw5n1h2txyewy,1.0
3303,AsyncTextService,10.0,Microsoft Corporation Inc.,Application,,C:\Windows\SystemApps\Microsoft.AsyncTextService_8wekyb3d8bbwe,1.0
3303,Biometric Enrollment Host,10.0,Microsoft Corporation Inc.,Application,,C:\Windows\SystemApps\Microsoft.BioEnrollment_cw5n1h2txyewy,1.0
3303,BMC Client Management Agent,24.1.01.240624,BMC Software Inc.,Application,,C:\Program Files\BMC Software\Client Management\Client\bin,1.0
3303,BMC Client Management Certificate Generator,24.1.01.240624,BMC Software Inc.,Application,,C:\Program Files\BMC Software\Client Management\Client\bin,1.0
3303,BMC Client Management Chilli Interpreter,24.1.01.240624,BMC Software Inc.,Application,,C:\Program Files\BMC Software\Client Management\Client\bin,1.0
3303,BMC Client Management Direct Access Proxy Agent,24.1.01.240624,BMC Software Inc.,Application,,C:\Program Files\BMC Software\Client Management\Client\bin,1.0
3303,BMC Client Management Opswat Proxy Agent,24.1.01.240624,BMC Software Inc.,Application,,C:\Program Files\BMC Software\Client Management\Client\bin,1.0
3303,BMC Client Management Package Viewer,24.1.01.240624,BMC Software Inc.,Application,,C:\Program Files\BMC Software\Client Management\Client\bin,1.0
3303,BMC Client Management Patch Broker,24.1.01.240624,BMC Software Inc.,Application,,C:\Program Files\BMC Software\Client Management\Client\bin,1.0
3303,BMC Client Management Proxy Agent,24.1.01.240624,BMC Software Inc.,Application,,C:\Program Files\BMC Software\Client Management\Client\bin,1.0
3303,BMC Client Management Remote Control proxy,24.1.01.240624,BMC Software Inc.,Application,,C:\Program Files\BMC Software\Client Management\Client\bin,1.0
3303,BMC Client Management SCAP,24.1.01.240624,BMC Software Inc.,Application,,C:\Program Files\BMC Software\Client Management\Client\bin,1.0
3303,BMC Client Management Video Proxy Agent,24.1.01.240624,BMC Software Inc.,Application,,C:\Program Files\BMC Software\Client Management\Client\bin,1.0
3303,Boot File Servicing Utility,10.0,Microsoft Corporation Inc.,Application,,C:\Windows,1.0
3303,Browser Protection Native Messaging Host,4.18,Microsoft Corporation Inc.,Application,,C:\Program Files\Windows Defender,1.0
3303,BrowserCore,10.0,Microsoft Corporation Inc.,Application,,C:\Windows\BrowserCore,1.0
3303,CameraBarcodeScannerPreview,10.0,Microsoft Corporation Inc.,Application,,C:\Windows\SystemApps\Windows.CBSPreview_cw5n1h2txyewy,1.0
3303,Canon MP Navigator EX,4.0,CANON INC.,Application,,C:\Program Files (x86)\Canon\MP Navigator EX 4.0,1.0
3303,Canon MP Navigator EX 4.0,,,Add/Remove Programs,,C:\Program Files (x86)\Canon\MP Navigator EX 4.0,
3303,CanoScan LiDE 110 Scanner Driver,,Canon Inc.,Add/Remove Programs,,,
3303,CL5,9.6,Ivanti,Application,,C:\Program Files\BMC Software\Client Management\Client\data\PatchManagementPremium\workspace,1.0
3303,ClickOnce,4.8,Microsoft Corporation Inc.,Application,,C:\Windows\Microsoft.NET\Framework64\v4.0.30319,3.0
3303,Credential Dialog Host,10.0,Microsoft Corporation Inc.,Application,,C:\Windows\SystemApps\microsoft.creddialoghost_cw5n1h2txyewy,1.0
3303,CrowdStrike Device Control,7.29,CrowdStrike Inc.,Add/Remove Programs,"November 14, 2025 12:00:00 AM",,
3303,CrowdStrike Device Control Support Tool,7.29,CrowdStrike Inc.,Application,,C:\Program Files\CrowdStrike,1.0
3303,CrowdStrike Falcon Connector,7.31,CrowdStrike Inc.,Application,,C:\Program Files\CrowdStrike,1.0
3303,CrowdStrike Falcon Sensor,7.31,CrowdStrike Inc.,Application,,C:\Program Files\CrowdStrike,1.0
3303,CrowdStrike Falcon Sensor Controller,7.31,CrowdStrike Inc.,Application,,C:\Program Files\CrowdStrike,1.0
3303,CrowdStrike Falcon Sensor Service,7.31,CrowdStrike Inc.,Application,,C:\Program Files\CrowdStrike,1.0
3303,CrowdStrike Falcon Sensor Servlet Container,7.31,CrowdStrike Inc.,Application,,C:\Program Files\CrowdStrike,1.0
3303,CrowdStrike Falcon Sensor Settings Tool,7.31,CrowdStrike Inc.,Application,,C:\Program Files\CrowdStrike,1.0
3303,CrowdStrike Falcon Sensor System Tray Application,7.31,CrowdStrike Inc.,Application,,C:\Program Files\CrowdStrike,2.0
3303,CrowdStrike Firmware Analysis,7.14,CrowdStrike Inc.,Add/Remove Programs,"July 24, 2025 12:00:00 AM",,
3303,CrowdStrike Firmware Analysis Support Tool,7.14,CrowdStrike Inc.,Application,,C:\Program Files\CrowdStrike,1.0
3303,CrowdStrike On-Demand Scan Command-line Tool,7.31,CrowdStrike Inc.,Application,,C:\Program Files\CrowdStrike,1.0
3303,CrowdStrike On-Demand Scan Tool,7.31,CrowdStrike Inc.,Application,,C:\Program Files\CrowdStrike,1.0
3303,CrowdStrike Sensor Platform,7.31,CrowdStrike Inc.,Add/Remove Programs,"December 10, 2025 12:00:00 AM",,
3303,CrowdStrike Windows Sensor,7.31,CrowdStrike Inc.,Add/Remove Programs,"December 10, 2025 12:00:00 AM",,
18121,.NET Runtime Optimization Service,4.8,Microsoft Corporation Inc.,Application,,C:\Windows\Microsoft.NET\Framework64\v4.0.30319,2.0
18121,64Bit MAPI Mail Agent,1.0,Foxit Software Inc.,Application,,C:\Program Files (x86)\Foxit Software\Foxit PDF Reader,1.0
18121,7-Zip 24.09 (x64),24.09,Igor Pavlov,Add/Remove Programs,,C:\Program Files\7-Zip\,
18121,7-Zip Console,24.09,Igor Pavlov,Application,,C:\Program Files\7-Zip,1.0
18121,7-Zip File Manager,24.09,Igor Pavlov,Application,,C:\Program Files\7-Zip,1.0
18121,7-Zip GUI,24.09,Igor Pavlov,Application,,C:\Program Files\7-Zip,1.0
18121,Accounts Control Host,10.0,Microsoft Corporation Inc.,Application,,C:\Windows\SystemApps\Microsoft.AccountsControl_cw5n1h2txyewy,1.0
18121,AddSuggestedFoldersToLibraryDialog,10.0,Microsoft Corporation Inc.,Application,,C:\Windows\SystemApps\Microsoft.Windows.AddSuggestedFoldersToLibraryDialog_cw5n1h2txyewy,1.0
18121,Antimalware Core Service,4.18,Microsoft Corporation Inc.,Application,,C:\Program Files\Windows Defender,1.0
18121,Antimalware Service Executable,4.18,Microsoft Corporation Inc.,Application,,C:\Program Files\Windows Defender,1.0
18121,AppFollower,1.3,Conexant Systems Inc.,Application,,C:\Program Files\CONEXANT\Flow,1.0
18121,AppResolverUX,10.0,Microsoft Corporation Inc.,Application,,C:\Windows\SystemApps\Microsoft.Windows.AppResolverUX_cw5n1h2txyewy,1.0
18121,AsyncTextService,10.0,Microsoft Corporation Inc.,Application,,C:\Windows\SystemApps\Microsoft.AsyncTextService_8wekyb3d8bbwe,1.0
18121,Audio Control,4.0,Conexant Systems LLC.,Application,,C:\Program Files\CONEXANT\Install\Audio\SA3\SA3\Dyson,2.0
18121,Audio Controls Control Panel,4.0,Conexant Systems LLC.,Application,,C:\Program Files\CONEXANT\SA3\HP-NB-AIO,3.0
18121,Bang & Olufsen,4.0,Conexant Systems LLC.,Application,,C:\Program Files\CONEXANT\Install\Audio\SA3\SA3\BandO,2.0
18121,Biometric Enrollment Host,10.0,Microsoft Corporation Inc.,Application,,C:\Windows\SystemApps\Microsoft.BioEnrollment_cw5n1h2txyewy,1.0
18121,BMC Client Management Agent,24.1.01.240624,BMC Software Inc.,Application,,C:\Program Files\BMC Software\Client Management\Client\bin,1.0
18121,BMC Client Management Certificate Generator,24.1.01.240624,BMC Software Inc.,Application,,C:\Program Files\BMC Software\Client Management\Client\bin,1.0
18121,BMC Client Management Chilli Interpreter,24.1.01.240624,BMC Software Inc.,Application,,C:\Program Files\BMC Software\Client Management\Client\bin,1.0
18121,BMC Client Management Direct Access Proxy Agent,24.1.01.240624,BMC Software Inc.,Application,,C:\Program Files\BMC Software\Client Management\Client\bin,1.0
18121,BMC Client Management Opswat Proxy Agent,24.1.01.240624,BMC Software Inc.,Application,,C:\Program Files\BMC Software\Client Management\Client\bin,1.0
18121,BMC Client Management Package Viewer,24.1.01.240624,BMC Software Inc.,Application,,C:\Program Files\BMC Software\Client Management\Client\bin,1.0
18121,BMC Client Management Patch Broker,24.1.01.240624,BMC Software Inc.,Application,,C:\Program Files\BMC Software\Client Management\Client\bin,1.0
18121,BMC Client Management Proxy Agent,24.1.01.240624,BMC Software Inc.,Application,,C:\Program Files\BMC Software\Client Management\Client\bin,1.0
18121,BMC Client Management Remote Control proxy,24.1.01.240624,BMC Software Inc.,Application,,C:\Program Files\BMC Software\Client Management\Client\bin,1.0
18121,BMC Client Management SCAP,24.1.01.240624,BMC Software Inc.,Application,,C:\Program Files\BMC Software\Client Management\Client\bin,1.0
18121,BMC Client Management Video Proxy Agent,24.1.01.240624,BMC Software Inc.,Application,,C:\Program Files\BMC Software\Client Management\Client\bin,1.0
18121,Boot File Servicing Utility,10.0,Microsoft Corporation Inc.,Application,,C:\Windows,1.0
18121,Browser Protection Native Messaging Host,4.18,Microsoft Corporation Inc.,Application,,C:\Program Files\Windows Defender,1.0
18121,BrowserCore,10.0,Microsoft Corporation Inc.,Application,,C:\Windows\BrowserCore,1.0
18121,CameraBarcodeScannerPreview,10.0,Microsoft Corporation Inc.,Application,,C:\Windows\SystemApps\Windows.CBSPreview_cw5n1h2txyewy,1.0
18121,ClickOnce,4.8,Microsoft Corporation Inc.,Application,,C:\Windows\Microsoft.NET\Framework64\v4.0.30319,3.0
18121,CnxtNotify,1.0,Conexant Systems Inc.,Application,,C:\Program Files\CONEXANT\SA3\HP-NB-AIO,1.0
18121,Common User Interface,5.8,Musarubra US LLC.,Application,,C:\Program Files\McAfee\Agent\x86,1.0
18121,Copilot,143.0,Microsoft Corporation Inc.,Application,,C:\Program Files (x86)\Microsoft\EdgeWebView\Application\143.0.3650.139,2.0
18121,Copilot Update,1.3,Microsoft Corporation Inc.,Application,,C:\Program Files (x86)\Microsoft\EdgeUpdate,2.0
18121,Credential Dialog Host,10.0,Microsoft Corporation Inc.,Application,,C:\Windows\SystemApps\microsoft.creddialoghost_cw5n1h2txyewy,1.0
18121,CrowdStrike Device Control,7.29,CrowdStrike Inc.,Add/Remove Programs,"January 12, 2026 12:00:00 AM",,
18121,CrowdStrike Device Control Support Tool,7.29,CrowdStrike Inc.,Application,,C:\Program Files\CrowdStrike,1.0
18121,CrowdStrike Falcon Connector,7.31,CrowdStrike Inc.,Application,,C:\Program Files\CrowdStrike,1.0
18121,CrowdStrike Falcon Sensor,7.31,CrowdStrike Inc.,Application,,C:\Program Files\CrowdStrike,1.0
18121,CrowdStrike Falcon Sensor Controller,7.31,CrowdStrike Inc.,Application,,C:\Program Files\CrowdStrike,1.0
18121,CrowdStrike Falcon Sensor Service,7.31,CrowdStrike Inc.,Application,,C:\Program Files\CrowdStrike,1.0
18121,CrowdStrike Falcon Sensor Servlet Container,7.31,CrowdStrike Inc.,Application,,C:\Program Files\CrowdStrike,1.0
18121,CrowdStrike Falcon Sensor Settings Tool,7.31,CrowdStrike Inc.,Application,,C:\Program Files\CrowdStrike,1.0
18121,CrowdStrike Falcon Sensor System Tray Application,7.31,CrowdStrike Inc.,Application,,C:\Program Files\CrowdStrike,2.0
18121,CrowdStrike Firmware Analysis,7.14,CrowdStrike Inc.,Add/Remove Programs,"January 12, 2026 12:00:00 AM",,
18121,CrowdStrike Firmware Analysis Support Tool,7.14,CrowdStrike Inc.,Application,,C:\Program Files\CrowdStrike,1.0
18121,CrowdStrike On-Demand Scan Command-line Tool,7.31,CrowdStrike Inc.,Application,,C:\Program Files\CrowdStrike,1.0
8520,.NET Runtime Crash Dump Generator,8.0,Microsoft Corporation Inc.,Application,,C:\Program Files (x86)\Trend Micro\Endpoint Basecamp\modules\vom\modules\UiBridgeModule\VOneAgentConsole,2.0
8520,.NET Runtime Optimization Service,4.8,Microsoft Corporation Inc.,Application,,C:\Windows\Microsoft.NET\Framework64\v4.0.30319,2.0
8520,64Bit MAPI Mail Agent,1.0,Foxit Software Inc.,Application,,C:\Program Files (x86)\Foxit Software\Foxit PDF Reader,1.0
8520,7-Zip 19.00 (x64),19.0,Igor Pavlov,Add/Remove Programs,,C:\Program Files\7-Zip\,
8520,7-Zip Console,19.0,Igor Pavlov,Application,,C:\Program Files\7-Zip,1.0
8520,7-Zip Console,25.01,Igor Pavlov,Application,,C:\Program Files (x86)\Trend Micro\Security Agent,4.0
8520,7-Zip File Manager,19.0,Igor Pavlov,Application,,C:\Program Files\7-Zip,1.0
8520,7-Zip GUI,19.0,Igor Pavlov,Application,,C:\Program Files\7-Zip,1.0
8520,Accounts Control Host,10.0,Microsoft Corporation Inc.,Application,,C:\Windows\SystemApps\Microsoft.AccountsControl_cw5n1h2txyewy,1.0
8520,ActiveUpdate module.,2.88,Trend Micro Inc.,Application,,C:\Program Files (x86)\Trend Micro\Security Agent,2.0
8520,AddSuggestedFoldersToLibraryDialog,10.0,Microsoft Corporation Inc.,Application,,C:\Windows\SystemApps\Microsoft.Windows.AddSuggestedFoldersToLibraryDialog_cw5n1h2txyewy,1.0
8520,Antimalware Core Service,4.18,Microsoft Corporation Inc.,Application,,C:\Program Files\Windows Defender,1.0
8520,Antimalware Service Executable,4.18,Microsoft Corporation Inc.,Application,,C:\Program Files\Windows Defender,1.0
8520,AppActions,10.0,Microsoft Corporation Inc.,Application,,C:\Windows\SystemApps\Shared\AOT,2.0
8520,AppResolverUX,10.0,Microsoft Corporation Inc.,Application,,C:\Windows\SystemApps\Microsoft.Windows.AppResolverUX_cw5n1h2txyewy,1.0
8520,Aruba Networks Service,6.11,Aruba Networks,Application,,C:\Program Files\Aruba Networks\ClearPassOnGuard,1.0
8520,AsyncTextService,10.0,Microsoft Corporation Inc.,Application,,C:\Windows\SystemApps\Microsoft.AsyncTextService_8wekyb3d8bbwe,1.0
8520,Biometric Enrollment Host,10.0,Microsoft Corporation Inc.,Application,,C:\Windows\SystemApps\Microsoft.BioEnrollment_cw5n1h2txyewy,1.0
8520,BMC Client Management Agent,24.1.01.240624,BMC Software Inc.,Application,,C:\Program Files\BMC Software\Client Management\Client\bin,1.0
8520,BMC Client Management Certificate Generator,24.1.01.240624,BMC Software Inc.,Application,,C:\Program Files\BMC Software\Client Management\Client\bin,1.0
8520,BMC Client Management Chilli Interpreter,24.1.01.240624,BMC Software Inc.,Application,,C:\Program Files\BMC Software\Client Management\Client\bin,1.0
8520,BMC Client Management Direct Access Proxy Agent,24.1.01.240624,BMC Software Inc.,Application,,C:\Program Files\BMC Software\Client Management\Client\bin,1.0
8520,BMC Client Management Opswat Proxy Agent,24.1.01.240624,BMC Software Inc.,Application,,C:\Program Files\BMC Software\Client Management\Client\bin,1.0
8520,BMC Client Management Package Viewer,24.1.01.240624,BMC Software Inc.,Application,,C:\Program Files\BMC Software\Client Management\Client\bin,1.0
8520,BMC Client Management Patch Broker,24.1.01.240624,BMC Software Inc.,Application,,C:\Program Files\BMC Software\Client Management\Client\bin,1.0
8520,BMC Client Management Proxy Agent,24.1.01.240624,BMC Software Inc.,Application,,C:\Program Files\BMC Software\Client Management\Client\bin,1.0
8520,BMC Client Management Remote Control proxy,24.1.01.240624,BMC Software Inc.,Application,,C:\Program Files\BMC Software\Client Management\Client\bin,1.0
8520,BMC Client Management SCAP,24.1.01.240624,BMC Software Inc.,Application,,C:\Program Files\BMC Software\Client Management\Client\bin,1.0
8520,BMC Client Management Video Proxy Agent,24.1.01.240624,BMC Software Inc.,Application,,C:\Program Files\BMC Software\Client Management\Client\bin,1.0
8520,Boot File Servicing Utility,10.0,Microsoft Corporation Inc.,Application,,C:\Windows,1.0
8520,Browser Protection Native Messaging Host,4.18,Microsoft Corporation Inc.,Application,,C:\Program Files\Windows Defender,1.0
8520,BrowserCore,10.0,Microsoft Corporation Inc.,Application,,C:\Windows\BrowserCore,1.0
8520,CameraBarcodeScannerPreview,10.0,Microsoft Corporation Inc.,Application,,C:\Windows\SystemApps\Windows.CBSPreview_cw5n1h2txyewy,1.0
8520,CapCut,2.2,Bytedance Pte. Ltd.,Application,,D:\Master Aplikasi,1.0
8520,ChromeEnterpriseCompanion,143.0,Google LLC,Application,,C:\Windows\SystemTemp\scoped_dir12476_545374572\scoped_dir12476_1331091921,1.0
8520,CL5,9.6,Ivanti,Application,,C:\Program Files\BMC Software\Client Management\Client\data\PatchManagementPremium\workspace,4.0
8520,ClearPass Agent Controller,6.11,Hewlett Packard Enterprise Development LP,Application,,C:\Program Files\Aruba Networks\ClearPassOnGuard,1.0
8520,ClearPass Agent Helper,6.11,Hewlett Packard Enterprise Development LP,Application,,C:\Program Files\Aruba Networks\ClearPassOnGuard,1.0
8520,ClearPass OnGuard,6.11,Aruba Networks,Application,,C:\Program Files\Aruba Networks\ClearPassOnGuard,3.0
8520,ClearPass OnGuard 6.11.10.260785,6.11,Aruba Networks,Add/Remove Programs,,,
8520,ClearPass OnGuard Agent Service,6.11,Hewlett Packard Enterprise Development LP,Application,,C:\Program Files\Aruba Networks\ClearPassOnGuard,1.0
8520,ClearPass Windows System Health Remediation Process,6.11,Hewlett Packard Enterprise Development LP,Application,,C:\Program Files\Aruba Networks\ClearPassOnGuard,1.0
8520,ClickCharts Diagram Flowchart Software,6.97,NCH Software,Application,,D:\Master Aplikasi,1.0
8520,ClickOnce,4.8,Microsoft Corporation Inc.,Application,,C:\Windows\Microsoft.NET\Framework64\v4.0.30319,3.0
8520,Common User Interface,5.8,Musarubra US LLC.,Application,,C:\Program Files\McAfee\Agent\x86,1.0
8520,Copilot,144.0,Microsoft Corporation Inc.,Application,,C:\Program Files (x86)\Microsoft\EdgeWebView\Application\144.0.3719.115,5.0
8520,Copilot Update,1.3,Microsoft Corporation Inc.,Application,,C:\Program Files (x86)\Microsoft\EdgeUpdate,2.0
8520,CrashSender Application,4.3,Google Inc.,Application,,C:\Program Files\Google\Google Apps Migration,1.0
8520,Create a self-signed digital certificate,15.0,Microsoft Corporation Inc.,Application,,C:\Program Files\Microsoft Office\Office15,1.0
8520,Credential Dialog Host,10.0,Microsoft Corporation Inc.,Application,,C:\Windows\SystemApps\microsoft.creddialoghost_cw5n1h2txyewy,1.0
7596,.NET Runtime Optimization Service,4.8,Microsoft Corporation Inc.,Application,,C:\Windows\Microsoft.NET\Framework64\v4.0.30319,2.0
7596,64Bit MAPI Mail Agent,1.0,Foxit Software Inc.,Application,,C:\Program Files (x86)\Foxit Software\Foxit PDF Reader,1.0
7596,7-Zip 24.09 (x64),24.09,Igor Pavlov,Add/Remove Programs,,C:\Program Files\7-Zip\,
7596,7-Zip Console,24.09,Igor Pavlov,Application,,C:\Program Files\7-Zip,1.0
7596,7-Zip File Manager,24.09,Igor Pavlov,Application,,C:\Program Files\7-Zip,1.0
7596,7-Zip GUI,24.09,Igor Pavlov,Application,,C:\Program Files\7-Zip,1.0
7596,Accounts Control Host,10.0,Microsoft Corporation Inc.,Application,,C:\Windows\SystemApps\Microsoft.AccountsControl_cw5n1h2txyewy,1.0
7596,AddSuggestedFoldersToLibraryDialog,10.0,Microsoft Corporation Inc.,Application,,C:\Windows\SystemApps\Microsoft.Windows.AddSuggestedFoldersToLibraryDialog_cw5n1h2txyewy,1.0
7596,Antimalware Core Service,4.18,Microsoft Corporation Inc.,Application,,C:\Program Files\Windows Defender,1.0
7596,AntiMalware Platform Update (amd64fre),4.18,Microsoft Corporation Inc.,Application,,C:\Windows\SystemTemp\E4328CC6-C7E2-4392-8921-3B157F21D3F7MpCommU,1.0
7596,Antimalware Service Executable,4.18,Microsoft Corporation Inc.,Application,,C:\Program Files\Windows Defender,1.0
7596,AppResolverUX,10.0,Microsoft Corporation Inc.,Application,,C:\Windows\SystemApps\Microsoft.Windows.AppResolverUX_cw5n1h2txyewy,1.0
7596,AsyncTextService,10.0,Microsoft Corporation Inc.,Application,,C:\Windows\SystemApps\Microsoft.AsyncTextService_8wekyb3d8bbwe,1.0
7596,Biometric Enrollment Host,10.0,Microsoft Corporation Inc.,Application,,C:\Windows\SystemApps\Microsoft.BioEnrollment_cw5n1h2txyewy,1.0
7596,BMC Client Management Agent,24.1.01.240624,BMC Software Inc.,Application,,C:\Program Files\BMC Software\Client Management\Client\bin,1.0
7596,BMC Client Management Certificate Generator,24.1.01.240624,BMC Software Inc.,Application,,C:\Program Files\BMC Software\Client Management\Client\bin,1.0
7596,BMC Client Management Chilli Interpreter,24.1.01.240624,BMC Software Inc.,Application,,C:\Program Files\BMC Software\Client Management\Client\bin,1.0
7596,BMC Client Management Direct Access Proxy Agent,24.1.01.240624,BMC Software Inc.,Application,,C:\Program Files\BMC Software\Client Management\Client\bin,1.0
7596,BMC Client Management Opswat Proxy Agent,24.1.01.240624,BMC Software Inc.,Application,,C:\Program Files\BMC Software\Client Management\Client\bin,1.0
7596,BMC Client Management Package Viewer,24.1.01.240624,BMC Software Inc.,Application,,C:\Program Files\BMC Software\Client Management\Client\bin,1.0
7596,BMC Client Management Patch Broker,24.1.01.240624,BMC Software Inc.,Application,,C:\Program Files\BMC Software\Client Management\Client\bin,1.0
7596,BMC Client Management Proxy Agent,24.1.01.240624,BMC Software Inc.,Application,,C:\Program Files\BMC Software\Client Management\Client\bin,1.0
7596,BMC Client Management Remote Control proxy,24.1.01.240624,BMC Software Inc.,Application,,C:\Program Files\BMC Software\Client Management\Client\bin,1.0
7596,BMC Client Management SCAP,24.1.01.240624,BMC Software Inc.,Application,,C:\Program Files\BMC Software\Client Management\Client\bin,1.0
7596,BMC Client Management Video Proxy Agent,24.1.01.240624,BMC Software Inc.,Application,,C:\Program Files\BMC Software\Client Management\Client\bin,1.0
7596,Boot File Servicing Utility,10.0,Microsoft Corporation Inc.,Application,,C:\Windows,1.0
7596,Browser Protection Native Messaging Host,4.18,Microsoft Corporation Inc.,Application,,C:\Program Files\Windows Defender,1.0
7596,BrowserCore,10.0,Microsoft Corporation Inc.,Application,,C:\Windows\BrowserCore,1.0
7596,CameraBarcodeScannerPreview,10.0,Microsoft Corporation Inc.,Application,,C:\Windows\SystemApps\Windows.CBSPreview_cw5n1h2txyewy,1.0
7596,ChromeEnterpriseCompanion,143.0,Google LLC,Application,,C:\Windows\SystemTemp\scoped_dir18704_1313563847\scoped_dir18704_239313588,1.0
7596,ClickOnce,4.8,Microsoft Corporation Inc.,Application,,C:\Windows\Microsoft.NET\Framework64\v4.0.30319,3.0
7596,Common User Interface,5.8,Musarubra US LLC.,Application,,C:\Program Files\McAfee\Agent\x86,1.0
7596,Copilot,144.0,Microsoft Corporation Inc.,Application,,C:\Program Files (x86)\Microsoft\EdgeWebView\Application\144.0.3719.115,3.0
7596,Copilot Update,1.3,Microsoft Corporation Inc.,Application,,C:\Program Files (x86)\Microsoft\EdgeUpdate,2.0
7596,Credential Dialog Host,10.0,Microsoft Corporation Inc.,Application,,C:\Windows\SystemApps\microsoft.creddialoghost_cw5n1h2txyewy,1.0
7596,CrowdStrike Device Control,7.29,CrowdStrike Inc.,Add/Remove Programs,"November 14, 2025 12:00:00 AM",,
7596,CrowdStrike Device Control Support Tool,7.29,CrowdStrike Inc.,Application,,C:\Program Files\CrowdStrike,1.0
7596,CrowdStrike Falcon Connector,7.32,CrowdStrike Inc.,Application,,C:\Program Files\CrowdStrike,1.0
7596,CrowdStrike Falcon Sensor,7.32,CrowdStrike Inc.,Application,,C:\Program Files\CrowdStrike,1.0
7596,CrowdStrike Falcon Sensor Controller,7.32,CrowdStrike Inc.,Application,,C:\Program Files\CrowdStrike,1.0
7596,CrowdStrike Falcon Sensor Service,7.32,CrowdStrike Inc.,Application,,C:\Program Files\CrowdStrike,1.0
7596,CrowdStrike Falcon Sensor Servlet Container,7.32,CrowdStrike Inc.,Application,,C:\Program Files\CrowdStrike,1.0
7596,CrowdStrike Falcon Sensor Settings Tool,7.32,CrowdStrike Inc.,Application,,C:\Program Files\CrowdStrike,1.0
7596,CrowdStrike Falcon Sensor System Tray Application,7.32,CrowdStrike Inc.,Application,,C:\Program Files\CrowdStrike,2.0
7596,CrowdStrike Firmware Analysis,7.14,CrowdStrike Inc.,Add/Remove Programs,"June 21, 2025 12:00:00 AM",,
7596,CrowdStrike Firmware Analysis Support Tool,7.14,CrowdStrike Inc.,Application,,C:\Program Files\CrowdStrike,1.0
7596,CrowdStrike On-Demand Scan Command-line Tool,7.32,CrowdStrike Inc.,Application,,C:\Program Files\CrowdStrike,1.0
7596,CrowdStrike On-Demand Scan Tool,7.32,CrowdStrike Inc.,Application,,C:\Program Files\CrowdStrike,1.0
7596,CrowdStrike Sensor Platform,7.32,CrowdStrike Inc.,Add/Remove Programs,"January 14, 2026 12:00:00 AM",,
7596,CrowdStrike Windows Sensor,7.32,CrowdStrike Inc.,Add/Remove Programs,"January 14, 2026 12:00:00 AM",,
12330,.NET Runtime Optimization Service,4.8,Microsoft Corporation Inc.,Application,,C:\Windows\Microsoft.NET\Framework64\v4.0.30319,2.0
12330,64Bit MAPI Mail Agent,1.0,Foxit Software Inc.,Application,,C:\Program Files (x86)\Foxit Software\Foxit PDF Reader,1.0
12330,7-Zip 24.09 (x64),24.09,Igor Pavlov,Add/Remove Programs,,C:\Program Files\7-Zip\,
12330,7-Zip Console,24.09,Igor Pavlov,Application,,C:\Program Files\7-Zip,1.0
12330,7-Zip File Manager,24.09,Igor Pavlov,Application,,C:\Program Files\7-Zip,1.0
12330,7-Zip GUI,24.09,Igor Pavlov,Application,,C:\Program Files\7-Zip,1.0
12330,Accounts Control Host,10.0,Microsoft Corporation Inc.,Application,,C:\Windows\SystemApps\Microsoft.AccountsControl_cw5n1h2txyewy,1.0
12330,AddSuggestedFoldersToLibraryDialog,10.0,Microsoft Corporation Inc.,Application,,C:\Windows\SystemApps\Microsoft.Windows.AddSuggestedFoldersToLibraryDialog_cw5n1h2txyewy,1.0
12330,Antimalware Core Service,4.18,Microsoft Corporation Inc.,Application,,C:\Program Files\Windows Defender,1.0
12330,Antimalware Service Executable,4.18,Microsoft Corporation Inc.,Application,,C:\Program Files\Windows Defender,1.0
12330,AppFollower,1.3,Conexant Systems Inc.,Application,,C:\Program Files\CONEXANT\Flow,1.0
12330,AppResolverUX,10.0,Microsoft Corporation Inc.,Application,,C:\Windows\SystemApps\Microsoft.Windows.AppResolverUX_cw5n1h2txyewy,1.0
12330,AsyncTextService,10.0,Microsoft Corporation Inc.,Application,,C:\Windows\SystemApps\Microsoft.AsyncTextService_8wekyb3d8bbwe,1.0
12330,Audio Control,4.0,Conexant Systems LLC.,Application,,C:\Program Files\CONEXANT\Install\Audio\SA3\SA3\Dyson,2.0
12330,Audio Controls Control Panel,4.0,Conexant Systems LLC.,Application,,C:\Program Files\CONEXANT\SA3\HP-NB-AIO,3.0
12330,Bang & Olufsen,4.0,Conexant Systems LLC.,Application,,C:\Program Files\CONEXANT\Install\Audio\SA3\SA3\BandO,2.0
12330,Biometric Enrollment Host,10.0,Microsoft Corporation Inc.,Application,,C:\Windows\SystemApps\Microsoft.BioEnrollment_cw5n1h2txyewy,1.0
12330,BMC Client Management Agent,24.1.01.240624,BMC Software Inc.,Application,,C:\Program Files\BMC Software\Client Management\Client\bin,1.0
12330,BMC Client Management Certificate Generator,24.1.01.240624,BMC Software Inc.,Application,,C:\Program Files\BMC Software\Client Management\Client\bin,1.0
12330,BMC Client Management Chilli Interpreter,24.1.01.240624,BMC Software Inc.,Application,,C:\Program Files\BMC Software\Client Management\Client\bin,1.0
12330,BMC Client Management Direct Access Proxy Agent,24.1.01.240624,BMC Software Inc.,Application,,C:\Program Files\BMC Software\Client Management\Client\bin,1.0
12330,BMC Client Management Opswat Proxy Agent,24.1.01.240624,BMC Software Inc.,Application,,C:\Program Files\BMC Software\Client Management\Client\bin,1.0
12330,BMC Client Management Package Viewer,24.1.01.240624,BMC Software Inc.,Application,,C:\Program Files\BMC Software\Client Management\Client\bin,1.0
12330,BMC Client Management Patch Broker,24.1.01.240624,BMC Software Inc.,Application,,C:\Program Files\BMC Software\Client Management\Client\bin,1.0
12330,BMC Client Management Proxy Agent,24.1.01.240624,BMC Software Inc.,Application,,C:\Program Files\BMC Software\Client Management\Client\bin,1.0
12330,BMC Client Management Remote Control proxy,24.1.01.240624,BMC Software Inc.,Application,,C:\Program Files\BMC Software\Client Management\Client\bin,1.0
12330,BMC Client Management SCAP,24.1.01.240624,BMC Software Inc.,Application,,C:\Program Files\BMC Software\Client Management\Client\bin,1.0
12330,BMC Client Management SFX,24.1.01.240624,BMC Software Inc.,Application,,C:\Users\support.local02\Downloads\drive-download-20251106T070523Z-1-001,1.0
12330,BMC Client Management Video Proxy Agent,24.1.01.240624,BMC Software Inc.,Application,,C:\Program Files\BMC Software\Client Management\Client\bin,1.0
12330,Boot File Servicing Utility,10.0,Microsoft Corporation Inc.,Application,,C:\Windows,1.0
12330,Browser Protection Native Messaging Host,4.18,Microsoft Corporation Inc.,Application,,C:\Program Files\Windows Defender,1.0
12330,BrowserCore,10.0,Microsoft Corporation Inc.,Application,,C:\Windows\BrowserCore,1.0
12330,CameraBarcodeScannerPreview,10.0,Microsoft Corporation Inc.,Application,,C:\Windows\SystemApps\Windows.CBSPreview_cw5n1h2txyewy,1.0
12330,ChromeEnterpriseCompanion,143.0,Google LLC,Application,,C:\Windows\SystemTemp\scoped_dir6580_1879613723\scoped_dir6580_1413543176,1.0
12330,ClickOnce,4.8,Microsoft Corporation Inc.,Application,,C:\Windows\Microsoft.NET\Framework64\v4.0.30319,3.0
12330,CnxtNotify,1.0,Conexant Systems Inc.,Application,,C:\Program Files\CONEXANT\SA3\HP-NB-AIO,1.0
12330,Credential Dialog Host,10.0,Microsoft Corporation Inc.,Application,,C:\Windows\SystemApps\microsoft.creddialoghost_cw5n1h2txyewy,1.0
12330,CrowdStrike Device Control,7.29,CrowdStrike Inc.,Add/Remove Programs,"November 14, 2025 12:00:00 AM",,
12330,CrowdStrike Device Control Support Tool,7.29,CrowdStrike Inc.,Application,,C:\Program Files\CrowdStrike,1.0
12330,CrowdStrike Falcon Connector,7.31,CrowdStrike Inc.,Application,,C:\Program Files\CrowdStrike,1.0
12330,CrowdStrike Falcon Sensor,7.31,CrowdStrike Inc.,Application,,C:\Program Files\CrowdStrike,1.0
12330,CrowdStrike Falcon Sensor Controller,7.31,CrowdStrike Inc.,Application,,C:\Program Files\CrowdStrike,1.0
12330,CrowdStrike Falcon Sensor Service,7.31,CrowdStrike Inc.,Application,,C:\Program Files\CrowdStrike,1.0
12330,CrowdStrike Falcon Sensor Servlet Container,7.31,CrowdStrike Inc.,Application,,C:\Program Files\CrowdStrike,1.0
12330,CrowdStrike Falcon Sensor Settings Tool,7.31,CrowdStrike Inc.,Application,,C:\Program Files\CrowdStrike,1.0
12330,CrowdStrike Falcon Sensor System Tray Application,7.31,CrowdStrike Inc.,Application,,C:\Program Files\CrowdStrike,2.0
12330,CrowdStrike Firmware Analysis,7.14,CrowdStrike Inc.,Add/Remove Programs,"November 06, 2025 12:00:00 AM",,
12330,CrowdStrike Firmware Analysis Support Tool,7.14,CrowdStrike Inc.,Application,,C:\Program Files\CrowdStrike,1.0
12330,CrowdStrike On-Demand Scan Command-line Tool,7.31,CrowdStrike Inc.,Application,,C:\Program Files\CrowdStrike,1.0
12330,CrowdStrike On-Demand Scan Tool,7.31,CrowdStrike Inc.,Application,,C:\Program Files\CrowdStrike,1.0
4427,.NET Runtime Optimization Service,4.8,Microsoft Corporation Inc.,Application,,C:\Windows\Microsoft.NET\Framework64\v4.0.30319,2.0
4427,64Bit MAPI Mail Agent,1.0,Foxit Software Inc.,Application,,C:\Program Files (x86)\Foxit Software\Foxit PDF Reader,1.0
4427,7-Zip 24.09 (x64),24.09,Igor Pavlov,Add/Remove Programs,,C:\Program Files\7-Zip\,
4427,7-Zip Console,24.09,Igor Pavlov,Application,,C:\Program Files\7-Zip,1.0
4427,7-Zip File Manager,24.09,Igor Pavlov,Application,,C:\Program Files\7-Zip,1.0
4427,7-Zip GUI,24.09,Igor Pavlov,Application,,C:\Program Files\7-Zip,1.0
4427,Accounts Control Host,10.0,Microsoft Corporation Inc.,Application,,C:\Windows\SystemApps\Microsoft.AccountsControl_cw5n1h2txyewy,1.0
4427,AddSuggestedFoldersToLibraryDialog,10.0,Microsoft Corporation Inc.,Application,,C:\Windows\SystemApps\Microsoft.Windows.AddSuggestedFoldersToLibraryDialog_cw5n1h2txyewy,1.0
4427,Antimalware Core Service,4.18,Microsoft Corporation Inc.,Application,,C:\Program Files\Windows Defender,1.0
4427,Antimalware Service Executable,4.18,Microsoft Corporation Inc.,Application,,C:\Program Files\Windows Defender,1.0
4427,AppResolverUX,10.0,Microsoft Corporation Inc.,Application,,C:\Windows\SystemApps\Microsoft.Windows.AppResolverUX_cw5n1h2txyewy,1.0
4427,AsyncTextService,10.0,Microsoft Corporation Inc.,Application,,C:\Windows\SystemApps\Microsoft.AsyncTextService_8wekyb3d8bbwe,1.0
4427,Biometric Enrollment Host,10.0,Microsoft Corporation Inc.,Application,,C:\Windows\SystemApps\Microsoft.BioEnrollment_cw5n1h2txyewy,1.0
4427,BMC Client Management Agent,24.1.01.240624,BMC Software Inc.,Application,,C:\Program Files\BMC Software\Client Management\Client\bin,1.0
4427,BMC Client Management Certificate Generator,24.1.01.240624,BMC Software Inc.,Application,,C:\Program Files\BMC Software\Client Management\Client\bin,1.0
4427,BMC Client Management Chilli Interpreter,24.1.01.240624,BMC Software Inc.,Application,,C:\Program Files\BMC Software\Client Management\Client\bin,1.0
4427,BMC Client Management Direct Access Proxy Agent,24.1.01.240624,BMC Software Inc.,Application,,C:\Program Files\BMC Software\Client Management\Client\bin,1.0
4427,BMC Client Management Opswat Proxy Agent,24.1.01.240624,BMC Software Inc.,Application,,C:\Program Files\BMC Software\Client Management\Client\bin,1.0
4427,BMC Client Management Package Viewer,24.1.01.240624,BMC Software Inc.,Application,,C:\Program Files\BMC Software\Client Management\Client\bin,1.0
4427,BMC Client Management Patch Broker,24.1.01.240624,BMC Software Inc.,Application,,C:\Program Files\BMC Software\Client Management\Client\bin,1.0
4427,BMC Client Management Proxy Agent,24.1.01.240624,BMC Software Inc.,Application,,C:\Program Files\BMC Software\Client Management\Client\bin,1.0
4427,BMC Client Management Remote Control proxy,24.1.01.240624,BMC Software Inc.,Application,,C:\Program Files\BMC Software\Client Management\Client\bin,1.0
4427,BMC Client Management SCAP,24.1.01.240624,BMC Software Inc.,Application,,C:\Program Files\BMC Software\Client Management\Client\bin,1.0
4427,BMC Client Management Video Proxy Agent,24.1.01.240624,BMC Software Inc.,Application,,C:\Program Files\BMC Software\Client Management\Client\bin,1.0
4427,Boot File Servicing Utility,10.0,Microsoft Corporation Inc.,Application,,C:\Windows,1.0
4427,Browser Protection Native Messaging Host,4.18,Microsoft Corporation Inc.,Application,,C:\Program Files\Windows Defender,1.0
4427,BrowserCore,10.0,Microsoft Corporation Inc.,Application,,C:\Windows\BrowserCore,1.0
4427,CameraBarcodeScannerPreview,10.0,Microsoft Corporation Inc.,Application,,C:\Windows\SystemApps\Windows.CBSPreview_cw5n1h2txyewy,1.0
4427,CL5,9.6,Ivanti,Application,,C:\Program Files\BMC Software\Client Management\Client\data\PatchManagementPremium\workspace,1.0
4427,ClickOnce,4.8,Microsoft Corporation Inc.,Application,,C:\Windows\Microsoft.NET\Framework64\v4.0.30319,3.0
4427,Credential Dialog Host,10.0,Microsoft Corporation Inc.,Application,,C:\Windows\SystemApps\microsoft.creddialoghost_cw5n1h2txyewy,1.0
4427,CrowdStrike Device Control,7.29,CrowdStrike Inc.,Add/Remove Programs,"November 14, 2025 12:00:00 AM",,
4427,CrowdStrike Device Control Support Tool,7.29,CrowdStrike Inc.,Application,,C:\Program Files\CrowdStrike,1.0
4427,CrowdStrike Falcon Connector,7.31,CrowdStrike Inc.,Application,,C:\Program Files\CrowdStrike,1.0
4427,CrowdStrike Falcon Sensor,7.31,CrowdStrike Inc.,Application,,C:\Program Files\CrowdStrike,1.0
4427,CrowdStrike Falcon Sensor Controller,7.31,CrowdStrike Inc.,Application,,C:\Program Files\CrowdStrike,1.0
4427,CrowdStrike Falcon Sensor Service,7.31,CrowdStrike Inc.,Application,,C:\Program Files\CrowdStrike,1.0
4427,CrowdStrike Falcon Sensor Servlet Container,7.31,CrowdStrike Inc.,Application,,C:\Program Files\CrowdStrike,1.0
4427,CrowdStrike Falcon Sensor Settings Tool,7.31,CrowdStrike Inc.,Application,,C:\Program Files\CrowdStrike,1.0
4427,CrowdStrike Falcon Sensor System Tray Application,7.31,CrowdStrike Inc.,Application,,C:\Program Files\CrowdStrike,2.0
4427,CrowdStrike Firmware Analysis,7.14,CrowdStrike Inc.,Add/Remove Programs,"June 18, 2025 12:00:00 AM",,
4427,CrowdStrike Firmware Analysis Support Tool,7.14,CrowdStrike Inc.,Application,,C:\Program Files\CrowdStrike,1.0
4427,CrowdStrike On-Demand Scan Command-line Tool,7.31,CrowdStrike Inc.,Application,,C:\Program Files\CrowdStrike,1.0
4427,CrowdStrike On-Demand Scan Tool,7.31,CrowdStrike Inc.,Application,,C:\Program Files\CrowdStrike,1.0
4427,CrowdStrike Sensor Platform,7.31,CrowdStrike Inc.,Add/Remove Programs,"December 10, 2025 12:00:00 AM",,
4427,CrowdStrike Windows Sensor,7.31,CrowdStrike Inc.,Add/Remove Programs,"December 10, 2025 12:00:00 AM",,
4427,Device Detection Module for Scanner,1.1,,Application,,E:\Driver\epson ds410\Driver\Scanner2\Driver\LIB,1.0
4427,E_STCHxx,1.0,SEIKO EPSON CORPORATION,Application,,E:\Driver\epson ds410\_cdres\_dll,2.0
4427,EC App,10.0,Microsoft Corporation Inc.,Application,,C:\Windows\SystemApps\Microsoft.ECApp_8wekyb3d8bbwe,1.0
4427,ENWLS,3.6,SEIKO EPSON CORPORATION,Application,,E:\Driver\epson ds410\_cdres\_dll,1.0
7420,.NET Runtime Optimization Service,4.8,Microsoft Corporation Inc.,Application,,C:\Windows\Microsoft.NET\Framework64\v4.0.30319,2.0
7420,64Bit MAPI Mail Agent,1.0,Foxit Software Inc.,Application,,C:\Program Files (x86)\Foxit Software\Foxit PDF Reader,1.0
7420,7-Zip 24.08 (x64 edition),24.08,Igor Pavlov,Add/Remove Programs,"January 06, 2025 12:00:00 AM",,
7420,7-Zip Console,24.08,Igor Pavlov,Application,,C:\Program Files\7-Zip,1.0
7420,7-Zip File Manager,24.08,Igor Pavlov,Application,,C:\Program Files\7-Zip,1.0
7420,7-Zip GUI,24.08,Igor Pavlov,Application,,C:\Program Files\7-Zip,1.0
7420,AAD token broker plugin,10.0,Microsoft Corporation Inc.,Application,,C:\Windows\SystemApps\Microsoft.AAD.BrokerPlugin_cw5n1h2txyewy,1.0
7420,Accounts Control Host,10.0,Microsoft Corporation Inc.,Application,,C:\Windows\SystemApps\Microsoft.AccountsControl_cw5n1h2txyewy,1.0
7420,AddSuggestedFoldersToLibraryDialog,10.0,Microsoft Corporation Inc.,Application,,C:\Windows\SystemApps\Microsoft.Windows.AddSuggestedFoldersToLibraryDialog_cw5n1h2txyewy,1.0
7420,Antimalware Service Executable,4.18,Microsoft Corporation Inc.,Application,,C:\Program Files\Windows Defender,1.0
7420,AppResolverUX,10.0,Microsoft Corporation Inc.,Application,,C:\Windows\SystemApps\Microsoft.Windows.AppResolverUX_cw5n1h2txyewy,1.0
7420,AsyncTextService,10.0,Microsoft Corporation Inc.,Application,,C:\Windows\SystemApps\Microsoft.AsyncTextService_8wekyb3d8bbwe,1.0
7420,Biometric Enrollment Host,10.0,Microsoft Corporation Inc.,Application,,C:\Windows\SystemApps\Microsoft.BioEnrollment_cw5n1h2txyewy,1.0
7420,BMC Client Management Agent,24.1.01.240624,BMC Software Inc.,Application,,C:\Program Files\BMC Software\Client Management\Client\bin,1.0
7420,BMC Client Management Certificate Generator,24.1.01.240624,BMC Software Inc.,Application,,C:\Program Files\BMC Software\Client Management\Client\bin,1.0
7420,BMC Client Management Chilli Interpreter,24.1.01.240624,BMC Software Inc.,Application,,C:\Program Files\BMC Software\Client Management\Client\bin,1.0
7420,BMC Client Management Direct Access Proxy Agent,24.1.01.240624,BMC Software Inc.,Application,,C:\Program Files\BMC Software\Client Management\Client\bin,1.0
7420,BMC Client Management Opswat Proxy Agent,24.1.01.240624,BMC Software Inc.,Application,,C:\Program Files\BMC Software\Client Management\Client\bin,1.0
7420,BMC Client Management Package Viewer,24.1.01.240624,BMC Software Inc.,Application,,C:\Program Files\BMC Software\Client Management\Client\bin,1.0
7420,BMC Client Management Patch Broker,24.1.01.240624,BMC Software Inc.,Application,,C:\Program Files\BMC Software\Client Management\Client\bin,1.0
7420,BMC Client Management Proxy Agent,24.1.01.240624,BMC Software Inc.,Application,,C:\Program Files\BMC Software\Client Management\Client\bin,1.0
7420,BMC Client Management Remote Control proxy,24.1.01.240624,BMC Software Inc.,Application,,C:\Program Files\BMC Software\Client Management\Client\bin,1.0
7420,BMC Client Management SCAP,24.1.01.240624,BMC Software Inc.,Application,,C:\Program Files\BMC Software\Client Management\Client\bin,1.0
7420,BMC Client Management Video Proxy Agent,24.1.01.240624,BMC Software Inc.,Application,,C:\Program Files\BMC Software\Client Management\Client\bin,1.0
7420,Boot File Servicing Utility,10.0,Microsoft Corporation Inc.,Application,,C:\Windows,1.0
7420,Boot Sector Manipulation Tool,10.0,Microsoft Corporation Inc.,Application,,C:\Users\joinuser.yanfin\Videos\Win11_24H2_English_x64\boot,2.0
7420,BrowserCore,10.0,Microsoft Corporation Inc.,Application,,C:\Windows\BrowserCore,1.0
7420,Calling App to host call progress on shell,10.0,Microsoft Corporation Inc.,Application,,C:\Windows\SystemApps\Microsoft.Windows.CallingShellApp_cw5n1h2txyewy,1.0
7420,CameraBarcodeScannerPreview,10.0,Microsoft Corporation Inc.,Application,,C:\Windows\SystemApps\Windows.CBSPreview_cw5n1h2txyewy,1.0
7420,Change Printer Name Utility,1.0,SINDOH Co. Ltd.,Application,,C:\Users\5000289\Downloads\M612Series-PCL6-Win7+WIN81-FB_4.x.1322.014\x64,2.0
7420,CL5,9.6,Ivanti,Application,,C:\Program Files\BMC Software\Client Management\Client\data\PatchManagementPremium\workspace,1.0
7420,ClickOnce,4.8,Microsoft Corporation Inc.,Application,,C:\Windows\Microsoft.NET\Framework64\v4.0.30319,3.0
7420,Credential Dialog Host,10.0,Microsoft Corporation Inc.,Application,,C:\Windows\SystemApps\microsoft.creddialoghost_cw5n1h2txyewy,1.0
7420,CrowdStrike Device Control,7.29,CrowdStrike Inc.,Add/Remove Programs,"November 14, 2025 12:00:00 AM",,
7420,CrowdStrike Device Control Support Tool,7.29,CrowdStrike Inc.,Application,,C:\Program Files\CrowdStrike,1.0
7420,CrowdStrike Falcon Connector,7.32,CrowdStrike Inc.,Application,,C:\Program Files\CrowdStrike,1.0
7420,CrowdStrike Falcon Sensor,7.32,CrowdStrike Inc.,Application,,C:\Program Files\CrowdStrike,1.0
7420,CrowdStrike Falcon Sensor Controller,7.32,CrowdStrike Inc.,Application,,C:\Program Files\CrowdStrike,1.0
7420,CrowdStrike Falcon Sensor Service,7.32,CrowdStrike Inc.,Application,,C:\Program Files\CrowdStrike,1.0
7420,CrowdStrike Falcon Sensor Servlet Container,7.32,CrowdStrike Inc.,Application,,C:\Program Files\CrowdStrike,1.0
7420,CrowdStrike Falcon Sensor Settings Tool,7.32,CrowdStrike Inc.,Application,,C:\Program Files\CrowdStrike,1.0
7420,CrowdStrike Falcon Sensor System Tray Application,7.32,CrowdStrike Inc.,Application,,C:\Program Files\CrowdStrike,2.0
7420,CrowdStrike Firmware Analysis,7.14,CrowdStrike Inc.,Add/Remove Programs,"July 24, 2025 12:00:00 AM",,
7420,CrowdStrike Firmware Analysis Support Tool,7.14,CrowdStrike Inc.,Application,,C:\Program Files\CrowdStrike,1.0
7420,CrowdStrike Forensic Data Collection Tool,1.0,CrowdStrike Inc.,Application,,C:,2.0
7420,CrowdStrike On-Demand Scan Command-line Tool,7.32,CrowdStrike Inc.,Application,,C:\Program Files\CrowdStrike,1.0
7420,CrowdStrike On-Demand Scan Tool,7.32,CrowdStrike Inc.,Application,,C:\Program Files\CrowdStrike,1.0
7420,CrowdStrike Sensor Platform,7.32,CrowdStrike Inc.,Add/Remove Programs,"January 14, 2026 12:00:00 AM",,
7420,CrowdStrike Windows Sensor,7.32,CrowdStrike Inc.,Add/Remove Programs,"January 14, 2026 12:00:00 AM",,
7420,DCP Job Deployment Helper Utility,1.1,,Application,,C:\Program Files (x86)\Epson Software\Document Capture,1.0
8304,.NET Framework,3.0,Microsoft Corporation Inc.,Application,,C:\Windows\Microsoft.NET\Framework64\v3.0\Windows Communication Foundation,2.0
8304,.NET Runtime Optimization Service,2.0,Microsoft Corporation Inc.,Application,,C:\Windows\Microsoft.NET\Framework64\v2.0.50727,2.0
8304,.NET Runtime Optimization Service,4.8,Microsoft Corporation Inc.,Application,,C:\Windows\Microsoft.NET\Framework64\v4.0.30319,2.0
8304,64Bit MAPI Mail Agent,1.0,Foxit Software Inc.,Application,,C:\Program Files (x86)\Foxit Software\Foxit PDF Reader,1.0
8304,7-Zip 23.01 (x64),23.01,Igor Pavlov,Add/Remove Programs,,C:\Program Files\7-Zip\,
8304,7-Zip Console,23.01,Igor Pavlov,Application,,C:\Program Files\7-Zip,1.0
8304,7-Zip File Manager,23.01,Igor Pavlov,Application,,C:\Program Files\7-Zip,1.0
8304,7-Zip GUI,23.01,Igor Pavlov,Application,,C:\Program Files\7-Zip,1.0
8304,Accounts Control Host,10.0,Microsoft Corporation Inc.,Application,,C:\Windows\SystemApps\Microsoft.AccountsControl_cw5n1h2txyewy,1.0
8304,AddSuggestedFoldersToLibraryDialog,10.0,Microsoft Corporation Inc.,Application,,C:\Windows\SystemApps\Microsoft.Windows.AddSuggestedFoldersToLibraryDialog_cw5n1h2txyewy,1.0
8304,Antimalware Core Service,4.18,Microsoft Corporation Inc.,Application,,C:\Program Files\Windows Defender,1.0
8304,Antimalware Service Executable,4.18,Microsoft Corporation Inc.,Application,,C:\Program Files\Windows Defender,1.0
8304,AppResolverUX,10.0,Microsoft Corporation Inc.,Application,,C:\Windows\SystemApps\Microsoft.Windows.AppResolverUX_cw5n1h2txyewy,1.0
8304,AsyncTextService,10.0,Microsoft Corporation Inc.,Application,,C:\Windows\SystemApps\Microsoft.AsyncTextService_8wekyb3d8bbwe,1.0
8304,Biometric Enrollment Host,10.0,Microsoft Corporation Inc.,Application,,C:\Windows\SystemApps\Microsoft.BioEnrollment_cw5n1h2txyewy,1.0
8304,BMC Client Management Agent,24.1.01.240624,BMC Software Inc.,Application,,C:\Program Files\BMC Software\Client Management\Client\bin,1.0
8304,BMC Client Management Certificate Generator,24.1.01.240624,BMC Software Inc.,Application,,C:\Program Files\BMC Software\Client Management\Client\bin,1.0
8304,BMC Client Management Chilli Interpreter,24.1.01.240624,BMC Software Inc.,Application,,C:\Program Files\BMC Software\Client Management\Client\bin,1.0
8304,BMC Client Management Direct Access Proxy Agent,24.1.01.240624,BMC Software Inc.,Application,,C:\Program Files\BMC Software\Client Management\Client\bin,1.0
8304,BMC Client Management Opswat Proxy Agent,24.1.01.240624,BMC Software Inc.,Application,,C:\Program Files\BMC Software\Client Management\Client\bin,1.0
8304,BMC Client Management Package Viewer,24.1.01.240624,BMC Software Inc.,Application,,C:\Program Files\BMC Software\Client Management\Client\bin,1.0
8304,BMC Client Management Patch Broker,24.1.01.240624,BMC Software Inc.,Application,,C:\Program Files\BMC Software\Client Management\Client\bin,1.0
8304,BMC Client Management Proxy Agent,24.1.01.240624,BMC Software Inc.,Application,,C:\Program Files\BMC Software\Client Management\Client\bin,1.0
8304,BMC Client Management Remote Control proxy,24.1.01.240624,BMC Software Inc.,Application,,C:\Program Files\BMC Software\Client Management\Client\bin,1.0
8304,BMC Client Management SCAP,24.1.01.240624,BMC Software Inc.,Application,,C:\Program Files\BMC Software\Client Management\Client\bin,1.0
8304,BMC Client Management Video Proxy Agent,24.1.01.240624,BMC Software Inc.,Application,,C:\Program Files\BMC Software\Client Management\Client\bin,1.0
8304,Boot File Servicing Utility,10.0,Microsoft Corporation Inc.,Application,,C:\Windows,1.0
8304,Browser Protection Native Messaging Host,4.18,Microsoft Corporation Inc.,Application,,C:\Program Files\Windows Defender,1.0
8304,BrowserCore,10.0,Microsoft Corporation Inc.,Application,,C:\Windows\BrowserCore,1.0
8304,CameraBarcodeScannerPreview,10.0,Microsoft Corporation Inc.,Application,,C:\Windows\SystemApps\Windows.CBSPreview_cw5n1h2txyewy,1.0
8304,CL5,9.6,Ivanti,Application,,C:\Program Files\BMC Software\Client Management\Client\data\PatchManagementPremium\workspace,6.0
8304,ClickOnce,4.8,Microsoft Corporation Inc.,Application,,C:\Windows\Microsoft.NET\Framework64\v4.0.30319,3.0
8304,Common User Interface,5.8,Musarubra US LLC.,Application,,C:\Program Files\McAfee\Agent\x86,1.0
8304,Copilot,144.0,Microsoft Corporation Inc.,Application,,C:\Program Files (x86)\Microsoft\EdgeWebView\Application\144.0.3719.93,6.0
8304,Copilot Update,1.3,Microsoft Corporation Inc.,Application,,C:\Program Files (x86)\Microsoft\EdgeUpdate,2.0
8304,Create a self-signed digital certificate,15.0,Microsoft Corporation Inc.,Application,,C:\Program Files\Microsoft Office\Office15,1.0
8304,Credential Dialog Host,10.0,Microsoft Corporation Inc.,Application,,C:\Windows\SystemApps\microsoft.creddialoghost_cw5n1h2txyewy,1.0
8304,CrowdStrike Device Control,7.29,CrowdStrike Inc.,Add/Remove Programs,"November 14, 2025 12:00:00 AM",,
8304,CrowdStrike Device Control Support Tool,7.29,CrowdStrike Inc.,Application,,C:\Program Files\CrowdStrike,1.0
8304,CrowdStrike Falcon Connector,7.32,CrowdStrike Inc.,Application,,C:\Program Files\CrowdStrike,1.0
8304,CrowdStrike Falcon Sensor,7.32,CrowdStrike Inc.,Application,,C:\Program Files\CrowdStrike,1.0
8304,CrowdStrike Falcon Sensor Controller,7.32,CrowdStrike Inc.,Application,,C:\Program Files\CrowdStrike,1.0
8304,CrowdStrike Falcon Sensor Service,7.32,CrowdStrike Inc.,Application,,C:\Program Files\CrowdStrike,1.0
8304,CrowdStrike Falcon Sensor Servlet Container,7.32,CrowdStrike Inc.,Application,,C:\Program Files\CrowdStrike,1.0
8304,CrowdStrike Falcon Sensor Settings Tool,7.32,CrowdStrike Inc.,Application,,C:\Program Files\CrowdStrike,1.0
8304,CrowdStrike Falcon Sensor System Tray Application,7.32,CrowdStrike Inc.,Application,,C:\Program Files\CrowdStrike,2.0
8304,CrowdStrike Firmware Analysis,7.14,CrowdStrike Inc.,Add/Remove Programs,"July 24, 2025 12:00:00 AM",,
8304,CrowdStrike Firmware Analysis Support Tool,7.14,CrowdStrike Inc.,Application,,C:\Program Files\CrowdStrike,1.0
8304,CrowdStrike On-Demand Scan Command-line Tool,7.32,CrowdStrike Inc.,Application,,C:\Program Files\CrowdStrike,1.0
8304,CrowdStrike On-Demand Scan Tool,7.32,CrowdStrike Inc.,Application,,C:\Program Files\CrowdStrike,1.0
3850,.NET Runtime Optimization Service,4.8,Microsoft Corporation Inc.,Application,,C:\Windows\Microsoft.NET\Framework64\v4.0.30319,2.0
3850,64Bit MAPI Mail Agent,1.0,Foxit Software Inc.,Application,,C:\Program Files (x86)\Foxit Software\Foxit PDF Reader,1.0
3850,7-Zip 24.09 (x64),24.09,Igor Pavlov,Add/Remove Programs,,C:\Program Files\7-Zip\,
3850,7-Zip Console,24.09,Igor Pavlov,Application,,C:\Program Files\7-Zip,1.0
3850,7-Zip File Manager,24.09,Igor Pavlov,Application,,C:\Program Files\7-Zip,1.0
3850,7-Zip GUI,24.09,Igor Pavlov,Application,,C:\Program Files\7-Zip,1.0
3850,Accounts Control Host,10.0,Microsoft Corporation Inc.,Application,,C:\Windows\SystemApps\Microsoft.AccountsControl_cw5n1h2txyewy,1.0
3850,AddSuggestedFoldersToLibraryDialog,10.0,Microsoft Corporation Inc.,Application,,C:\Windows\SystemApps\Microsoft.Windows.AddSuggestedFoldersToLibraryDialog_cw5n1h2txyewy,1.0
3850,Antimalware Core Service,4.18,Microsoft Corporation Inc.,Application,,C:\Program Files\Windows Defender,1.0
3850,Antimalware Service Executable,4.18,Microsoft Corporation Inc.,Application,,C:\Program Files\Windows Defender,1.0
3850,AppFollower,1.3,Conexant Systems Inc.,Application,,C:\Program Files\CONEXANT\Flow,1.0
3850,AppResolverUX,10.0,Microsoft Corporation Inc.,Application,,C:\Windows\SystemApps\Microsoft.Windows.AppResolverUX_cw5n1h2txyewy,1.0
3850,AsyncTextService,10.0,Microsoft Corporation Inc.,Application,,C:\Windows\SystemApps\Microsoft.AsyncTextService_8wekyb3d8bbwe,1.0
3850,Audio Control,4.0,Conexant Systems LLC.,Application,,C:\Program Files\CONEXANT\Install\Audio\SA3\SA3\Dyson,2.0
3850,Audio Controls Control Panel,4.0,Conexant Systems LLC.,Application,,C:\Program Files\CONEXANT\SA3\HP-NB-AIO,3.0
3850,Bang & Olufsen,4.0,Conexant Systems LLC.,Application,,C:\Program Files\CONEXANT\Install\Audio\SA3\SA3\BandO,2.0
3850,Biometric Enrollment Host,10.0,Microsoft Corporation Inc.,Application,,C:\Windows\SystemApps\Microsoft.BioEnrollment_cw5n1h2txyewy,1.0
3850,BMC Client Management Agent,24.1.01.240624,BMC Software Inc.,Application,,C:\Program Files\BMC Software\Client Management\Client\bin,1.0
3850,BMC Client Management Certificate Generator,24.1.01.240624,BMC Software Inc.,Application,,C:\Program Files\BMC Software\Client Management\Client\bin,1.0
3850,BMC Client Management Chilli Interpreter,24.1.01.240624,BMC Software Inc.,Application,,C:\Program Files\BMC Software\Client Management\Client\bin,1.0
3850,BMC Client Management Direct Access Proxy Agent,24.1.01.240624,BMC Software Inc.,Application,,C:\Program Files\BMC Software\Client Management\Client\bin,1.0
3850,BMC Client Management Opswat Proxy Agent,24.1.01.240624,BMC Software Inc.,Application,,C:\Program Files\BMC Software\Client Management\Client\bin,1.0
3850,BMC Client Management Package Viewer,24.1.01.240624,BMC Software Inc.,Application,,C:\Program Files\BMC Software\Client Management\Client\bin,1.0
3850,BMC Client Management Patch Broker,24.1.01.240624,BMC Software Inc.,Application,,C:\Program Files\BMC Software\Client Management\Client\bin,1.0
3850,BMC Client Management Proxy Agent,24.1.01.240624,BMC Software Inc.,Application,,C:\Program Files\BMC Software\Client Management\Client\bin,1.0
3850,BMC Client Management Remote Control proxy,24.1.01.240624,BMC Software Inc.,Application,,C:\Program Files\BMC Software\Client Management\Client\bin,1.0
3850,BMC Client Management SCAP,24.1.01.240624,BMC Software Inc.,Application,,C:\Program Files\BMC Software\Client Management\Client\bin,1.0
3850,BMC Client Management SFX,24.1.01.240624,BMC Software Inc.,Application,,C:\Users\support.local02\Videos,1.0
3850,BMC Client Management Video Proxy Agent,24.1.01.240624,BMC Software Inc.,Application,,C:\Program Files\BMC Software\Client Management\Client\bin,1.0
3850,Boot File Servicing Utility,10.0,Microsoft Corporation Inc.,Application,,C:\Windows,1.0
3850,Browser Protection Native Messaging Host,4.18,Microsoft Corporation Inc.,Application,,C:\Program Files\Windows Defender,1.0
3850,BrowserCore,10.0,Microsoft Corporation Inc.,Application,,C:\Windows\BrowserCore,1.0
3850,CameraBarcodeScannerPreview,10.0,Microsoft Corporation Inc.,Application,,C:\Windows\SystemApps\Windows.CBSPreview_cw5n1h2txyewy,1.0
3850,CL5,9.6,Ivanti,Application,,C:\Program Files\BMC Software\Client Management\Client\data\PatchManagementPremium\workspace,1.0
3850,ClickOnce,4.8,Microsoft Corporation Inc.,Application,,C:\Windows\Microsoft.NET\Framework64\v4.0.30319,3.0
3850,CnxtNotify,1.0,Conexant Systems Inc.,Application,,C:\Program Files\CONEXANT\SA3\HP-NB-AIO,1.0
3850,Credential Dialog Host,10.0,Microsoft Corporation Inc.,Application,,C:\Windows\SystemApps\microsoft.creddialoghost_cw5n1h2txyewy,1.0
3850,CrowdStrike Device Control,7.29,CrowdStrike Inc.,Add/Remove Programs,"November 14, 2025 12:00:00 AM",,
3850,CrowdStrike Device Control Support Tool,7.29,CrowdStrike Inc.,Application,,C:\Program Files\CrowdStrike,1.0
3850,CrowdStrike Falcon Connector,7.32,CrowdStrike Inc.,Application,,C:\Program Files\CrowdStrike,1.0
3850,CrowdStrike Falcon Sensor,7.32,CrowdStrike Inc.,Application,,C:\Program Files\CrowdStrike,1.0
3850,CrowdStrike Falcon Sensor Controller,7.32,CrowdStrike Inc.,Application,,C:\Program Files\CrowdStrike,1.0
3850,CrowdStrike Falcon Sensor Service,7.32,CrowdStrike Inc.,Application,,C:\Program Files\CrowdStrike,1.0
3850,CrowdStrike Falcon Sensor Servlet Container,7.32,CrowdStrike Inc.,Application,,C:\Program Files\CrowdStrike,1.0
3850,CrowdStrike Falcon Sensor Settings Tool,7.32,CrowdStrike Inc.,Application,,C:\Program Files\CrowdStrike,1.0
3850,CrowdStrike Falcon Sensor System Tray Application,7.32,CrowdStrike Inc.,Application,,C:\Program Files\CrowdStrike,2.0
3850,CrowdStrike Firmware Analysis,7.14,CrowdStrike Inc.,Add/Remove Programs,"June 17, 2025 12:00:00 AM",,
3850,CrowdStrike Firmware Analysis Support Tool,7.14,CrowdStrike Inc.,Application,,C:\Program Files\CrowdStrike,1.0
3850,CrowdStrike On-Demand Scan Command-line Tool,7.32,CrowdStrike Inc.,Application,,C:\Program Files\CrowdStrike,1.0
3850,CrowdStrike On-Demand Scan Tool,7.32,CrowdStrike Inc.,Application,,C:\Program Files\CrowdStrike,1.0
4402,.NET Runtime Optimization Service,4.8,Microsoft Corporation Inc.,Application,,C:\Windows\Microsoft.NET\Framework64\v4.0.30319,2.0
4402,64Bit MAPI Mail Agent,1.0,Foxit Software Inc.,Application,,C:\Program Files (x86)\Foxit Software\Foxit PDF Reader,1.0
4402,7-Zip 24.09 (x64),24.09,Igor Pavlov,Add/Remove Programs,,C:\Program Files\7-Zip\,
4402,7-Zip Console,24.09,Igor Pavlov,Application,,C:\Program Files\7-Zip,1.0
4402,7-Zip File Manager,24.09,Igor Pavlov,Application,,C:\Program Files\7-Zip,1.0
4402,7-Zip GUI,24.09,Igor Pavlov,Application,,C:\Program Files\7-Zip,1.0
4402,Accounts Control Host,10.0,Microsoft Corporation Inc.,Application,,C:\Windows\SystemApps\Microsoft.AccountsControl_cw5n1h2txyewy,1.0
4402,AddSuggestedFoldersToLibraryDialog,10.0,Microsoft Corporation Inc.,Application,,C:\Windows\SystemApps\Microsoft.Windows.AddSuggestedFoldersToLibraryDialog_cw5n1h2txyewy,1.0
4402,Antimalware Core Service,4.18,Microsoft Corporation Inc.,Application,,C:\Program Files\Windows Defender,1.0
4402,AntiMalware Platform Update (amd64fre),4.18,Microsoft Corporation Inc.,Application,,C:\Windows\SystemTemp\22E8A683-BFAF-40D7-946A-BB17623B5C6FMpCommU,1.0
4402,Antimalware Service Executable,4.18,Microsoft Corporation Inc.,Application,,C:\Program Files\Windows Defender,1.0
4402,AppResolverUX,10.0,Microsoft Corporation Inc.,Application,,C:\Windows\SystemApps\Microsoft.Windows.AppResolverUX_cw5n1h2txyewy,1.0
4402,AsyncTextService,10.0,Microsoft Corporation Inc.,Application,,C:\Windows\SystemApps\Microsoft.AsyncTextService_8wekyb3d8bbwe,1.0
4402,Biometric Enrollment Host,10.0,Microsoft Corporation Inc.,Application,,C:\Windows\SystemApps\Microsoft.BioEnrollment_cw5n1h2txyewy,1.0
4402,BMC Client Management Agent,24.1.01.240624,BMC Software Inc.,Application,,C:\Program Files\BMC Software\Client Management\Client\bin,1.0
4402,BMC Client Management Certificate Generator,24.1.01.240624,BMC Software Inc.,Application,,C:\Program Files\BMC Software\Client Management\Client\bin,1.0
4402,BMC Client Management Chilli Interpreter,24.1.01.240624,BMC Software Inc.,Application,,C:\Program Files\BMC Software\Client Management\Client\bin,1.0
4402,BMC Client Management Direct Access Proxy Agent,24.1.01.240624,BMC Software Inc.,Application,,C:\Program Files\BMC Software\Client Management\Client\bin,1.0
4402,BMC Client Management Opswat Proxy Agent,24.1.01.240624,BMC Software Inc.,Application,,C:\Program Files\BMC Software\Client Management\Client\bin,1.0
4402,BMC Client Management Package Viewer,24.1.01.240624,BMC Software Inc.,Application,,C:\Program Files\BMC Software\Client Management\Client\bin,1.0
4402,BMC Client Management Patch Broker,24.1.01.240624,BMC Software Inc.,Application,,C:\Program Files\BMC Software\Client Management\Client\bin,1.0
4402,BMC Client Management Proxy Agent,24.1.01.240624,BMC Software Inc.,Application,,C:\Program Files\BMC Software\Client Management\Client\bin,1.0
4402,BMC Client Management Remote Control proxy,24.1.01.240624,BMC Software Inc.,Application,,C:\Program Files\BMC Software\Client Management\Client\bin,1.0
4402,BMC Client Management SCAP,24.1.01.240624,BMC Software Inc.,Application,,C:\Program Files\BMC Software\Client Management\Client\bin,1.0
4402,BMC Client Management Video Proxy Agent,24.1.01.240624,BMC Software Inc.,Application,,C:\Program Files\BMC Software\Client Management\Client\bin,1.0
4402,Boot File Servicing Utility,10.0,Microsoft Corporation Inc.,Application,,C:\Windows,1.0
4402,Browser Protection Native Messaging Host,4.18,Microsoft Corporation Inc.,Application,,C:\Program Files\Windows Defender,1.0
4402,BrowserCore,10.0,Microsoft Corporation Inc.,Application,,C:\Windows\BrowserCore,1.0
4402,build 20171008,1.0,,Application,,C:\Program Files (x86)\iVMS-4200 Site\Drivers,1.0
4402,Build20180830,2.0,Hikvision,Application,,C:\Program Files (x86)\iVMS-4200 Site\iVMS-4200 Client\Client,1.0
4402,CameraBarcodeScannerPreview,10.0,Microsoft Corporation Inc.,Application,,C:\Windows\SystemApps\Windows.CBSPreview_cw5n1h2txyewy,1.0
4402,ChromeEnterpriseCompanion,143.0,Google LLC,Application,,C:\Windows\SystemTemp\scoped_dir6944_1058033140\scoped_dir6944_567504353,1.0
4402,CL5,9.6,Ivanti,Application,,C:\Program Files\BMC Software\Client Management\Client\data\PatchManagementPremium\workspace,5.0
4402,ClickOnce,4.8,Microsoft Corporation Inc.,Application,,C:\Windows\Microsoft.NET\Framework64\v4.0.30319,3.0
4402,CMS,,,Add/Remove Programs,,C:\Program Files (x86)\CMS,
4402,Common User Interface,5.8,Musarubra US LLC.,Application,,C:\Program Files\McAfee\Agent\x86,1.0
4402,Copilot,144.0,Microsoft Corporation Inc.,Application,,C:\Program Files (x86)\Microsoft\EdgeWebView\Application\144.0.3719.115,3.0
4402,Copilot Update,1.3,Microsoft Corporation Inc.,Application,,C:\Program Files (x86)\Microsoft\EdgeUpdate,2.0
4402,Create a self-signed digital certificate,15.0,Microsoft Corporation Inc.,Application,,C:\Program Files\Microsoft Office\Office15,1.0
4402,Credential Dialog Host,10.0,Microsoft Corporation Inc.,Application,,C:\Windows\SystemApps\microsoft.creddialoghost_cw5n1h2txyewy,1.0
4402,CrowdStrike Device Control,7.29,CrowdStrike Inc.,Add/Remove Programs,"November 14, 2025 12:00:00 AM",,
4402,CrowdStrike Device Control Support Tool,7.29,CrowdStrike Inc.,Application,,C:\Program Files\CrowdStrike,1.0
4402,CrowdStrike Falcon Connector,7.32,CrowdStrike Inc.,Application,,C:\Program Files\CrowdStrike,1.0
4402,CrowdStrike Falcon Sensor,7.32,CrowdStrike Inc.,Application,,C:\Program Files\CrowdStrike,1.0
4402,CrowdStrike Falcon Sensor Controller,7.32,CrowdStrike Inc.,Application,,C:\Program Files\CrowdStrike,1.0
4402,CrowdStrike Falcon Sensor Service,7.32,CrowdStrike Inc.,Application,,C:\Program Files\CrowdStrike,1.0
4402,CrowdStrike Falcon Sensor Servlet Container,7.32,CrowdStrike Inc.,Application,,C:\Program Files\CrowdStrike,1.0
4402,CrowdStrike Falcon Sensor Settings Tool,7.32,CrowdStrike Inc.,Application,,C:\Program Files\CrowdStrike,1.0
4402,CrowdStrike Falcon Sensor System Tray Application,7.32,CrowdStrike Inc.,Application,,C:\Program Files\CrowdStrike,2.0
4402,CrowdStrike Firmware Analysis,7.14,CrowdStrike Inc.,Add/Remove Programs,"October 04, 2025 12:00:00 AM",,
13727,.NET Runtime Optimization Service,4.8,Microsoft Corporation Inc.,Application,,C:\Windows\Microsoft.NET\Framework64\v4.0.30319,2.0
13727,64Bit MAPI Mail Agent,1.0,Foxit Software Inc.,Application,,C:\Program Files (x86)\Foxit Software\Foxit PDF Reader,1.0
13727,7-Zip 19.00 (x64),19.0,Igor Pavlov,Add/Remove Programs,,C:\Program Files\7-Zip\,
13727,7-Zip Console,19.0,Igor Pavlov,Application,,C:\Program Files\7-Zip,1.0
13727,7-Zip File Manager,19.0,Igor Pavlov,Application,,C:\Program Files\7-Zip,1.0
13727,7-Zip GUI,19.0,Igor Pavlov,Application,,C:\Program Files\7-Zip,1.0
13727,AAD token broker plugin,10.0,Microsoft Corporation Inc.,Application,,C:\Windows\SystemApps\Microsoft.AAD.BrokerPlugin_cw5n1h2txyewy,1.0
13727,Accounts Control Host,10.0,Microsoft Corporation Inc.,Application,,C:\Windows\SystemApps\Microsoft.AccountsControl_cw5n1h2txyewy,1.0
13727,AddSuggestedFoldersToLibraryDialog,10.0,Microsoft Corporation Inc.,Application,,C:\Windows\SystemApps\Microsoft.Windows.AddSuggestedFoldersToLibraryDialog_cw5n1h2txyewy,1.0
13727,Antimalware Service Executable,4.18,Microsoft Corporation Inc.,Application,,C:\Program Files\Windows Defender,1.0
13727,AppResolverUX,10.0,Microsoft Corporation Inc.,Application,,C:\Windows\SystemApps\Microsoft.Windows.AppResolverUX_cw5n1h2txyewy,1.0
13727,AsyncTextService,10.0,Microsoft Corporation Inc.,Application,,C:\Windows\SystemApps\Microsoft.AsyncTextService_8wekyb3d8bbwe,1.0
13727,Biometric Enrollment Host,10.0,Microsoft Corporation Inc.,Application,,C:\Windows\SystemApps\Microsoft.BioEnrollment_cw5n1h2txyewy,1.0
13727,BMC Client Management Agent,24.1.01.240624,BMC Software Inc.,Application,,C:\Program Files\BMC Software\Client Management\Client\bin,1.0
13727,BMC Client Management Certificate Generator,24.1.01.240624,BMC Software Inc.,Application,,C:\Program Files\BMC Software\Client Management\Client\bin,1.0
13727,BMC Client Management Chilli Interpreter,24.1.01.240624,BMC Software Inc.,Application,,C:\Program Files\BMC Software\Client Management\Client\bin,1.0
13727,BMC Client Management Direct Access Proxy Agent,24.1.01.240624,BMC Software Inc.,Application,,C:\Program Files\BMC Software\Client Management\Client\bin,1.0
13727,BMC Client Management Opswat Proxy Agent,24.1.01.240624,BMC Software Inc.,Application,,C:\Program Files\BMC Software\Client Management\Client\bin,1.0
13727,BMC Client Management Package Viewer,24.1.01.240624,BMC Software Inc.,Application,,C:\Program Files\BMC Software\Client Management\Client\bin,1.0
13727,BMC Client Management Patch Broker,24.1.01.240624,BMC Software Inc.,Application,,C:\Program Files\BMC Software\Client Management\Client\bin,1.0
13727,BMC Client Management Proxy Agent,24.1.01.240624,BMC Software Inc.,Application,,C:\Program Files\BMC Software\Client Management\Client\bin,1.0
13727,BMC Client Management Remote Control proxy,24.1.01.240624,BMC Software Inc.,Application,,C:\Program Files\BMC Software\Client Management\Client\bin,1.0
13727,BMC Client Management SCAP,24.1.01.240624,BMC Software Inc.,Application,,C:\Program Files\BMC Software\Client Management\Client\bin,1.0
13727,BMC Client Management Video Proxy Agent,24.1.01.240624,BMC Software Inc.,Application,,C:\Program Files\BMC Software\Client Management\Client\bin,1.0
13727,Boot File Servicing Utility,10.0,Microsoft Corporation Inc.,Application,,C:\Windows,1.0
13727,BrowserCore,10.0,Microsoft Corporation Inc.,Application,,C:\Windows\BrowserCore,1.0
13727,Calling App to host call progress on shell,10.0,Microsoft Corporation Inc.,Application,,C:\Windows\SystemApps\Microsoft.Windows.CallingShellApp_cw5n1h2txyewy,1.0
13727,CameraBarcodeScannerPreview,10.0,Microsoft Corporation Inc.,Application,,C:\Windows\SystemApps\Windows.CBSPreview_cw5n1h2txyewy,1.0
13727,CL5,9.6,Ivanti,Application,,C:\Program Files\BMC Software\Client Management\Client\data\PatchManagementPremium\workspace,1.0
13727,ClickOnce,4.8,Microsoft Corporation Inc.,Application,,C:\Windows\Microsoft.NET\Framework64\v4.0.30319,3.0
13727,Common User Interface,5.8,Musarubra US LLC.,Application,,C:\Program Files\McAfee\Agent\x86,1.0
13727,Credential Dialog Host,10.0,Microsoft Corporation Inc.,Application,,C:\Windows\SystemApps\microsoft.creddialoghost_cw5n1h2txyewy,1.0
13727,CrowdStrike Device Control,7.29,CrowdStrike Inc.,Add/Remove Programs,"November 14, 2025 12:00:00 AM",,
13727,CrowdStrike Device Control Support Tool,7.29,CrowdStrike Inc.,Application,,C:\Program Files\CrowdStrike,1.0
13727,CrowdStrike Falcon Connector,7.32,CrowdStrike Inc.,Application,,C:\Program Files\CrowdStrike,1.0
13727,CrowdStrike Falcon Sensor,7.32,CrowdStrike Inc.,Application,,C:\Program Files\CrowdStrike,1.0
13727,CrowdStrike Falcon Sensor Controller,7.32,CrowdStrike Inc.,Application,,C:\Program Files\CrowdStrike,1.0
13727,CrowdStrike Falcon Sensor Service,7.32,CrowdStrike Inc.,Application,,C:\Program Files\CrowdStrike,1.0
13727,CrowdStrike Falcon Sensor Servlet Container,7.32,CrowdStrike Inc.,Application,,C:\Program Files\CrowdStrike,1.0
13727,CrowdStrike Falcon Sensor Settings Tool,7.32,CrowdStrike Inc.,Application,,C:\Program Files\CrowdStrike,1.0
13727,CrowdStrike Falcon Sensor System Tray Application,7.32,CrowdStrike Inc.,Application,,C:\Program Files\CrowdStrike,2.0
13727,CrowdStrike Firmware Analysis,7.14,CrowdStrike Inc.,Add/Remove Programs,"July 24, 2025 12:00:00 AM",,
13727,CrowdStrike Firmware Analysis Support Tool,7.14,CrowdStrike Inc.,Application,,C:\Program Files\CrowdStrike,1.0
13727,CrowdStrike On-Demand Scan Command-line Tool,7.32,CrowdStrike Inc.,Application,,C:\Program Files\CrowdStrike,1.0
13727,CrowdStrike On-Demand Scan Tool,7.32,CrowdStrike Inc.,Application,,C:\Program Files\CrowdStrike,1.0
13727,CrowdStrike Sensor Platform,7.32,CrowdStrike Inc.,Add/Remove Programs,"January 14, 2026 12:00:00 AM",,
13727,CrowdStrike Windows Sensor,7.32,CrowdStrike Inc.,Add/Remove Programs,"January 14, 2026 12:00:00 AM",,
13727,CxAudioSvc,1.0,Conexant Systems LLC.,Application,,C:\Windows\CxSvc,1.0
13727,EC App,10.0,Microsoft Corporation Inc.,Application,,C:\Windows\SystemApps\Microsoft.ECApp_8wekyb3d8bbwe,1.0
13727,expediteupdater,10.0,Microsoft Corporation Inc.,Application,,C:\Program Files\Microsoft Update Health Tools,1.0
14338,.NET Framework,3.0,Microsoft Corporation Inc.,Application,,C:\Windows\Microsoft.NET\Framework64\v3.0\Windows Communication Foundation,2.0
14338,.NET Runtime Optimization Service,4.8,Microsoft Corporation Inc.,Application,,C:\Windows\Microsoft.NET\Framework64\v4.0.30319,2.0
14338,.NET Runtime Optimization Service,2.0,Microsoft Corporation Inc.,Application,,C:\Windows\Microsoft.NET\Framework64\v2.0.50727,2.0
14338,64Bit MAPI Mail Agent,1.0,Foxit Software Inc.,Application,,C:\Program Files (x86)\Foxit Software\Foxit Reader,1.0
14338,7-Zip 23.00 (x64),23.0,Igor Pavlov,Add/Remove Programs,,C:\Program Files\7-Zip\,
14338,7-Zip Console,23.0,Igor Pavlov,Application,,C:\Program Files\7-Zip,1.0
14338,7-Zip File Manager,23.0,Igor Pavlov,Application,,C:\Program Files\7-Zip,1.0
14338,7-Zip GUI,23.0,Igor Pavlov,Application,,C:\Program Files\7-Zip,1.0
14338,AAD token broker plugin,10.0,Microsoft Corporation Inc.,Application,,C:\Windows\SystemApps\Microsoft.AAD.BrokerPlugin_cw5n1h2txyewy,1.0
14338,Accounts Control Host,10.0,Microsoft Corporation Inc.,Application,,C:\Windows\SystemApps\Microsoft.AccountsControl_cw5n1h2txyewy,1.0
14338,AddSuggestedFoldersToLibraryDialog,10.0,Microsoft Corporation Inc.,Application,,C:\Windows\SystemApps\Microsoft.Windows.AddSuggestedFoldersToLibraryDialog_cw5n1h2txyewy,1.0
14338,Antimalware Service Executable,4.18,Microsoft Corporation Inc.,Application,,C:\Program Files\Windows Defender,1.0
14338,AppResolverUX,10.0,Microsoft Corporation Inc.,Application,,C:\Windows\SystemApps\Microsoft.Windows.AppResolverUX_cw5n1h2txyewy,1.0
14338,AsyncTextService,10.0,Microsoft Corporation Inc.,Application,,C:\Windows\SystemApps\Microsoft.AsyncTextService_8wekyb3d8bbwe,1.0
14338,Biometric Enrollment Host,10.0,Microsoft Corporation Inc.,Application,,C:\Windows\SystemApps\Microsoft.BioEnrollment_cw5n1h2txyewy,1.0
14338,BMC Client Management Agent,24.1.01.240624,BMC Software Inc.,Application,,C:\Program Files\BMC Software\Client Management\Client\bin,1.0
14338,BMC Client Management Certificate Generator,24.1.01.240624,BMC Software Inc.,Application,,C:\Program Files\BMC Software\Client Management\Client\bin,1.0
14338,BMC Client Management Chilli Interpreter,24.1.01.240624,BMC Software Inc.,Application,,C:\Program Files\BMC Software\Client Management\Client\bin,1.0
14338,BMC Client Management Direct Access Proxy Agent,24.1.01.240624,BMC Software Inc.,Application,,C:\Program Files\BMC Software\Client Management\Client\bin,1.0
14338,BMC Client Management Opswat Proxy Agent,24.1.01.240624,BMC Software Inc.,Application,,C:\Program Files\BMC Software\Client Management\Client\bin,1.0
14338,BMC Client Management Package Viewer,24.1.01.240624,BMC Software Inc.,Application,,C:\Program Files\BMC Software\Client Management\Client\bin,1.0
14338,BMC Client Management Patch Broker,24.1.01.240624,BMC Software Inc.,Application,,C:\Program Files\BMC Software\Client Management\Client\bin,1.0
14338,BMC Client Management Proxy Agent,24.1.01.240624,BMC Software Inc.,Application,,C:\Program Files\BMC Software\Client Management\Client\bin,1.0
14338,BMC Client Management Remote Control proxy,24.1.01.240624,BMC Software Inc.,Application,,C:\Program Files\BMC Software\Client Management\Client\bin,1.0
14338,BMC Client Management SCAP,24.1.01.240624,BMC Software Inc.,Application,,C:\Program Files\BMC Software\Client Management\Client\bin,1.0
14338,BMC Client Management SFX,24.1.01.240624,BMC Software Inc.,Application,,C:\Users\joinuser.yanfin\Videos,2.0
14338,BMC Client Management Video Proxy Agent,24.1.01.240624,BMC Software Inc.,Application,,C:\Program Files\BMC Software\Client Management\Client\bin,1.0
14338,Boot File Servicing Utility,10.0,Microsoft Corporation Inc.,Application,,C:\Windows,1.0
14338,BrowserCore,10.0,Microsoft Corporation Inc.,Application,,C:\Windows\BrowserCore,1.0
14338,Calling App to host call progress on shell,10.0,Microsoft Corporation Inc.,Application,,C:\Windows\SystemApps\Microsoft.Windows.CallingShellApp_cw5n1h2txyewy,1.0
14338,CameraBarcodeScannerPreview,10.0,Microsoft Corporation Inc.,Application,,C:\Windows\SystemApps\Windows.CBSPreview_cw5n1h2txyewy,1.0
14338,CL5,9.6,Ivanti,Application,,C:\Program Files\BMC Software\Client Management\Client\data\PatchManagementPremium\workspace,1.0
14338,ClickOnce,4.8,Microsoft Corporation Inc.,Application,,C:\Windows\Microsoft.NET\Framework64\v4.0.30319,3.0
14338,Common User Interface,5.8,Musarubra US LLC.,Application,,C:\Program Files\McAfee\Agent\x86,1.0
14338,Create Virtual Machine,10.0,Microsoft Corporation Inc.,Application,,C:\Program Files\Hyper-V,1.0
14338,Credential Dialog Host,10.0,Microsoft Corporation Inc.,Application,,C:\Windows\SystemApps\microsoft.creddialoghost_cw5n1h2txyewy,1.0
14338,CrowdStrike Device Control,7.29,CrowdStrike Inc.,Add/Remove Programs,"November 14, 2025 12:00:00 AM",,
14338,CrowdStrike Device Control Support Tool,7.29,CrowdStrike Inc.,Application,,C:\Program Files\CrowdStrike,1.0
14338,CrowdStrike Falcon Connector,7.32,CrowdStrike Inc.,Application,,C:\Program Files\CrowdStrike,1.0
14338,CrowdStrike Falcon Sensor,7.32,CrowdStrike Inc.,Application,,C:\Program Files\CrowdStrike,1.0
14338,CrowdStrike Falcon Sensor Controller,7.32,CrowdStrike Inc.,Application,,C:\Program Files\CrowdStrike,1.0
14338,CrowdStrike Falcon Sensor Service,7.32,CrowdStrike Inc.,Application,,C:\Program Files\CrowdStrike,1.0
14338,CrowdStrike Falcon Sensor Servlet Container,7.32,CrowdStrike Inc.,Application,,C:\Program Files\CrowdStrike,1.0
14338,CrowdStrike Falcon Sensor Settings Tool,7.32,CrowdStrike Inc.,Application,,C:\Program Files\CrowdStrike,1.0
14338,CrowdStrike Falcon Sensor System Tray Application,7.32,CrowdStrike Inc.,Application,,C:\Program Files\CrowdStrike,2.0
14338,CrowdStrike Firmware Analysis,7.14,CrowdStrike Inc.,Add/Remove Programs,"April 29, 2025 12:00:00 AM",,
14338,CrowdStrike Firmware Analysis Support Tool,7.14,CrowdStrike Inc.,Application,,C:\Program Files\CrowdStrike,1.0
14338,CrowdStrike On-Demand Scan Command-line Tool,7.32,CrowdStrike Inc.,Application,,C:\Program Files\CrowdStrike,1.0
14338,CrowdStrike On-Demand Scan Tool,7.32,CrowdStrike Inc.,Application,,C:\Program Files\CrowdStrike,1.0
14338,CrowdStrike Sensor Platform,7.32,CrowdStrike Inc.,Add/Remove Programs,"January 14, 2026 12:00:00 AM",,
8744,.NET Framework,3.0,Microsoft Corporation Inc.,Application,,C:\Windows\Microsoft.NET\Framework64\v3.0\Windows Communication Foundation,2.0
8744,.NET Runtime Crash Dump Generator,8.0,Microsoft Corporation Inc.,Application,,C:\Program Files (x86)\Trend Micro\Endpoint Basecamp\modules\vom\modules\UiBridgeModule\VOneAgentConsole,1.0
8744,.NET Runtime Optimization Service,2.0,Microsoft Corporation Inc.,Application,,C:\Windows\Microsoft.NET\Framework64\v2.0.50727,2.0
8744,.NET Runtime Optimization Service,4.8,Microsoft Corporation Inc.,Application,,C:\Windows\Microsoft.NET\Framework64\v4.0.30319,2.0
8744,64Bit MAPI Mail Agent,1.0,Foxit Software Inc.,Application,,C:\Program Files (x86)\Foxit Software\Foxit Reader,1.0
8744,7-Zip 24.08 (x64 edition),24.08,Igor Pavlov,Add/Remove Programs,"November 28, 2024 12:00:00 AM",,
8744,7-Zip Console,24.08,Igor Pavlov,Application,,C:\Program Files\7-Zip,1.0
8744,7-Zip Console,25.01,Igor Pavlov,Application,,C:\Program Files (x86)\Trend Micro\Security Agent,4.0
8744,7-Zip File Manager,24.08,Igor Pavlov,Application,,C:\Program Files\7-Zip,1.0
8744,7-Zip GUI,24.08,Igor Pavlov,Application,,C:\Program Files\7-Zip,1.0
8744,Accounts Control Host,10.0,Microsoft Corporation Inc.,Application,,C:\Windows\SystemApps\Microsoft.AccountsControl_cw5n1h2txyewy,1.0
8744,ActiveUpdate module.,2.88,Trend Micro Inc.,Application,,C:\Program Files (x86)\Trend Micro\Security Agent,2.0
8744,AddSuggestedFoldersToLibraryDialog,10.0,Microsoft Corporation Inc.,Application,,C:\Windows\SystemApps\Microsoft.Windows.AddSuggestedFoldersToLibraryDialog_cw5n1h2txyewy,1.0
8744,Antimalware Core Service,4.18,Microsoft Corporation Inc.,Application,,C:\Program Files\Windows Defender,1.0
8744,Antimalware Service Executable,4.18,Microsoft Corporation Inc.,Application,,C:\Program Files\Windows Defender,1.0
8744,AppResolverUX,10.0,Microsoft Corporation Inc.,Application,,C:\Windows\SystemApps\Microsoft.Windows.AppResolverUX_cw5n1h2txyewy,1.0
8744,AsyncTextService,10.0,Microsoft Corporation Inc.,Application,,C:\Windows\SystemApps\Microsoft.AsyncTextService_8wekyb3d8bbwe,1.0
8744,Biometric Enrollment Host,10.0,Microsoft Corporation Inc.,Application,,C:\Windows\SystemApps\Microsoft.BioEnrollment_cw5n1h2txyewy,1.0
8744,BMC Client Management Agent,24.1.01.240624,BMC Software Inc.,Application,,C:\Program Files\BMC Software\Client Management\Client\bin,1.0
8744,BMC Client Management Certificate Generator,24.1.01.240624,BMC Software Inc.,Application,,C:\Program Files\BMC Software\Client Management\Client\bin,1.0
8744,BMC Client Management Chilli Interpreter,24.1.01.240624,BMC Software Inc.,Application,,C:\Program Files\BMC Software\Client Management\Client\bin,1.0
8744,BMC Client Management Direct Access Proxy Agent,24.1.01.240624,BMC Software Inc.,Application,,C:\Program Files\BMC Software\Client Management\Client\bin,1.0
8744,BMC Client Management Opswat Proxy Agent,24.1.01.240624,BMC Software Inc.,Application,,C:\Program Files\BMC Software\Client Management\Client\bin,1.0
8744,BMC Client Management Package Viewer,24.1.01.240624,BMC Software Inc.,Application,,C:\Program Files\BMC Software\Client Management\Client\bin,1.0
8744,BMC Client Management Patch Broker,24.1.01.240624,BMC Software Inc.,Application,,C:\Program Files\BMC Software\Client Management\Client\bin,1.0
8744,BMC Client Management Proxy Agent,24.1.01.240624,BMC Software Inc.,Application,,C:\Program Files\BMC Software\Client Management\Client\bin,1.0
8744,BMC Client Management Remote Control proxy,24.1.01.240624,BMC Software Inc.,Application,,C:\Program Files\BMC Software\Client Management\Client\bin,1.0
8744,BMC Client Management SCAP,24.1.01.240624,BMC Software Inc.,Application,,C:\Program Files\BMC Software\Client Management\Client\bin,1.0
8744,BMC Client Management Video Proxy Agent,24.1.01.240624,BMC Software Inc.,Application,,C:\Program Files\BMC Software\Client Management\Client\bin,1.0
8744,Boot File Servicing Utility,10.0,Microsoft Corporation Inc.,Application,,C:\Windows,1.0
8744,Browser Protection Native Messaging Host,4.18,Microsoft Corporation Inc.,Application,,C:\Program Files\Windows Defender,1.0
8744,BrowserCore,10.0,Microsoft Corporation Inc.,Application,,C:\Windows\BrowserCore,1.0
8744,CameraBarcodeScannerPreview,10.0,Microsoft Corporation Inc.,Application,,C:\Windows\SystemApps\Windows.CBSPreview_cw5n1h2txyewy,1.0
8744,CL5,9.6,Ivanti,Application,,C:\Program Files\BMC Software\Client Management\Client\data\PatchManagementPremium\workspace,5.0
8744,ClickOnce,4.8,Microsoft Corporation Inc.,Application,,C:\Windows\Microsoft.NET\Framework64\v4.0.30319,3.0
8744,Common User Interface,5.8,Musarubra US LLC.,Application,,C:\Program Files\McAfee\Agent\x86,1.0
8744,Copilot,144.0,Microsoft Corporation Inc.,Application,,C:\Program Files (x86)\Microsoft\EdgeWebView\Application\144.0.3719.115,5.0
8744,Copilot Update,1.3,Microsoft Corporation Inc.,Application,,C:\Program Files (x86)\Microsoft\EdgeUpdate,2.0
8744,Create a self-signed digital certificate,15.0,Microsoft Corporation Inc.,Application,,C:\Program Files\Microsoft Office\Office15,1.0
8744,Credential Dialog Host,10.0,Microsoft Corporation Inc.,Application,,C:\Windows\SystemApps\microsoft.creddialoghost_cw5n1h2txyewy,1.0
8744,CrowdStrike Windows Sensor,6.54,CrowdStrike Inc.,Application,,D:\crowdstrike\crowdstrike,1.0
8744,DAX API,3.30507,Dolby Laboratories,Application,,C:\Drivers\Audio\Source\Thirdparty\D0427\swc_factory\swc_aposvc_20h1_21h2_22h2_b22564_v3.30507.572.0,1.0
8744,Deep Security Agent Configuration Compiler,12.0,Trend Micro Inc.,Application,,C:\Program Files (x86)\Trend Micro\iService\iVP,1.0
8744,Definition Update for Microsoft Office 2013 (KB3115404) 64-Bit Edition,,Microsoft Corporation Inc.,Add/Remove Programs,,,
8744,DREBoot,2.0,Trend Micro Inc.,Application,,C:\Program Files (x86)\Trend Micro\Security Agent\CCSF\module\DRE,1.0
8744,dtoop Application,6.2,Trend Micro Inc.,Application,,C:\Program Files (x86)\Trend Micro\Security Agent\dlplite\update\x64\system32\dgagent,3.0
8744,EC App,10.0,Microsoft Corporation Inc.,Application,,C:\Windows\SystemApps\Microsoft.ECApp_8wekyb3d8bbwe,1.0
8744,Elevoc Audio Manager,1.0,Elevoc Technology Co.Ltd.,Application,,C:\Drivers\Audio\Source\Thirdparty\E0828\ElevocAPO64,1.0
8744,Elevoc Control Service,1.0,Elevoc Technology Co.Ltd.,Application,,C:\Drivers\Audio\Source\Thirdparty\E0828\ElevocAPO64,1.0
8744,expediteupdater,10.0,Microsoft Corporation Inc.,Application,,C:\Program Files\Microsoft Update Health Tools,1.0
5074,.NET Framework,3.0,Microsoft Corporation Inc.,Application,,C:\Windows\Microsoft.NET\Framework64\v3.0\Windows Communication Foundation,2.0
5074,.NET Runtime Optimization Service,2.0,Microsoft Corporation Inc.,Application,,C:\Windows\Microsoft.NET\Framework64\v2.0.50727,2.0
5074,.NET Runtime Optimization Service,4.8,Microsoft Corporation Inc.,Application,,C:\Windows\Microsoft.NET\Framework64\v4.0.30319,2.0
5074,64Bit MAPI Mail Agent,1.0,Foxit Software Inc.,Application,,C:\Program Files (x86)\Foxit Software\Foxit PDF Reader,1.0
5074,7-Zip 24.08 (x64 edition),24.08,Igor Pavlov,Add/Remove Programs,"November 30, 2024 12:00:00 AM",,
5074,7-Zip Console,24.08,Igor Pavlov,Application,,C:\Program Files\7-Zip,1.0
5074,7-Zip File Manager,24.08,Igor Pavlov,Application,,C:\Program Files\7-Zip,1.0
5074,7-Zip GUI,24.08,Igor Pavlov,Application,,C:\Program Files\7-Zip,1.0
5074,AAD token broker plugin,10.0,Microsoft Corporation Inc.,Application,,C:\Windows\SystemApps\Microsoft.AAD.BrokerPlugin_cw5n1h2txyewy,1.0
5074,Accounts Control Host,10.0,Microsoft Corporation Inc.,Application,,C:\Windows\SystemApps\Microsoft.AccountsControl_cw5n1h2txyewy,1.0
5074,AddSuggestedFoldersToLibraryDialog,10.0,Microsoft Corporation Inc.,Application,,C:\Windows\SystemApps\Microsoft.Windows.AddSuggestedFoldersToLibraryDialog_cw5n1h2txyewy,1.0
5074,Antimalware Service Executable,4.18,Microsoft Corporation Inc.,Application,,C:\Program Files\Windows Defender,1.0
5074,AppResolverUX,10.0,Microsoft Corporation Inc.,Application,,C:\Windows\SystemApps\Microsoft.Windows.AppResolverUX_cw5n1h2txyewy,1.0
5074,AsyncTextService,10.0,Microsoft Corporation Inc.,Application,,C:\Windows\SystemApps\Microsoft.AsyncTextService_8wekyb3d8bbwe,1.0
5074,Biometric Enrollment Host,10.0,Microsoft Corporation Inc.,Application,,C:\Windows\SystemApps\Microsoft.BioEnrollment_cw5n1h2txyewy,1.0
5074,BMC Client Management Agent,24.1.01.240624,BMC Software Inc.,Application,,C:\Program Files\BMC Software\Client Management\Client\bin,1.0
5074,BMC Client Management Certificate Generator,24.1.01.240624,BMC Software Inc.,Application,,C:\Program Files\BMC Software\Client Management\Client\bin,1.0
5074,BMC Client Management Chilli Interpreter,24.1.01.240624,BMC Software Inc.,Application,,C:\Program Files\BMC Software\Client Management\Client\bin,1.0
5074,BMC Client Management Direct Access Proxy Agent,24.1.01.240624,BMC Software Inc.,Application,,C:\Program Files\BMC Software\Client Management\Client\bin,1.0
5074,BMC Client Management Opswat Proxy Agent,24.1.01.240624,BMC Software Inc.,Application,,C:\Program Files\BMC Software\Client Management\Client\bin,1.0
5074,BMC Client Management Package Viewer,24.1.01.240624,BMC Software Inc.,Application,,C:\Program Files\BMC Software\Client Management\Client\bin,1.0
5074,BMC Client Management Patch Broker,24.1.01.240624,BMC Software Inc.,Application,,C:\Program Files\BMC Software\Client Management\Client\bin,1.0
5074,BMC Client Management Proxy Agent,24.1.01.240624,BMC Software Inc.,Application,,C:\Program Files\BMC Software\Client Management\Client\bin,1.0
5074,BMC Client Management Remote Control proxy,24.1.01.240624,BMC Software Inc.,Application,,C:\Program Files\BMC Software\Client Management\Client\bin,1.0
5074,BMC Client Management SCAP,24.1.01.240624,BMC Software Inc.,Application,,C:\Program Files\BMC Software\Client Management\Client\bin,1.0
5074,BMC Client Management Video Proxy Agent,24.1.01.240624,BMC Software Inc.,Application,,C:\Program Files\BMC Software\Client Management\Client\bin,1.0
5074,Boot File Servicing Utility,10.0,Microsoft Corporation Inc.,Application,,C:\Windows,1.0
5074,BrowserCore,10.0,Microsoft Corporation Inc.,Application,,C:\Windows\BrowserCore,1.0
5074,Calling App to host call progress on shell,10.0,Microsoft Corporation Inc.,Application,,C:\Windows\SystemApps\Microsoft.Windows.CallingShellApp_cw5n1h2txyewy,1.0
5074,CameraBarcodeScannerPreview,10.0,Microsoft Corporation Inc.,Application,,C:\Windows\SystemApps\Windows.CBSPreview_cw5n1h2txyewy,1.0
5074,CL5,9.6,Ivanti,Application,,C:\Program Files\BMC Software\Client Management\Client\data\PatchManagementPremium\workspace,1.0
5074,ClickOnce,4.8,Microsoft Corporation Inc.,Application,,C:\Windows\Microsoft.NET\Framework64\v4.0.30319,3.0
5074,Common User Interface,5.8,Musarubra US LLC.,Application,,C:\Program Files\McAfee\Agent\x86,1.0
5074,Credential Dialog Host,10.0,Microsoft Corporation Inc.,Application,,C:\Windows\SystemApps\microsoft.creddialoghost_cw5n1h2txyewy,1.0
5074,CrowdStrike Device Control,7.29,CrowdStrike Inc.,Add/Remove Programs,"November 14, 2025 12:00:00 AM",,
5074,CrowdStrike Device Control Support Tool,7.29,CrowdStrike Inc.,Application,,C:\Program Files\CrowdStrike,1.0
5074,CrowdStrike Falcon Connector,7.32,CrowdStrike Inc.,Application,,C:\Program Files\CrowdStrike,1.0
5074,CrowdStrike Falcon Sensor,7.32,CrowdStrike Inc.,Application,,C:\Program Files\CrowdStrike,1.0
5074,CrowdStrike Falcon Sensor Controller,7.32,CrowdStrike Inc.,Application,,C:\Program Files\CrowdStrike,1.0
5074,CrowdStrike Falcon Sensor Service,7.32,CrowdStrike Inc.,Application,,C:\Program Files\CrowdStrike,1.0
5074,CrowdStrike Falcon Sensor Servlet Container,7.32,CrowdStrike Inc.,Application,,C:\Program Files\CrowdStrike,1.0
5074,CrowdStrike Falcon Sensor Settings Tool,7.32,CrowdStrike Inc.,Application,,C:\Program Files\CrowdStrike,1.0
5074,CrowdStrike Falcon Sensor System Tray Application,7.32,CrowdStrike Inc.,Application,,C:\Program Files\CrowdStrike,2.0
5074,CrowdStrike Firmware Analysis,7.14,CrowdStrike Inc.,Add/Remove Programs,"May 22, 2025 12:00:00 AM",,
5074,CrowdStrike Firmware Analysis Support Tool,7.14,CrowdStrike Inc.,Application,,C:\Program Files\CrowdStrike,1.0
5074,CrowdStrike On-Demand Scan Command-line Tool,7.32,CrowdStrike Inc.,Application,,C:\Program Files\CrowdStrike,1.0
5074,CrowdStrike On-Demand Scan Tool,7.32,CrowdStrike Inc.,Application,,C:\Program Files\CrowdStrike,1.0
5074,CrowdStrike Sensor Platform,7.32,CrowdStrike Inc.,Add/Remove Programs,"January 14, 2026 12:00:00 AM",,
5074,CrowdStrike Windows Sensor,7.32,CrowdStrike Inc.,Add/Remove Programs,"January 14, 2026 12:00:00 AM",,
5074,EC App,10.0,Microsoft Corporation Inc.,Application,,C:\Windows\SystemApps\Microsoft.ECApp_8wekyb3d8bbwe,1.0
5019,.NET Framework,3.0,Microsoft Corporation Inc.,Application,,C:\Windows\Microsoft.NET\Framework64\v3.0\Windows Communication Foundation,2.0
5019,.NET Runtime Optimization Service,4.8,Microsoft Corporation Inc.,Application,,C:\Windows\Microsoft.NET\Framework64\v4.0.30319,2.0
5019,.NET Runtime Optimization Service,2.0,Microsoft Corporation Inc.,Application,,C:\Windows\Microsoft.NET\Framework64\v2.0.50727,2.0
5019,64Bit MAPI Mail Agent,1.0,Foxit Software Inc.,Application,,C:\Program Files (x86)\Foxit Software\Foxit Reader,1.0
5019,7-Zip 24.08 (x64 edition),24.08,Igor Pavlov,Add/Remove Programs,"November 28, 2024 12:00:00 AM",,
5019,7-Zip Console,24.08,Igor Pavlov,Application,,C:\Program Files\7-Zip,1.0
5019,7-Zip File Manager,24.08,Igor Pavlov,Application,,C:\Program Files\7-Zip,1.0
5019,7-Zip GUI,24.08,Igor Pavlov,Application,,C:\Program Files\7-Zip,1.0
5019,Accounts Control Host,10.0,Microsoft Corporation Inc.,Application,,C:\Windows\SystemApps\Microsoft.AccountsControl_cw5n1h2txyewy,1.0
5019,AddSuggestedFoldersToLibraryDialog,10.0,Microsoft Corporation Inc.,Application,,C:\Windows\SystemApps\Microsoft.Windows.AddSuggestedFoldersToLibraryDialog_cw5n1h2txyewy,1.0
5019,Antimalware Core Service,4.18,Microsoft Corporation Inc.,Application,,C:\Program Files\Windows Defender,1.0
5019,Antimalware Service Executable,4.18,Microsoft Corporation Inc.,Application,,C:\Program Files\Windows Defender,1.0
5019,AppResolverUX,10.0,Microsoft Corporation Inc.,Application,,C:\Windows\SystemApps\Microsoft.Windows.AppResolverUX_cw5n1h2txyewy,1.0
5019,AsyncTextService,10.0,Microsoft Corporation Inc.,Application,,C:\Windows\SystemApps\Microsoft.AsyncTextService_8wekyb3d8bbwe,1.0
5019,Biometric Enrollment Host,10.0,Microsoft Corporation Inc.,Application,,C:\Windows\SystemApps\Microsoft.BioEnrollment_cw5n1h2txyewy,1.0
5019,BMC Client Management Agent,24.1.01.240624,BMC Software Inc.,Application,,C:\Program Files\BMC Software\Client Management\Client\bin,1.0
5019,BMC Client Management Certificate Generator,24.1.01.240624,BMC Software Inc.,Application,,C:\Program Files\BMC Software\Client Management\Client\bin,1.0
5019,BMC Client Management Chilli Interpreter,24.1.01.240624,BMC Software Inc.,Application,,C:\Program Files\BMC Software\Client Management\Client\bin,1.0
5019,BMC Client Management Direct Access Proxy Agent,24.1.01.240624,BMC Software Inc.,Application,,C:\Program Files\BMC Software\Client Management\Client\bin,1.0
5019,BMC Client Management Opswat Proxy Agent,24.1.01.240624,BMC Software Inc.,Application,,C:\Program Files\BMC Software\Client Management\Client\bin,1.0
5019,BMC Client Management Package Viewer,24.1.01.240624,BMC Software Inc.,Application,,C:\Program Files\BMC Software\Client Management\Client\bin,1.0
5019,BMC Client Management Patch Broker,24.1.01.240624,BMC Software Inc.,Application,,C:\Program Files\BMC Software\Client Management\Client\bin,1.0
5019,BMC Client Management Proxy Agent,24.1.01.240624,BMC Software Inc.,Application,,C:\Program Files\BMC Software\Client Management\Client\bin,1.0
5019,BMC Client Management Remote Control proxy,24.1.01.240624,BMC Software Inc.,Application,,C:\Program Files\BMC Software\Client Management\Client\bin,1.0
5019,BMC Client Management SCAP,24.1.01.240624,BMC Software Inc.,Application,,C:\Program Files\BMC Software\Client Management\Client\bin,1.0
5019,BMC Client Management Video Proxy Agent,24.1.01.240624,BMC Software Inc.,Application,,C:\Program Files\BMC Software\Client Management\Client\bin,1.0
5019,Boot File Servicing Utility,10.0,Microsoft Corporation Inc.,Application,,C:\Windows,1.0
5019,Browser Protection Native Messaging Host,4.18,Microsoft Corporation Inc.,Application,,C:\Program Files\Windows Defender,1.0
5019,BrowserCore,10.0,Microsoft Corporation Inc.,Application,,C:\Windows\BrowserCore,1.0
5019,CameraBarcodeScannerPreview,10.0,Microsoft Corporation Inc.,Application,,C:\Windows\SystemApps\Windows.CBSPreview_cw5n1h2txyewy,1.0
5019,CL5,9.6,Ivanti,Application,,C:\Program Files\BMC Software\Client Management\Client\data\PatchManagementPremium\workspace,1.0
5019,ClickOnce,4.8,Microsoft Corporation Inc.,Application,,C:\Windows\Microsoft.NET\Framework64\v4.0.30319,3.0
5019,Common User Interface,5.8,Musarubra US LLC.,Application,,C:\Program Files\McAfee\Agent\x86,1.0
5019,Credential Dialog Host,10.0,Microsoft Corporation Inc.,Application,,C:\Windows\SystemApps\microsoft.creddialoghost_cw5n1h2txyewy,1.0
5019,CrowdStrike Device Control,7.29,CrowdStrike Inc.,Add/Remove Programs,"November 14, 2025 12:00:00 AM",,
5019,CrowdStrike Device Control Support Tool,7.29,CrowdStrike Inc.,Application,,C:\Program Files\CrowdStrike,1.0
5019,CrowdStrike Falcon Connector,7.32,CrowdStrike Inc.,Application,,C:\Program Files\CrowdStrike,1.0
5019,CrowdStrike Falcon Sensor,7.32,CrowdStrike Inc.,Application,,C:\Program Files\CrowdStrike,1.0
5019,CrowdStrike Falcon Sensor Controller,7.32,CrowdStrike Inc.,Application,,C:\Program Files\CrowdStrike,1.0
5019,CrowdStrike Falcon Sensor Service,7.32,CrowdStrike Inc.,Application,,C:\Program Files\CrowdStrike,1.0
5019,CrowdStrike Falcon Sensor Servlet Container,7.32,CrowdStrike Inc.,Application,,C:\Program Files\CrowdStrike,1.0
5019,CrowdStrike Falcon Sensor Settings Tool,7.32,CrowdStrike Inc.,Application,,C:\Program Files\CrowdStrike,1.0
5019,CrowdStrike Falcon Sensor System Tray Application,7.32,CrowdStrike Inc.,Application,,C:\Program Files\CrowdStrike,2.0
5019,CrowdStrike Firmware Analysis,7.14,CrowdStrike Inc.,Add/Remove Programs,"May 22, 2025 12:00:00 AM",,
5019,CrowdStrike Firmware Analysis Support Tool,7.14,CrowdStrike Inc.,Application,,C:\Program Files\CrowdStrike,1.0
5019,CrowdStrike On-Demand Scan Command-line Tool,7.32,CrowdStrike Inc.,Application,,C:\Program Files\CrowdStrike,1.0
5019,CrowdStrike On-Demand Scan Tool,7.32,CrowdStrike Inc.,Application,,C:\Program Files\CrowdStrike,1.0
5019,CrowdStrike Sensor Platform,7.32,CrowdStrike Inc.,Add/Remove Programs,"January 14, 2026 12:00:00 AM",,
5019,CrowdStrike Windows Sensor,7.32,CrowdStrike Inc.,Add/Remove Programs,"January 14, 2026 12:00:00 AM",,
5019,EC App,10.0,Microsoft Corporation Inc.,Application,,C:\Windows\SystemApps\Microsoft.ECApp_8wekyb3d8bbwe,1.0
2850,.NET Runtime Optimization Service,4.8,Microsoft Corporation Inc.,Application,,C:\Windows\Microsoft.NET\Framework64\v4.0.30319,2.0
2850,64Bit MAPI Mail Agent,1.0,Foxit Software Inc.,Application,,C:\Program Files (x86)\Foxit Software\Foxit PDF Reader,1.0
2850,7-Zip 24.08 (x64 edition),24.08,Igor Pavlov,Add/Remove Programs,"November 29, 2024 12:00:00 AM",,
2850,7-Zip Console,24.08,Igor Pavlov,Application,,C:\Program Files\7-Zip,1.0
2850,7-Zip File Manager,24.08,Igor Pavlov,Application,,C:\Program Files\7-Zip,1.0
2850,7-Zip GUI,24.08,Igor Pavlov,Application,,C:\Program Files\7-Zip,1.0
2850,AAD token broker plugin,10.0,Microsoft Corporation Inc.,Application,,C:\Windows\SystemApps\Microsoft.AAD.BrokerPlugin_cw5n1h2txyewy,1.0
2850,Accounts Control Host,10.0,Microsoft Corporation Inc.,Application,,C:\Windows\SystemApps\Microsoft.AccountsControl_cw5n1h2txyewy,1.0
2850,AddSuggestedFoldersToLibraryDialog,10.0,Microsoft Corporation Inc.,Application,,C:\Windows\SystemApps\Microsoft.Windows.AddSuggestedFoldersToLibraryDialog_cw5n1h2txyewy,1.0
2850,Antimalware Service Executable,4.18,Microsoft Corporation Inc.,Application,,C:\Program Files\Windows Defender,1.0
2850,AppFollower,1.3,Conexant Systems Inc.,Application,,C:\Program Files\CONEXANT\Flow,1.0
2850,AppResolverUX,10.0,Microsoft Corporation Inc.,Application,,C:\Windows\SystemApps\Microsoft.Windows.AppResolverUX_cw5n1h2txyewy,1.0
2850,AsyncTextService,10.0,Microsoft Corporation Inc.,Application,,C:\Windows\SystemApps\Microsoft.AsyncTextService_8wekyb3d8bbwe,1.0
2850,Audio Control,4.0,Conexant Systems LLC.,Application,,C:\Program Files\CONEXANT\Install\Audio\SA3\SA3\Dyson,2.0
2850,Audio Controls Control Panel,4.0,Conexant Systems LLC.,Application,,C:\Program Files\CONEXANT\SA3\HP-NB-AIO,3.0
2850,Bang & Olufsen,4.0,Conexant Systems LLC.,Application,,C:\Program Files\CONEXANT\Install\Audio\SA3\SA3\BandO,2.0
2850,Biometric Enrollment Host,10.0,Microsoft Corporation Inc.,Application,,C:\Windows\SystemApps\Microsoft.BioEnrollment_cw5n1h2txyewy,1.0
2850,BMC Client Management Agent,24.1.01.240624,BMC Software Inc.,Application,,C:\Program Files\BMC Software\Client Management\Client\bin,1.0
2850,BMC Client Management Certificate Generator,24.1.01.240624,BMC Software Inc.,Application,,C:\Program Files\BMC Software\Client Management\Client\bin,1.0
2850,BMC Client Management Chilli Interpreter,24.1.01.240624,BMC Software Inc.,Application,,C:\Program Files\BMC Software\Client Management\Client\bin,1.0
2850,BMC Client Management Direct Access Proxy Agent,24.1.01.240624,BMC Software Inc.,Application,,C:\Program Files\BMC Software\Client Management\Client\bin,1.0
2850,BMC Client Management Opswat Proxy Agent,24.1.01.240624,BMC Software Inc.,Application,,C:\Program Files\BMC Software\Client Management\Client\bin,1.0
2850,BMC Client Management Package Viewer,24.1.01.240624,BMC Software Inc.,Application,,C:\Program Files\BMC Software\Client Management\Client\bin,1.0
2850,BMC Client Management Patch Broker,24.1.01.240624,BMC Software Inc.,Application,,C:\Program Files\BMC Software\Client Management\Client\bin,1.0
2850,BMC Client Management Proxy Agent,24.1.01.240624,BMC Software Inc.,Application,,C:\Program Files\BMC Software\Client Management\Client\bin,1.0
2850,BMC Client Management Remote Control proxy,24.1.01.240624,BMC Software Inc.,Application,,C:\Program Files\BMC Software\Client Management\Client\bin,1.0
2850,BMC Client Management SCAP,24.1.01.240624,BMC Software Inc.,Application,,C:\Program Files\BMC Software\Client Management\Client\bin,1.0
2850,BMC Client Management Video Proxy Agent,24.1.01.240624,BMC Software Inc.,Application,,C:\Program Files\BMC Software\Client Management\Client\bin,1.0
2850,Boot File Servicing Utility,10.0,Microsoft Corporation Inc.,Application,,C:\Windows,1.0
2850,Boot Sector Manipulation Tool,10.0,Microsoft Corporation Inc.,Application,,C:\Users\joinuser.yanfin\Videos\Win11_23H2_English_x64v2\boot,1.0
2850,BrowserCore,10.0,Microsoft Corporation Inc.,Application,,C:\Windows\BrowserCore,1.0
2850,build 20171008,1.0,,Application,,C:\Program Files (x86)\iVMS-4200 Site\Drivers,1.0
2850,Build20180830,2.0,Hikvision,Application,,C:\Program Files (x86)\iVMS-4200 Site\iVMS-4200 Client\Client,1.0
2850,Calling App to host call progress on shell,10.0,Microsoft Corporation Inc.,Application,,C:\Windows\SystemApps\Microsoft.Windows.CallingShellApp_cw5n1h2txyewy,1.0
2850,CameraBarcodeScannerPreview,10.0,Microsoft Corporation Inc.,Application,,C:\Windows\SystemApps\Windows.CBSPreview_cw5n1h2txyewy,1.0
2850,CL5,9.6,Ivanti,Application,,C:\Program Files\BMC Software\Client Management\Client\data\PatchManagementPremium\workspace,1.0
2850,ClickOnce,4.8,Microsoft Corporation Inc.,Application,,C:\Windows\Microsoft.NET\Framework64\v4.0.30319,3.0
2850,CnxtNotify,1.0,Conexant Systems Inc.,Application,,C:\Program Files\CONEXANT\SA3\HP-NB-AIO,1.0
2850,Common User Interface,5.8,Musarubra US LLC.,Application,,C:\Program Files\McAfee\Agent\x86,1.0
2850,Copilot,144.0,Microsoft Corporation Inc.,Application,,C:\Program Files (x86)\Microsoft\EdgeWebView\Application\144.0.3719.115,3.0
2850,Copilot Update,1.3,Microsoft Corporation Inc.,Application,,C:\Program Files (x86)\Microsoft\EdgeUpdate,2.0
2850,Create a self-signed digital certificate,15.0,Microsoft Corporation Inc.,Application,,C:\Program Files\Microsoft Office\Office15,1.0
2850,Credential Dialog Host,10.0,Microsoft Corporation Inc.,Application,,C:\Windows\SystemApps\microsoft.creddialoghost_cw5n1h2txyewy,1.0
2850,CrowdStrike Device Control,7.29,CrowdStrike Inc.,Add/Remove Programs,"November 14, 2025 12:00:00 AM",,
2850,CrowdStrike Device Control Support Tool,7.29,CrowdStrike Inc.,Application,,C:\Program Files\CrowdStrike,1.0
2850,CrowdStrike Falcon Connector,7.32,CrowdStrike Inc.,Application,,C:\Program Files\CrowdStrike,1.0
2850,CrowdStrike Falcon Sensor,7.32,CrowdStrike Inc.,Application,,C:\Program Files\CrowdStrike,1.0
2850,CrowdStrike Falcon Sensor Controller,7.32,CrowdStrike Inc.,Application,,C:\Program Files\CrowdStrike,1.0
2850,CrowdStrike Falcon Sensor Service,7.32,CrowdStrike Inc.,Application,,C:\Program Files\CrowdStrike,1.0
2850,CrowdStrike Falcon Sensor Servlet Container,7.32,CrowdStrike Inc.,Application,,C:\Program Files\CrowdStrike,1.0
7448,.NET Framework,3.0,Microsoft Corporation Inc.,Application,,C:\Windows\Microsoft.NET\Framework64\v3.0\Windows Communication Foundation,2.0
7448,.NET Runtime Optimization Service,2.0,Microsoft Corporation Inc.,Application,,C:\Windows\Microsoft.NET\Framework64\v2.0.50727,2.0
7448,.NET Runtime Optimization Service,4.8,Microsoft Corporation Inc.,Application,,C:\Windows\Microsoft.NET\Framework64\v4.0.30319,2.0
7448,64Bit MAPI Mail Agent,1.0,Foxit Software Inc.,Application,,C:\Program Files (x86)\Foxit Software\Foxit PDF Reader,1.0
7448,7-Zip 24.08 (x64 edition),24.08,Igor Pavlov,Add/Remove Programs,"December 02, 2024 12:00:00 AM",,
7448,7-Zip Console,24.08,Igor Pavlov,Application,,C:\Program Files\7-Zip,1.0
7448,7-Zip File Manager,24.08,Igor Pavlov,Application,,C:\Program Files\7-Zip,1.0
7448,7-Zip GUI,24.08,Igor Pavlov,Application,,C:\Program Files\7-Zip,1.0
7448,AAD token broker plugin,10.0,Microsoft Corporation Inc.,Application,,C:\Windows\SystemApps\Microsoft.AAD.BrokerPlugin_cw5n1h2txyewy,1.0
7448,Accounts Control Host,10.0,Microsoft Corporation Inc.,Application,,C:\Windows\SystemApps\Microsoft.AccountsControl_cw5n1h2txyewy,1.0
7448,AddSuggestedFoldersToLibraryDialog,10.0,Microsoft Corporation Inc.,Application,,C:\Windows\SystemApps\Microsoft.Windows.AddSuggestedFoldersToLibraryDialog_cw5n1h2txyewy,1.0
7448,Antimalware Service Executable,4.18,Microsoft Corporation Inc.,Application,,C:\Program Files\Windows Defender,1.0
7448,AppResolverUX,10.0,Microsoft Corporation Inc.,Application,,C:\Windows\SystemApps\Microsoft.Windows.AppResolverUX_cw5n1h2txyewy,1.0
7448,AsyncTextService,10.0,Microsoft Corporation Inc.,Application,,C:\Windows\SystemApps\Microsoft.AsyncTextService_8wekyb3d8bbwe,1.0
7448,Biometric Enrollment Host,10.0,Microsoft Corporation Inc.,Application,,C:\Windows\SystemApps\Microsoft.BioEnrollment_cw5n1h2txyewy,1.0
7448,BMC Client Management Agent,24.1.01.240624,BMC Software Inc.,Application,,C:\Program Files\BMC Software\Client Management\Client\bin,1.0
7448,BMC Client Management Certificate Generator,24.1.01.240624,BMC Software Inc.,Application,,C:\Program Files\BMC Software\Client Management\Client\bin,1.0
7448,BMC Client Management Chilli Interpreter,24.1.01.240624,BMC Software Inc.,Application,,C:\Program Files\BMC Software\Client Management\Client\bin,1.0
7448,BMC Client Management Direct Access Proxy Agent,24.1.01.240624,BMC Software Inc.,Application,,C:\Program Files\BMC Software\Client Management\Client\bin,1.0
7448,BMC Client Management Opswat Proxy Agent,24.1.01.240624,BMC Software Inc.,Application,,C:\Program Files\BMC Software\Client Management\Client\bin,1.0
7448,BMC Client Management Package Viewer,24.1.01.240624,BMC Software Inc.,Application,,C:\Program Files\BMC Software\Client Management\Client\bin,1.0
7448,BMC Client Management Patch Broker,24.1.01.240624,BMC Software Inc.,Application,,C:\Program Files\BMC Software\Client Management\Client\bin,1.0
7448,BMC Client Management Proxy Agent,24.1.01.240624,BMC Software Inc.,Application,,C:\Program Files\BMC Software\Client Management\Client\bin,1.0
7448,BMC Client Management Remote Control proxy,24.1.01.240624,BMC Software Inc.,Application,,C:\Program Files\BMC Software\Client Management\Client\bin,1.0
7448,BMC Client Management SCAP,24.1.01.240624,BMC Software Inc.,Application,,C:\Program Files\BMC Software\Client Management\Client\bin,1.0
7448,BMC Client Management Video Proxy Agent,24.1.01.240624,BMC Software Inc.,Application,,C:\Program Files\BMC Software\Client Management\Client\bin,1.0
7448,Boot File Servicing Utility,10.0,Microsoft Corporation Inc.,Application,,C:\Windows,1.0
7448,BrowserCore,10.0,Microsoft Corporation Inc.,Application,,C:\Windows\BrowserCore,1.0
7448,Calling App to host call progress on shell,10.0,Microsoft Corporation Inc.,Application,,C:\Windows\SystemApps\Microsoft.Windows.CallingShellApp_cw5n1h2txyewy,1.0
7448,CameraBarcodeScannerPreview,10.0,Microsoft Corporation Inc.,Application,,C:\Windows\SystemApps\Windows.CBSPreview_cw5n1h2txyewy,1.0
7448,CL5,9.6,Ivanti,Application,,C:\Program Files\BMC Software\Client Management\Client\data\PatchManagementPremium\workspace,1.0
7448,ClickOnce,4.8,Microsoft Corporation Inc.,Application,,C:\Windows\Microsoft.NET\Framework64\v4.0.30319,3.0
7448,Common User Interface,5.8,Musarubra US LLC.,Application,,C:\Program Files\McAfee\Agent\x86,1.0
7448,Credential Dialog Host,10.0,Microsoft Corporation Inc.,Application,,C:\Windows\SystemApps\microsoft.creddialoghost_cw5n1h2txyewy,1.0
7448,CrowdStrike Device Control,7.29,CrowdStrike Inc.,Add/Remove Programs,"November 14, 2025 12:00:00 AM",,
7448,CrowdStrike Device Control Support Tool,7.29,CrowdStrike Inc.,Application,,C:\Program Files\CrowdStrike,1.0
7448,CrowdStrike Falcon Connector,7.32,CrowdStrike Inc.,Application,,C:\Program Files\CrowdStrike,1.0
7448,CrowdStrike Falcon Sensor,7.32,CrowdStrike Inc.,Application,,C:\Program Files\CrowdStrike,1.0
7448,CrowdStrike Falcon Sensor Controller,7.32,CrowdStrike Inc.,Application,,C:\Program Files\CrowdStrike,1.0
7448,CrowdStrike Falcon Sensor Service,7.32,CrowdStrike Inc.,Application,,C:\Program Files\CrowdStrike,1.0
7448,CrowdStrike Falcon Sensor Servlet Container,7.32,CrowdStrike Inc.,Application,,C:\Program Files\CrowdStrike,1.0
7448,CrowdStrike Falcon Sensor Settings Tool,7.32,CrowdStrike Inc.,Application,,C:\Program Files\CrowdStrike,1.0
7448,CrowdStrike Falcon Sensor System Tray Application,7.32,CrowdStrike Inc.,Application,,C:\Program Files\CrowdStrike,2.0
7448,CrowdStrike Firmware Analysis,7.14,CrowdStrike Inc.,Add/Remove Programs,"June 18, 2025 12:00:00 AM",,
7448,CrowdStrike Firmware Analysis Support Tool,7.14,CrowdStrike Inc.,Application,,C:\Program Files\CrowdStrike,1.0
7448,CrowdStrike On-Demand Scan Command-line Tool,7.32,CrowdStrike Inc.,Application,,C:\Program Files\CrowdStrike,1.0
7448,CrowdStrike On-Demand Scan Tool,7.32,CrowdStrike Inc.,Application,,C:\Program Files\CrowdStrike,1.0
7448,CrowdStrike Sensor Platform,7.32,CrowdStrike Inc.,Add/Remove Programs,"January 14, 2026 12:00:00 AM",,
7448,CrowdStrike Windows Sensor,7.32,CrowdStrike Inc.,Add/Remove Programs,"January 14, 2026 12:00:00 AM",,
7448,CxAudioSvc,1.0,Conexant Systems LLC.,Application,,C:\Windows\CxSvc,1.0
7434,.NET Framework,3.0,Microsoft Corporation Inc.,Application,,C:\Windows\Microsoft.NET\Framework64\v3.0\Windows Communication Foundation,2.0
7434,.NET Runtime Optimization Service,2.0,Microsoft Corporation Inc.,Application,,C:\Windows\Microsoft.NET\Framework64\v2.0.50727,2.0
7434,.NET Runtime Optimization Service,4.8,Microsoft Corporation Inc.,Application,,C:\Windows\Microsoft.NET\Framework64\v4.0.30319,2.0
7434,64Bit MAPI Mail Agent,1.0,Foxit Software Inc.,Application,,C:\Program Files (x86)\Foxit Software\Foxit PDF Reader,1.0
7434,7-Zip 24.08 (x64 edition),24.08,Igor Pavlov,Add/Remove Programs,"November 30, 2024 12:00:00 AM",,
7434,7-Zip Console,24.08,Igor Pavlov,Application,,C:\Program Files\7-Zip,1.0
7434,7-Zip File Manager,24.08,Igor Pavlov,Application,,C:\Program Files\7-Zip,1.0
7434,7-Zip GUI,24.08,Igor Pavlov,Application,,C:\Program Files\7-Zip,1.0
7434,AAD token broker plugin,10.0,Microsoft Corporation Inc.,Application,,C:\Windows\SystemApps\Microsoft.AAD.BrokerPlugin_cw5n1h2txyewy,1.0
7434,Accounts Control Host,10.0,Microsoft Corporation Inc.,Application,,C:\Windows\SystemApps\Microsoft.AccountsControl_cw5n1h2txyewy,1.0
7434,AddSuggestedFoldersToLibraryDialog,10.0,Microsoft Corporation Inc.,Application,,C:\Windows\SystemApps\Microsoft.Windows.AddSuggestedFoldersToLibraryDialog_cw5n1h2txyewy,1.0
7434,Antimalware Service Executable,4.18,Microsoft Corporation Inc.,Application,,C:\Program Files\Windows Defender,1.0
7434,AppResolverUX,10.0,Microsoft Corporation Inc.,Application,,C:\Windows\SystemApps\Microsoft.Windows.AppResolverUX_cw5n1h2txyewy,1.0
7434,AsyncTextService,10.0,Microsoft Corporation Inc.,Application,,C:\Windows\SystemApps\Microsoft.AsyncTextService_8wekyb3d8bbwe,1.0
7434,Authorware Runtime,7.02,Macromedia Inc.,Application,,D:\zebra,1.0
7434,Biometric Enrollment Host,10.0,Microsoft Corporation Inc.,Application,,C:\Windows\SystemApps\Microsoft.BioEnrollment_cw5n1h2txyewy,1.0
7434,BMC Client Management Agent,24.1.01.240624,BMC Software Inc.,Application,,C:\Program Files\BMC Software\Client Management\Client\bin,1.0
7434,BMC Client Management Certificate Generator,24.1.01.240624,BMC Software Inc.,Application,,C:\Program Files\BMC Software\Client Management\Client\bin,1.0
7434,BMC Client Management Chilli Interpreter,24.1.01.240624,BMC Software Inc.,Application,,C:\Program Files\BMC Software\Client Management\Client\bin,1.0
7434,BMC Client Management Direct Access Proxy Agent,24.1.01.240624,BMC Software Inc.,Application,,C:\Program Files\BMC Software\Client Management\Client\bin,1.0
7434,BMC Client Management Opswat Proxy Agent,24.1.01.240624,BMC Software Inc.,Application,,C:\Program Files\BMC Software\Client Management\Client\bin,1.0
7434,BMC Client Management Package Viewer,24.1.01.240624,BMC Software Inc.,Application,,C:\Program Files\BMC Software\Client Management\Client\bin,1.0
7434,BMC Client Management Patch Broker,24.1.01.240624,BMC Software Inc.,Application,,C:\Program Files\BMC Software\Client Management\Client\bin,1.0
7434,BMC Client Management Proxy Agent,24.1.01.240624,BMC Software Inc.,Application,,C:\Program Files\BMC Software\Client Management\Client\bin,1.0
7434,BMC Client Management Remote Control proxy,24.1.01.240624,BMC Software Inc.,Application,,C:\Program Files\BMC Software\Client Management\Client\bin,1.0
7434,BMC Client Management SCAP,24.1.01.240624,BMC Software Inc.,Application,,C:\Program Files\BMC Software\Client Management\Client\bin,1.0
7434,BMC Client Management Video Proxy Agent,24.1.01.240624,BMC Software Inc.,Application,,C:\Program Files\BMC Software\Client Management\Client\bin,1.0
7434,Boot File Servicing Utility,10.0,Microsoft Corporation Inc.,Application,,C:\Windows,1.0
7434,BrowserCore,10.0,Microsoft Corporation Inc.,Application,,C:\Windows\BrowserCore,1.0
7434,Calling App to host call progress on shell,10.0,Microsoft Corporation Inc.,Application,,C:\Windows\SystemApps\Microsoft.Windows.CallingShellApp_cw5n1h2txyewy,1.0
7434,CameraBarcodeScannerPreview,10.0,Microsoft Corporation Inc.,Application,,C:\Windows\SystemApps\Windows.CBSPreview_cw5n1h2txyewy,1.0
7434,CL5,9.6,Ivanti,Application,,C:\Program Files\BMC Software\Client Management\Client\data\PatchManagementPremium\workspace,1.0
7434,ClickOnce,4.8,Microsoft Corporation Inc.,Application,,C:\Windows\Microsoft.NET\Framework64\v4.0.30319,3.0
7434,Common User Interface,5.8,Musarubra US LLC.,Application,,C:\Program Files\McAfee\Agent\x86,1.0
7434,Credential Dialog Host,10.0,Microsoft Corporation Inc.,Application,,C:\Windows\SystemApps\microsoft.creddialoghost_cw5n1h2txyewy,1.0
7434,CrowdStrike Device Control,7.29,CrowdStrike Inc.,Add/Remove Programs,"November 14, 2025 12:00:00 AM",,
7434,CrowdStrike Device Control Support Tool,7.29,CrowdStrike Inc.,Application,,C:\Program Files\CrowdStrike,1.0
7434,CrowdStrike Falcon Connector,7.32,CrowdStrike Inc.,Application,,C:\Program Files\CrowdStrike,1.0
7434,CrowdStrike Falcon Sensor,7.32,CrowdStrike Inc.,Application,,C:\Program Files\CrowdStrike,1.0
7434,CrowdStrike Falcon Sensor Controller,7.32,CrowdStrike Inc.,Application,,C:\Program Files\CrowdStrike,1.0
7434,CrowdStrike Falcon Sensor Service,7.32,CrowdStrike Inc.,Application,,C:\Program Files\CrowdStrike,1.0
7434,CrowdStrike Falcon Sensor Servlet Container,7.32,CrowdStrike Inc.,Application,,C:\Program Files\CrowdStrike,1.0
7434,CrowdStrike Falcon Sensor Settings Tool,7.32,CrowdStrike Inc.,Application,,C:\Program Files\CrowdStrike,1.0
7434,CrowdStrike Falcon Sensor System Tray Application,7.32,CrowdStrike Inc.,Application,,C:\Program Files\CrowdStrike,2.0
7434,CrowdStrike Firmware Analysis,7.14,CrowdStrike Inc.,Add/Remove Programs,"June 18, 2025 12:00:00 AM",,
7434,CrowdStrike Firmware Analysis Support Tool,7.14,CrowdStrike Inc.,Application,,C:\Program Files\CrowdStrike,1.0
7434,CrowdStrike Forensic Data Collection Tool,1.0,CrowdStrike Inc.,Application,,C:,2.0
7434,CrowdStrike On-Demand Scan Command-line Tool,7.32,CrowdStrike Inc.,Application,,C:\Program Files\CrowdStrike,1.0
7434,CrowdStrike On-Demand Scan Tool,7.32,CrowdStrike Inc.,Application,,C:\Program Files\CrowdStrike,1.0
7434,CrowdStrike Sensor Platform,7.32,CrowdStrike Inc.,Add/Remove Programs,"January 14, 2026 12:00:00 AM",,
14660,.NET Runtime Crash Dump Generator,8.0,Microsoft Corporation Inc.,Application,,C:\Program Files (x86)\Trend Micro\Endpoint Basecamp\modules\vom\modules\UiBridgeModule\VOneAgentConsole,1.0
14660,.NET Runtime Optimization Service,4.8,Microsoft Corporation Inc.,Application,,C:\Windows\Microsoft.NET\Framework64\v4.0.30319,2.0
14660,64Bit MAPI Mail Agent,1.0,Foxit Software Inc.,Application,,C:\Program Files (x86)\Foxit Software\Foxit PDF Reader,1.0
14660,7-Zip 24.08 (x64),24.08,Igor Pavlov,Add/Remove Programs,,C:\Program Files\7-Zip\,
14660,7-Zip Console,24.08,Igor Pavlov,Application,,C:\Program Files\7-Zip,1.0
14660,7-Zip Console,25.01,Igor Pavlov,Application,,C:\Program Files (x86)\Trend Micro\Security Agent,4.0
14660,7-Zip File Manager,24.08,Igor Pavlov,Application,,C:\Program Files\7-Zip,1.0
14660,7-Zip GUI,24.08,Igor Pavlov,Application,,C:\Program Files\7-Zip,1.0
14660,Accounts Control Host,10.0,Microsoft Corporation Inc.,Application,,C:\Windows\SystemApps\Microsoft.AccountsControl_cw5n1h2txyewy,1.0
14660,ActiveUpdate module.,2.88,Trend Micro Inc.,Application,,C:\Program Files (x86)\Trend Micro\Security Agent,2.0
14660,AddSuggestedFoldersToLibraryDialog,10.0,Microsoft Corporation Inc.,Application,,C:\Windows\SystemApps\Microsoft.Windows.AddSuggestedFoldersToLibraryDialog_cw5n1h2txyewy,1.0
14660,Antimalware Core Service,4.18,Microsoft Corporation Inc.,Application,,C:\Program Files\Windows Defender,1.0
14660,Antimalware Service Executable,4.18,Microsoft Corporation Inc.,Application,,C:\Program Files\Windows Defender,1.0
14660,AppResolverUX,10.0,Microsoft Corporation Inc.,Application,,C:\Windows\SystemApps\Microsoft.Windows.AppResolverUX_cw5n1h2txyewy,1.0
14660,AsyncTextService,10.0,Microsoft Corporation Inc.,Application,,C:\Windows\SystemApps\Microsoft.AsyncTextService_8wekyb3d8bbwe,1.0
14660,Biometric Enrollment Host,10.0,Microsoft Corporation Inc.,Application,,C:\Windows\SystemApps\Microsoft.BioEnrollment_cw5n1h2txyewy,1.0
14660,BMC Client Management Agent,24.1.01.240624,BMC Software Inc.,Application,,C:\Program Files\BMC Software\Client Management\Client\bin,1.0
14660,BMC Client Management Certificate Generator,24.1.01.240624,BMC Software Inc.,Application,,C:\Program Files\BMC Software\Client Management\Client\bin,1.0
14660,BMC Client Management Chilli Interpreter,24.1.01.240624,BMC Software Inc.,Application,,C:\Program Files\BMC Software\Client Management\Client\bin,1.0
14660,BMC Client Management Direct Access Proxy Agent,24.1.01.240624,BMC Software Inc.,Application,,C:\Program Files\BMC Software\Client Management\Client\bin,1.0
14660,BMC Client Management Opswat Proxy Agent,24.1.01.240624,BMC Software Inc.,Application,,C:\Program Files\BMC Software\Client Management\Client\bin,1.0
14660,BMC Client Management Package Viewer,24.1.01.240624,BMC Software Inc.,Application,,C:\Program Files\BMC Software\Client Management\Client\bin,1.0
14660,BMC Client Management Patch Broker,24.1.01.240624,BMC Software Inc.,Application,,C:\Program Files\BMC Software\Client Management\Client\bin,1.0
14660,BMC Client Management Proxy Agent,24.1.01.240624,BMC Software Inc.,Application,,C:\Program Files\BMC Software\Client Management\Client\bin,1.0
14660,BMC Client Management Remote Control proxy,24.1.01.240624,BMC Software Inc.,Application,,C:\Program Files\BMC Software\Client Management\Client\bin,1.0
14660,BMC Client Management SCAP,24.1.01.240624,BMC Software Inc.,Application,,C:\Program Files\BMC Software\Client Management\Client\bin,1.0
14660,BMC Client Management Video Proxy Agent,24.1.01.240624,BMC Software Inc.,Application,,C:\Program Files\BMC Software\Client Management\Client\bin,1.0
14660,Boot File Servicing Utility,10.0,Microsoft Corporation Inc.,Application,,C:\Windows,1.0
14660,Browser Protection Native Messaging Host,4.18,Microsoft Corporation Inc.,Application,,C:\Program Files\Windows Defender,1.0
14660,BrowserCore,10.0,Microsoft Corporation Inc.,Application,,C:\Windows\BrowserCore,1.0
14660,build 20171008,1.0,,Application,,C:\Program Files (x86)\iVMS-4200 Site\Drivers,1.0
14660,Build20200511,2.0,Hikvision,Application,,C:\Program Files (x86)\iVMS-4200 Site\iVMS-4200 Client\Client,1.0
14660,Build20230908,3.0,Hikvision,Application,,C:\Program Files (x86)\iVMS-4200 Site\iVMS-4200 Client\Client,1.0
14660,CameraBarcodeScannerPreview,10.0,Microsoft Corporation Inc.,Application,,C:\Windows\SystemApps\Windows.CBSPreview_cw5n1h2txyewy,1.0
14660,CL5,9.6,Ivanti,Application,,C:\Program Files\BMC Software\Client Management\Client\data\PatchManagementPremium\workspace,3.0
14660,ClickOnce,4.8,Microsoft Corporation Inc.,Application,,C:\Windows\Microsoft.NET\Framework64\v4.0.30319,3.0
14660,CMS,,,Add/Remove Programs,,C:\Program Files (x86)\CMS,
14660,Common User Interface,5.8,Musarubra US LLC.,Application,,C:\Program Files\McAfee\Agent\x86,1.0
14660,ConfigBrowserEdge,1.0,,Application,,C:\Program Files (x86)\iVMS-4200 Site\iVMS-4200 Client\Client,1.0
14660,Copilot,144.0,Microsoft Corporation Inc.,Application,,C:\Program Files (x86)\Microsoft\EdgeWebView\Application\144.0.3719.115,5.0
14660,Copilot Update,1.3,Microsoft Corporation Inc.,Application,,C:\Program Files (x86)\Microsoft\EdgeUpdate,2.0
14660,Create a self-signed digital certificate,15.0,Microsoft Corporation Inc.,Application,,C:\Program Files\Microsoft Office\Office15,1.0
14660,Credential Dialog Host,10.0,Microsoft Corporation Inc.,Application,,C:\Windows\SystemApps\microsoft.creddialoghost_cw5n1h2txyewy,1.0
14660,Deep Security Agent Configuration Compiler,12.0,Trend Micro Inc.,Application,,C:\Program Files (x86)\Trend Micro\iService\iVP,1.0
14660,DREBoot,2.0,Trend Micro Inc.,Application,,C:\Program Files (x86)\Trend Micro\Security Agent\CCSF\module\DRE,1.0
14660,dtoop Application,6.2,Trend Micro Inc.,Application,,C:\Program Files (x86)\Trend Micro\Security Agent\dlplite\update\x64\system32\dgagent,3.0
14660,EC App,10.0,Microsoft Corporation Inc.,Application,,C:\Windows\SystemApps\Microsoft.ECApp_8wekyb3d8bbwe,1.0
14660,FE Commander,6.0,Trend Micro Inc.,Application,,C:\Program Files (x86)\Trend Micro\Security Agent\dlplite\update\x64\system32\dgagent,3.0
14660,File Explorer,10.0,Microsoft Corporation Inc.,Application,,C:\Windows\SystemApps\Microsoft.Windows.FileExplorer_cw5n1h2txyewy,1.0
14660,File Picker,10.0,Microsoft Corporation Inc.,Application,,C:\Windows\SystemApps\Microsoft.Windows.FilePicker_cw5n1h2txyewy,1.0
5058,.NET Runtime Optimization Service,4.8,Microsoft Corporation Inc.,Application,,C:\Windows\Microsoft.NET\Framework64\v4.0.30319,2.0
5058,64Bit MAPI Mail Agent,1.0,Foxit Software Inc.,Application,,C:\Program Files (x86)\Foxit Software\Foxit PDF Reader,1.0
5058,7-Zip 24.09 (x64),24.09,Igor Pavlov,Add/Remove Programs,,C:\Program Files\7-Zip\,
5058,7-Zip Console,24.09,Igor Pavlov,Application,,C:\Program Files\7-Zip,1.0
5058,7-Zip File Manager,24.09,Igor Pavlov,Application,,C:\Program Files\7-Zip,1.0
5058,7-Zip GUI,24.09,Igor Pavlov,Application,,C:\Program Files\7-Zip,1.0
5058,Accounts Control Host,10.0,Microsoft Corporation Inc.,Application,,C:\Windows\SystemApps\Microsoft.AccountsControl_cw5n1h2txyewy,1.0
5058,AddSuggestedFoldersToLibraryDialog,10.0,Microsoft Corporation Inc.,Application,,C:\Windows\SystemApps\Microsoft.Windows.AddSuggestedFoldersToLibraryDialog_cw5n1h2txyewy,1.0
5058,Antimalware Core Service,4.18,Microsoft Corporation Inc.,Application,,C:\Windows\SystemTemp\A51C5ED4-820C-42DE-B45D-79229638A716,2.0
5058,AntiMalware Platform Update (amd64fre),4.18,Microsoft Corporation Inc.,Application,,C:\Windows\SystemTemp\5353E57F-3283-447C-B854-BCFBAC0BE40DMpCommU,1.0
5058,Antimalware Service Executable,4.18,Microsoft Corporation Inc.,Application,,C:\Windows\SystemTemp\A51C5ED4-820C-42DE-B45D-79229638A716,2.0
5058,AppFollower,1.3,Conexant Systems Inc.,Application,,C:\Program Files\CONEXANT\Flow,1.0
5058,AppResolverUX,10.0,Microsoft Corporation Inc.,Application,,C:\Windows\SystemApps\Microsoft.Windows.AppResolverUX_cw5n1h2txyewy,1.0
5058,AsyncTextService,10.0,Microsoft Corporation Inc.,Application,,C:\Windows\SystemApps\Microsoft.AsyncTextService_8wekyb3d8bbwe,1.0
5058,Audio Control,4.0,Conexant Systems LLC.,Application,,C:\Program Files\CONEXANT\Install\Audio\SA3\SA3\Dyson,2.0
5058,Audio Controls Control Panel,4.0,Conexant Systems LLC.,Application,,C:\Program Files\CONEXANT\SA3\HP-NB-AIO,3.0
5058,Bang & Olufsen,4.0,Conexant Systems LLC.,Application,,C:\Program Files\CONEXANT\Install\Audio\SA3\SA3\BandO,2.0
5058,Biometric Enrollment Host,10.0,Microsoft Corporation Inc.,Application,,C:\Windows\SystemApps\Microsoft.BioEnrollment_cw5n1h2txyewy,1.0
5058,BMC Client Management Agent,24.1.01.240624,BMC Software Inc.,Application,,C:\Program Files\BMC Software\Client Management\Client\bin,1.0
5058,BMC Client Management Certificate Generator,24.1.01.240624,BMC Software Inc.,Application,,C:\Program Files\BMC Software\Client Management\Client\bin,1.0
5058,BMC Client Management Chilli Interpreter,24.1.01.240624,BMC Software Inc.,Application,,C:\Program Files\BMC Software\Client Management\Client\bin,1.0
5058,BMC Client Management Direct Access Proxy Agent,24.1.01.240624,BMC Software Inc.,Application,,C:\Program Files\BMC Software\Client Management\Client\bin,1.0
5058,BMC Client Management Opswat Proxy Agent,24.1.01.240624,BMC Software Inc.,Application,,C:\Program Files\BMC Software\Client Management\Client\bin,1.0
5058,BMC Client Management Package Viewer,24.1.01.240624,BMC Software Inc.,Application,,C:\Program Files\BMC Software\Client Management\Client\bin,1.0
5058,BMC Client Management Patch Broker,24.1.01.240624,BMC Software Inc.,Application,,C:\Program Files\BMC Software\Client Management\Client\bin,1.0
5058,BMC Client Management Proxy Agent,24.1.01.240624,BMC Software Inc.,Application,,C:\Program Files\BMC Software\Client Management\Client\bin,1.0
5058,BMC Client Management Remote Control proxy,24.1.01.240624,BMC Software Inc.,Application,,C:\Program Files\BMC Software\Client Management\Client\bin,1.0
5058,BMC Client Management SCAP,24.1.01.240624,BMC Software Inc.,Application,,C:\Program Files\BMC Software\Client Management\Client\bin,1.0
5058,BMC Client Management Video Proxy Agent,24.1.01.240624,BMC Software Inc.,Application,,C:\Program Files\BMC Software\Client Management\Client\bin,1.0
5058,Boot File Servicing Utility,10.0,Microsoft Corporation Inc.,Application,,C:\Windows,1.0
5058,Browser Protection Native Messaging Host,4.18,Microsoft Corporation Inc.,Application,,C:\Windows\SystemTemp\A51C5ED4-820C-42DE-B45D-79229638A716,2.0
5058,BrowserCore,10.0,Microsoft Corporation Inc.,Application,,C:\Windows\BrowserCore,1.0
5058,CameraBarcodeScannerPreview,10.0,Microsoft Corporation Inc.,Application,,C:\Windows\SystemApps\Windows.CBSPreview_cw5n1h2txyewy,1.0
5058,Change Printer Name Utility,1.0,SINDOH Co. Ltd.,Application,,C:\Users\support.local02\Downloads\M612Series-PCL6-Win7+WIN81-FB_4.x.1322.014\x64,2.0
5058,CL5,9.6,Ivanti,Application,,C:\Program Files\BMC Software\Client Management\Client\data\PatchManagementPremium\workspace,3.0
5058,ClickOnce,4.8,Microsoft Corporation Inc.,Application,,C:\Windows\Microsoft.NET\Framework64\v4.0.30319,3.0
5058,CnxtNotify,1.0,Conexant Systems Inc.,Application,,C:\Program Files\CONEXANT\SA3\HP-NB-AIO,1.0
5058,Common User Interface,5.8,Musarubra US LLC.,Application,,C:\Program Files\McAfee\Agent\x86,1.0
5058,Copilot,143.0,Microsoft Corporation Inc.,Application,,C:\Program Files (x86)\Microsoft\EdgeWebView\Application\143.0.3650.139,2.0
5058,Copilot,144.0,Microsoft Corporation Inc.,Application,,C:\Program Files (x86)\Microsoft\EdgeCore\Optimized,2.0
5058,Copilot Update,1.3,Microsoft Corporation Inc.,Application,,C:\Program Files (x86)\Microsoft\EdgeUpdate,2.0
5058,Create a self-signed digital certificate,15.0,Microsoft Corporation Inc.,Application,,C:\Program Files\Microsoft Office\Office15,1.0
5058,Credential Dialog Host,10.0,Microsoft Corporation Inc.,Application,,C:\Windows\SystemApps\microsoft.creddialoghost_cw5n1h2txyewy,1.0
5058,CrowdStrike Device Control,7.29,CrowdStrike Inc.,Add/Remove Programs,"January 17, 2026 12:00:00 AM",,
5058,CrowdStrike Device Control Support Tool,7.29,CrowdStrike Inc.,Application,,C:\Program Files\CrowdStrike,1.0
5058,CrowdStrike Falcon Connector,7.32,CrowdStrike Inc.,Application,,C:\Program Files\CrowdStrike,1.0
5058,CrowdStrike Falcon Sensor,7.32,CrowdStrike Inc.,Application,,C:\Program Files\CrowdStrike,1.0
5058,CrowdStrike Falcon Sensor Controller,7.32,CrowdStrike Inc.,Application,,C:\Program Files\CrowdStrike,1.0
5058,CrowdStrike Falcon Sensor Service,7.32,CrowdStrike Inc.,Application,,C:\Program Files\CrowdStrike,1.0
5058,CrowdStrike Falcon Sensor Servlet Container,7.32,CrowdStrike Inc.,Application,,C:\Program Files\CrowdStrike,1.0
5014,.NET Framework,3.0,Microsoft Corporation Inc.,Application,,C:\Windows\Microsoft.NET\Framework64\v3.0\Windows Communication Foundation,2.0
5014,.NET Runtime Optimization Service,4.8,Microsoft Corporation Inc.,Application,,C:\Windows\Microsoft.NET\Framework64\v4.0.30319,2.0
5014,.NET Runtime Optimization Service,2.0,Microsoft Corporation Inc.,Application,,C:\Windows\Microsoft.NET\Framework64\v2.0.50727,2.0
5014,64Bit MAPI Mail Agent,1.0,Foxit Software Inc.,Application,,C:\Program Files (x86)\Foxit Software\Foxit PDF Reader,1.0
5014,7-Zip 23.01 (x64),23.01,Igor Pavlov,Add/Remove Programs,,C:\Program Files\7-Zip\,
5014,7-Zip Console,23.01,Igor Pavlov,Application,,C:\Program Files\7-Zip,1.0
5014,7-Zip File Manager,23.01,Igor Pavlov,Application,,C:\Program Files\7-Zip,1.0
5014,7-Zip GUI,23.01,Igor Pavlov,Application,,C:\Program Files\7-Zip,1.0
5014,AAD token broker plugin,10.0,Microsoft Corporation Inc.,Application,,C:\Windows\SystemApps\Microsoft.AAD.BrokerPlugin_cw5n1h2txyewy,1.0
5014,Accounts Control Host,10.0,Microsoft Corporation Inc.,Application,,C:\Windows\SystemApps\Microsoft.AccountsControl_cw5n1h2txyewy,1.0
5014,AddSuggestedFoldersToLibraryDialog,10.0,Microsoft Corporation Inc.,Application,,C:\Windows\SystemApps\Microsoft.Windows.AddSuggestedFoldersToLibraryDialog_cw5n1h2txyewy,1.0
5014,Antimalware Service Executable,4.18,Microsoft Corporation Inc.,Application,,C:\Program Files\Windows Defender,1.0
5014,AppResolverUX,10.0,Microsoft Corporation Inc.,Application,,C:\Windows\SystemApps\Microsoft.Windows.AppResolverUX_cw5n1h2txyewy,1.0
5014,AsyncTextService,10.0,Microsoft Corporation Inc.,Application,,C:\Windows\SystemApps\Microsoft.AsyncTextService_8wekyb3d8bbwe,1.0
5014,Biometric Enrollment Host,10.0,Microsoft Corporation Inc.,Application,,C:\Windows\SystemApps\Microsoft.BioEnrollment_cw5n1h2txyewy,1.0
5014,BMC Client Management Agent,24.1.01.240624,BMC Software Inc.,Application,,C:\Program Files\BMC Software\Client Management\Client\bin,1.0
5014,BMC Client Management Certificate Generator,24.1.01.240624,BMC Software Inc.,Application,,C:\Program Files\BMC Software\Client Management\Client\bin,1.0
5014,BMC Client Management Chilli Interpreter,24.1.01.240624,BMC Software Inc.,Application,,C:\Program Files\BMC Software\Client Management\Client\bin,1.0
5014,BMC Client Management Direct Access Proxy Agent,24.1.01.240624,BMC Software Inc.,Application,,C:\Program Files\BMC Software\Client Management\Client\bin,1.0
5014,BMC Client Management Opswat Proxy Agent,24.1.01.240624,BMC Software Inc.,Application,,C:\Program Files\BMC Software\Client Management\Client\bin,1.0
5014,BMC Client Management Package Viewer,24.1.01.240624,BMC Software Inc.,Application,,C:\Program Files\BMC Software\Client Management\Client\bin,1.0
5014,BMC Client Management Patch Broker,24.1.01.240624,BMC Software Inc.,Application,,C:\Program Files\BMC Software\Client Management\Client\bin,1.0
5014,BMC Client Management Proxy Agent,24.1.01.240624,BMC Software Inc.,Application,,C:\Program Files\BMC Software\Client Management\Client\bin,1.0
5014,BMC Client Management Remote Control proxy,24.1.01.240624,BMC Software Inc.,Application,,C:\Program Files\BMC Software\Client Management\Client\bin,1.0
5014,BMC Client Management SCAP,24.1.01.240624,BMC Software Inc.,Application,,C:\Program Files\BMC Software\Client Management\Client\bin,1.0
5014,BMC Client Management Video Proxy Agent,24.1.01.240624,BMC Software Inc.,Application,,C:\Program Files\BMC Software\Client Management\Client\bin,1.0
5014,Boot File Servicing Utility,10.0,Microsoft Corporation Inc.,Application,,C:\Windows,1.0
5014,BrowserCore,10.0,Microsoft Corporation Inc.,Application,,C:\Windows\BrowserCore,1.0
5014,Calling App to host call progress on shell,10.0,Microsoft Corporation Inc.,Application,,C:\Windows\SystemApps\Microsoft.Windows.CallingShellApp_cw5n1h2txyewy,1.0
5014,CameraBarcodeScannerPreview,10.0,Microsoft Corporation Inc.,Application,,C:\Windows\SystemApps\Windows.CBSPreview_cw5n1h2txyewy,1.0
5014,CL5,9.6,Ivanti,Application,,C:\Program Files\BMC Software\Client Management\Client\data\PatchManagementPremium\workspace,1.0
5014,ClickOnce,4.8,Microsoft Corporation Inc.,Application,,C:\Windows\Microsoft.NET\Framework64\v4.0.30319,3.0
5014,Common User Interface,5.8,Musarubra US LLC.,Application,,C:\Program Files\McAfee\Agent\x86,1.0
5014,Credential Dialog Host,10.0,Microsoft Corporation Inc.,Application,,C:\Windows\SystemApps\microsoft.creddialoghost_cw5n1h2txyewy,1.0
5014,CrowdStrike Device Control,7.29,CrowdStrike Inc.,Add/Remove Programs,"November 14, 2025 12:00:00 AM",,
5014,CrowdStrike Device Control Support Tool,7.29,CrowdStrike Inc.,Application,,C:\Program Files\CrowdStrike,1.0
5014,CrowdStrike Falcon Connector,7.32,CrowdStrike Inc.,Application,,C:\Program Files\CrowdStrike,1.0
5014,CrowdStrike Falcon Sensor,7.32,CrowdStrike Inc.,Application,,C:\Program Files\CrowdStrike,1.0
5014,CrowdStrike Falcon Sensor Controller,7.32,CrowdStrike Inc.,Application,,C:\Program Files\CrowdStrike,1.0
5014,CrowdStrike Falcon Sensor Service,7.32,CrowdStrike Inc.,Application,,C:\Program Files\CrowdStrike,1.0
5014,CrowdStrike Falcon Sensor Servlet Container,7.32,CrowdStrike Inc.,Application,,C:\Program Files\CrowdStrike,1.0
5014,CrowdStrike Falcon Sensor Settings Tool,7.32,CrowdStrike Inc.,Application,,C:\Program Files\CrowdStrike,1.0
5014,CrowdStrike Falcon Sensor System Tray Application,7.32,CrowdStrike Inc.,Application,,C:\Program Files\CrowdStrike,2.0
5014,CrowdStrike Firmware Analysis,7.14,CrowdStrike Inc.,Add/Remove Programs,"July 24, 2025 12:00:00 AM",,
5014,CrowdStrike Firmware Analysis Support Tool,7.14,CrowdStrike Inc.,Application,,C:\Program Files\CrowdStrike,1.0
5014,CrowdStrike On-Demand Scan Command-line Tool,7.32,CrowdStrike Inc.,Application,,C:\Program Files\CrowdStrike,1.0
5014,CrowdStrike On-Demand Scan Tool,7.32,CrowdStrike Inc.,Application,,C:\Program Files\CrowdStrike,1.0
5014,CrowdStrike Sensor Platform,7.32,CrowdStrike Inc.,Add/Remove Programs,"January 14, 2026 12:00:00 AM",,
5014,CrowdStrike Windows Sensor,7.32,CrowdStrike Inc.,Add/Remove Programs,"January 14, 2026 12:00:00 AM",,
5014,EC App,10.0,Microsoft Corporation Inc.,Application,,C:\Windows\SystemApps\Microsoft.ECApp_8wekyb3d8bbwe,1.0
15929,.NET Runtime Crash Dump Generator,8.0,Microsoft Corporation Inc.,Application,,C:\Program Files (x86)\Trend Micro\Endpoint Basecamp\modules\vom\modules\UiBridgeModule\VOneAgentConsole,1.0
15929,.NET Runtime Optimization Service,4.8,Microsoft Corporation Inc.,Application,,C:\Windows\Microsoft.NET\Framework64\v4.0.30319,2.0
15929,64Bit MAPI Mail Agent,1.0,Foxit Software Inc.,Application,,C:\Program Files (x86)\Foxit Software\Foxit PDF Reader,1.0
15929,7-Zip 24.08 (x64 edition),24.08,Igor Pavlov,Add/Remove Programs,"November 29, 2024 12:00:00 AM",,
15929,7-Zip Console,24.08,Igor Pavlov,Application,,C:\Program Files\7-Zip,1.0
15929,7-Zip Console,25.01,Igor Pavlov,Application,,C:\Program Files (x86)\Trend Micro\Security Agent,4.0
15929,7-Zip File Manager,24.08,Igor Pavlov,Application,,C:\Program Files\7-Zip,1.0
15929,7-Zip GUI,24.08,Igor Pavlov,Application,,C:\Program Files\7-Zip,1.0
15929,Accounts Control Host,10.0,Microsoft Corporation Inc.,Application,,C:\Windows\SystemApps\Microsoft.AccountsControl_cw5n1h2txyewy,1.0
15929,ActiveUpdate module.,2.88,Trend Micro Inc.,Application,,C:\Program Files (x86)\Trend Micro\Security Agent,2.0
15929,AddSuggestedFoldersToLibraryDialog,10.0,Microsoft Corporation Inc.,Application,,C:\Windows\SystemApps\Microsoft.Windows.AddSuggestedFoldersToLibraryDialog_cw5n1h2txyewy,1.0
15929,Antimalware Core Service,4.18,Microsoft Corporation Inc.,Application,,C:\Program Files\Windows Defender,1.0
15929,Antimalware Service Executable,4.18,Microsoft Corporation Inc.,Application,,C:\Program Files\Windows Defender,1.0
15929,AppResolverUX,10.0,Microsoft Corporation Inc.,Application,,C:\Windows\SystemApps\Microsoft.Windows.AppResolverUX_cw5n1h2txyewy,1.0
15929,AsyncTextService,10.0,Microsoft Corporation Inc.,Application,,C:\Windows\SystemApps\Microsoft.AsyncTextService_8wekyb3d8bbwe,1.0
15929,Biometric Enrollment Host,10.0,Microsoft Corporation Inc.,Application,,C:\Windows\SystemApps\Microsoft.BioEnrollment_cw5n1h2txyewy,1.0
15929,BMC Client Management Agent,24.1.01.240624,BMC Software Inc.,Application,,C:\Program Files\BMC Software\Client Management\Client\bin,1.0
15929,BMC Client Management Certificate Generator,24.1.01.240624,BMC Software Inc.,Application,,C:\Program Files\BMC Software\Client Management\Client\bin,1.0
15929,BMC Client Management Chilli Interpreter,24.1.01.240624,BMC Software Inc.,Application,,C:\Program Files\BMC Software\Client Management\Client\bin,1.0
15929,BMC Client Management Direct Access Proxy Agent,24.1.01.240624,BMC Software Inc.,Application,,C:\Program Files\BMC Software\Client Management\Client\bin,1.0
15929,BMC Client Management Opswat Proxy Agent,24.1.01.240624,BMC Software Inc.,Application,,C:\Program Files\BMC Software\Client Management\Client\bin,1.0
15929,BMC Client Management Package Viewer,24.1.01.240624,BMC Software Inc.,Application,,C:\Program Files\BMC Software\Client Management\Client\bin,1.0
15929,BMC Client Management Patch Broker,24.1.01.240624,BMC Software Inc.,Application,,C:\Program Files\BMC Software\Client Management\Client\bin,1.0
15929,BMC Client Management Proxy Agent,24.1.01.240624,BMC Software Inc.,Application,,C:\Program Files\BMC Software\Client Management\Client\bin,1.0
15929,BMC Client Management Remote Control proxy,24.1.01.240624,BMC Software Inc.,Application,,C:\Program Files\BMC Software\Client Management\Client\bin,1.0
15929,BMC Client Management SCAP,24.1.01.240624,BMC Software Inc.,Application,,C:\Program Files\BMC Software\Client Management\Client\bin,1.0
15929,BMC Client Management Video Proxy Agent,24.1.01.240624,BMC Software Inc.,Application,,C:\Program Files\BMC Software\Client Management\Client\bin,1.0
15929,Boot File Servicing Utility,10.0,Microsoft Corporation Inc.,Application,,C:\Windows,1.0
15929,Browser Protection Native Messaging Host,4.18,Microsoft Corporation Inc.,Application,,C:\Program Files\Windows Defender,1.0
15929,BrowserCore,10.0,Microsoft Corporation Inc.,Application,,C:\Windows\BrowserCore,1.0
15929,CameraBarcodeScannerPreview,10.0,Microsoft Corporation Inc.,Application,,C:\Windows\SystemApps\Windows.CBSPreview_cw5n1h2txyewy,1.0
15929,CancelEventHandler,63.6,HP Inc.,Application,,C:\Program Files (x86)\HP\HP Scan\bin,1.0
15929,ChromeEnterpriseCompanion,143.0,Google LLC,Application,,C:\Windows\SystemTemp\scoped_dir8460_1735890182\scoped_dir8460_1972398298,1.0
15929,CL5,9.6,Ivanti,Application,,C:\Program Files\BMC Software\Client Management\Client\data\PatchManagementPremium\workspace,1.0
15929,ClickOnce,4.8,Microsoft Corporation Inc.,Application,,C:\Windows\Microsoft.NET\Framework64\v4.0.30319,3.0
15929,Common User Interface,5.8,Musarubra US LLC.,Application,,C:\Program Files\McAfee\Agent\x86,1.0
15929,Copilot,144.0,Microsoft Corporation Inc.,Application,,C:\Program Files (x86)\Microsoft\EdgeWebView\Application\144.0.3719.93,6.0
15929,Copilot Update,1.3,Microsoft Corporation Inc.,Application,,C:\Program Files (x86)\Microsoft\EdgeUpdate,2.0
15929,Credential Dialog Host,10.0,Microsoft Corporation Inc.,Application,,C:\Windows\SystemApps\microsoft.creddialoghost_cw5n1h2txyewy,1.0
15929,CrowdStrike Windows Sensor,6.54,CrowdStrike Inc.,Application,,C:\MASTER\MASTER SOFTWARE\crowdstrike,1.0
15929,Deep Security Agent Configuration Compiler,12.0,Trend Micro Inc.,Application,,C:\Program Files (x86)\Trend Micro\iService\iVP,1.0
15929,DeviceUpdateDmExe,63.06,HP Inc.,Application,,C:\Program Files\HP\HP Scan\Bin,1.0
15929,DREBoot,2.0,Trend Micro Inc.,Application,,C:\Program Files (x86)\Trend Micro\Security Agent\CCSF\module\DRE,1.0
15929,dtoop Application,6.2,Trend Micro Inc.,Application,,C:\Program Files (x86)\Trend Micro\Security Agent\dlplite\update\x64\system32\dgagent,3.0
15929,EC App,10.0,Microsoft Corporation Inc.,Application,,C:\Windows\SystemApps\Microsoft.ECApp_8wekyb3d8bbwe,1.0
15929,EXELauncher,1.0,,Application,,C:\SWSetup\SP149514,2.0
15929,expediteupdater,10.0,Microsoft Corporation Inc.,Application,,C:\Program Files\Microsoft Update Health Tools,1.0
15929,FE Commander,6.0,Trend Micro Inc.,Application,,C:\Program Files (x86)\Trend Micro\Security Agent\dlplite\update\x64\system32\dgagent,3.0
15929,File Explorer,10.0,Microsoft Corporation Inc.,Application,,C:\Windows\SystemApps\Microsoft.Windows.FileExplorer_cw5n1h2txyewy,1.0
15929,File Picker,10.0,Microsoft Corporation Inc.,Application,,C:\Windows\SystemApps\Microsoft.Windows.FilePicker_cw5n1h2txyewy,1.0
6160,.NET Runtime Optimization Service,4.8,Microsoft Corporation Inc.,Application,,C:\Windows\Microsoft.NET\Framework64\v4.0.30319,2.0
6160,64Bit MAPI Mail Agent,1.0,Foxit Software Inc.,Application,,C:\Program Files (x86)\Foxit Software\Foxit PDF Reader,1.0
6160,7-Zip 24.09 (x64),24.09,Igor Pavlov,Add/Remove Programs,,C:\Program Files\7-Zip\,
6160,7-Zip Console,24.09,Igor Pavlov,Application,,C:\Program Files\7-Zip,1.0
6160,7-Zip File Manager,24.09,Igor Pavlov,Application,,C:\Program Files\7-Zip,1.0
6160,7-Zip GUI,24.09,Igor Pavlov,Application,,C:\Program Files\7-Zip,1.0
6160,Accounts Control Host,10.0,Microsoft Corporation Inc.,Application,,C:\Windows\SystemApps\Microsoft.AccountsControl_cw5n1h2txyewy,1.0
6160,AddSuggestedFoldersToLibraryDialog,10.0,Microsoft Corporation Inc.,Application,,C:\Windows\SystemApps\Microsoft.Windows.AddSuggestedFoldersToLibraryDialog_cw5n1h2txyewy,1.0
6160,Antimalware Core Service,4.18,Microsoft Corporation Inc.,Application,,C:\Program Files\Windows Defender,1.0
6160,AntiMalware Platform Update (amd64fre),4.18,Microsoft Corporation Inc.,Application,,C:\Windows\SystemTemp\83F21D6A-9491-4201-9593-C61B9B3859D0MpCommU,1.0
6160,Antimalware Service Executable,4.18,Microsoft Corporation Inc.,Application,,C:\Program Files\Windows Defender,1.0
6160,AppFollower,1.3,Conexant Systems Inc.,Application,,C:\Program Files\CONEXANT\Flow,1.0
6160,AppResolverUX,10.0,Microsoft Corporation Inc.,Application,,C:\Windows\SystemApps\Microsoft.Windows.AppResolverUX_cw5n1h2txyewy,1.0
6160,AsyncTextService,10.0,Microsoft Corporation Inc.,Application,,C:\Windows\SystemApps\Microsoft.AsyncTextService_8wekyb3d8bbwe,1.0
6160,Audio Control,4.0,Conexant Systems LLC.,Application,,C:\Program Files\CONEXANT\Install\Audio\SA3\SA3\Dyson,2.0
6160,Audio Controls Control Panel,4.0,Conexant Systems LLC.,Application,,C:\Program Files\CONEXANT\SA3\HP-NB-AIO,3.0
6160,Bang & Olufsen,4.0,Conexant Systems LLC.,Application,,C:\Program Files\CONEXANT\Install\Audio\SA3\SA3\BandO,2.0
6160,Biometric Enrollment Host,10.0,Microsoft Corporation Inc.,Application,,C:\Windows\SystemApps\Microsoft.BioEnrollment_cw5n1h2txyewy,1.0
6160,BMC Client Management Agent,24.1.01.240624,BMC Software Inc.,Application,,C:\Program Files\BMC Software\Client Management\Client\bin,1.0
6160,BMC Client Management Certificate Generator,24.1.01.240624,BMC Software Inc.,Application,,C:\Program Files\BMC Software\Client Management\Client\bin,1.0
6160,BMC Client Management Chilli Interpreter,24.1.01.240624,BMC Software Inc.,Application,,C:\Program Files\BMC Software\Client Management\Client\bin,1.0
6160,BMC Client Management Direct Access Proxy Agent,24.1.01.240624,BMC Software Inc.,Application,,C:\Program Files\BMC Software\Client Management\Client\bin,1.0
6160,BMC Client Management Opswat Proxy Agent,24.1.01.240624,BMC Software Inc.,Application,,C:\Program Files\BMC Software\Client Management\Client\bin,1.0
6160,BMC Client Management Package Viewer,24.1.01.240624,BMC Software Inc.,Application,,C:\Program Files\BMC Software\Client Management\Client\bin,1.0
6160,BMC Client Management Patch Broker,24.1.01.240624,BMC Software Inc.,Application,,C:\Program Files\BMC Software\Client Management\Client\bin,1.0
6160,BMC Client Management Proxy Agent,24.1.01.240624,BMC Software Inc.,Application,,C:\Program Files\BMC Software\Client Management\Client\bin,1.0
6160,BMC Client Management Remote Control proxy,24.1.01.240624,BMC Software Inc.,Application,,C:\Program Files\BMC Software\Client Management\Client\bin,1.0
6160,BMC Client Management SCAP,24.1.01.240624,BMC Software Inc.,Application,,C:\Program Files\BMC Software\Client Management\Client\bin,1.0
6160,BMC Client Management Video Proxy Agent,24.1.01.240624,BMC Software Inc.,Application,,C:\Program Files\BMC Software\Client Management\Client\bin,1.0
6160,Boot File Servicing Utility,10.0,Microsoft Corporation Inc.,Application,,C:\Windows,1.0
6160,Browser Protection Native Messaging Host,4.18,Microsoft Corporation Inc.,Application,,C:\Program Files\Windows Defender,1.0
6160,BrowserCore,10.0,Microsoft Corporation Inc.,Application,,C:\Windows\BrowserCore,1.0
6160,CameraBarcodeScannerPreview,10.0,Microsoft Corporation Inc.,Application,,C:\Windows\SystemApps\Windows.CBSPreview_cw5n1h2txyewy,1.0
6160,CL5,9.6,Ivanti,Application,,C:\Program Files\BMC Software\Client Management\Client\data\PatchManagementPremium\workspace,1.0
6160,ClickOnce,4.8,Microsoft Corporation Inc.,Application,,C:\Windows\Microsoft.NET\Framework64\v4.0.30319,3.0
6160,CnxtNotify,1.0,Conexant Systems Inc.,Application,,C:\Program Files\CONEXANT\SA3\HP-NB-AIO,1.0
6160,Common User Interface,5.8,Musarubra US LLC.,Application,,C:\Program Files\McAfee\Agent\x86,1.0
6160,Credential Dialog Host,10.0,Microsoft Corporation Inc.,Application,,C:\Windows\SystemApps\microsoft.creddialoghost_cw5n1h2txyewy,1.0
6160,CrowdStrike Device Control,7.29,CrowdStrike Inc.,Add/Remove Programs,"November 14, 2025 12:00:00 AM",,
6160,CrowdStrike Device Control Support Tool,7.29,CrowdStrike Inc.,Application,,C:\Program Files\CrowdStrike,1.0
6160,CrowdStrike Falcon Connector,7.31,CrowdStrike Inc.,Application,,C:\Program Files\CrowdStrike,1.0
6160,CrowdStrike Falcon Sensor,7.31,CrowdStrike Inc.,Application,,C:\Program Files\CrowdStrike,1.0
6160,CrowdStrike Falcon Sensor Controller,7.31,CrowdStrike Inc.,Application,,C:\Program Files\CrowdStrike,1.0
6160,CrowdStrike Falcon Sensor Service,7.31,CrowdStrike Inc.,Application,,C:\Program Files\CrowdStrike,1.0
6160,CrowdStrike Falcon Sensor Servlet Container,7.31,CrowdStrike Inc.,Application,,C:\Program Files\CrowdStrike,1.0
6160,CrowdStrike Falcon Sensor Settings Tool,7.31,CrowdStrike Inc.,Application,,C:\Program Files\CrowdStrike,1.0
6160,CrowdStrike Falcon Sensor System Tray Application,7.31,CrowdStrike Inc.,Application,,C:\Program Files\CrowdStrike,2.0
6160,CrowdStrike Firmware Analysis,7.14,CrowdStrike Inc.,Add/Remove Programs,"June 21, 2025 12:00:00 AM",,
6160,CrowdStrike Firmware Analysis Support Tool,7.14,CrowdStrike Inc.,Application,,C:\Program Files\CrowdStrike,1.0
6160,CrowdStrike On-Demand Scan Command-line Tool,7.31,CrowdStrike Inc.,Application,,C:\Program Files\CrowdStrike,1.0
7539,.NET Runtime Optimization Service,4.8,Microsoft Corporation Inc.,Application,,C:\Windows\Microsoft.NET\Framework64\v4.0.30319,2.0
7539,64Bit MAPI Mail Agent,1.0,Foxit Software Inc.,Application,,C:\Program Files (x86)\Foxit Software\Foxit PDF Reader,1.0
7539,7-Zip 19.00 (x64),19.0,Igor Pavlov,Add/Remove Programs,,C:\Program Files\7-Zip\,
7539,7-Zip Console,19.0,Igor Pavlov,Application,,C:\Program Files\7-Zip,1.0
7539,7-Zip File Manager,19.0,Igor Pavlov,Application,,C:\Program Files\7-Zip,1.0
7539,7-Zip GUI,19.0,Igor Pavlov,Application,,C:\Program Files\7-Zip,1.0
7539,Accounts Control Host,10.0,Microsoft Corporation Inc.,Application,,C:\Windows\SystemApps\Microsoft.AccountsControl_cw5n1h2txyewy,1.0
7539,ActionFXRuntimeExe,2124.35306,Microsoft Corporation Inc.,Application,,C:\Windows\SystemApps\MicrosoftWindows.Client.CBS_cw5n1h2txyewy,1.0
7539,AddSuggestedFoldersToLibraryDialog,10.0,Microsoft Corporation Inc.,Application,,C:\Windows\SystemApps\Microsoft.Windows.AddSuggestedFoldersToLibraryDialog_cw5n1h2txyewy,1.0
7539,Antimalware Core Service,4.18,Microsoft Corporation Inc.,Application,,C:\Program Files\Windows Defender,1.0
7539,Antimalware Service Executable,4.18,Microsoft Corporation Inc.,Application,,C:\Program Files\Windows Defender,1.0
7539,AppResolverUX,10.0,Microsoft Corporation Inc.,Application,,C:\Windows\SystemApps\Microsoft.Windows.AppResolverUX_cw5n1h2txyewy,1.0
7539,AsyncTextService,10.0,Microsoft Corporation Inc.,Application,,C:\Windows\SystemApps\Microsoft.AsyncTextService_8wekyb3d8bbwe,1.0
7539,Authorware Runtime,7.02,Macromedia Inc.,Application,,D:\zebra,1.0
7539,Biometric Enrollment Host,10.0,Microsoft Corporation Inc.,Application,,C:\Windows\SystemApps\Microsoft.BioEnrollment_cw5n1h2txyewy,1.0
7539,BMC Client Management Agent,24.1.01.240624,BMC Software Inc.,Application,,C:\Program Files\BMC Software\Client Management\Client\bin,1.0
7539,BMC Client Management Certificate Generator,24.1.01.240624,BMC Software Inc.,Application,,C:\Program Files\BMC Software\Client Management\Client\bin,1.0
7539,BMC Client Management Chilli Interpreter,24.1.01.240624,BMC Software Inc.,Application,,C:\Program Files\BMC Software\Client Management\Client\bin,1.0
7539,BMC Client Management Direct Access Proxy Agent,24.1.01.240624,BMC Software Inc.,Application,,C:\Program Files\BMC Software\Client Management\Client\bin,1.0
7539,BMC Client Management Opswat Proxy Agent,24.1.01.240624,BMC Software Inc.,Application,,C:\Program Files\BMC Software\Client Management\Client\bin,1.0
7539,BMC Client Management Package Viewer,24.1.01.240624,BMC Software Inc.,Application,,C:\Program Files\BMC Software\Client Management\Client\bin,1.0
7539,BMC Client Management Patch Broker,24.1.01.240624,BMC Software Inc.,Application,,C:\Program Files\BMC Software\Client Management\Client\bin,1.0
7539,BMC Client Management Proxy Agent,24.1.01.240624,BMC Software Inc.,Application,,C:\Program Files\BMC Software\Client Management\Client\bin,1.0
7539,BMC Client Management Remote Control proxy,24.1.01.240624,BMC Software Inc.,Application,,C:\Program Files\BMC Software\Client Management\Client\bin,1.0
7539,BMC Client Management SCAP,24.1.01.240624,BMC Software Inc.,Application,,C:\Program Files\BMC Software\Client Management\Client\bin,1.0
7539,BMC Client Management Video Proxy Agent,24.1.01.240624,BMC Software Inc.,Application,,C:\Program Files\BMC Software\Client Management\Client\bin,1.0
7539,Boot File Servicing Utility,10.0,Microsoft Corporation Inc.,Application,,C:\Windows,1.0
7539,Browser Protection Native Messaging Host,4.18,Microsoft Corporation Inc.,Application,,C:\Program Files\Windows Defender,1.0
7539,BrowserCore,10.0,Microsoft Corporation Inc.,Application,,C:\Windows\BrowserCore,1.0
7539,CameraBarcodeScannerPreview,10.0,Microsoft Corporation Inc.,Application,,C:\Windows\SystemApps\Windows.CBSPreview_cw5n1h2txyewy,1.0
7539,CL5,9.6,Ivanti,Application,,C:\Program Files\BMC Software\Client Management\Client\data\PatchManagementPremium\workspace,1.0
7539,ClickOnce,4.8,Microsoft Corporation Inc.,Application,,C:\Windows\Microsoft.NET\Framework64\v4.0.30319,3.0
7539,Common User Interface,5.8,Musarubra US LLC.,Application,,C:\Program Files\McAfee\Agent\x86,1.0
7539,Credential Dialog Host,10.0,Microsoft Corporation Inc.,Application,,C:\Windows\SystemApps\microsoft.creddialoghost_cw5n1h2txyewy,1.0
7539,CrowdStrike Device Control,7.29,CrowdStrike Inc.,Add/Remove Programs,"November 14, 2025 12:00:00 AM",,
7539,CrowdStrike Device Control Support Tool,7.29,CrowdStrike Inc.,Application,,C:\Program Files\CrowdStrike,1.0
7539,CrowdStrike Falcon Connector,7.32,CrowdStrike Inc.,Application,,C:\Program Files\CrowdStrike,1.0
7539,CrowdStrike Falcon Sensor,7.32,CrowdStrike Inc.,Application,,C:\Program Files\CrowdStrike,1.0
7539,CrowdStrike Falcon Sensor Controller,7.32,CrowdStrike Inc.,Application,,C:\Program Files\CrowdStrike,1.0
7539,CrowdStrike Falcon Sensor Service,7.32,CrowdStrike Inc.,Application,,C:\Program Files\CrowdStrike,1.0
7539,CrowdStrike Falcon Sensor Servlet Container,7.32,CrowdStrike Inc.,Application,,C:\Program Files\CrowdStrike,1.0
7539,CrowdStrike Falcon Sensor Settings Tool,7.32,CrowdStrike Inc.,Application,,C:\Program Files\CrowdStrike,1.0
7539,CrowdStrike Falcon Sensor System Tray Application,7.32,CrowdStrike Inc.,Application,,C:\Program Files\CrowdStrike,2.0
7539,CrowdStrike Firmware Analysis,7.14,CrowdStrike Inc.,Add/Remove Programs,"July 24, 2025 12:00:00 AM",,
7539,CrowdStrike Firmware Analysis Support Tool,7.14,CrowdStrike Inc.,Application,,C:\Program Files\CrowdStrike,1.0
7539,CrowdStrike On-Demand Scan Command-line Tool,7.32,CrowdStrike Inc.,Application,,C:\Program Files\CrowdStrike,1.0
7539,CrowdStrike On-Demand Scan Tool,7.32,CrowdStrike Inc.,Application,,C:\Program Files\CrowdStrike,1.0
7539,CrowdStrike Sensor Platform,7.32,CrowdStrike Inc.,Add/Remove Programs,"January 14, 2026 12:00:00 AM",,
7539,CrowdStrike Windows Sensor,7.32,CrowdStrike Inc.,Add/Remove Programs,"January 14, 2026 12:00:00 AM",,
7539,CxAudioSvc,1.0,Conexant Systems LLC.,Application,,C:\Windows\CxSvc,1.0
14285,.NET Runtime Optimization Service,4.8,Microsoft Corporation Inc.,Application,,C:\Windows\Microsoft.NET\Framework64\v4.0.30319,2.0
14285,64Bit MAPI Mail Agent,1.0,Foxit Software Inc.,Application,,C:\Program Files (x86)\Foxit Software\Foxit PDF Reader,1.0
14285,7-Zip 19.00 (x64),19.0,Igor Pavlov,Add/Remove Programs,,C:\Program Files\7-Zip\,
14285,7-Zip Console,19.0,Igor Pavlov,Application,,C:\Program Files\7-Zip,1.0
14285,7-Zip File Manager,19.0,Igor Pavlov,Application,,C:\Program Files\7-Zip,1.0
14285,7-Zip GUI,19.0,Igor Pavlov,Application,,C:\Program Files\7-Zip,1.0
14285,AAD token broker plugin,10.0,Microsoft Corporation Inc.,Application,,C:\Windows\SystemApps\Microsoft.AAD.BrokerPlugin_cw5n1h2txyewy,1.0
14285,Accounts Control Host,10.0,Microsoft Corporation Inc.,Application,,C:\Windows\SystemApps\Microsoft.AccountsControl_cw5n1h2txyewy,1.0
14285,AddSuggestedFoldersToLibraryDialog,10.0,Microsoft Corporation Inc.,Application,,C:\Windows\SystemApps\Microsoft.Windows.AddSuggestedFoldersToLibraryDialog_cw5n1h2txyewy,1.0
14285,Antimalware Service Executable,4.18,Microsoft Corporation Inc.,Application,,C:\Program Files\Windows Defender,1.0
14285,AppResolverUX,10.0,Microsoft Corporation Inc.,Application,,C:\Windows\SystemApps\Microsoft.Windows.AppResolverUX_cw5n1h2txyewy,1.0
14285,AsyncTextService,10.0,Microsoft Corporation Inc.,Application,,C:\Windows\SystemApps\Microsoft.AsyncTextService_8wekyb3d8bbwe,1.0
14285,Biometric Enrollment Host,10.0,Microsoft Corporation Inc.,Application,,C:\Windows\SystemApps\Microsoft.BioEnrollment_cw5n1h2txyewy,1.0
14285,BMC Client Management Agent,24.1.01.240624,BMC Software Inc.,Application,,C:\Program Files\BMC Software\Client Management\Client\bin,1.0
14285,BMC Client Management Certificate Generator,24.1.01.240624,BMC Software Inc.,Application,,C:\Program Files\BMC Software\Client Management\Client\bin,1.0
14285,BMC Client Management Chilli Interpreter,24.1.01.240624,BMC Software Inc.,Application,,C:\Program Files\BMC Software\Client Management\Client\bin,1.0
14285,BMC Client Management Direct Access Proxy Agent,24.1.01.240624,BMC Software Inc.,Application,,C:\Program Files\BMC Software\Client Management\Client\bin,1.0
14285,BMC Client Management Opswat Proxy Agent,24.1.01.240624,BMC Software Inc.,Application,,C:\Program Files\BMC Software\Client Management\Client\bin,1.0
14285,BMC Client Management Package Viewer,24.1.01.240624,BMC Software Inc.,Application,,C:\Program Files\BMC Software\Client Management\Client\bin,1.0
14285,BMC Client Management Patch Broker,24.1.01.240624,BMC Software Inc.,Application,,C:\Program Files\BMC Software\Client Management\Client\bin,1.0
14285,BMC Client Management Proxy Agent,24.1.01.240624,BMC Software Inc.,Application,,C:\Program Files\BMC Software\Client Management\Client\bin,1.0
14285,BMC Client Management Remote Control proxy,24.1.01.240624,BMC Software Inc.,Application,,C:\Program Files\BMC Software\Client Management\Client\bin,1.0
14285,BMC Client Management SCAP,24.1.01.240624,BMC Software Inc.,Application,,C:\Program Files\BMC Software\Client Management\Client\bin,1.0
14285,BMC Client Management Video Proxy Agent,24.1.01.240624,BMC Software Inc.,Application,,C:\Program Files\BMC Software\Client Management\Client\bin,1.0
14285,Boot File Servicing Utility,10.0,Microsoft Corporation Inc.,Application,,C:\Windows,1.0
14285,BrowserCore,10.0,Microsoft Corporation Inc.,Application,,C:\Windows\BrowserCore,1.0
14285,Calling App to host call progress on shell,10.0,Microsoft Corporation Inc.,Application,,C:\Windows\SystemApps\Microsoft.Windows.CallingShellApp_cw5n1h2txyewy,1.0
14285,CameraBarcodeScannerPreview,10.0,Microsoft Corporation Inc.,Application,,C:\Windows\SystemApps\Windows.CBSPreview_cw5n1h2txyewy,1.0
14285,ClickOnce,4.8,Microsoft Corporation Inc.,Application,,C:\Windows\Microsoft.NET\Framework64\v4.0.30319,3.0
14285,Common User Interface,5.8,Musarubra US LLC.,Application,,C:\Program Files\McAfee\Agent\x86,1.0
14285,Credential Dialog Host,10.0,Microsoft Corporation Inc.,Application,,C:\Windows\SystemApps\microsoft.creddialoghost_cw5n1h2txyewy,1.0
14285,CrowdStrike Device Control,7.29,CrowdStrike Inc.,Add/Remove Programs,"November 14, 2025 12:00:00 AM",,
14285,CrowdStrike Device Control Support Tool,7.29,CrowdStrike Inc.,Application,,C:\Program Files\CrowdStrike,1.0
14285,CrowdStrike Falcon Connector,7.32,CrowdStrike Inc.,Application,,C:\Program Files\CrowdStrike,1.0
14285,CrowdStrike Falcon Sensor,7.32,CrowdStrike Inc.,Application,,C:\Program Files\CrowdStrike,1.0
14285,CrowdStrike Falcon Sensor Controller,7.32,CrowdStrike Inc.,Application,,C:\Program Files\CrowdStrike,1.0
14285,CrowdStrike Falcon Sensor Service,7.32,CrowdStrike Inc.,Application,,C:\Program Files\CrowdStrike,1.0
14285,CrowdStrike Falcon Sensor Servlet Container,7.32,CrowdStrike Inc.,Application,,C:\Program Files\CrowdStrike,1.0
14285,CrowdStrike Falcon Sensor Settings Tool,7.32,CrowdStrike Inc.,Application,,C:\Program Files\CrowdStrike,1.0
14285,CrowdStrike Falcon Sensor System Tray Application,7.32,CrowdStrike Inc.,Application,,C:\Program Files\CrowdStrike,2.0
14285,CrowdStrike Firmware Analysis,7.14,CrowdStrike Inc.,Add/Remove Programs,"May 22, 2025 12:00:00 AM",,
14285,CrowdStrike Firmware Analysis Support Tool,7.14,CrowdStrike Inc.,Application,,C:\Program Files\CrowdStrike,1.0
14285,CrowdStrike On-Demand Scan Command-line Tool,7.32,CrowdStrike Inc.,Application,,C:\Program Files\CrowdStrike,1.0
14285,CrowdStrike On-Demand Scan Tool,7.32,CrowdStrike Inc.,Application,,C:\Program Files\CrowdStrike,1.0
14285,CrowdStrike Sensor Platform,7.32,CrowdStrike Inc.,Add/Remove Programs,"January 14, 2026 12:00:00 AM",,
14285,CrowdStrike Windows Sensor,7.32,CrowdStrike Inc.,Add/Remove Programs,"January 14, 2026 12:00:00 AM",,
14285,EC App,10.0,Microsoft Corporation Inc.,Application,,C:\Windows\SystemApps\Microsoft.ECApp_8wekyb3d8bbwe,1.0
14285,File Explorer,10.0,Microsoft Corporation Inc.,Application,,C:\Windows\SystemApps\Microsoft.Windows.FileExplorer_cw5n1h2txyewy,1.0
14285,File Picker,10.0,Microsoft Corporation Inc.,Application,,C:\Windows\SystemApps\Microsoft.Windows.FilePicker_cw5n1h2txyewy,1.0
14285,Foxit PDF Preview Handler Host,12.1,Foxit Corporation,Application,,C:\Program Files (x86)\Foxit Software\Foxit PDF Reader\Shell Extensions,1.0
2734,.NET Framework,3.0,Microsoft Corporation Inc.,Application,,C:\Windows\Microsoft.NET\Framework64\v3.0\Windows Communication Foundation,2.0
2734,.NET Runtime Optimization Service,4.8,Microsoft Corporation Inc.,Application,,C:\Windows\Microsoft.NET\Framework64\v4.0.30319,2.0
2734,.NET Runtime Optimization Service,2.0,Microsoft Corporation Inc.,Application,,C:\Windows\Microsoft.NET\Framework64\v2.0.50727,2.0
2734,64Bit MAPI Mail Agent,1.0,Foxit Software Inc.,Application,,C:\Program Files (x86)\Foxit Software\Foxit PDF Reader,1.0
2734,7-Zip 24.08 (x64 edition),24.08,Igor Pavlov,Add/Remove Programs,"December 02, 2024 12:00:00 AM",,
2734,7-Zip Console,24.08,Igor Pavlov,Application,,C:\Program Files\7-Zip,1.0
2734,7-Zip File Manager,24.08,Igor Pavlov,Application,,C:\Program Files\7-Zip,1.0
2734,7-Zip GUI,24.08,Igor Pavlov,Application,,C:\Program Files\7-Zip,1.0
2734,AAD token broker plugin,10.0,Microsoft Corporation Inc.,Application,,C:\Windows\SystemApps\Microsoft.AAD.BrokerPlugin_cw5n1h2txyewy,1.0
2734,Accounts Control Host,10.0,Microsoft Corporation Inc.,Application,,C:\Windows\SystemApps\Microsoft.AccountsControl_cw5n1h2txyewy,1.0
2734,AddSuggestedFoldersToLibraryDialog,10.0,Microsoft Corporation Inc.,Application,,C:\Windows\SystemApps\Microsoft.Windows.AddSuggestedFoldersToLibraryDialog_cw5n1h2txyewy,1.0
2734,Antimalware Service Executable,4.18,Microsoft Corporation Inc.,Application,,C:\Program Files\Windows Defender,1.0
2734,AppResolverUX,10.0,Microsoft Corporation Inc.,Application,,C:\Windows\SystemApps\Microsoft.Windows.AppResolverUX_cw5n1h2txyewy,1.0
2734,AsyncTextService,10.0,Microsoft Corporation Inc.,Application,,C:\Windows\SystemApps\Microsoft.AsyncTextService_8wekyb3d8bbwe,1.0
2734,Biometric Enrollment Host,10.0,Microsoft Corporation Inc.,Application,,C:\Windows\SystemApps\Microsoft.BioEnrollment_cw5n1h2txyewy,1.0
2734,BMC Client Management Agent,24.1.01.240624,BMC Software Inc.,Application,,C:\Program Files\BMC Software\Client Management\Client\bin,1.0
2734,BMC Client Management Certificate Generator,24.1.01.240624,BMC Software Inc.,Application,,C:\Program Files\BMC Software\Client Management\Client\bin,1.0
2734,BMC Client Management Chilli Interpreter,24.1.01.240624,BMC Software Inc.,Application,,C:\Program Files\BMC Software\Client Management\Client\bin,1.0
2734,BMC Client Management Direct Access Proxy Agent,24.1.01.240624,BMC Software Inc.,Application,,C:\Program Files\BMC Software\Client Management\Client\bin,1.0
2734,BMC Client Management Opswat Proxy Agent,24.1.01.240624,BMC Software Inc.,Application,,C:\Program Files\BMC Software\Client Management\Client\bin,1.0
2734,BMC Client Management Package Viewer,24.1.01.240624,BMC Software Inc.,Application,,C:\Program Files\BMC Software\Client Management\Client\bin,1.0
2734,BMC Client Management Patch Broker,24.1.01.240624,BMC Software Inc.,Application,,C:\Program Files\BMC Software\Client Management\Client\bin,1.0
2734,BMC Client Management Proxy Agent,24.1.01.240624,BMC Software Inc.,Application,,C:\Program Files\BMC Software\Client Management\Client\bin,1.0
2734,BMC Client Management Remote Control proxy,24.1.01.240624,BMC Software Inc.,Application,,C:\Program Files\BMC Software\Client Management\Client\bin,1.0
2734,BMC Client Management SCAP,24.1.01.240624,BMC Software Inc.,Application,,C:\Program Files\BMC Software\Client Management\Client\bin,1.0
2734,BMC Client Management Video Proxy Agent,24.1.01.240624,BMC Software Inc.,Application,,C:\Program Files\BMC Software\Client Management\Client\bin,1.0
2734,Boot File Servicing Utility,10.0,Microsoft Corporation Inc.,Application,,C:\Windows,1.0
2734,BrowserCore,10.0,Microsoft Corporation Inc.,Application,,C:\Windows\BrowserCore,1.0
2734,Calling App to host call progress on shell,10.0,Microsoft Corporation Inc.,Application,,C:\Windows\SystemApps\Microsoft.Windows.CallingShellApp_cw5n1h2txyewy,1.0
2734,CameraBarcodeScannerPreview,10.0,Microsoft Corporation Inc.,Application,,C:\Windows\SystemApps\Windows.CBSPreview_cw5n1h2txyewy,1.0
2734,CL5,9.6,Ivanti,Application,,C:\Program Files\BMC Software\Client Management\Client\data\PatchManagementPremium\workspace,1.0
2734,ClickOnce,4.8,Microsoft Corporation Inc.,Application,,C:\Windows\Microsoft.NET\Framework64\v4.0.30319,3.0
2734,Common User Interface,5.8,Musarubra US LLC.,Application,,C:\Program Files\McAfee\Agent\x86,1.0
2734,Credential Dialog Host,10.0,Microsoft Corporation Inc.,Application,,C:\Windows\SystemApps\microsoft.creddialoghost_cw5n1h2txyewy,1.0
2734,CrowdStrike Device Control,7.29,CrowdStrike Inc.,Add/Remove Programs,"November 14, 2025 12:00:00 AM",,
2734,CrowdStrike Device Control Support Tool,7.29,CrowdStrike Inc.,Application,,C:\Program Files\CrowdStrike,1.0
2734,CrowdStrike Falcon Connector,7.32,CrowdStrike Inc.,Application,,C:\Program Files\CrowdStrike,1.0
2734,CrowdStrike Falcon Sensor,7.32,CrowdStrike Inc.,Application,,C:\Program Files\CrowdStrike,1.0
2734,CrowdStrike Falcon Sensor Controller,7.32,CrowdStrike Inc.,Application,,C:\Program Files\CrowdStrike,1.0
2734,CrowdStrike Falcon Sensor Service,7.32,CrowdStrike Inc.,Application,,C:\Program Files\CrowdStrike,1.0
2734,CrowdStrike Falcon Sensor Servlet Container,7.32,CrowdStrike Inc.,Application,,C:\Program Files\CrowdStrike,1.0
2734,CrowdStrike Falcon Sensor Settings Tool,7.32,CrowdStrike Inc.,Application,,C:\Program Files\CrowdStrike,1.0
2734,CrowdStrike Falcon Sensor System Tray Application,7.32,CrowdStrike Inc.,Application,,C:\Program Files\CrowdStrike,2.0
2734,CrowdStrike Firmware Analysis,7.14,CrowdStrike Inc.,Add/Remove Programs,"June 18, 2025 12:00:00 AM",,
2734,CrowdStrike Firmware Analysis Support Tool,7.14,CrowdStrike Inc.,Application,,C:\Program Files\CrowdStrike,1.0
2734,CrowdStrike On-Demand Scan Command-line Tool,7.32,CrowdStrike Inc.,Application,,C:\Program Files\CrowdStrike,1.0
2734,CrowdStrike On-Demand Scan Tool,7.32,CrowdStrike Inc.,Application,,C:\Program Files\CrowdStrike,1.0
2734,CrowdStrike Sensor Platform,7.32,CrowdStrike Inc.,Add/Remove Programs,"January 14, 2026 12:00:00 AM",,
2734,CrowdStrike Windows Sensor,7.32,CrowdStrike Inc.,Add/Remove Programs,"January 14, 2026 12:00:00 AM",,
2734,Driver Configuration Application,1.0,,Application,,C:\Program Files (x86)\HP\HP Laser MFP 131 133 135-138\Setup\Setup\bin,2.0
7509,.NET Framework,3.0,Microsoft Corporation Inc.,Application,,C:\Windows\Microsoft.NET\Framework64\v3.0\Windows Communication Foundation,2.0
7509,.NET Runtime Optimization Service,4.8,Microsoft Corporation Inc.,Application,,C:\Windows\Microsoft.NET\Framework64\v4.0.30319,2.0
7509,.NET Runtime Optimization Service,2.0,Microsoft Corporation Inc.,Application,,C:\Windows\Microsoft.NET\Framework64\v2.0.50727,2.0
7509,64Bit MAPI Mail Agent,1.0,Foxit Software Inc.,Application,,C:\Program Files (x86)\Foxit Software\Foxit Reader,1.0
7509,7-Zip 23.01 (x64),23.01,Igor Pavlov,Add/Remove Programs,,C:\Program Files\7-Zip\,
7509,7-Zip Console,23.01,Igor Pavlov,Application,,C:\Program Files\7-Zip,1.0
7509,7-Zip File Manager,23.01,Igor Pavlov,Application,,C:\Program Files\7-Zip,1.0
7509,7-Zip GUI,23.01,Igor Pavlov,Application,,C:\Program Files\7-Zip,1.0
7509,AAD token broker plugin,10.0,Microsoft Corporation Inc.,Application,,C:\Windows\SystemApps\Microsoft.AAD.BrokerPlugin_cw5n1h2txyewy,1.0
7509,Accounts Control Host,10.0,Microsoft Corporation Inc.,Application,,C:\Windows\SystemApps\Microsoft.AccountsControl_cw5n1h2txyewy,1.0
7509,AddSuggestedFoldersToLibraryDialog,10.0,Microsoft Corporation Inc.,Application,,C:\Windows\SystemApps\Microsoft.Windows.AddSuggestedFoldersToLibraryDialog_cw5n1h2txyewy,1.0
7509,Antimalware Service Executable,4.18,Microsoft Corporation Inc.,Application,,C:\Program Files\Windows Defender,1.0
7509,AppResolverUX,10.0,Microsoft Corporation Inc.,Application,,C:\Windows\SystemApps\Microsoft.Windows.AppResolverUX_cw5n1h2txyewy,1.0
7509,AsyncTextService,10.0,Microsoft Corporation Inc.,Application,,C:\Windows\SystemApps\Microsoft.AsyncTextService_8wekyb3d8bbwe,1.0
7509,Authorware Runtime,7.02,Macromedia Inc.,Application,,D:\zebra,1.0
7509,Biometric Enrollment Host,10.0,Microsoft Corporation Inc.,Application,,C:\Windows\SystemApps\Microsoft.BioEnrollment_cw5n1h2txyewy,1.0
7509,BMC Client Management Agent,24.1.01.240624,BMC Software Inc.,Application,,C:\Program Files\BMC Software\Client Management\Client\bin,1.0
7509,BMC Client Management Certificate Generator,24.1.01.240624,BMC Software Inc.,Application,,C:\Program Files\BMC Software\Client Management\Client\bin,1.0
7509,BMC Client Management Chilli Interpreter,24.1.01.240624,BMC Software Inc.,Application,,C:\Program Files\BMC Software\Client Management\Client\bin,1.0
7509,BMC Client Management Direct Access Proxy Agent,24.1.01.240624,BMC Software Inc.,Application,,C:\Program Files\BMC Software\Client Management\Client\bin,1.0
7509,BMC Client Management Opswat Proxy Agent,24.1.01.240624,BMC Software Inc.,Application,,C:\Program Files\BMC Software\Client Management\Client\bin,1.0
7509,BMC Client Management Package Viewer,24.1.01.240624,BMC Software Inc.,Application,,C:\Program Files\BMC Software\Client Management\Client\bin,1.0
7509,BMC Client Management Patch Broker,24.1.01.240624,BMC Software Inc.,Application,,C:\Program Files\BMC Software\Client Management\Client\bin,1.0
7509,BMC Client Management Proxy Agent,24.1.01.240624,BMC Software Inc.,Application,,C:\Program Files\BMC Software\Client Management\Client\bin,1.0
7509,BMC Client Management Remote Control proxy,24.1.01.240624,BMC Software Inc.,Application,,C:\Program Files\BMC Software\Client Management\Client\bin,1.0
7509,BMC Client Management SCAP,24.1.01.240624,BMC Software Inc.,Application,,C:\Program Files\BMC Software\Client Management\Client\bin,1.0
7509,BMC Client Management Video Proxy Agent,24.1.01.240624,BMC Software Inc.,Application,,C:\Program Files\BMC Software\Client Management\Client\bin,1.0
7509,Boot File Servicing Utility,10.0,Microsoft Corporation Inc.,Application,,C:\Windows,1.0
7509,BrowserCore,10.0,Microsoft Corporation Inc.,Application,,C:\Windows\BrowserCore,1.0
7509,Calling App to host call progress on shell,10.0,Microsoft Corporation Inc.,Application,,C:\Windows\SystemApps\Microsoft.Windows.CallingShellApp_cw5n1h2txyewy,1.0
7509,CameraBarcodeScannerPreview,10.0,Microsoft Corporation Inc.,Application,,C:\Windows\SystemApps\Windows.CBSPreview_cw5n1h2txyewy,1.0
7509,ClickOnce,4.8,Microsoft Corporation Inc.,Application,,C:\Windows\Microsoft.NET\Framework64\v4.0.30319,3.0
7509,Common User Interface,5.8,Musarubra US LLC.,Application,,C:\Program Files\McAfee\Agent\x86,1.0
7509,Credential Dialog Host,10.0,Microsoft Corporation Inc.,Application,,C:\Windows\SystemApps\microsoft.creddialoghost_cw5n1h2txyewy,1.0
7509,CrowdStrike Device Control,7.29,CrowdStrike Inc.,Add/Remove Programs,"November 14, 2025 12:00:00 AM",,
7509,CrowdStrike Device Control Support Tool,7.29,CrowdStrike Inc.,Application,,C:\Program Files\CrowdStrike,1.0
7509,CrowdStrike Falcon Connector,7.32,CrowdStrike Inc.,Application,,C:\Program Files\CrowdStrike,1.0
7509,CrowdStrike Falcon Sensor,7.32,CrowdStrike Inc.,Application,,C:\Program Files\CrowdStrike,1.0
7509,CrowdStrike Falcon Sensor Controller,7.32,CrowdStrike Inc.,Application,,C:\Program Files\CrowdStrike,1.0
7509,CrowdStrike Falcon Sensor Service,7.32,CrowdStrike Inc.,Application,,C:\Program Files\CrowdStrike,1.0
7509,CrowdStrike Falcon Sensor Servlet Container,7.32,CrowdStrike Inc.,Application,,C:\Program Files\CrowdStrike,1.0
7509,CrowdStrike Falcon Sensor Settings Tool,7.32,CrowdStrike Inc.,Application,,C:\Program Files\CrowdStrike,1.0
7509,CrowdStrike Falcon Sensor System Tray Application,7.32,CrowdStrike Inc.,Application,,C:\Program Files\CrowdStrike,2.0
7509,CrowdStrike Firmware Analysis,7.14,CrowdStrike Inc.,Add/Remove Programs,"April 29, 2025 12:00:00 AM",,
7509,CrowdStrike Firmware Analysis Support Tool,7.14,CrowdStrike Inc.,Application,,C:\Program Files\CrowdStrike,1.0
7509,CrowdStrike On-Demand Scan Command-line Tool,7.32,CrowdStrike Inc.,Application,,C:\Program Files\CrowdStrike,1.0
7509,CrowdStrike On-Demand Scan Tool,7.32,CrowdStrike Inc.,Application,,C:\Program Files\CrowdStrike,1.0
7509,CrowdStrike Sensor Platform,7.32,CrowdStrike Inc.,Add/Remove Programs,"January 14, 2026 12:00:00 AM",,
7509,CrowdStrike Windows Sensor,7.32,CrowdStrike Inc.,Add/Remove Programs,"January 14, 2026 12:00:00 AM",,
7509,CxAudioSvc,1.0,Conexant Systems LLC.,Application,,C:\Windows\CxSvc,1.0
4958,.NET Runtime Optimization Service,4.8,Microsoft Corporation Inc.,Application,,C:\Windows\Microsoft.NET\Framework64\v4.0.30319,2.0
4958,64Bit MAPI Mail Agent,1.0,Foxit Software Inc.,Application,,C:\Program Files (x86)\Foxit Software\Foxit PDF Reader,1.0
4958,7-Zip 19.00 (x64),19.0,Igor Pavlov,Add/Remove Programs,,C:\Program Files\7-Zip\,
4958,7-Zip Console,19.0,Igor Pavlov,Application,,C:\Program Files\7-Zip,1.0
4958,7-Zip File Manager,19.0,Igor Pavlov,Application,,C:\Program Files\7-Zip,1.0
4958,7-Zip GUI,19.0,Igor Pavlov,Application,,C:\Program Files\7-Zip,1.0
4958,Accounts Control Host,10.0,Microsoft Corporation Inc.,Application,,C:\Windows\SystemApps\Microsoft.AccountsControl_cw5n1h2txyewy,1.0
4958,ActionFXRuntimeExe,2124.35306,Microsoft Corporation Inc.,Application,,C:\Windows\SystemApps\MicrosoftWindows.Client.CBS_cw5n1h2txyewy,1.0
4958,AddSuggestedFoldersToLibraryDialog,10.0,Microsoft Corporation Inc.,Application,,C:\Windows\SystemApps\Microsoft.Windows.AddSuggestedFoldersToLibraryDialog_cw5n1h2txyewy,1.0
4958,Antimalware Core Service,4.18,Microsoft Corporation Inc.,Application,,C:\Program Files\Windows Defender,1.0
4958,Antimalware Service Executable,4.18,Microsoft Corporation Inc.,Application,,C:\Program Files\Windows Defender,1.0
4958,AppResolverUX,10.0,Microsoft Corporation Inc.,Application,,C:\Windows\SystemApps\Microsoft.Windows.AppResolverUX_cw5n1h2txyewy,1.0
4958,AsyncTextService,10.0,Microsoft Corporation Inc.,Application,,C:\Windows\SystemApps\Microsoft.AsyncTextService_8wekyb3d8bbwe,1.0
4958,Authorware Runtime,7.02,Macromedia Inc.,Application,,D:\zebra,2.0
4958,Biometric Enrollment Host,10.0,Microsoft Corporation Inc.,Application,,C:\Windows\SystemApps\Microsoft.BioEnrollment_cw5n1h2txyewy,1.0
4958,BMC Client Management Agent,24.1.01.240624,BMC Software Inc.,Application,,C:\Program Files\BMC Software\Client Management\Client\bin,1.0
4958,BMC Client Management Certificate Generator,24.1.01.240624,BMC Software Inc.,Application,,C:\Program Files\BMC Software\Client Management\Client\bin,1.0
4958,BMC Client Management Chilli Interpreter,24.1.01.240624,BMC Software Inc.,Application,,C:\Program Files\BMC Software\Client Management\Client\bin,1.0
4958,BMC Client Management Direct Access Proxy Agent,24.1.01.240624,BMC Software Inc.,Application,,C:\Program Files\BMC Software\Client Management\Client\bin,1.0
4958,BMC Client Management Opswat Proxy Agent,24.1.01.240624,BMC Software Inc.,Application,,C:\Program Files\BMC Software\Client Management\Client\bin,1.0
4958,BMC Client Management Package Viewer,24.1.01.240624,BMC Software Inc.,Application,,C:\Program Files\BMC Software\Client Management\Client\bin,1.0
4958,BMC Client Management Patch Broker,24.1.01.240624,BMC Software Inc.,Application,,C:\Program Files\BMC Software\Client Management\Client\bin,1.0
4958,BMC Client Management Proxy Agent,24.1.01.240624,BMC Software Inc.,Application,,C:\Program Files\BMC Software\Client Management\Client\bin,1.0
4958,BMC Client Management Remote Control proxy,24.1.01.240624,BMC Software Inc.,Application,,C:\Program Files\BMC Software\Client Management\Client\bin,1.0
4958,BMC Client Management SCAP,24.1.01.240624,BMC Software Inc.,Application,,C:\Program Files\BMC Software\Client Management\Client\bin,1.0
4958,BMC Client Management Video Proxy Agent,24.1.01.240624,BMC Software Inc.,Application,,C:\Program Files\BMC Software\Client Management\Client\bin,1.0
4958,Boot File Servicing Utility,10.0,Microsoft Corporation Inc.,Application,,C:\Windows,1.0
4958,Browser Protection Native Messaging Host,4.18,Microsoft Corporation Inc.,Application,,C:\Program Files\Windows Defender,1.0
4958,BrowserCore,10.0,Microsoft Corporation Inc.,Application,,C:\Windows\BrowserCore,1.0
4958,CameraBarcodeScannerPreview,10.0,Microsoft Corporation Inc.,Application,,C:\Windows\SystemApps\Windows.CBSPreview_cw5n1h2txyewy,1.0
4958,ChromeEnterpriseCompanion,143.0,Google LLC,Application,,C:\Windows\SystemTemp\scoped_dir14264_2113024641\scoped_dir14264_1085803845,1.0
4958,ClickOnce,4.8,Microsoft Corporation Inc.,Application,,C:\Windows\Microsoft.NET\Framework64\v4.0.30319,3.0
4958,Common User Interface,5.8,Musarubra US LLC.,Application,,C:\Program Files\McAfee\Agent\x86,1.0
4958,Credential Dialog Host,10.0,Microsoft Corporation Inc.,Application,,C:\Windows\SystemApps\microsoft.creddialoghost_cw5n1h2txyewy,1.0
4958,CrowdStrike Device Control,7.29,CrowdStrike Inc.,Add/Remove Programs,"November 14, 2025 12:00:00 AM",,
4958,CrowdStrike Device Control Support Tool,7.29,CrowdStrike Inc.,Application,,C:\Program Files\CrowdStrike,1.0
4958,CrowdStrike Falcon Connector,7.31,CrowdStrike Inc.,Application,,C:\Program Files\CrowdStrike,1.0
4958,CrowdStrike Falcon Sensor,7.31,CrowdStrike Inc.,Application,,C:\Program Files\CrowdStrike,1.0
4958,CrowdStrike Falcon Sensor Controller,7.31,CrowdStrike Inc.,Application,,C:\Program Files\CrowdStrike,1.0
4958,CrowdStrike Falcon Sensor Service,7.31,CrowdStrike Inc.,Application,,C:\Program Files\CrowdStrike,1.0
4958,CrowdStrike Falcon Sensor Servlet Container,7.31,CrowdStrike Inc.,Application,,C:\Program Files\CrowdStrike,1.0
4958,CrowdStrike Falcon Sensor Settings Tool,7.31,CrowdStrike Inc.,Application,,C:\Program Files\CrowdStrike,1.0
4958,CrowdStrike Falcon Sensor System Tray Application,7.31,CrowdStrike Inc.,Application,,C:\Program Files\CrowdStrike,2.0
4958,CrowdStrike Firmware Analysis,7.14,CrowdStrike Inc.,Add/Remove Programs,"February 28, 2025 12:00:00 AM",,
4958,CrowdStrike Firmware Analysis Support Tool,7.14,CrowdStrike Inc.,Application,,C:\Program Files\CrowdStrike,1.0
4958,CrowdStrike On-Demand Scan Command-line Tool,7.31,CrowdStrike Inc.,Application,,C:\Program Files\CrowdStrike,1.0
4958,CrowdStrike On-Demand Scan Tool,7.31,CrowdStrike Inc.,Application,,C:\Program Files\CrowdStrike,1.0
4958,CrowdStrike Sensor Platform,7.31,CrowdStrike Inc.,Add/Remove Programs,"December 10, 2025 12:00:00 AM",,
4958,CrowdStrike Windows Sensor,7.31,CrowdStrike Inc.,Add/Remove Programs,"December 10, 2025 12:00:00 AM",,
4958,CxAudioSvc,1.0,Conexant Systems LLC.,Application,,C:\Windows\CxSvc,1.0
4345,.NET Runtime Optimization Service,4.8,Microsoft Corporation Inc.,Application,,C:\Windows\Microsoft.NET\Framework64\v4.0.30319,2.0
4345,64Bit MAPI Mail Agent,1.0,Foxit Software Inc.,Application,,C:\Program Files (x86)\Foxit Software\Foxit PDF Reader,1.0
4345,7-Zip 24.09 (x64),24.09,Igor Pavlov,Add/Remove Programs,,C:\Program Files\7-Zip\,
4345,7-Zip Console,24.09,Igor Pavlov,Application,,C:\Program Files\7-Zip,1.0
4345,7-Zip File Manager,24.09,Igor Pavlov,Application,,C:\Program Files\7-Zip,1.0
4345,7-Zip GUI,24.09,Igor Pavlov,Application,,C:\Program Files\7-Zip,1.0
4345,Accounts Control Host,10.0,Microsoft Corporation Inc.,Application,,C:\Windows\SystemApps\Microsoft.AccountsControl_cw5n1h2txyewy,1.0
4345,AddSuggestedFoldersToLibraryDialog,10.0,Microsoft Corporation Inc.,Application,,C:\Windows\SystemApps\Microsoft.Windows.AddSuggestedFoldersToLibraryDialog_cw5n1h2txyewy,1.0
4345,Antimalware Core Service,4.18,Microsoft Corporation Inc.,Application,,C:\Program Files\Windows Defender,1.0
4345,Antimalware Service Executable,4.18,Microsoft Corporation Inc.,Application,,C:\Program Files\Windows Defender,1.0
4345,AppResolverUX,10.0,Microsoft Corporation Inc.,Application,,C:\Windows\SystemApps\Microsoft.Windows.AppResolverUX_cw5n1h2txyewy,1.0
4345,AsyncTextService,10.0,Microsoft Corporation Inc.,Application,,C:\Windows\SystemApps\Microsoft.AsyncTextService_8wekyb3d8bbwe,1.0
4345,Authorware Runtime,7.02,Macromedia Inc.,Application,,D:\zebra,3.0
4345,Biometric Enrollment Host,10.0,Microsoft Corporation Inc.,Application,,C:\Windows\SystemApps\Microsoft.BioEnrollment_cw5n1h2txyewy,1.0
4345,BMC Client Management Agent,24.1.01.240624,BMC Software Inc.,Application,,C:\Program Files\BMC Software\Client Management\Client\bin,1.0
4345,BMC Client Management Certificate Generator,24.1.01.240624,BMC Software Inc.,Application,,C:\Program Files\BMC Software\Client Management\Client\bin,1.0
4345,BMC Client Management Chilli Interpreter,24.1.01.240624,BMC Software Inc.,Application,,C:\Program Files\BMC Software\Client Management\Client\bin,1.0
4345,BMC Client Management Direct Access Proxy Agent,24.1.01.240624,BMC Software Inc.,Application,,C:\Program Files\BMC Software\Client Management\Client\bin,1.0
4345,BMC Client Management Opswat Proxy Agent,24.1.01.240624,BMC Software Inc.,Application,,C:\Program Files\BMC Software\Client Management\Client\bin,1.0
4345,BMC Client Management Package Viewer,24.1.01.240624,BMC Software Inc.,Application,,C:\Program Files\BMC Software\Client Management\Client\bin,1.0
4345,BMC Client Management Patch Broker,24.1.01.240624,BMC Software Inc.,Application,,C:\Program Files\BMC Software\Client Management\Client\bin,1.0
4345,BMC Client Management Proxy Agent,24.1.01.240624,BMC Software Inc.,Application,,C:\Program Files\BMC Software\Client Management\Client\bin,1.0
4345,BMC Client Management Remote Control proxy,24.1.01.240624,BMC Software Inc.,Application,,C:\Program Files\BMC Software\Client Management\Client\bin,1.0
4345,BMC Client Management SCAP,24.1.01.240624,BMC Software Inc.,Application,,C:\Program Files\BMC Software\Client Management\Client\bin,1.0
4345,BMC Client Management SFX,24.1.01.240624,BMC Software Inc.,Application,,D:\New folder,1.0
4345,BMC Client Management Video Proxy Agent,24.1.01.240624,BMC Software Inc.,Application,,C:\Program Files\BMC Software\Client Management\Client\bin,1.0
4345,Boot File Servicing Utility,10.0,Microsoft Corporation Inc.,Application,,C:\Windows,1.0
4345,Browser Protection Native Messaging Host,4.18,Microsoft Corporation Inc.,Application,,C:\Program Files\Windows Defender,1.0
4345,BrowserCore,10.0,Microsoft Corporation Inc.,Application,,C:\Windows\BrowserCore,1.0
4345,CameraBarcodeScannerPreview,10.0,Microsoft Corporation Inc.,Application,,C:\Windows\SystemApps\Windows.CBSPreview_cw5n1h2txyewy,1.0
4345,Canon LBP6000/LBP6018,,,Add/Remove Programs,,,
4345,ClickOnce,4.8,Microsoft Corporation Inc.,Application,,C:\Windows\Microsoft.NET\Framework64\v4.0.30319,3.0
4345,Common User Interface,5.8,Musarubra US LLC.,Application,,C:\Program Files\McAfee\Agent\x86,1.0
4345,Credential Dialog Host,10.0,Microsoft Corporation Inc.,Application,,C:\Windows\SystemApps\microsoft.creddialoghost_cw5n1h2txyewy,1.0
4345,CrowdStrike Device Control,7.29,CrowdStrike Inc.,Add/Remove Programs,"November 14, 2025 12:00:00 AM",,
4345,CrowdStrike Device Control Support Tool,7.29,CrowdStrike Inc.,Application,,C:\Program Files\CrowdStrike,1.0
4345,CrowdStrike Falcon Connector,7.31,CrowdStrike Inc.,Application,,C:\Program Files\CrowdStrike,1.0
4345,CrowdStrike Falcon Sensor,7.31,CrowdStrike Inc.,Application,,C:\Program Files\CrowdStrike,1.0
4345,CrowdStrike Falcon Sensor Controller,7.31,CrowdStrike Inc.,Application,,C:\Program Files\CrowdStrike,1.0
4345,CrowdStrike Falcon Sensor Service,7.31,CrowdStrike Inc.,Application,,C:\Program Files\CrowdStrike,1.0
4345,CrowdStrike Falcon Sensor Servlet Container,7.31,CrowdStrike Inc.,Application,,C:\Program Files\CrowdStrike,1.0
4345,CrowdStrike Falcon Sensor Settings Tool,7.31,CrowdStrike Inc.,Application,,C:\Program Files\CrowdStrike,1.0
4345,CrowdStrike Falcon Sensor System Tray Application,7.31,CrowdStrike Inc.,Application,,C:\Program Files\CrowdStrike,2.0
4345,CrowdStrike Firmware Analysis,7.14,CrowdStrike Inc.,Add/Remove Programs,"April 30, 2025 12:00:00 AM",,
4345,CrowdStrike Firmware Analysis Support Tool,7.14,CrowdStrike Inc.,Application,,C:\Program Files\CrowdStrike,1.0
4345,CrowdStrike On-Demand Scan Command-line Tool,7.31,CrowdStrike Inc.,Application,,C:\Program Files\CrowdStrike,1.0
4345,CrowdStrike On-Demand Scan Tool,7.31,CrowdStrike Inc.,Application,,C:\Program Files\CrowdStrike,1.0
4345,CrowdStrike Sensor Platform,7.31,CrowdStrike Inc.,Add/Remove Programs,"December 10, 2025 12:00:00 AM",,
4345,CrowdStrike Windows Sensor,7.31,CrowdStrike Inc.,Add/Remove Programs,"December 10, 2025 12:00:00 AM",,
4345,EC App,10.0,Microsoft Corporation Inc.,Application,,C:\Windows\SystemApps\Microsoft.ECApp_8wekyb3d8bbwe,1.0
4379,.NET Framework,3.0,Microsoft Corporation Inc.,Application,,C:\Windows\Microsoft.NET\Framework64\v3.0\Windows Communication Foundation,2.0
4379,.NET Runtime Optimization Service,4.8,Microsoft Corporation Inc.,Application,,C:\Windows\Microsoft.NET\Framework64\v4.0.30319,2.0
4379,.NET Runtime Optimization Service,2.0,Microsoft Corporation Inc.,Application,,C:\Windows\Microsoft.NET\Framework64\v2.0.50727,2.0
4379,64Bit MAPI Mail Agent,1.0,Foxit Software Inc.,Application,,C:\Program Files (x86)\Foxit Software\Foxit PDF Reader,1.0
4379,7-Zip 23.01 (x64),23.01,Igor Pavlov,Add/Remove Programs,,C:\Program Files\7-Zip\,
4379,7-Zip Console,23.01,Igor Pavlov,Application,,C:\Program Files\7-Zip,1.0
4379,7-Zip File Manager,23.01,Igor Pavlov,Application,,C:\Program Files\7-Zip,1.0
4379,7-Zip GUI,23.01,Igor Pavlov,Application,,C:\Program Files\7-Zip,1.0
4379,AAD token broker plugin,10.0,Microsoft Corporation Inc.,Application,,C:\Windows\SystemApps\Microsoft.AAD.BrokerPlugin_cw5n1h2txyewy,1.0
4379,ABBYY FineReader background executor,11.0,ABBYY Production LLC,Application,,C:\Program Files (x86)\ABBYY FineReader for ScanSnap,1.0
4379,ABBYY FineReader for ScanSnap (TM) 5.0,11.0,ABBYY Production LLC,Application,"May 21, 2025 12:00:00 AM",C:\Program Files (x86)\ABBYY FineReader for ScanSnap,5.0
4379,Accounts Control Host,10.0,Microsoft Corporation Inc.,Application,,C:\Windows\SystemApps\Microsoft.AccountsControl_cw5n1h2txyewy,1.0
4379,AddSuggestedFoldersToLibraryDialog,10.0,Microsoft Corporation Inc.,Application,,C:\Windows\SystemApps\Microsoft.Windows.AddSuggestedFoldersToLibraryDialog_cw5n1h2txyewy,1.0
4379,AInfo,11.0,ABBYY InfoPoisk LLC,Application,,C:\Program Files (x86)\ABBYY FineReader for ScanSnap\Support,1.0
4379,Antimalware Service Executable,4.18,Microsoft Corporation Inc.,Application,,C:\Program Files\Windows Defender,1.0
4379,AppResolverUX,10.0,Microsoft Corporation Inc.,Application,,C:\Windows\SystemApps\Microsoft.Windows.AppResolverUX_cw5n1h2txyewy,1.0
4379,AsyncTextService,10.0,Microsoft Corporation Inc.,Application,,C:\Windows\SystemApps\Microsoft.AsyncTextService_8wekyb3d8bbwe,1.0
4379,Biometric Enrollment Host,10.0,Microsoft Corporation Inc.,Application,,C:\Windows\SystemApps\Microsoft.BioEnrollment_cw5n1h2txyewy,1.0
4379,BMC Client Management Agent,24.1.01.240624,BMC Software Inc.,Application,,C:\Program Files\BMC Software\Client Management\Client\bin,1.0
4379,BMC Client Management Certificate Generator,24.1.01.240624,BMC Software Inc.,Application,,C:\Program Files\BMC Software\Client Management\Client\bin,1.0
4379,BMC Client Management Chilli Interpreter,24.1.01.240624,BMC Software Inc.,Application,,C:\Program Files\BMC Software\Client Management\Client\bin,1.0
4379,BMC Client Management Direct Access Proxy Agent,24.1.01.240624,BMC Software Inc.,Application,,C:\Program Files\BMC Software\Client Management\Client\bin,1.0
4379,BMC Client Management Opswat Proxy Agent,24.1.01.240624,BMC Software Inc.,Application,,C:\Program Files\BMC Software\Client Management\Client\bin,1.0
4379,BMC Client Management Package Viewer,24.1.01.240624,BMC Software Inc.,Application,,C:\Program Files\BMC Software\Client Management\Client\bin,1.0
4379,BMC Client Management Patch Broker,24.1.01.240624,BMC Software Inc.,Application,,C:\Program Files\BMC Software\Client Management\Client\bin,1.0
4379,BMC Client Management Proxy Agent,24.1.01.240624,BMC Software Inc.,Application,,C:\Program Files\BMC Software\Client Management\Client\bin,1.0
4379,BMC Client Management Remote Control proxy,24.1.01.240624,BMC Software Inc.,Application,,C:\Program Files\BMC Software\Client Management\Client\bin,1.0
4379,BMC Client Management SCAP,24.1.01.240624,BMC Software Inc.,Application,,C:\Program Files\BMC Software\Client Management\Client\bin,1.0
4379,BMC Client Management Video Proxy Agent,24.1.01.240624,BMC Software Inc.,Application,,C:\Program Files\BMC Software\Client Management\Client\bin,1.0
4379,Boot File Servicing Utility,10.0,Microsoft Corporation Inc.,Application,,C:\Windows,1.0
4379,BrowserCore,10.0,Microsoft Corporation Inc.,Application,,C:\Windows\BrowserCore,1.0
4379,Caching Initialization Tool,5.6,PFU LIMITED,Application,,C:\Program Files (x86)\PFU\ScanSnap\Organizer,1.0
4379,Calling App to host call progress on shell,10.0,Microsoft Corporation Inc.,Application,,C:\Windows\SystemApps\Microsoft.Windows.CallingShellApp_cw5n1h2txyewy,1.0
4379,CameraBarcodeScannerPreview,10.0,Microsoft Corporation Inc.,Application,,C:\Windows\SystemApps\Windows.CBSPreview_cw5n1h2txyewy,1.0
4379,CardMinder,5.3,PFU LIMITED,Application,"May 21, 2025 12:00:00 AM",C:\Program Files (x86)\PFU\ScanSnap\CardMinder,1.0
4379,CardMinder Mobile Viewer,5.3,PFU LIMITED,Application,,C:\Program Files (x86)\PFU\ScanSnap\CardMinder\BzCardViewer\BzCardViewer\Program,1.0
4379,CardMinder V5.3,5.3,PFU,Add/Remove Programs,"May 21, 2025 12:00:00 AM",C:\Program Files (x86)\PFU\ScanSnap\CardMinder\,
4379,CardMinder Viewer,5.3,PFU LIMITED,Application,,C:\Program Files (x86)\PFU\ScanSnap\CardMinder,1.0
4379,Check PDF,5.6,PFU LIMITED,Application,,C:\Program Files (x86)\PFU\ScanSnap\Organizer,2.0
4379,CL5,9.6,Ivanti,Application,,C:\Program Files\BMC Software\Client Management\Client\data\PatchManagementPremium\workspace,1.0
4379,ClickOnce,4.8,Microsoft Corporation Inc.,Application,,C:\Windows\Microsoft.NET\Framework64\v4.0.30319,3.0
4379,Common User Interface,5.8,Musarubra US LLC.,Application,,C:\Program Files\McAfee\Agent\x86,1.0
4379,Credential Dialog Host,10.0,Microsoft Corporation Inc.,Application,,C:\Windows\SystemApps\microsoft.creddialoghost_cw5n1h2txyewy,1.0
4379,CrowdStrike Device Control,7.29,CrowdStrike Inc.,Add/Remove Programs,"November 14, 2025 12:00:00 AM",,
4379,CrowdStrike Device Control Support Tool,7.29,CrowdStrike Inc.,Application,,C:\Program Files\CrowdStrike,1.0
4379,CrowdStrike Falcon Connector,7.32,CrowdStrike Inc.,Application,,C:\Program Files\CrowdStrike,1.0
4379,CrowdStrike Falcon Sensor,7.32,CrowdStrike Inc.,Application,,C:\Program Files\CrowdStrike,1.0
4379,CrowdStrike Falcon Sensor Controller,7.32,CrowdStrike Inc.,Application,,C:\Program Files\CrowdStrike,1.0
4379,CrowdStrike Falcon Sensor Service,7.32,CrowdStrike Inc.,Application,,C:\Program Files\CrowdStrike,1.0
4379,CrowdStrike Falcon Sensor Servlet Container,7.32,CrowdStrike Inc.,Application,,C:\Program Files\CrowdStrike,1.0
4961,.NET Runtime Optimization Service,4.8,Microsoft Corporation Inc.,Application,,C:\Windows\Microsoft.NET\Framework64\v4.0.30319,2.0
4961,64Bit MAPI Mail Agent,1.0,Foxit Software Inc.,Application,,C:\Program Files (x86)\Foxit Software\Foxit PDF Reader,1.0
4961,7-Zip 19.00 (x64),19.0,Igor Pavlov,Add/Remove Programs,,C:\Program Files\7-Zip\,
4961,7-Zip Console,19.0,Igor Pavlov,Application,,C:\Program Files\7-Zip,1.0
4961,7-Zip File Manager,19.0,Igor Pavlov,Application,,C:\Program Files\7-Zip,1.0
4961,7-Zip GUI,19.0,Igor Pavlov,Application,,C:\Program Files\7-Zip,1.0
4961,AAD token broker plugin,10.0,Microsoft Corporation Inc.,Application,,C:\Windows\SystemApps\Microsoft.AAD.BrokerPlugin_cw5n1h2txyewy,1.0
4961,Accounts Control Host,10.0,Microsoft Corporation Inc.,Application,,C:\Windows\SystemApps\Microsoft.AccountsControl_cw5n1h2txyewy,1.0
4961,AddSuggestedFoldersToLibraryDialog,10.0,Microsoft Corporation Inc.,Application,,C:\Windows\SystemApps\Microsoft.Windows.AddSuggestedFoldersToLibraryDialog_cw5n1h2txyewy,1.0
4961,Antimalware Service Executable,4.18,Microsoft Corporation Inc.,Application,,C:\Program Files\Windows Defender,1.0
4961,AppResolverUX,10.0,Microsoft Corporation Inc.,Application,,C:\Windows\SystemApps\Microsoft.Windows.AppResolverUX_cw5n1h2txyewy,1.0
4961,AsyncTextService,10.0,Microsoft Corporation Inc.,Application,,C:\Windows\SystemApps\Microsoft.AsyncTextService_8wekyb3d8bbwe,1.0
4961,Biometric Enrollment Host,10.0,Microsoft Corporation Inc.,Application,,C:\Windows\SystemApps\Microsoft.BioEnrollment_cw5n1h2txyewy,1.0
4961,BMC Client Management Agent,24.1.01.240624,BMC Software Inc.,Application,,C:\Program Files\BMC Software\Client Management\Client\bin,1.0
4961,BMC Client Management Certificate Generator,24.1.01.240624,BMC Software Inc.,Application,,C:\Program Files\BMC Software\Client Management\Client\bin,1.0
4961,BMC Client Management Chilli Interpreter,24.1.01.240624,BMC Software Inc.,Application,,C:\Program Files\BMC Software\Client Management\Client\bin,1.0
4961,BMC Client Management Direct Access Proxy Agent,24.1.01.240624,BMC Software Inc.,Application,,C:\Program Files\BMC Software\Client Management\Client\bin,1.0
4961,BMC Client Management Opswat Proxy Agent,24.1.01.240624,BMC Software Inc.,Application,,C:\Program Files\BMC Software\Client Management\Client\bin,1.0
4961,BMC Client Management Package Viewer,24.1.01.240624,BMC Software Inc.,Application,,C:\Program Files\BMC Software\Client Management\Client\bin,1.0
4961,BMC Client Management Patch Broker,24.1.01.240624,BMC Software Inc.,Application,,C:\Program Files\BMC Software\Client Management\Client\bin,1.0
4961,BMC Client Management Proxy Agent,24.1.01.240624,BMC Software Inc.,Application,,C:\Program Files\BMC Software\Client Management\Client\bin,1.0
4961,BMC Client Management Remote Control proxy,24.1.01.240624,BMC Software Inc.,Application,,C:\Program Files\BMC Software\Client Management\Client\bin,1.0
4961,BMC Client Management SCAP,24.1.01.240624,BMC Software Inc.,Application,,C:\Program Files\BMC Software\Client Management\Client\bin,1.0
4961,BMC Client Management Video Proxy Agent,24.1.01.240624,BMC Software Inc.,Application,,C:\Program Files\BMC Software\Client Management\Client\bin,1.0
4961,Boot File Servicing Utility,10.0,Microsoft Corporation Inc.,Application,,C:\Windows,1.0
4961,Boot Sector Manipulation Tool,10.0,Microsoft Corporation Inc.,Application,,C:\Users\joinuser.yanfin\Videos\Win11_23H2_English_x64v2\boot,1.0
4961,BrowserCore,10.0,Microsoft Corporation Inc.,Application,,C:\Windows\BrowserCore,1.0
4961,Calling App to host call progress on shell,10.0,Microsoft Corporation Inc.,Application,,C:\Windows\SystemApps\Microsoft.Windows.CallingShellApp_cw5n1h2txyewy,1.0
4961,CameraBarcodeScannerPreview,10.0,Microsoft Corporation Inc.,Application,,C:\Windows\SystemApps\Windows.CBSPreview_cw5n1h2txyewy,1.0
4961,Canon LBP6000/LBP6018,,,Add/Remove Programs,,,
4961,ClickOnce,4.8,Microsoft Corporation Inc.,Application,,C:\Windows\Microsoft.NET\Framework64\v4.0.30319,3.0
4961,Common User Interface,5.8,Musarubra US LLC.,Application,,C:\Program Files\McAfee\Agent\x86,1.0
4961,Credential Dialog Host,10.0,Microsoft Corporation Inc.,Application,,C:\Windows\SystemApps\microsoft.creddialoghost_cw5n1h2txyewy,1.0
4961,CrowdStrike Device Control,7.29,CrowdStrike Inc.,Add/Remove Programs,"November 14, 2025 12:00:00 AM",,
4961,CrowdStrike Device Control Support Tool,7.29,CrowdStrike Inc.,Application,,C:\Program Files\CrowdStrike,1.0
4961,CrowdStrike Falcon Connector,7.32,CrowdStrike Inc.,Application,,C:\Program Files\CrowdStrike,1.0
4961,CrowdStrike Falcon Sensor,7.32,CrowdStrike Inc.,Application,,C:\Program Files\CrowdStrike,1.0
4961,CrowdStrike Falcon Sensor Controller,7.32,CrowdStrike Inc.,Application,,C:\Program Files\CrowdStrike,1.0
4961,CrowdStrike Falcon Sensor Service,7.32,CrowdStrike Inc.,Application,,C:\Program Files\CrowdStrike,1.0
4961,CrowdStrike Falcon Sensor Servlet Container,7.32,CrowdStrike Inc.,Application,,C:\Program Files\CrowdStrike,1.0
4961,CrowdStrike Falcon Sensor Settings Tool,7.32,CrowdStrike Inc.,Application,,C:\Program Files\CrowdStrike,1.0
4961,CrowdStrike Falcon Sensor System Tray Application,7.32,CrowdStrike Inc.,Application,,C:\Program Files\CrowdStrike,2.0
4961,CrowdStrike Firmware Analysis,7.14,CrowdStrike Inc.,Add/Remove Programs,"July 24, 2025 12:00:00 AM",,
4961,CrowdStrike Firmware Analysis Support Tool,7.14,CrowdStrike Inc.,Application,,C:\Program Files\CrowdStrike,1.0
4961,CrowdStrike Forensic Data Collection Tool,1.0,CrowdStrike Inc.,Application,,C:,2.0
4961,CrowdStrike On-Demand Scan Command-line Tool,7.32,CrowdStrike Inc.,Application,,C:\Program Files\CrowdStrike,1.0
4961,CrowdStrike On-Demand Scan Tool,7.32,CrowdStrike Inc.,Application,,C:\Program Files\CrowdStrike,1.0
4961,CrowdStrike Sensor Platform,7.32,CrowdStrike Inc.,Add/Remove Programs,"January 14, 2026 12:00:00 AM",,
4961,CrowdStrike Windows Sensor,7.32,CrowdStrike Inc.,Add/Remove Programs,"January 14, 2026 12:00:00 AM",,
4961,CxAudioSvc,1.0,Conexant Systems LLC.,Application,,C:\Windows\CxSvc,1.0
2642,.NET Runtime Optimization Service,4.8,Microsoft Corporation Inc.,Application,,C:\Windows\Microsoft.NET\Framework64\v4.0.30319,2.0
2642,64Bit MAPI Mail Agent,1.0,Foxit Software Inc.,Application,,C:\Program Files (x86)\Foxit Software\Foxit PDF Reader,1.0
2642,7-Zip 24.09 (x64),24.09,Igor Pavlov,Add/Remove Programs,,C:\Program Files\7-Zip\,
2642,7-Zip Console,24.09,Igor Pavlov,Application,,C:\Program Files\7-Zip,1.0
2642,7-Zip File Manager,24.09,Igor Pavlov,Application,,C:\Program Files\7-Zip,1.0
2642,7-Zip GUI,24.09,Igor Pavlov,Application,,C:\Program Files\7-Zip,1.0
2642,Accounts Control Host,10.0,Microsoft Corporation Inc.,Application,,C:\Windows\SystemApps\Microsoft.AccountsControl_cw5n1h2txyewy,1.0
2642,AddSuggestedFoldersToLibraryDialog,10.0,Microsoft Corporation Inc.,Application,,C:\Windows\SystemApps\Microsoft.Windows.AddSuggestedFoldersToLibraryDialog_cw5n1h2txyewy,1.0
2642,Antimalware Core Service,4.18,Microsoft Corporation Inc.,Application,,C:\Program Files\Windows Defender,1.0
2642,AntiMalware Platform Update (amd64fre),4.18,Microsoft Corporation Inc.,Application,,C:\Windows\SystemTemp\75BBE66A-8EA6-4F46-B1DA-47B8AB8C7353MpCommU,1.0
2642,Antimalware Service Executable,4.18,Microsoft Corporation Inc.,Application,,C:\Program Files\Windows Defender,1.0
2642,AppResolverUX,10.0,Microsoft Corporation Inc.,Application,,C:\Windows\SystemApps\Microsoft.Windows.AppResolverUX_cw5n1h2txyewy,1.0
2642,AsyncTextService,10.0,Microsoft Corporation Inc.,Application,,C:\Windows\SystemApps\Microsoft.AsyncTextService_8wekyb3d8bbwe,1.0
2642,Authorware Runtime,7.02,Macromedia Inc.,Application,,D:\zebra,1.0
2642,Biometric Enrollment Host,10.0,Microsoft Corporation Inc.,Application,,C:\Windows\SystemApps\Microsoft.BioEnrollment_cw5n1h2txyewy,1.0
2642,BMC Client Management Agent,24.1.01.240624,BMC Software Inc.,Application,,C:\Program Files\BMC Software\Client Management\Client\bin,1.0
2642,BMC Client Management Certificate Generator,24.1.01.240624,BMC Software Inc.,Application,,C:\Program Files\BMC Software\Client Management\Client\bin,1.0
2642,BMC Client Management Chilli Interpreter,24.1.01.240624,BMC Software Inc.,Application,,C:\Program Files\BMC Software\Client Management\Client\bin,1.0
2642,BMC Client Management Direct Access Proxy Agent,24.1.01.240624,BMC Software Inc.,Application,,C:\Program Files\BMC Software\Client Management\Client\bin,1.0
2642,BMC Client Management Opswat Proxy Agent,24.1.01.240624,BMC Software Inc.,Application,,C:\Program Files\BMC Software\Client Management\Client\bin,1.0
2642,BMC Client Management Package Viewer,24.1.01.240624,BMC Software Inc.,Application,,C:\Program Files\BMC Software\Client Management\Client\bin,1.0
2642,BMC Client Management Patch Broker,24.1.01.240624,BMC Software Inc.,Application,,C:\Program Files\BMC Software\Client Management\Client\bin,1.0
2642,BMC Client Management Proxy Agent,24.1.01.240624,BMC Software Inc.,Application,,C:\Program Files\BMC Software\Client Management\Client\bin,1.0
2642,BMC Client Management Remote Control proxy,24.1.01.240624,BMC Software Inc.,Application,,C:\Program Files\BMC Software\Client Management\Client\bin,1.0
2642,BMC Client Management SCAP,24.1.01.240624,BMC Software Inc.,Application,,C:\Program Files\BMC Software\Client Management\Client\bin,1.0
2642,BMC Client Management Video Proxy Agent,24.1.01.240624,BMC Software Inc.,Application,,C:\Program Files\BMC Software\Client Management\Client\bin,1.0
2642,Boot File Servicing Utility,10.0,Microsoft Corporation Inc.,Application,,C:\Windows,1.0
2642,Browser Protection Native Messaging Host,4.18,Microsoft Corporation Inc.,Application,,C:\Program Files\Windows Defender,1.0
2642,BrowserCore,10.0,Microsoft Corporation Inc.,Application,,C:\Windows\BrowserCore,1.0
2642,CameraBarcodeScannerPreview,10.0,Microsoft Corporation Inc.,Application,,C:\Windows\SystemApps\Windows.CBSPreview_cw5n1h2txyewy,1.0
2642,ClickOnce,4.8,Microsoft Corporation Inc.,Application,,C:\Windows\Microsoft.NET\Framework64\v4.0.30319,3.0
2642,Common User Interface,5.8,Musarubra US LLC.,Application,,C:\Program Files\McAfee\Agent\x86,1.0
2642,Credential Dialog Host,10.0,Microsoft Corporation Inc.,Application,,C:\Windows\SystemApps\microsoft.creddialoghost_cw5n1h2txyewy,1.0
2642,CrowdStrike Device Control,7.29,CrowdStrike Inc.,Add/Remove Programs,"November 14, 2025 12:00:00 AM",,
2642,CrowdStrike Device Control Support Tool,7.29,CrowdStrike Inc.,Application,,C:\Program Files\CrowdStrike,1.0
2642,CrowdStrike Falcon Connector,7.31,CrowdStrike Inc.,Application,,C:\Program Files\CrowdStrike,1.0
2642,CrowdStrike Falcon Sensor,7.31,CrowdStrike Inc.,Application,,C:\Program Files\CrowdStrike,1.0
2642,CrowdStrike Falcon Sensor Controller,7.31,CrowdStrike Inc.,Application,,C:\Program Files\CrowdStrike,1.0
2642,CrowdStrike Falcon Sensor Service,7.31,CrowdStrike Inc.,Application,,C:\Program Files\CrowdStrike,1.0
2642,CrowdStrike Falcon Sensor Servlet Container,7.31,CrowdStrike Inc.,Application,,C:\Program Files\CrowdStrike,1.0
2642,CrowdStrike Falcon Sensor Settings Tool,7.31,CrowdStrike Inc.,Application,,C:\Program Files\CrowdStrike,1.0
2642,CrowdStrike Falcon Sensor System Tray Application,7.31,CrowdStrike Inc.,Application,,C:\Program Files\CrowdStrike,2.0
2642,CrowdStrike Firmware Analysis,7.14,CrowdStrike Inc.,Add/Remove Programs,"June 21, 2025 12:00:00 AM",,
2642,CrowdStrike Firmware Analysis Support Tool,7.14,CrowdStrike Inc.,Application,,C:\Program Files\CrowdStrike,1.0
2642,CrowdStrike On-Demand Scan Command-line Tool,7.31,CrowdStrike Inc.,Application,,C:\Program Files\CrowdStrike,1.0
2642,CrowdStrike On-Demand Scan Tool,7.31,CrowdStrike Inc.,Application,,C:\Program Files\CrowdStrike,1.0
2642,CrowdStrike Sensor Platform,7.31,CrowdStrike Inc.,Add/Remove Programs,"December 10, 2025 12:00:00 AM",,
2642,CrowdStrike Windows Sensor,7.31,CrowdStrike Inc.,Add/Remove Programs,"December 10, 2025 12:00:00 AM",,
2642,CxAudioSvc,1.0,Conexant Systems LLC.,Application,,C:\Windows\CxSvc,1.0
2642,EC App,10.0,Microsoft Corporation Inc.,Application,,C:\Windows\SystemApps\Microsoft.ECApp_8wekyb3d8bbwe,1.0
2000,.NET Framework,3.0,Microsoft Corporation Inc.,Application,,C:\Windows\Microsoft.NET\Framework64\v3.0\Windows Communication Foundation,2.0
2000,.NET Runtime Optimization Service,4.8,Microsoft Corporation Inc.,Application,,C:\Windows\Microsoft.NET\Framework64\v4.0.30319,2.0
2000,.NET Runtime Optimization Service,2.0,Microsoft Corporation Inc.,Application,,C:\Windows\Microsoft.NET\Framework64\v2.0.50727,2.0
2000,64Bit MAPI Mail Agent,1.0,Foxit Software Inc.,Application,,C:\Program Files (x86)\Foxit Software\Foxit PDF Reader,1.0
2000,7-Zip 24.08 (x64 edition),24.08,Igor Pavlov,Add/Remove Programs,"December 03, 2024 12:00:00 AM",,
2000,7-Zip Console,24.08,Igor Pavlov,Application,,C:\Program Files\7-Zip,1.0
2000,7-Zip File Manager,24.08,Igor Pavlov,Application,,C:\Program Files\7-Zip,1.0
2000,7-Zip GUI,24.08,Igor Pavlov,Application,,C:\Program Files\7-Zip,1.0
2000,AAD token broker plugin,10.0,Microsoft Corporation Inc.,Application,,C:\Windows\SystemApps\Microsoft.AAD.BrokerPlugin_cw5n1h2txyewy,1.0
2000,Accounts Control Host,10.0,Microsoft Corporation Inc.,Application,,C:\Windows\SystemApps\Microsoft.AccountsControl_cw5n1h2txyewy,1.0
2000,AddSuggestedFoldersToLibraryDialog,10.0,Microsoft Corporation Inc.,Application,,C:\Windows\SystemApps\Microsoft.Windows.AddSuggestedFoldersToLibraryDialog_cw5n1h2txyewy,1.0
2000,Antimalware Service Executable,4.18,Microsoft Corporation Inc.,Application,,C:\Program Files\Windows Defender,1.0
2000,AppResolverUX,10.0,Microsoft Corporation Inc.,Application,,C:\Windows\SystemApps\Microsoft.Windows.AppResolverUX_cw5n1h2txyewy,1.0
2000,AsyncTextService,10.0,Microsoft Corporation Inc.,Application,,C:\Windows\SystemApps\Microsoft.AsyncTextService_8wekyb3d8bbwe,1.0
2000,Biometric Enrollment Host,10.0,Microsoft Corporation Inc.,Application,,C:\Windows\SystemApps\Microsoft.BioEnrollment_cw5n1h2txyewy,1.0
2000,BMC Client Management Agent,24.1.01.240624,BMC Software Inc.,Application,,C:\Program Files\BMC Software\Client Management\Client\bin,1.0
2000,BMC Client Management Certificate Generator,24.1.01.240624,BMC Software Inc.,Application,,C:\Program Files\BMC Software\Client Management\Client\bin,1.0
2000,BMC Client Management Chilli Interpreter,24.1.01.240624,BMC Software Inc.,Application,,C:\Program Files\BMC Software\Client Management\Client\bin,1.0
2000,BMC Client Management Direct Access Proxy Agent,24.1.01.240624,BMC Software Inc.,Application,,C:\Program Files\BMC Software\Client Management\Client\bin,1.0
2000,BMC Client Management Opswat Proxy Agent,24.1.01.240624,BMC Software Inc.,Application,,C:\Program Files\BMC Software\Client Management\Client\bin,1.0
2000,BMC Client Management Package Viewer,24.1.01.240624,BMC Software Inc.,Application,,C:\Program Files\BMC Software\Client Management\Client\bin,1.0
2000,BMC Client Management Patch Broker,24.1.01.240624,BMC Software Inc.,Application,,C:\Program Files\BMC Software\Client Management\Client\bin,1.0
2000,BMC Client Management Proxy Agent,24.1.01.240624,BMC Software Inc.,Application,,C:\Program Files\BMC Software\Client Management\Client\bin,1.0
2000,BMC Client Management Remote Control proxy,24.1.01.240624,BMC Software Inc.,Application,,C:\Program Files\BMC Software\Client Management\Client\bin,1.0
2000,BMC Client Management SCAP,24.1.01.240624,BMC Software Inc.,Application,,C:\Program Files\BMC Software\Client Management\Client\bin,1.0
2000,BMC Client Management SFX,24.1.01.240624,BMC Software Inc.,Application,,C:\Users\joinuser.irdan\Downloads\BCM_Agent_Client_Install (1).exe,1.0
2000,BMC Client Management Video Proxy Agent,24.1.01.240624,BMC Software Inc.,Application,,C:\Program Files\BMC Software\Client Management\Client\bin,1.0
2000,Boot File Servicing Utility,10.0,Microsoft Corporation Inc.,Application,,C:\Windows,1.0
2000,BrowserCore,10.0,Microsoft Corporation Inc.,Application,,C:\Windows\BrowserCore,1.0
2000,Calling App to host call progress on shell,10.0,Microsoft Corporation Inc.,Application,,C:\Windows\SystemApps\Microsoft.Windows.CallingShellApp_cw5n1h2txyewy,1.0
2000,CameraBarcodeScannerPreview,10.0,Microsoft Corporation Inc.,Application,,C:\Windows\SystemApps\Windows.CBSPreview_cw5n1h2txyewy,1.0
2000,CL5,9.6,Ivanti,Application,,C:\Program Files\BMC Software\Client Management\Client\data\PatchManagementPremium\workspace,3.0
2000,ClickOnce,4.8,Microsoft Corporation Inc.,Application,,C:\Windows\Microsoft.NET\Framework64\v4.0.30319,3.0
2000,Common User Interface,5.8,Musarubra US LLC.,Application,,C:\Program Files\McAfee\Agent\x86,1.0
2000,Credential Dialog Host,10.0,Microsoft Corporation Inc.,Application,,C:\Windows\SystemApps\microsoft.creddialoghost_cw5n1h2txyewy,1.0
2000,CrowdStrike Device Control,7.29,CrowdStrike Inc.,Add/Remove Programs,"November 14, 2025 12:00:00 AM",,
2000,CrowdStrike Device Control Support Tool,7.29,CrowdStrike Inc.,Application,,C:\Program Files\CrowdStrike,1.0
2000,CrowdStrike Falcon Connector,7.32,CrowdStrike Inc.,Application,,C:\Program Files\CrowdStrike,1.0
2000,CrowdStrike Falcon Sensor,7.32,CrowdStrike Inc.,Application,,C:\Program Files\CrowdStrike,1.0
2000,CrowdStrike Falcon Sensor Controller,7.32,CrowdStrike Inc.,Application,,C:\Program Files\CrowdStrike,1.0
2000,CrowdStrike Falcon Sensor Service,7.32,CrowdStrike Inc.,Application,,C:\Program Files\CrowdStrike,1.0
2000,CrowdStrike Falcon Sensor Servlet Container,7.32,CrowdStrike Inc.,Application,,C:\Program Files\CrowdStrike,1.0
2000,CrowdStrike Falcon Sensor Settings Tool,7.32,CrowdStrike Inc.,Application,,C:\Program Files\CrowdStrike,1.0
2000,CrowdStrike Falcon Sensor System Tray Application,7.32,CrowdStrike Inc.,Application,,C:\Program Files\CrowdStrike,2.0
2000,CrowdStrike Firmware Analysis,7.14,CrowdStrike Inc.,Add/Remove Programs,"July 24, 2025 12:00:00 AM",,
2000,CrowdStrike Firmware Analysis Support Tool,7.14,CrowdStrike Inc.,Application,,C:\Program Files\CrowdStrike,1.0
2000,CrowdStrike On-Demand Scan Command-line Tool,7.32,CrowdStrike Inc.,Application,,C:\Program Files\CrowdStrike,1.0
2000,CrowdStrike On-Demand Scan Tool,7.32,CrowdStrike Inc.,Application,,C:\Program Files\CrowdStrike,1.0
2000,CrowdStrike Sensor Platform,7.32,CrowdStrike Inc.,Add/Remove Programs,"January 14, 2026 12:00:00 AM",,
2000,CrowdStrike Windows Sensor,7.32,CrowdStrike Inc.,Add/Remove Programs,"January 14, 2026 12:00:00 AM",,
5279,.NET Framework,3.0,Microsoft Corporation Inc.,Application,,C:\Windows\Microsoft.NET\Framework64\v3.0\Windows Communication Foundation,2.0
5279,.NET Runtime Optimization Service,4.8,Microsoft Corporation Inc.,Application,,C:\Windows\Microsoft.NET\Framework64\v4.0.30319,2.0
5279,.NET Runtime Optimization Service,2.0,Microsoft Corporation Inc.,Application,,C:\Windows\Microsoft.NET\Framework64\v2.0.50727,2.0
5279,64Bit MAPI Mail Agent,1.0,Foxit Software Inc.,Application,,C:\Program Files (x86)\Foxit Software\Foxit PDF Reader,1.0
5279,7-Zip 23.01 (x64),23.01,Igor Pavlov,Add/Remove Programs,,C:\Program Files\7-Zip\,
5279,7-Zip Console,23.01,Igor Pavlov,Application,,C:\Program Files\7-Zip,1.0
5279,7-Zip File Manager,23.01,Igor Pavlov,Application,,C:\Program Files\7-Zip,1.0
5279,7-Zip GUI,23.01,Igor Pavlov,Application,,C:\Program Files\7-Zip,1.0
5279,AAD token broker plugin,10.0,Microsoft Corporation Inc.,Application,,C:\Windows\SystemApps\Microsoft.AAD.BrokerPlugin_cw5n1h2txyewy,1.0
5279,Accounts Control Host,10.0,Microsoft Corporation Inc.,Application,,C:\Windows\SystemApps\Microsoft.AccountsControl_cw5n1h2txyewy,1.0
5279,AddSuggestedFoldersToLibraryDialog,10.0,Microsoft Corporation Inc.,Application,,C:\Windows\SystemApps\Microsoft.Windows.AddSuggestedFoldersToLibraryDialog_cw5n1h2txyewy,1.0
5279,Antimalware Service Executable,4.18,Microsoft Corporation Inc.,Application,,C:\Program Files\Windows Defender,1.0
5279,AppResolverUX,10.0,Microsoft Corporation Inc.,Application,,C:\Windows\SystemApps\Microsoft.Windows.AppResolverUX_cw5n1h2txyewy,1.0
5279,AsyncTextService,10.0,Microsoft Corporation Inc.,Application,,C:\Windows\SystemApps\Microsoft.AsyncTextService_8wekyb3d8bbwe,1.0
5279,Biometric Enrollment Host,10.0,Microsoft Corporation Inc.,Application,,C:\Windows\SystemApps\Microsoft.BioEnrollment_cw5n1h2txyewy,1.0
5279,BMC Client Management Agent,24.1.01.240624,BMC Software Inc.,Application,,C:\Program Files\BMC Software\Client Management\Client\bin,1.0
5279,BMC Client Management Certificate Generator,24.1.01.240624,BMC Software Inc.,Application,,C:\Program Files\BMC Software\Client Management\Client\bin,1.0
5279,BMC Client Management Chilli Interpreter,24.1.01.240624,BMC Software Inc.,Application,,C:\Program Files\BMC Software\Client Management\Client\bin,1.0
5279,BMC Client Management Direct Access Proxy Agent,24.1.01.240624,BMC Software Inc.,Application,,C:\Program Files\BMC Software\Client Management\Client\bin,1.0
5279,BMC Client Management Opswat Proxy Agent,24.1.01.240624,BMC Software Inc.,Application,,C:\Program Files\BMC Software\Client Management\Client\bin,1.0
5279,BMC Client Management Package Viewer,24.1.01.240624,BMC Software Inc.,Application,,C:\Program Files\BMC Software\Client Management\Client\bin,1.0
5279,BMC Client Management Patch Broker,24.1.01.240624,BMC Software Inc.,Application,,C:\Program Files\BMC Software\Client Management\Client\bin,1.0
5279,BMC Client Management Proxy Agent,24.1.01.240624,BMC Software Inc.,Application,,C:\Program Files\BMC Software\Client Management\Client\bin,1.0
5279,BMC Client Management Remote Control proxy,24.1.01.240624,BMC Software Inc.,Application,,C:\Program Files\BMC Software\Client Management\Client\bin,1.0
5279,BMC Client Management SCAP,24.1.01.240624,BMC Software Inc.,Application,,C:\Program Files\BMC Software\Client Management\Client\bin,1.0
5279,BMC Client Management Video Proxy Agent,24.1.01.240624,BMC Software Inc.,Application,,C:\Program Files\BMC Software\Client Management\Client\bin,1.0
5279,Boot File Servicing Utility,10.0,Microsoft Corporation Inc.,Application,,C:\Windows,1.0
5279,BrowserCore,10.0,Microsoft Corporation Inc.,Application,,C:\Windows\BrowserCore,1.0
5279,Calling App to host call progress on shell,10.0,Microsoft Corporation Inc.,Application,,C:\Windows\SystemApps\Microsoft.Windows.CallingShellApp_cw5n1h2txyewy,1.0
5279,CameraBarcodeScannerPreview,10.0,Microsoft Corporation Inc.,Application,,C:\Windows\SystemApps\Windows.CBSPreview_cw5n1h2txyewy,1.0
5279,Canon LBP6000/LBP6018,,,Add/Remove Programs,,,
5279,CL5,9.6,Ivanti,Application,,C:\Program Files\BMC Software\Client Management\Client\data\PatchManagementPremium\workspace,1.0
5279,ClickOnce,4.8,Microsoft Corporation Inc.,Application,,C:\Windows\Microsoft.NET\Framework64\v4.0.30319,3.0
5279,Common User Interface,5.8,Musarubra US LLC.,Application,,C:\Program Files\McAfee\Agent\x86,1.0
5279,Credential Dialog Host,10.0,Microsoft Corporation Inc.,Application,,C:\Windows\SystemApps\microsoft.creddialoghost_cw5n1h2txyewy,1.0
5279,CrowdStrike Device Control,7.29,CrowdStrike Inc.,Add/Remove Programs,"November 14, 2025 12:00:00 AM",,
5279,CrowdStrike Device Control Support Tool,7.29,CrowdStrike Inc.,Application,,C:\Program Files\CrowdStrike,1.0
5279,CrowdStrike Falcon Connector,7.32,CrowdStrike Inc.,Application,,C:\Program Files\CrowdStrike,1.0
5279,CrowdStrike Falcon Sensor,7.32,CrowdStrike Inc.,Application,,C:\Program Files\CrowdStrike,1.0
5279,CrowdStrike Falcon Sensor Controller,7.32,CrowdStrike Inc.,Application,,C:\Program Files\CrowdStrike,1.0
5279,CrowdStrike Falcon Sensor Service,7.32,CrowdStrike Inc.,Application,,C:\Program Files\CrowdStrike,1.0
5279,CrowdStrike Falcon Sensor Servlet Container,7.32,CrowdStrike Inc.,Application,,C:\Program Files\CrowdStrike,1.0
5279,CrowdStrike Falcon Sensor Settings Tool,7.32,CrowdStrike Inc.,Application,,C:\Program Files\CrowdStrike,1.0
5279,CrowdStrike Falcon Sensor System Tray Application,7.32,CrowdStrike Inc.,Application,,C:\Program Files\CrowdStrike,2.0
5279,CrowdStrike Firmware Analysis,7.14,CrowdStrike Inc.,Add/Remove Programs,"January 07, 2025 12:00:00 AM",,
5279,CrowdStrike Firmware Analysis Support Tool,7.14,CrowdStrike Inc.,Application,,C:\Program Files\CrowdStrike,1.0
5279,CrowdStrike On-Demand Scan Command-line Tool,7.32,CrowdStrike Inc.,Application,,C:\Program Files\CrowdStrike,1.0
5279,CrowdStrike On-Demand Scan Tool,7.32,CrowdStrike Inc.,Application,,C:\Program Files\CrowdStrike,1.0
5279,CrowdStrike Sensor Platform,7.32,CrowdStrike Inc.,Add/Remove Programs,"January 14, 2026 12:00:00 AM",,
5279,CrowdStrike Windows Sensor,7.32,CrowdStrike Inc.,Add/Remove Programs,"January 14, 2026 12:00:00 AM",,
13143,.NET Runtime Optimization Service,4.8,Microsoft Corporation Inc.,Application,,C:\Windows\Microsoft.NET\Framework64\v4.0.30319,2.0
13143,64Bit MAPI Mail Agent,1.0,Foxit Software Inc.,Application,,C:\Program Files (x86)\Foxit Software\Foxit PDF Reader,1.0
13143,7-Zip 19.00 (x64),19.0,Igor Pavlov,Add/Remove Programs,,C:\Program Files\7-Zip\,
13143,7-Zip Console,19.0,Igor Pavlov,Application,,C:\Program Files\7-Zip,1.0
13143,7-Zip File Manager,19.0,Igor Pavlov,Application,,C:\Program Files\7-Zip,1.0
13143,7-Zip GUI,19.0,Igor Pavlov,Application,,C:\Program Files\7-Zip,1.0
13143,AAD token broker plugin,10.0,Microsoft Corporation Inc.,Application,,C:\Windows\SystemApps\Microsoft.AAD.BrokerPlugin_cw5n1h2txyewy,1.0
13143,Accounts Control Host,10.0,Microsoft Corporation Inc.,Application,,C:\Windows\SystemApps\Microsoft.AccountsControl_cw5n1h2txyewy,1.0
13143,AddSuggestedFoldersToLibraryDialog,10.0,Microsoft Corporation Inc.,Application,,C:\Windows\SystemApps\Microsoft.Windows.AddSuggestedFoldersToLibraryDialog_cw5n1h2txyewy,1.0
13143,Antimalware Service Executable,4.18,Microsoft Corporation Inc.,Application,,C:\Program Files\Windows Defender,1.0
13143,AppFollower,1.3,Conexant Systems Inc.,Application,,C:\Program Files\CONEXANT\Flow,1.0
13143,AppResolverUX,10.0,Microsoft Corporation Inc.,Application,,C:\Windows\SystemApps\Microsoft.Windows.AppResolverUX_cw5n1h2txyewy,1.0
13143,AsyncTextService,10.0,Microsoft Corporation Inc.,Application,,C:\Windows\SystemApps\Microsoft.AsyncTextService_8wekyb3d8bbwe,1.0
13143,Audio Control,4.0,Conexant Systems LLC.,Application,,C:\Program Files\CONEXANT\Install\Audio\SA3\SA3\Dyson,2.0
13143,Audio Controls Control Panel,4.0,Conexant Systems LLC.,Application,,C:\Program Files\CONEXANT\SA3\HP-NB-AIO,3.0
13143,Bang & Olufsen,4.0,Conexant Systems LLC.,Application,,C:\Program Files\CONEXANT\Install\Audio\SA3\SA3\BandO,2.0
13143,Biometric Enrollment Host,10.0,Microsoft Corporation Inc.,Application,,C:\Windows\SystemApps\Microsoft.BioEnrollment_cw5n1h2txyewy,1.0
13143,BMC Client Management Agent,24.1.01.240624,BMC Software Inc.,Application,,C:\Program Files\BMC Software\Client Management\Client\bin,1.0
13143,BMC Client Management Certificate Generator,24.1.01.240624,BMC Software Inc.,Application,,C:\Program Files\BMC Software\Client Management\Client\bin,1.0
13143,BMC Client Management Chilli Interpreter,24.1.01.240624,BMC Software Inc.,Application,,C:\Program Files\BMC Software\Client Management\Client\bin,1.0
13143,BMC Client Management Direct Access Proxy Agent,24.1.01.240624,BMC Software Inc.,Application,,C:\Program Files\BMC Software\Client Management\Client\bin,1.0
13143,BMC Client Management Opswat Proxy Agent,24.1.01.240624,BMC Software Inc.,Application,,C:\Program Files\BMC Software\Client Management\Client\bin,1.0
13143,BMC Client Management Package Viewer,24.1.01.240624,BMC Software Inc.,Application,,C:\Program Files\BMC Software\Client Management\Client\bin,1.0
13143,BMC Client Management Patch Broker,24.1.01.240624,BMC Software Inc.,Application,,C:\Program Files\BMC Software\Client Management\Client\bin,1.0
13143,BMC Client Management Proxy Agent,24.1.01.240624,BMC Software Inc.,Application,,C:\Program Files\BMC Software\Client Management\Client\bin,1.0
13143,BMC Client Management Remote Control proxy,24.1.01.240624,BMC Software Inc.,Application,,C:\Program Files\BMC Software\Client Management\Client\bin,1.0
13143,BMC Client Management SCAP,24.1.01.240624,BMC Software Inc.,Application,,C:\Program Files\BMC Software\Client Management\Client\bin,1.0
13143,BMC Client Management Video Proxy Agent,24.1.01.240624,BMC Software Inc.,Application,,C:\Program Files\BMC Software\Client Management\Client\bin,1.0
13143,Boot File Servicing Utility,10.0,Microsoft Corporation Inc.,Application,,C:\Windows,1.0
13143,Boot Sector Manipulation Tool,10.0,Microsoft Corporation Inc.,Application,,C:\Users\joinuser.yanfin\Videos\Win11_23H2_English_x64v2\boot,1.0
13143,BrowserCore,10.0,Microsoft Corporation Inc.,Application,,C:\Windows\BrowserCore,1.0
13143,Calling App to host call progress on shell,10.0,Microsoft Corporation Inc.,Application,,C:\Windows\SystemApps\Microsoft.Windows.CallingShellApp_cw5n1h2txyewy,1.0
13143,CameraBarcodeScannerPreview,10.0,Microsoft Corporation Inc.,Application,,C:\Windows\SystemApps\Windows.CBSPreview_cw5n1h2txyewy,1.0
13143,CL5,9.6,Ivanti,Application,,C:\Program Files\BMC Software\Client Management\Client\data\PatchManagementPremium\workspace,1.0
13143,ClickOnce,4.8,Microsoft Corporation Inc.,Application,,C:\Windows\Microsoft.NET\Framework64\v4.0.30319,3.0
13143,CnxtNotify,1.0,Conexant Systems Inc.,Application,,C:\Program Files\CONEXANT\SA3\HP-NB-AIO,1.0
13143,Common User Interface,5.8,Musarubra US LLC.,Application,,C:\Program Files\McAfee\Agent\x86,1.0
13143,Credential Dialog Host,10.0,Microsoft Corporation Inc.,Application,,C:\Windows\SystemApps\microsoft.creddialoghost_cw5n1h2txyewy,1.0
13143,CrowdStrike Device Control,7.29,CrowdStrike Inc.,Add/Remove Programs,"November 14, 2025 12:00:00 AM",,
13143,CrowdStrike Device Control Support Tool,7.29,CrowdStrike Inc.,Application,,C:\Program Files\CrowdStrike,1.0
13143,CrowdStrike Falcon Connector,7.32,CrowdStrike Inc.,Application,,C:\Program Files\CrowdStrike,1.0
13143,CrowdStrike Falcon Sensor,7.32,CrowdStrike Inc.,Application,,C:\Program Files\CrowdStrike,1.0
13143,CrowdStrike Falcon Sensor Controller,7.32,CrowdStrike Inc.,Application,,C:\Program Files\CrowdStrike,1.0
13143,CrowdStrike Falcon Sensor Service,7.32,CrowdStrike Inc.,Application,,C:\Program Files\CrowdStrike,1.0
13143,CrowdStrike Falcon Sensor Servlet Container,7.32,CrowdStrike Inc.,Application,,C:\Program Files\CrowdStrike,1.0
13143,CrowdStrike Falcon Sensor Settings Tool,7.32,CrowdStrike Inc.,Application,,C:\Program Files\CrowdStrike,1.0
13143,CrowdStrike Falcon Sensor System Tray Application,7.32,CrowdStrike Inc.,Application,,C:\Program Files\CrowdStrike,2.0
13143,CrowdStrike Firmware Analysis,7.14,CrowdStrike Inc.,Add/Remove Programs,"April 29, 2025 12:00:00 AM",,
13143,CrowdStrike Firmware Analysis Support Tool,7.14,CrowdStrike Inc.,Application,,C:\Program Files\CrowdStrike,1.0
13143,CrowdStrike On-Demand Scan Command-line Tool,7.32,CrowdStrike Inc.,Application,,C:\Program Files\CrowdStrike,1.0
7431,.NET Framework,3.0,Microsoft Corporation Inc.,Application,,C:\Windows\Microsoft.NET\Framework64\v3.0\Windows Communication Foundation,2.0
7431,.NET Runtime Optimization Service,4.8,Microsoft Corporation Inc.,Application,,C:\Windows\Microsoft.NET\Framework64\v4.0.30319,2.0
7431,.NET Runtime Optimization Service,2.0,Microsoft Corporation Inc.,Application,,C:\Windows\Microsoft.NET\Framework64\v2.0.50727,2.0
7431,64Bit MAPI Mail Agent,1.0,Foxit Software Inc.,Application,,C:\Program Files (x86)\Foxit Software\Foxit PDF Reader,1.0
7431,7-Zip 23.01 (x64),23.01,Igor Pavlov,Add/Remove Programs,,C:\Program Files\7-Zip\,
7431,7-Zip Console,23.01,Igor Pavlov,Application,,C:\Program Files\7-Zip,1.0
7431,7-Zip File Manager,23.01,Igor Pavlov,Application,,C:\Program Files\7-Zip,1.0
7431,7-Zip GUI,23.01,Igor Pavlov,Application,,C:\Program Files\7-Zip,1.0
7431,AAD token broker plugin,10.0,Microsoft Corporation Inc.,Application,,C:\Windows\SystemApps\Microsoft.AAD.BrokerPlugin_cw5n1h2txyewy,1.0
7431,Accounts Control Host,10.0,Microsoft Corporation Inc.,Application,,C:\Windows\SystemApps\Microsoft.AccountsControl_cw5n1h2txyewy,1.0
7431,AddSuggestedFoldersToLibraryDialog,10.0,Microsoft Corporation Inc.,Application,,C:\Windows\SystemApps\Microsoft.Windows.AddSuggestedFoldersToLibraryDialog_cw5n1h2txyewy,1.0
7431,Antimalware Service Executable,4.18,Microsoft Corporation Inc.,Application,,C:\Program Files\Windows Defender,1.0
7431,AppResolverUX,10.0,Microsoft Corporation Inc.,Application,,C:\Windows\SystemApps\Microsoft.Windows.AppResolverUX_cw5n1h2txyewy,1.0
7431,AsyncTextService,10.0,Microsoft Corporation Inc.,Application,,C:\Windows\SystemApps\Microsoft.AsyncTextService_8wekyb3d8bbwe,1.0
7431,Biometric Enrollment Host,10.0,Microsoft Corporation Inc.,Application,,C:\Windows\SystemApps\Microsoft.BioEnrollment_cw5n1h2txyewy,1.0
7431,BMC Client Management Agent,24.1.01.240624,BMC Software Inc.,Application,,C:\Program Files\BMC Software\Client Management\Client\bin,1.0
7431,BMC Client Management Certificate Generator,24.1.01.240624,BMC Software Inc.,Application,,C:\Program Files\BMC Software\Client Management\Client\bin,1.0
7431,BMC Client Management Chilli Interpreter,24.1.01.240624,BMC Software Inc.,Application,,C:\Program Files\BMC Software\Client Management\Client\bin,1.0
7431,BMC Client Management Direct Access Proxy Agent,24.1.01.240624,BMC Software Inc.,Application,,C:\Program Files\BMC Software\Client Management\Client\bin,1.0
7431,BMC Client Management Opswat Proxy Agent,24.1.01.240624,BMC Software Inc.,Application,,C:\Program Files\BMC Software\Client Management\Client\bin,1.0
7431,BMC Client Management Package Viewer,24.1.01.240624,BMC Software Inc.,Application,,C:\Program Files\BMC Software\Client Management\Client\bin,1.0
7431,BMC Client Management Patch Broker,24.1.01.240624,BMC Software Inc.,Application,,C:\Program Files\BMC Software\Client Management\Client\bin,1.0
7431,BMC Client Management Proxy Agent,24.1.01.240624,BMC Software Inc.,Application,,C:\Program Files\BMC Software\Client Management\Client\bin,1.0
7431,BMC Client Management Remote Control proxy,24.1.01.240624,BMC Software Inc.,Application,,C:\Program Files\BMC Software\Client Management\Client\bin,1.0
7431,BMC Client Management SCAP,24.1.01.240624,BMC Software Inc.,Application,,C:\Program Files\BMC Software\Client Management\Client\bin,1.0
7431,BMC Client Management Video Proxy Agent,24.1.01.240624,BMC Software Inc.,Application,,C:\Program Files\BMC Software\Client Management\Client\bin,1.0
7431,Boot File Servicing Utility,10.0,Microsoft Corporation Inc.,Application,,C:\Windows,1.0
7431,BrowserCore,10.0,Microsoft Corporation Inc.,Application,,C:\Windows\BrowserCore,1.0
7431,Calling App to host call progress on shell,10.0,Microsoft Corporation Inc.,Application,,C:\Windows\SystemApps\Microsoft.Windows.CallingShellApp_cw5n1h2txyewy,1.0
7431,CameraBarcodeScannerPreview,10.0,Microsoft Corporation Inc.,Application,,C:\Windows\SystemApps\Windows.CBSPreview_cw5n1h2txyewy,1.0
7431,ClickOnce,4.8,Microsoft Corporation Inc.,Application,,C:\Windows\Microsoft.NET\Framework64\v4.0.30319,3.0
7431,Common User Interface,5.8,Musarubra US LLC.,Application,,C:\Program Files\McAfee\Agent\x86,1.0
7431,Credential Dialog Host,10.0,Microsoft Corporation Inc.,Application,,C:\Windows\SystemApps\microsoft.creddialoghost_cw5n1h2txyewy,1.0
7431,CrowdStrike Device Control,7.29,CrowdStrike Inc.,Add/Remove Programs,"November 14, 2025 12:00:00 AM",,
7431,CrowdStrike Device Control Support Tool,7.29,CrowdStrike Inc.,Application,,C:\Program Files\CrowdStrike,1.0
7431,CrowdStrike Falcon Connector,7.32,CrowdStrike Inc.,Application,,C:\Program Files\CrowdStrike,1.0
7431,CrowdStrike Falcon Sensor,7.32,CrowdStrike Inc.,Application,,C:\Program Files\CrowdStrike,1.0
7431,CrowdStrike Falcon Sensor Controller,7.32,CrowdStrike Inc.,Application,,C:\Program Files\CrowdStrike,1.0
7431,CrowdStrike Falcon Sensor Service,7.32,CrowdStrike Inc.,Application,,C:\Program Files\CrowdStrike,1.0
7431,CrowdStrike Falcon Sensor Servlet Container,7.32,CrowdStrike Inc.,Application,,C:\Program Files\CrowdStrike,1.0
7431,CrowdStrike Falcon Sensor Settings Tool,7.32,CrowdStrike Inc.,Application,,C:\Program Files\CrowdStrike,1.0
7431,CrowdStrike Falcon Sensor System Tray Application,7.32,CrowdStrike Inc.,Application,,C:\Program Files\CrowdStrike,2.0
7431,CrowdStrike Firmware Analysis,7.14,CrowdStrike Inc.,Add/Remove Programs,"July 24, 2025 12:00:00 AM",,
7431,CrowdStrike Firmware Analysis Support Tool,7.14,CrowdStrike Inc.,Application,,C:\Program Files\CrowdStrike,1.0
7431,CrowdStrike On-Demand Scan Command-line Tool,7.32,CrowdStrike Inc.,Application,,C:\Program Files\CrowdStrike,1.0
7431,CrowdStrike On-Demand Scan Tool,7.32,CrowdStrike Inc.,Application,,C:\Program Files\CrowdStrike,1.0
7431,CrowdStrike Sensor Platform,7.32,CrowdStrike Inc.,Add/Remove Programs,"January 14, 2026 12:00:00 AM",,
7431,CrowdStrike Windows Sensor,7.32,CrowdStrike Inc.,Add/Remove Programs,"January 14, 2026 12:00:00 AM",,
7431,CxAudioSvc,1.0,Conexant Systems LLC.,Application,,C:\Windows\CxSvc,1.0
7431,DCP Job Deployment Helper Utility,1.1,,Application,,C:\Program Files (x86)\Epson Software\Document Capture,1.0
5004,.NET Runtime Optimization Service,4.8,Microsoft Corporation Inc.,Application,,C:\Windows\Microsoft.NET\Framework64\v4.0.30319,2.0
5004,64Bit MAPI Mail Agent,1.0,Foxit Software Inc.,Application,,C:\Program Files (x86)\Foxit Software\Foxit PDF Reader,1.0
5004,7-Zip 24.09 (x64),24.09,Igor Pavlov,Add/Remove Programs,,C:\Program Files\7-Zip\,
5004,7-Zip Console,24.09,Igor Pavlov,Application,,C:\Program Files\7-Zip,1.0
5004,7-Zip File Manager,24.09,Igor Pavlov,Application,,C:\Program Files\7-Zip,1.0
5004,7-Zip GUI,24.09,Igor Pavlov,Application,,C:\Program Files\7-Zip,1.0
5004,Accounts Control Host,10.0,Microsoft Corporation Inc.,Application,,C:\Windows\SystemApps\Microsoft.AccountsControl_cw5n1h2txyewy,1.0
5004,AddSuggestedFoldersToLibraryDialog,10.0,Microsoft Corporation Inc.,Application,,C:\Windows\SystemApps\Microsoft.Windows.AddSuggestedFoldersToLibraryDialog_cw5n1h2txyewy,1.0
5004,Antimalware Core Service,4.18,Microsoft Corporation Inc.,Application,,C:\Program Files\Windows Defender,1.0
5004,AntiMalware Platform Update (amd64fre),4.18,Microsoft Corporation Inc.,Application,,C:\Windows\SystemTemp\CB14FA0F-5DA1-47C2-A217-82B1592924BFMpCommU,1.0
5004,Antimalware Service Executable,4.18,Microsoft Corporation Inc.,Application,,C:\Program Files\Windows Defender,1.0
5004,AppFollower,1.3,Conexant Systems Inc.,Application,,C:\Program Files\CONEXANT\Flow,1.0
5004,AppResolverUX,10.0,Microsoft Corporation Inc.,Application,,C:\Windows\SystemApps\Microsoft.Windows.AppResolverUX_cw5n1h2txyewy,1.0
5004,AsyncTextService,10.0,Microsoft Corporation Inc.,Application,,C:\Windows\SystemApps\Microsoft.AsyncTextService_8wekyb3d8bbwe,1.0
5004,Audio Control,4.0,Conexant Systems LLC.,Application,,C:\Program Files\CONEXANT\Install\Audio\SA3\SA3\Dyson,2.0
5004,Audio Controls Control Panel,4.0,Conexant Systems LLC.,Application,,C:\Program Files\CONEXANT\SA3\HP-NB-AIO,3.0
5004,Bang & Olufsen,4.0,Conexant Systems LLC.,Application,,C:\Program Files\CONEXANT\Install\Audio\SA3\SA3\BandO,2.0
5004,Biometric Enrollment Host,10.0,Microsoft Corporation Inc.,Application,,C:\Windows\SystemApps\Microsoft.BioEnrollment_cw5n1h2txyewy,1.0
5004,BMC Client Management Agent,24.1.01.240624,BMC Software Inc.,Application,,C:\Program Files\BMC Software\Client Management\Client\bin,1.0
5004,BMC Client Management Certificate Generator,24.1.01.240624,BMC Software Inc.,Application,,C:\Program Files\BMC Software\Client Management\Client\bin,1.0
5004,BMC Client Management Chilli Interpreter,24.1.01.240624,BMC Software Inc.,Application,,C:\Program Files\BMC Software\Client Management\Client\bin,1.0
5004,BMC Client Management Direct Access Proxy Agent,24.1.01.240624,BMC Software Inc.,Application,,C:\Program Files\BMC Software\Client Management\Client\bin,1.0
5004,BMC Client Management Opswat Proxy Agent,24.1.01.240624,BMC Software Inc.,Application,,C:\Program Files\BMC Software\Client Management\Client\bin,1.0
5004,BMC Client Management Package Viewer,24.1.01.240624,BMC Software Inc.,Application,,C:\Program Files\BMC Software\Client Management\Client\bin,1.0
5004,BMC Client Management Patch Broker,24.1.01.240624,BMC Software Inc.,Application,,C:\Program Files\BMC Software\Client Management\Client\bin,1.0
5004,BMC Client Management Proxy Agent,24.1.01.240624,BMC Software Inc.,Application,,C:\Program Files\BMC Software\Client Management\Client\bin,1.0
5004,BMC Client Management Remote Control proxy,24.1.01.240624,BMC Software Inc.,Application,,C:\Program Files\BMC Software\Client Management\Client\bin,1.0
5004,BMC Client Management SCAP,24.1.01.240624,BMC Software Inc.,Application,,C:\Program Files\BMC Software\Client Management\Client\bin,1.0
5004,BMC Client Management Video Proxy Agent,24.1.01.240624,BMC Software Inc.,Application,,C:\Program Files\BMC Software\Client Management\Client\bin,1.0
5004,Boot File Servicing Utility,10.0,Microsoft Corporation Inc.,Application,,C:\Windows,1.0
5004,Browser Protection Native Messaging Host,4.18,Microsoft Corporation Inc.,Application,,C:\Program Files\Windows Defender,1.0
5004,BrowserCore,10.0,Microsoft Corporation Inc.,Application,,C:\Windows\BrowserCore,1.0
5004,CameraBarcodeScannerPreview,10.0,Microsoft Corporation Inc.,Application,,C:\Windows\SystemApps\Windows.CBSPreview_cw5n1h2txyewy,1.0
5004,Canon IJ PDF Editor,1.6,CANON INC.,Application,,C:\Program Files (x86)\Canon\IJ Scan Utility,1.0
5004,Canon IJ Scan Utility,1.6,CANON INC.,Application,,C:\Program Files (x86)\Canon\IJ Scan Utility,1.0
5004,Canon IJ Scan Utility MAPI,1.6,CANON INC.,Application,,C:\Program Files (x86)\Canon\IJ Scan Utility,1.0
5004,Canon IJ Scan Utility SETEVENT,1.6,CANON INC.,Application,,C:\Program Files (x86)\Canon\IJ Scan Utility,1.0
5004,CanoScan LiDE 120 Scanner Driver,1.03,Canon Inc.,Add/Remove Programs,,,
5004,CL5,9.6,Ivanti,Application,,C:\Program Files\BMC Software\Client Management\Client\data\PatchManagementPremium\workspace,1.0
5004,ClickOnce,4.8,Microsoft Corporation Inc.,Application,,C:\Windows\Microsoft.NET\Framework64\v4.0.30319,3.0
5004,CnxtNotify,1.0,Conexant Systems Inc.,Application,,C:\Program Files\CONEXANT\SA3\HP-NB-AIO,1.0
5004,Credential Dialog Host,10.0,Microsoft Corporation Inc.,Application,,C:\Windows\SystemApps\microsoft.creddialoghost_cw5n1h2txyewy,1.0
5004,CrowdStrike Device Control,7.29,CrowdStrike Inc.,Add/Remove Programs,"November 14, 2025 12:00:00 AM",,
5004,CrowdStrike Device Control Support Tool,7.29,CrowdStrike Inc.,Application,,C:\Program Files\CrowdStrike,1.0
5004,CrowdStrike Falcon Connector,7.31,CrowdStrike Inc.,Application,,C:\Program Files\CrowdStrike,1.0
5004,CrowdStrike Falcon Sensor,7.31,CrowdStrike Inc.,Application,,C:\Program Files\CrowdStrike,1.0
5004,CrowdStrike Falcon Sensor Controller,7.31,CrowdStrike Inc.,Application,,C:\Program Files\CrowdStrike,1.0
5004,CrowdStrike Falcon Sensor Service,7.31,CrowdStrike Inc.,Application,,C:\Program Files\CrowdStrike,1.0
5004,CrowdStrike Falcon Sensor Servlet Container,7.31,CrowdStrike Inc.,Application,,C:\Program Files\CrowdStrike,1.0
5004,CrowdStrike Falcon Sensor Settings Tool,7.31,CrowdStrike Inc.,Application,,C:\Program Files\CrowdStrike,1.0
7410,.NET Runtime Optimization Service,4.8,Microsoft Corporation Inc.,Application,,C:\Windows\Microsoft.NET\Framework64\v4.0.30319,2.0
7410,64Bit MAPI Mail Agent,1.0,Foxit Software Inc.,Application,,C:\Program Files (x86)\Foxit Software\Foxit PDF Reader,1.0
7410,7-Zip 19.00 (x64),19.0,Igor Pavlov,Add/Remove Programs,,C:\Program Files\7-Zip\,
7410,7-Zip Console,19.0,Igor Pavlov,Application,,C:\Program Files\7-Zip,1.0
7410,7-Zip File Manager,19.0,Igor Pavlov,Application,,C:\Program Files\7-Zip,1.0
7410,7-Zip GUI,19.0,Igor Pavlov,Application,,C:\Program Files\7-Zip,1.0
7410,AAD token broker plugin,10.0,Microsoft Corporation Inc.,Application,,C:\Windows\SystemApps\Microsoft.AAD.BrokerPlugin_cw5n1h2txyewy,1.0
7410,Accounts Control Host,10.0,Microsoft Corporation Inc.,Application,,C:\Windows\SystemApps\Microsoft.AccountsControl_cw5n1h2txyewy,1.0
7410,AddSuggestedFoldersToLibraryDialog,10.0,Microsoft Corporation Inc.,Application,,C:\Windows\SystemApps\Microsoft.Windows.AddSuggestedFoldersToLibraryDialog_cw5n1h2txyewy,1.0
7410,Antimalware Service Executable,4.18,Microsoft Corporation Inc.,Application,,C:\Program Files\Windows Defender,1.0
7410,AppFollower,1.3,Conexant Systems Inc.,Application,,C:\Program Files\CONEXANT\Flow,1.0
7410,AppResolverUX,10.0,Microsoft Corporation Inc.,Application,,C:\Windows\SystemApps\Microsoft.Windows.AppResolverUX_cw5n1h2txyewy,1.0
7410,AsyncTextService,10.0,Microsoft Corporation Inc.,Application,,C:\Windows\SystemApps\Microsoft.AsyncTextService_8wekyb3d8bbwe,1.0
7410,Audio Control,4.0,Conexant Systems LLC.,Application,,C:\Program Files\CONEXANT\Install\Audio\SA3\SA3\Dyson,2.0
7410,Audio Controls Control Panel,4.0,Conexant Systems LLC.,Application,,C:\Program Files\CONEXANT\SA3\HP-NB-AIO,3.0
7410,Bang & Olufsen,4.0,Conexant Systems LLC.,Application,,C:\Program Files\CONEXANT\Install\Audio\SA3\SA3\BandO,2.0
7410,Biometric Enrollment Host,10.0,Microsoft Corporation Inc.,Application,,C:\Windows\SystemApps\Microsoft.BioEnrollment_cw5n1h2txyewy,1.0
7410,BMC Client Management Agent,24.1.01.240624,BMC Software Inc.,Application,,C:\Program Files\BMC Software\Client Management\Client\bin,1.0
7410,BMC Client Management Certificate Generator,24.1.01.240624,BMC Software Inc.,Application,,C:\Program Files\BMC Software\Client Management\Client\bin,1.0
7410,BMC Client Management Chilli Interpreter,24.1.01.240624,BMC Software Inc.,Application,,C:\Program Files\BMC Software\Client Management\Client\bin,1.0
7410,BMC Client Management Direct Access Proxy Agent,24.1.01.240624,BMC Software Inc.,Application,,C:\Program Files\BMC Software\Client Management\Client\bin,1.0
7410,BMC Client Management Opswat Proxy Agent,24.1.01.240624,BMC Software Inc.,Application,,C:\Program Files\BMC Software\Client Management\Client\bin,1.0
7410,BMC Client Management Package Viewer,24.1.01.240624,BMC Software Inc.,Application,,C:\Program Files\BMC Software\Client Management\Client\bin,1.0
7410,BMC Client Management Patch Broker,24.1.01.240624,BMC Software Inc.,Application,,C:\Program Files\BMC Software\Client Management\Client\bin,1.0
7410,BMC Client Management Proxy Agent,24.1.01.240624,BMC Software Inc.,Application,,C:\Program Files\BMC Software\Client Management\Client\bin,1.0
7410,BMC Client Management Remote Control proxy,24.1.01.240624,BMC Software Inc.,Application,,C:\Program Files\BMC Software\Client Management\Client\bin,1.0
7410,BMC Client Management SCAP,24.1.01.240624,BMC Software Inc.,Application,,C:\Program Files\BMC Software\Client Management\Client\bin,1.0
7410,BMC Client Management Video Proxy Agent,24.1.01.240624,BMC Software Inc.,Application,,C:\Program Files\BMC Software\Client Management\Client\bin,1.0
7410,Boot File Servicing Utility,10.0,Microsoft Corporation Inc.,Application,,C:\Windows,1.0
7410,Boot Sector Manipulation Tool,10.0,Microsoft Corporation Inc.,Application,,C:\Users\joinuser.yanfin\Videos\Win11_23H2_English_x64v2\boot,1.0
7410,BrowserCore,10.0,Microsoft Corporation Inc.,Application,,C:\Windows\BrowserCore,1.0
7410,Calling App to host call progress on shell,10.0,Microsoft Corporation Inc.,Application,,C:\Windows\SystemApps\Microsoft.Windows.CallingShellApp_cw5n1h2txyewy,1.0
7410,CameraBarcodeScannerPreview,10.0,Microsoft Corporation Inc.,Application,,C:\Windows\SystemApps\Windows.CBSPreview_cw5n1h2txyewy,1.0
7410,CL5,9.6,Ivanti,Application,,C:\Program Files\BMC Software\Client Management\Client\data\PatchManagementPremium\workspace,1.0
7410,ClickOnce,4.8,Microsoft Corporation Inc.,Application,,C:\Windows\Microsoft.NET\Framework64\v4.0.30319,3.0
7410,CnxtNotify,1.0,Conexant Systems Inc.,Application,,C:\Program Files\CONEXANT\SA3\HP-NB-AIO,1.0
7410,Common User Interface,5.8,Musarubra US LLC.,Application,,C:\Program Files\McAfee\Agent\x86,1.0
7410,Credential Dialog Host,10.0,Microsoft Corporation Inc.,Application,,C:\Windows\SystemApps\microsoft.creddialoghost_cw5n1h2txyewy,1.0
7410,CrowdStrike Device Control,7.29,CrowdStrike Inc.,Add/Remove Programs,"November 14, 2025 12:00:00 AM",,
7410,CrowdStrike Device Control Support Tool,7.29,CrowdStrike Inc.,Application,,C:\Program Files\CrowdStrike,1.0
7410,CrowdStrike Falcon Connector,7.32,CrowdStrike Inc.,Application,,C:\Program Files\CrowdStrike,1.0
7410,CrowdStrike Falcon Sensor,7.32,CrowdStrike Inc.,Application,,C:\Program Files\CrowdStrike,1.0
7410,CrowdStrike Falcon Sensor Controller,7.32,CrowdStrike Inc.,Application,,C:\Program Files\CrowdStrike,1.0
7410,CrowdStrike Falcon Sensor Service,7.32,CrowdStrike Inc.,Application,,C:\Program Files\CrowdStrike,1.0
7410,CrowdStrike Falcon Sensor Servlet Container,7.32,CrowdStrike Inc.,Application,,C:\Program Files\CrowdStrike,1.0
7410,CrowdStrike Falcon Sensor Settings Tool,7.32,CrowdStrike Inc.,Application,,C:\Program Files\CrowdStrike,1.0
7410,CrowdStrike Falcon Sensor System Tray Application,7.32,CrowdStrike Inc.,Application,,C:\Program Files\CrowdStrike,2.0
7410,CrowdStrike Firmware Analysis,7.14,CrowdStrike Inc.,Add/Remove Programs,"May 22, 2025 12:00:00 AM",,
7410,CrowdStrike Firmware Analysis Support Tool,7.14,CrowdStrike Inc.,Application,,C:\Program Files\CrowdStrike,1.0
7410,CrowdStrike On-Demand Scan Command-line Tool,7.32,CrowdStrike Inc.,Application,,C:\Program Files\CrowdStrike,1.0
10455,.NET Runtime Optimization Service,4.8,Microsoft Corporation Inc.,Application,,C:\Windows\Microsoft.NET\Framework64\v4.0.30319,2.0
10455,64Bit MAPI Mail Agent,1.0,Foxit Software Inc.,Application,,C:\Program Files (x86)\Foxit Software\Foxit PDF Reader,1.0
10455,7-Zip 24.08 (x64 edition),24.08,Igor Pavlov,Add/Remove Programs,"November 30, 2024 12:00:00 AM",,
10455,7-Zip Console,24.08,Igor Pavlov,Application,,C:\Program Files\7-Zip,1.0
10455,7-Zip File Manager,24.08,Igor Pavlov,Application,,C:\Program Files\7-Zip,1.0
10455,7-Zip GUI,24.08,Igor Pavlov,Application,,C:\Program Files\7-Zip,1.0
10455,AAD token broker plugin,10.0,Microsoft Corporation Inc.,Application,,C:\Windows\SystemApps\Microsoft.AAD.BrokerPlugin_cw5n1h2txyewy,1.0
10455,Accounts Control Host,10.0,Microsoft Corporation Inc.,Application,,C:\Windows\SystemApps\Microsoft.AccountsControl_cw5n1h2txyewy,1.0
10455,AddSuggestedFoldersToLibraryDialog,10.0,Microsoft Corporation Inc.,Application,,C:\Windows\SystemApps\Microsoft.Windows.AddSuggestedFoldersToLibraryDialog_cw5n1h2txyewy,1.0
10455,Antimalware Service Executable,4.18,Microsoft Corporation Inc.,Application,,C:\Program Files\Windows Defender,1.0
10455,AppResolverUX,10.0,Microsoft Corporation Inc.,Application,,C:\Windows\SystemApps\Microsoft.Windows.AppResolverUX_cw5n1h2txyewy,1.0
10455,AsyncTextService,10.0,Microsoft Corporation Inc.,Application,,C:\Windows\SystemApps\Microsoft.AsyncTextService_8wekyb3d8bbwe,1.0
10455,Biometric Enrollment Host,10.0,Microsoft Corporation Inc.,Application,,C:\Windows\SystemApps\Microsoft.BioEnrollment_cw5n1h2txyewy,1.0
10455,BMC Client Management Agent,24.1.01.240624,BMC Software Inc.,Application,,C:\Program Files\BMC Software\Client Management\Client\bin,1.0
10455,BMC Client Management Certificate Generator,24.1.01.240624,BMC Software Inc.,Application,,C:\Program Files\BMC Software\Client Management\Client\bin,1.0
10455,BMC Client Management Chilli Interpreter,24.1.01.240624,BMC Software Inc.,Application,,C:\Program Files\BMC Software\Client Management\Client\bin,1.0
10455,BMC Client Management Direct Access Proxy Agent,24.1.01.240624,BMC Software Inc.,Application,,C:\Program Files\BMC Software\Client Management\Client\bin,1.0
10455,BMC Client Management Opswat Proxy Agent,24.1.01.240624,BMC Software Inc.,Application,,C:\Program Files\BMC Software\Client Management\Client\bin,1.0
10455,BMC Client Management Package Viewer,24.1.01.240624,BMC Software Inc.,Application,,C:\Program Files\BMC Software\Client Management\Client\bin,1.0
10455,BMC Client Management Patch Broker,24.1.01.240624,BMC Software Inc.,Application,,C:\Program Files\BMC Software\Client Management\Client\bin,1.0
10455,BMC Client Management Proxy Agent,24.1.01.240624,BMC Software Inc.,Application,,C:\Program Files\BMC Software\Client Management\Client\bin,1.0
10455,BMC Client Management Remote Control proxy,24.1.01.240624,BMC Software Inc.,Application,,C:\Program Files\BMC Software\Client Management\Client\bin,1.0
10455,BMC Client Management SCAP,24.1.01.240624,BMC Software Inc.,Application,,C:\Program Files\BMC Software\Client Management\Client\bin,1.0
10455,BMC Client Management Video Proxy Agent,24.1.01.240624,BMC Software Inc.,Application,,C:\Program Files\BMC Software\Client Management\Client\bin,1.0
10455,Boot File Servicing Utility,10.0,Microsoft Corporation Inc.,Application,,C:\Windows,1.0
10455,Boot Sector Manipulation Tool,10.0,Microsoft Corporation Inc.,Application,,C:\Users\joinuser.yanfin\Videos\Win11_23H2_English_x64v2\boot,1.0
10455,BrowserCore,10.0,Microsoft Corporation Inc.,Application,,C:\Windows\BrowserCore,1.0
10455,Calling App to host call progress on shell,10.0,Microsoft Corporation Inc.,Application,,C:\Windows\SystemApps\Microsoft.Windows.CallingShellApp_cw5n1h2txyewy,1.0
10455,CameraBarcodeScannerPreview,10.0,Microsoft Corporation Inc.,Application,,C:\Windows\SystemApps\Windows.CBSPreview_cw5n1h2txyewy,1.0
10455,Change Printer Name Utility,1.0,SINDOH Co. Ltd.,Application,,C:\Users\5002591\Downloads\M612Series-PCL6-Win7+WIN81-FB_4.x.1322.014\x64,2.0
10455,Check PDF,5.6,PFU LIMITED,Application,,C:\Program Files (x86)\Common Files\PFU\ScanSnap\ScanToOffice,1.0
10455,CL5,9.6,Ivanti,Application,,C:\Program Files\BMC Software\Client Management\Client\data\PatchManagementPremium\workspace,1.0
10455,ClickOnce,4.8,Microsoft Corporation Inc.,Application,,C:\Windows\Microsoft.NET\Framework64\v4.0.30319,3.0
10455,Common User Interface,5.8,Musarubra US LLC.,Application,,C:\Program Files\McAfee\Agent\x86,1.0
10455,Credential Dialog Host,10.0,Microsoft Corporation Inc.,Application,,C:\Windows\SystemApps\microsoft.creddialoghost_cw5n1h2txyewy,1.0
10455,CrowdStrike Device Control,7.29,CrowdStrike Inc.,Add/Remove Programs,"November 14, 2025 12:00:00 AM",,
10455,CrowdStrike Device Control Support Tool,7.29,CrowdStrike Inc.,Application,,C:\Program Files\CrowdStrike,1.0
10455,CrowdStrike Falcon Connector,7.32,CrowdStrike Inc.,Application,,C:\Program Files\CrowdStrike,1.0
10455,CrowdStrike Falcon Sensor,7.32,CrowdStrike Inc.,Application,,C:\Program Files\CrowdStrike,1.0
10455,CrowdStrike Falcon Sensor Controller,7.32,CrowdStrike Inc.,Application,,C:\Program Files\CrowdStrike,1.0
10455,CrowdStrike Falcon Sensor Service,7.32,CrowdStrike Inc.,Application,,C:\Program Files\CrowdStrike,1.0
10455,CrowdStrike Falcon Sensor Servlet Container,7.32,CrowdStrike Inc.,Application,,C:\Program Files\CrowdStrike,1.0
10455,CrowdStrike Falcon Sensor Settings Tool,7.32,CrowdStrike Inc.,Application,,C:\Program Files\CrowdStrike,1.0
10455,CrowdStrike Falcon Sensor System Tray Application,7.32,CrowdStrike Inc.,Application,,C:\Program Files\CrowdStrike,2.0
10455,CrowdStrike Firmware Analysis,7.14,CrowdStrike Inc.,Add/Remove Programs,"July 24, 2025 12:00:00 AM",,
10455,CrowdStrike Firmware Analysis Support Tool,7.14,CrowdStrike Inc.,Application,,C:\Program Files\CrowdStrike,1.0
10455,CrowdStrike Forensic Data Collection Tool,1.0,CrowdStrike Inc.,Application,,C:,2.0
10455,CrowdStrike On-Demand Scan Command-line Tool,7.32,CrowdStrike Inc.,Application,,C:\Program Files\CrowdStrike,1.0
10455,CrowdStrike On-Demand Scan Tool,7.32,CrowdStrike Inc.,Application,,C:\Program Files\CrowdStrike,1.0
10455,CrowdStrike Sensor Platform,7.32,CrowdStrike Inc.,Add/Remove Programs,"January 14, 2026 12:00:00 AM",,
3697,.NET Framework,3.0,Microsoft Corporation Inc.,Application,,C:\Windows\Microsoft.NET\Framework64\v3.0\Windows Communication Foundation,2.0
3697,.NET Runtime Optimization Service,4.8,Microsoft Corporation Inc.,Application,,C:\Windows\Microsoft.NET\Framework64\v4.0.30319,2.0
3697,.NET Runtime Optimization Service,2.0,Microsoft Corporation Inc.,Application,,C:\Windows\Microsoft.NET\Framework64\v2.0.50727,2.0
3697,64Bit MAPI Mail Agent,1.0,Foxit Software Inc.,Application,,C:\Program Files (x86)\Foxit Software\Foxit PDF Reader,1.0
3697,7-Zip 24.08 (x64 edition),24.08,Igor Pavlov,Add/Remove Programs,"November 29, 2024 12:00:00 AM",,
3697,7-Zip Console,24.08,Igor Pavlov,Application,,C:\Program Files\7-Zip,1.0
3697,7-Zip File Manager,24.08,Igor Pavlov,Application,,C:\Program Files\7-Zip,1.0
3697,7-Zip GUI,24.08,Igor Pavlov,Application,,C:\Program Files\7-Zip,1.0
3697,AAD token broker plugin,10.0,Microsoft Corporation Inc.,Application,,C:\Windows\SystemApps\Microsoft.AAD.BrokerPlugin_cw5n1h2txyewy,1.0
3697,Accounts Control Host,10.0,Microsoft Corporation Inc.,Application,,C:\Windows\SystemApps\Microsoft.AccountsControl_cw5n1h2txyewy,1.0
3697,AddSuggestedFoldersToLibraryDialog,10.0,Microsoft Corporation Inc.,Application,,C:\Windows\SystemApps\Microsoft.Windows.AddSuggestedFoldersToLibraryDialog_cw5n1h2txyewy,1.0
3697,Antimalware Service Executable,4.18,Microsoft Corporation Inc.,Application,,C:\Program Files\Windows Defender,1.0
3697,AppResolverUX,10.0,Microsoft Corporation Inc.,Application,,C:\Windows\SystemApps\Microsoft.Windows.AppResolverUX_cw5n1h2txyewy,1.0
3697,AsyncTextService,10.0,Microsoft Corporation Inc.,Application,,C:\Windows\SystemApps\Microsoft.AsyncTextService_8wekyb3d8bbwe,1.0
3697,Biometric Enrollment Host,10.0,Microsoft Corporation Inc.,Application,,C:\Windows\SystemApps\Microsoft.BioEnrollment_cw5n1h2txyewy,1.0
3697,BMC Client Management Agent,24.1.01.240624,BMC Software Inc.,Application,,C:\Program Files\BMC Software\Client Management\Client\bin,1.0
3697,BMC Client Management Certificate Generator,24.1.01.240624,BMC Software Inc.,Application,,C:\Program Files\BMC Software\Client Management\Client\bin,1.0
3697,BMC Client Management Chilli Interpreter,24.1.01.240624,BMC Software Inc.,Application,,C:\Program Files\BMC Software\Client Management\Client\bin,1.0
3697,BMC Client Management Direct Access Proxy Agent,24.1.01.240624,BMC Software Inc.,Application,,C:\Program Files\BMC Software\Client Management\Client\bin,1.0
3697,BMC Client Management Opswat Proxy Agent,24.1.01.240624,BMC Software Inc.,Application,,C:\Program Files\BMC Software\Client Management\Client\bin,1.0
3697,BMC Client Management Package Viewer,24.1.01.240624,BMC Software Inc.,Application,,C:\Program Files\BMC Software\Client Management\Client\bin,1.0
3697,BMC Client Management Patch Broker,24.1.01.240624,BMC Software Inc.,Application,,C:\Program Files\BMC Software\Client Management\Client\bin,1.0
3697,BMC Client Management Proxy Agent,24.1.01.240624,BMC Software Inc.,Application,,C:\Program Files\BMC Software\Client Management\Client\bin,1.0
3697,BMC Client Management Remote Control proxy,24.1.01.240624,BMC Software Inc.,Application,,C:\Program Files\BMC Software\Client Management\Client\bin,1.0
3697,BMC Client Management SCAP,24.1.01.240624,BMC Software Inc.,Application,,C:\Program Files\BMC Software\Client Management\Client\bin,1.0
3697,BMC Client Management Video Proxy Agent,24.1.01.240624,BMC Software Inc.,Application,,C:\Program Files\BMC Software\Client Management\Client\bin,1.0
3697,Boot File Servicing Utility,10.0,Microsoft Corporation Inc.,Application,,C:\Windows,1.0
3697,BrowserCore,10.0,Microsoft Corporation Inc.,Application,,C:\Windows\BrowserCore,1.0
3697,Calling App to host call progress on shell,10.0,Microsoft Corporation Inc.,Application,,C:\Windows\SystemApps\Microsoft.Windows.CallingShellApp_cw5n1h2txyewy,1.0
3697,CameraBarcodeScannerPreview,10.0,Microsoft Corporation Inc.,Application,,C:\Windows\SystemApps\Windows.CBSPreview_cw5n1h2txyewy,1.0
3697,CL5,9.6,Ivanti,Application,,C:\Program Files\BMC Software\Client Management\Client\data\PatchManagementPremium\workspace,1.0
3697,ClickOnce,4.8,Microsoft Corporation Inc.,Application,,C:\Windows\Microsoft.NET\Framework64\v4.0.30319,3.0
3697,Common User Interface,5.8,Musarubra US LLC.,Application,,C:\Program Files\McAfee\Agent\x86,1.0
3697,Credential Dialog Host,10.0,Microsoft Corporation Inc.,Application,,C:\Windows\SystemApps\microsoft.creddialoghost_cw5n1h2txyewy,1.0
3697,CrowdStrike Device Control,7.29,CrowdStrike Inc.,Add/Remove Programs,"November 14, 2025 12:00:00 AM",,
3697,CrowdStrike Device Control Support Tool,7.29,CrowdStrike Inc.,Application,,C:\Program Files\CrowdStrike,1.0
3697,CrowdStrike Falcon Connector,7.32,CrowdStrike Inc.,Application,,C:\Program Files\CrowdStrike,1.0
3697,CrowdStrike Falcon Sensor,7.32,CrowdStrike Inc.,Application,,C:\Program Files\CrowdStrike,1.0
3697,CrowdStrike Falcon Sensor Controller,7.32,CrowdStrike Inc.,Application,,C:\Program Files\CrowdStrike,1.0
3697,CrowdStrike Falcon Sensor Service,7.32,CrowdStrike Inc.,Application,,C:\Program Files\CrowdStrike,1.0
3697,CrowdStrike Falcon Sensor Servlet Container,7.32,CrowdStrike Inc.,Application,,C:\Program Files\CrowdStrike,1.0
3697,CrowdStrike Falcon Sensor Settings Tool,7.32,CrowdStrike Inc.,Application,,C:\Program Files\CrowdStrike,1.0
3697,CrowdStrike Falcon Sensor System Tray Application,7.32,CrowdStrike Inc.,Application,,C:\Program Files\CrowdStrike,2.0
3697,CrowdStrike Firmware Analysis,7.14,CrowdStrike Inc.,Add/Remove Programs,"May 22, 2025 12:00:00 AM",,
3697,CrowdStrike Firmware Analysis Support Tool,7.14,CrowdStrike Inc.,Application,,C:\Program Files\CrowdStrike,1.0
3697,CrowdStrike On-Demand Scan Command-line Tool,7.32,CrowdStrike Inc.,Application,,C:\Program Files\CrowdStrike,1.0
3697,CrowdStrike On-Demand Scan Tool,7.32,CrowdStrike Inc.,Application,,C:\Program Files\CrowdStrike,1.0
3697,CrowdStrike Sensor Platform,7.32,CrowdStrike Inc.,Add/Remove Programs,"January 14, 2026 12:00:00 AM",,
3697,CrowdStrike Windows Sensor,7.32,CrowdStrike Inc.,Add/Remove Programs,"January 14, 2026 12:00:00 AM",,
3697,CrowdStrike Windows Sensor,6.54,CrowdStrike Inc.,Application,,D:\crowdstrike,1.0
