Asset_ID,Name Sort Not sorted  Name,Version Sort Not sorted  Version,Software Manufacturer Sort Not sorted  Software Manufacturer,Type Sort Not sorted  Type,Installation Date Sort Not sorted  Installation Date,Installation Directory Sort Not sorted  Installation Directory,File Count Sort Not sorted  File Count
8495,.NET Runtime Optimization Service,4.8,Microsoft Corporation Inc.,Application,,C:\Windows\Microsoft.NET\Framework64\v4.0.30319,2.0
8495,64Bit MAPI Mail Agent,1.0,Foxit Software Inc.,Application,,C:\Program Files (x86)\Foxit Software\Foxit PDF Reader,1.0
8495,7-Zip 24.08 (x64 edition),24.08,Igor Pavlov,Add/Remove Programs,"November 30, 2024 12:00:00 AM",,
8495,7-Zip Console,24.08,Igor Pavlov,Application,,C:\Program Files\7-Zip,1.0
8495,7-Zip File Manager,24.08,Igor Pavlov,Application,,C:\Program Files\7-Zip,1.0
8495,7-Zip GUI,24.08,Igor Pavlov,Application,,C:\Program Files\7-Zip,1.0
8495,AAD token broker plugin,10.0,Microsoft Corporation Inc.,Application,,C:\Windows\SystemApps\Microsoft.AAD.BrokerPlugin_cw5n1h2txyewy,1.0
8495,Accounts Control Host,10.0,Microsoft Corporation Inc.,Application,,C:\Windows\SystemApps\Microsoft.AccountsControl_cw5n1h2txyewy,1.0
8495,AddSuggestedFoldersToLibraryDialog,10.0,Microsoft Corporation Inc.,Application,,C:\Windows\SystemApps\Microsoft.Windows.AddSuggestedFoldersToLibraryDialog_cw5n1h2txyewy,1.0
8495,Antimalware Service Executable,4.18,Microsoft Corporation Inc.,Application,,C:\Program Files\Windows Defender,1.0
8495,AppResolverUX,10.0,Microsoft Corporation Inc.,Application,,C:\Windows\SystemApps\Microsoft.Windows.AppResolverUX_cw5n1h2txyewy,1.0
8495,AsyncTextService,10.0,Microsoft Corporation Inc.,Application,,C:\Windows\SystemApps\Microsoft.AsyncTextService_8wekyb3d8bbwe,1.0
8495,Biometric Enrollment Host,10.0,Microsoft Corporation Inc.,Application,,C:\Windows\SystemApps\Microsoft.BioEnrollment_cw5n1h2txyewy,1.0
8495,BMC Client Management Agent,24.1.01.240624,BMC Software Inc.,Application,,C:\Program Files\BMC Software\Client Management\Client\bin,1.0
8495,BMC Client Management Certificate Generator,24.1.01.240624,BMC Software Inc.,Application,,C:\Program Files\BMC Software\Client Management\Client\bin,1.0
8495,BMC Client Management Chilli Interpreter,24.1.01.240624,BMC Software Inc.,Application,,C:\Program Files\BMC Software\Client Management\Client\bin,1.0
8495,BMC Client Management Direct Access Proxy Agent,24.1.01.240624,BMC Software Inc.,Application,,C:\Program Files\BMC Software\Client Management\Client\bin,1.0
8495,BMC Client Management Opswat Proxy Agent,24.1.01.240624,BMC Software Inc.,Application,,C:\Program Files\BMC Software\Client Management\Client\bin,1.0
8495,BMC Client Management Package Viewer,24.1.01.240624,BMC Software Inc.,Application,,C:\Program Files\BMC Software\Client Management\Client\bin,1.0
8495,BMC Client Management Patch Broker,24.1.01.240624,BMC Software Inc.,Application,,C:\Program Files\BMC Software\Client Management\Client\bin,1.0
8495,BMC Client Management Proxy Agent,24.1.01.240624,BMC Software Inc.,Application,,C:\Program Files\BMC Software\Client Management\Client\bin,1.0
8495,BMC Client Management Remote Control proxy,24.1.01.240624,BMC Software Inc.,Application,,C:\Program Files\BMC Software\Client Management\Client\bin,1.0
8495,BMC Client Management SCAP,24.1.01.240624,BMC Software Inc.,Application,,C:\Program Files\BMC Software\Client Management\Client\bin,1.0
8495,BMC Client Management Video Proxy Agent,24.1.01.240624,BMC Software Inc.,Application,,C:\Program Files\BMC Software\Client Management\Client\bin,1.0
8495,Boot File Servicing Utility,10.0,Microsoft Corporation Inc.,Application,,C:\Windows,1.0
8495,BrowserCore,10.0,Microsoft Corporation Inc.,Application,,C:\Windows\BrowserCore,1.0
8495,Calling App to host call progress on shell,10.0,Microsoft Corporation Inc.,Application,,C:\Windows\SystemApps\Microsoft.Windows.CallingShellApp_cw5n1h2txyewy,1.0
8495,CameraBarcodeScannerPreview,10.0,Microsoft Corporation Inc.,Application,,C:\Windows\SystemApps\Windows.CBSPreview_cw5n1h2txyewy,1.0
8495,CL5,9.6,Ivanti,Application,,C:\Program Files\BMC Software\Client Management\Client\data\PatchManagementPremium\workspace,1.0
8495,ClickOnce,4.8,Microsoft Corporation Inc.,Application,,C:\Windows\Microsoft.NET\Framework64\v4.0.30319,3.0
8495,Common User Interface,5.8,Musarubra US LLC.,Application,,C:\Program Files\McAfee\Agent\x86,1.0
8495,Copilot Update,1.3,Microsoft Corporation Inc.,Application,,C:\Program Files (x86)\Microsoft\EdgeUpdate,2.0
8495,Create a self-signed digital certificate,15.0,Microsoft Corporation Inc.,Application,,C:\Program Files\Microsoft Office\Office15,1.0
8495,Credential Dialog Host,10.0,Microsoft Corporation Inc.,Application,,C:\Windows\SystemApps\microsoft.creddialoghost_cw5n1h2txyewy,1.0
8495,CrowdStrike Device Control,7.29,CrowdStrike Inc.,Add/Remove Programs,"November 14, 2025 12:00:00 AM",,
8495,CrowdStrike Device Control Support Tool,7.29,CrowdStrike Inc.,Application,,C:\Program Files\CrowdStrike,1.0
8495,CrowdStrike Falcon Connector,7.32,CrowdStrike Inc.,Application,,C:\Program Files\CrowdStrike,1.0
8495,CrowdStrike Falcon Sensor,7.32,CrowdStrike Inc.,Application,,C:\Program Files\CrowdStrike,1.0
8495,CrowdStrike Falcon Sensor Controller,7.32,CrowdStrike Inc.,Application,,C:\Program Files\CrowdStrike,1.0
8495,CrowdStrike Falcon Sensor Service,7.32,CrowdStrike Inc.,Application,,C:\Program Files\CrowdStrike,1.0
8495,CrowdStrike Falcon Sensor Servlet Container,7.32,CrowdStrike Inc.,Application,,C:\Program Files\CrowdStrike,1.0
8495,CrowdStrike Falcon Sensor Settings Tool,7.32,CrowdStrike Inc.,Application,,C:\Program Files\CrowdStrike,1.0
8495,CrowdStrike Falcon Sensor System Tray Application,7.32,CrowdStrike Inc.,Application,,C:\Program Files\CrowdStrike,2.0
8495,CrowdStrike Firmware Analysis,7.14,CrowdStrike Inc.,Add/Remove Programs,"April 29, 2025 12:00:00 AM",,
8495,CrowdStrike Firmware Analysis Support Tool,7.14,CrowdStrike Inc.,Application,,C:\Program Files\CrowdStrike,1.0
8495,CrowdStrike Forensic Data Collection Tool,1.0,CrowdStrike Inc.,Application,,C:,2.0
8495,CrowdStrike On-Demand Scan Command-line Tool,7.32,CrowdStrike Inc.,Application,,C:\Program Files\CrowdStrike,1.0
8495,CrowdStrike On-Demand Scan Tool,7.32,CrowdStrike Inc.,Application,,C:\Program Files\CrowdStrike,1.0
8495,CrowdStrike Sensor Platform,7.32,CrowdStrike Inc.,Add/Remove Programs,"January 14, 2026 12:00:00 AM",,
8495,CrowdStrike Windows Sensor,7.32,CrowdStrike Inc.,Add/Remove Programs,"January 14, 2026 12:00:00 AM",,
14947,.NET Runtime Optimization Service,4.8,Microsoft Corporation Inc.,Application,,C:\Windows\Microsoft.NET\Framework64\v4.0.30319,2.0
14947,64Bit MAPI Mail Agent,1.0,Foxit Software Inc.,Application,,C:\Program Files (x86)\Foxit Software\Foxit PDF Reader,1.0
14947,7-Zip 24.08 (x64),24.08,Igor Pavlov,Add/Remove Programs,,C:\Program Files\7-Zip\,
14947,7-Zip Console,24.08,Igor Pavlov,Application,,C:\Program Files\7-Zip,1.0
14947,7-Zip File Manager,24.08,Igor Pavlov,Application,,C:\Program Files\7-Zip,1.0
14947,7-Zip GUI,24.08,Igor Pavlov,Application,,C:\Program Files\7-Zip,1.0
14947,Accounts Control Host,10.0,Microsoft Corporation Inc.,Application,,C:\Windows\SystemApps\Microsoft.AccountsControl_cw5n1h2txyewy,1.0
14947,AddSuggestedFoldersToLibraryDialog,10.0,Microsoft Corporation Inc.,Application,,C:\Windows\SystemApps\Microsoft.Windows.AddSuggestedFoldersToLibraryDialog_cw5n1h2txyewy,1.0
14947,Antimalware Core Service,4.18,Microsoft Corporation Inc.,Application,,C:\Program Files\Windows Defender,1.0
14947,Antimalware Service Executable,4.18,Microsoft Corporation Inc.,Application,,C:\Program Files\Windows Defender,1.0
14947,AppResolverUX,10.0,Microsoft Corporation Inc.,Application,,C:\Windows\SystemApps\Microsoft.Windows.AppResolverUX_cw5n1h2txyewy,1.0
14947,AsyncTextService,10.0,Microsoft Corporation Inc.,Application,,C:\Windows\SystemApps\Microsoft.AsyncTextService_8wekyb3d8bbwe,1.0
14947,Biometric Enrollment Host,10.0,Microsoft Corporation Inc.,Application,,C:\Windows\SystemApps\Microsoft.BioEnrollment_cw5n1h2txyewy,1.0
14947,BMC Client Management Agent,24.1.01.240624,BMC Software Inc.,Application,,C:\Program Files\BMC Software\Client Management\Client\bin,1.0
14947,BMC Client Management Certificate Generator,24.1.01.240624,BMC Software Inc.,Application,,C:\Program Files\BMC Software\Client Management\Client\bin,1.0
14947,BMC Client Management Chilli Interpreter,24.1.01.240624,BMC Software Inc.,Application,,C:\Program Files\BMC Software\Client Management\Client\bin,1.0
14947,BMC Client Management Direct Access Proxy Agent,24.1.01.240624,BMC Software Inc.,Application,,C:\Program Files\BMC Software\Client Management\Client\bin,1.0
14947,BMC Client Management Opswat Proxy Agent,24.1.01.240624,BMC Software Inc.,Application,,C:\Program Files\BMC Software\Client Management\Client\bin,1.0
14947,BMC Client Management Package Viewer,24.1.01.240624,BMC Software Inc.,Application,,C:\Program Files\BMC Software\Client Management\Client\bin,1.0
14947,BMC Client Management Patch Broker,24.1.01.240624,BMC Software Inc.,Application,,C:\Program Files\BMC Software\Client Management\Client\bin,1.0
14947,BMC Client Management Proxy Agent,24.1.01.240624,BMC Software Inc.,Application,,C:\Program Files\BMC Software\Client Management\Client\bin,1.0
14947,BMC Client Management Remote Control proxy,24.1.01.240624,BMC Software Inc.,Application,,C:\Program Files\BMC Software\Client Management\Client\bin,1.0
14947,BMC Client Management SCAP,24.1.01.240624,BMC Software Inc.,Application,,C:\Program Files\BMC Software\Client Management\Client\bin,1.0
14947,BMC Client Management Video Proxy Agent,24.1.01.240624,BMC Software Inc.,Application,,C:\Program Files\BMC Software\Client Management\Client\bin,1.0
14947,Boot File Servicing Utility,10.0,Microsoft Corporation Inc.,Application,,C:\Windows,1.0
14947,Browser Protection Native Messaging Host,4.18,Microsoft Corporation Inc.,Application,,C:\Program Files\Windows Defender,1.0
14947,BrowserCore,10.0,Microsoft Corporation Inc.,Application,,C:\Windows\BrowserCore,1.0
14947,CameraBarcodeScannerPreview,10.0,Microsoft Corporation Inc.,Application,,C:\Windows\SystemApps\Windows.CBSPreview_cw5n1h2txyewy,1.0
14947,ChromeEnterpriseCompanion,143.0,Google LLC,Application,,C:\Windows\SystemTemp\scoped_dir7708_2047197952\scoped_dir7708_1709514668,1.0
14947,CL5,9.6,Ivanti,Application,,C:\Program Files\BMC Software\Client Management\Client\data\PatchManagementPremium\workspace,5.0
14947,ClickOnce,4.8,Microsoft Corporation Inc.,Application,,C:\Windows\Microsoft.NET\Framework64\v4.0.30319,3.0
14947,Common User Interface,5.8,Musarubra US LLC.,Application,,C:\Program Files\McAfee\Agent\x86,1.0
14947,Copilot,144.0,Microsoft Corporation Inc.,Application,,C:\Program Files (x86)\Microsoft\EdgeWebView\Application\144.0.3719.93,7.0
14947,Copilot Update,1.3,Microsoft Corporation Inc.,Application,,C:\Program Files (x86)\Microsoft\EdgeUpdate,2.0
14947,Credential Dialog Host,10.0,Microsoft Corporation Inc.,Application,,C:\Windows\SystemApps\microsoft.creddialoghost_cw5n1h2txyewy,1.0
14947,CrowdStrike Device Control,7.29,CrowdStrike Inc.,Add/Remove Programs,"November 14, 2025 12:00:00 AM",,
14947,CrowdStrike Device Control Support Tool,7.29,CrowdStrike Inc.,Application,,C:\Program Files\CrowdStrike,1.0
14947,CrowdStrike Falcon Connector,7.32,CrowdStrike Inc.,Application,,C:\Program Files\CrowdStrike,1.0
14947,CrowdStrike Falcon Sensor,7.32,CrowdStrike Inc.,Application,,C:\Program Files\CrowdStrike,1.0
14947,CrowdStrike Falcon Sensor Controller,7.32,CrowdStrike Inc.,Application,,C:\Program Files\CrowdStrike,1.0
14947,CrowdStrike Falcon Sensor Service,7.32,CrowdStrike Inc.,Application,,C:\Program Files\CrowdStrike,1.0
14947,CrowdStrike Falcon Sensor Servlet Container,7.32,CrowdStrike Inc.,Application,,C:\Program Files\CrowdStrike,1.0
14947,CrowdStrike Falcon Sensor Settings Tool,7.32,CrowdStrike Inc.,Application,,C:\Program Files\CrowdStrike,1.0
14947,CrowdStrike Falcon Sensor System Tray Application,7.32,CrowdStrike Inc.,Application,,C:\Program Files\CrowdStrike,2.0
14947,CrowdStrike Firmware Analysis,7.14,CrowdStrike Inc.,Add/Remove Programs,"July 24, 2025 12:00:00 AM",,
14947,CrowdStrike Firmware Analysis Support Tool,7.14,CrowdStrike Inc.,Application,,C:\Program Files\CrowdStrike,1.0
14947,CrowdStrike On-Demand Scan Command-line Tool,7.32,CrowdStrike Inc.,Application,,C:\Program Files\CrowdStrike,1.0
14947,CrowdStrike On-Demand Scan Tool,7.32,CrowdStrike Inc.,Application,,C:\Program Files\CrowdStrike,1.0
14947,CrowdStrike Sensor Platform,7.32,CrowdStrike Inc.,Add/Remove Programs,"January 14, 2026 12:00:00 AM",,
14947,CrowdStrike Windows Sensor,7.32,CrowdStrike Inc.,Add/Remove Programs,"January 14, 2026 12:00:00 AM",,
7959,.NET Runtime Optimization Service,4.8,Microsoft Corporation Inc.,Application,,C:\Windows\Microsoft.NET\Framework64\v4.0.30319,2.0
7959,64Bit MAPI Mail Agent,1.0,Foxit Software Inc.,Application,,C:\Program Files (x86)\Foxit Software\Foxit PDF Reader,1.0
7959,7-Zip 24.08 (x64 edition),24.08,Igor Pavlov,Add/Remove Programs,"November 27, 2024 12:00:00 AM",,
7959,7-Zip Console,24.08,Igor Pavlov,Application,,C:\Program Files\7-Zip,1.0
7959,7-Zip File Manager,24.08,Igor Pavlov,Application,,C:\Program Files\7-Zip,1.0
7959,7-Zip GUI,24.08,Igor Pavlov,Application,,C:\Program Files\7-Zip,1.0
7959,Accounts Control Host,10.0,Microsoft Corporation Inc.,Application,,C:\Windows\SystemApps\Microsoft.AccountsControl_cw5n1h2txyewy,1.0
7959,AddSuggestedFoldersToLibraryDialog,10.0,Microsoft Corporation Inc.,Application,,C:\Windows\SystemApps\Microsoft.Windows.AddSuggestedFoldersToLibraryDialog_cw5n1h2txyewy,1.0
7959,Antimalware Core Service,4.18,Microsoft Corporation Inc.,Application,,C:\Program Files\Windows Defender,1.0
7959,Antimalware Service Executable,4.18,Microsoft Corporation Inc.,Application,,C:\Program Files\Windows Defender,1.0
7959,AppResolverUX,10.0,Microsoft Corporation Inc.,Application,,C:\Windows\SystemApps\Microsoft.Windows.AppResolverUX_cw5n1h2txyewy,1.0
7959,AsyncTextService,10.0,Microsoft Corporation Inc.,Application,,C:\Windows\SystemApps\Microsoft.AsyncTextService_8wekyb3d8bbwe,1.0
7959,Biometric Enrollment Host,10.0,Microsoft Corporation Inc.,Application,,C:\Windows\SystemApps\Microsoft.BioEnrollment_cw5n1h2txyewy,1.0
7959,BMC Client Management Agent,24.1.01.240624,BMC Software Inc.,Application,,C:\Program Files\BMC Software\Client Management\Client\bin,1.0
7959,BMC Client Management Certificate Generator,24.1.01.240624,BMC Software Inc.,Application,,C:\Program Files\BMC Software\Client Management\Client\bin,1.0
7959,BMC Client Management Chilli Interpreter,24.1.01.240624,BMC Software Inc.,Application,,C:\Program Files\BMC Software\Client Management\Client\bin,1.0
7959,BMC Client Management Direct Access Proxy Agent,24.1.01.240624,BMC Software Inc.,Application,,C:\Program Files\BMC Software\Client Management\Client\bin,1.0
7959,BMC Client Management Opswat Proxy Agent,24.1.01.240624,BMC Software Inc.,Application,,C:\Program Files\BMC Software\Client Management\Client\bin,1.0
7959,BMC Client Management Package Viewer,24.1.01.240624,BMC Software Inc.,Application,,C:\Program Files\BMC Software\Client Management\Client\bin,1.0
7959,BMC Client Management Patch Broker,24.1.01.240624,BMC Software Inc.,Application,,C:\Program Files\BMC Software\Client Management\Client\bin,1.0
7959,BMC Client Management Proxy Agent,24.1.01.240624,BMC Software Inc.,Application,,C:\Program Files\BMC Software\Client Management\Client\bin,1.0
7959,BMC Client Management Remote Control proxy,24.1.01.240624,BMC Software Inc.,Application,,C:\Program Files\BMC Software\Client Management\Client\bin,1.0
7959,BMC Client Management SCAP,24.1.01.240624,BMC Software Inc.,Application,,C:\Program Files\BMC Software\Client Management\Client\bin,1.0
7959,BMC Client Management Video Proxy Agent,24.1.01.240624,BMC Software Inc.,Application,,C:\Program Files\BMC Software\Client Management\Client\bin,1.0
7959,Boot File Servicing Utility,10.0,Microsoft Corporation Inc.,Application,,C:\Windows,1.0
7959,Browser Protection Native Messaging Host,4.18,Microsoft Corporation Inc.,Application,,C:\Program Files\Windows Defender,1.0
7959,BrowserCore,10.0,Microsoft Corporation Inc.,Application,,C:\Windows\BrowserCore,1.0
7959,CameraBarcodeScannerPreview,10.0,Microsoft Corporation Inc.,Application,,C:\Windows\SystemApps\Windows.CBSPreview_cw5n1h2txyewy,1.0
7959,ChromeEnterpriseCompanion,143.0,Google LLC,Application,,C:\Windows\SystemTemp\scoped_dir11104_459065463\scoped_dir11104_1352967932,1.0
7959,CL5,9.6,Ivanti,Application,,C:\Program Files\BMC Software\Client Management\Client\data\PatchManagementPremium\workspace,1.0
7959,ClickOnce,4.8,Microsoft Corporation Inc.,Application,,C:\Windows\Microsoft.NET\Framework64\v4.0.30319,3.0
7959,Common User Interface,5.8,Musarubra US LLC.,Application,,C:\Program Files\McAfee\Agent\x86,1.0
7959,Copilot,144.0,Microsoft Corporation Inc.,Application,,C:\Program Files (x86)\Microsoft\EdgeWebView\Application\144.0.3719.115,3.0
7959,Copilot Update,1.3,Microsoft Corporation Inc.,Application,,C:\Program Files (x86)\Microsoft\EdgeUpdate,2.0
7959,Create a self-signed digital certificate,15.0,Microsoft Corporation Inc.,Application,,C:\Program Files\Microsoft Office\Office15,1.0
7959,Credential Dialog Host,10.0,Microsoft Corporation Inc.,Application,,C:\Windows\SystemApps\microsoft.creddialoghost_cw5n1h2txyewy,1.0
7959,CrowdStrike Device Control,7.29,CrowdStrike Inc.,Add/Remove Programs,"November 15, 2025 12:00:00 AM",,
7959,CrowdStrike Device Control Support Tool,7.29,CrowdStrike Inc.,Application,,C:\Program Files\CrowdStrike,1.0
7959,CrowdStrike Falcon Connector,7.32,CrowdStrike Inc.,Application,,C:\Program Files\CrowdStrike,1.0
7959,CrowdStrike Falcon Sensor,7.32,CrowdStrike Inc.,Application,,C:\Program Files\CrowdStrike,1.0
7959,CrowdStrike Falcon Sensor Controller,7.32,CrowdStrike Inc.,Application,,C:\Program Files\CrowdStrike,1.0
7959,CrowdStrike Falcon Sensor Service,7.32,CrowdStrike Inc.,Application,,C:\Program Files\CrowdStrike,1.0
7959,CrowdStrike Falcon Sensor Servlet Container,7.32,CrowdStrike Inc.,Application,,C:\Program Files\CrowdStrike,1.0
7959,CrowdStrike Falcon Sensor Settings Tool,7.32,CrowdStrike Inc.,Application,,C:\Program Files\CrowdStrike,1.0
7959,CrowdStrike Falcon Sensor System Tray Application,7.32,CrowdStrike Inc.,Application,,C:\Program Files\CrowdStrike,2.0
7959,CrowdStrike Firmware Analysis,7.14,CrowdStrike Inc.,Add/Remove Programs,"April 30, 2025 12:00:00 AM",,
7959,CrowdStrike Firmware Analysis Support Tool,7.14,CrowdStrike Inc.,Application,,C:\Program Files\CrowdStrike,1.0
7959,CrowdStrike Forensic Data Collection Tool,1.0,CrowdStrike Inc.,Application,,C:,2.0
7959,CrowdStrike On-Demand Scan Command-line Tool,7.32,CrowdStrike Inc.,Application,,C:\Program Files\CrowdStrike,1.0
7959,CrowdStrike On-Demand Scan Tool,7.32,CrowdStrike Inc.,Application,,C:\Program Files\CrowdStrike,1.0
7976,.NET Runtime Optimization Service,4.8,Microsoft Corporation Inc.,Application,,C:\Windows\Microsoft.NET\Framework64\v4.0.30319,2.0
7976,64Bit MAPI Mail Agent,1.0,Foxit Software Inc.,Application,,C:\Program Files (x86)\Foxit Software\Foxit PDF Reader,1.0
7976,7-Zip 23.01 (x64),23.01,Igor Pavlov,Add/Remove Programs,,C:\Program Files\7-Zip\,
7976,7-Zip Console,23.01,Igor Pavlov,Application,,C:\Program Files\7-Zip,1.0
7976,7-Zip File Manager,23.01,Igor Pavlov,Application,,C:\Program Files\7-Zip,1.0
7976,7-Zip GUI,23.01,Igor Pavlov,Application,,C:\Program Files\7-Zip,1.0
7976,Accounts Control Host,10.0,Microsoft Corporation Inc.,Application,,C:\Windows\SystemApps\Microsoft.AccountsControl_cw5n1h2txyewy,1.0
7976,AddSuggestedFoldersToLibraryDialog,10.0,Microsoft Corporation Inc.,Application,,C:\Windows\SystemApps\Microsoft.Windows.AddSuggestedFoldersToLibraryDialog_cw5n1h2txyewy,1.0
7976,Antimalware Core Service,4.18,Microsoft Corporation Inc.,Application,,C:\Program Files\Windows Defender,1.0
7976,Antimalware Service Executable,4.18,Microsoft Corporation Inc.,Application,,C:\Program Files\Windows Defender,1.0
7976,AppFollower,1.3,Conexant Systems Inc.,Application,,C:\Program Files\CONEXANT\Flow,1.0
7976,AppResolverUX,10.0,Microsoft Corporation Inc.,Application,,C:\Windows\SystemApps\Microsoft.Windows.AppResolverUX_cw5n1h2txyewy,1.0
7976,AsyncTextService,10.0,Microsoft Corporation Inc.,Application,,C:\Windows\SystemApps\Microsoft.AsyncTextService_8wekyb3d8bbwe,1.0
7976,Audio Control,4.0,Conexant Systems LLC.,Application,,C:\Program Files\CONEXANT\Install\Audio\SA3\SA3\Dyson,2.0
7976,Audio Controls Control Panel,4.0,Conexant Systems LLC.,Application,,C:\Program Files\CONEXANT\SA3\HP-NB-AIO,3.0
7976,Bang & Olufsen,4.0,Conexant Systems LLC.,Application,,C:\Program Files\CONEXANT\Install\Audio\SA3\SA3\BandO,2.0
7976,Biometric Enrollment Host,10.0,Microsoft Corporation Inc.,Application,,C:\Windows\SystemApps\Microsoft.BioEnrollment_cw5n1h2txyewy,1.0
7976,BMC Client Management Agent,24.1.01.240624,BMC Software Inc.,Application,,C:\Program Files\BMC Software\Client Management\Client\bin,1.0
7976,BMC Client Management Certificate Generator,24.1.01.240624,BMC Software Inc.,Application,,C:\Program Files\BMC Software\Client Management\Client\bin,1.0
7976,BMC Client Management Chilli Interpreter,24.1.01.240624,BMC Software Inc.,Application,,C:\Program Files\BMC Software\Client Management\Client\bin,1.0
7976,BMC Client Management Direct Access Proxy Agent,24.1.01.240624,BMC Software Inc.,Application,,C:\Program Files\BMC Software\Client Management\Client\bin,1.0
7976,BMC Client Management Opswat Proxy Agent,24.1.01.240624,BMC Software Inc.,Application,,C:\Program Files\BMC Software\Client Management\Client\bin,1.0
7976,BMC Client Management Package Viewer,24.1.01.240624,BMC Software Inc.,Application,,C:\Program Files\BMC Software\Client Management\Client\bin,1.0
7976,BMC Client Management Patch Broker,24.1.01.240624,BMC Software Inc.,Application,,C:\Program Files\BMC Software\Client Management\Client\bin,1.0
7976,BMC Client Management Proxy Agent,24.1.01.240624,BMC Software Inc.,Application,,C:\Program Files\BMC Software\Client Management\Client\bin,1.0
7976,BMC Client Management Remote Control proxy,24.1.01.240624,BMC Software Inc.,Application,,C:\Program Files\BMC Software\Client Management\Client\bin,1.0
7976,BMC Client Management SCAP,24.1.01.240624,BMC Software Inc.,Application,,C:\Program Files\BMC Software\Client Management\Client\bin,1.0
7976,BMC Client Management Video Proxy Agent,24.1.01.240624,BMC Software Inc.,Application,,C:\Program Files\BMC Software\Client Management\Client\bin,1.0
7976,Boot File Servicing Utility,10.0,Microsoft Corporation Inc.,Application,,C:\Windows,1.0
7976,Browser Protection Native Messaging Host,4.18,Microsoft Corporation Inc.,Application,,C:\Program Files\Windows Defender,1.0
7976,BrowserCore,10.0,Microsoft Corporation Inc.,Application,,C:\Windows\BrowserCore,1.0
7976,CameraBarcodeScannerPreview,10.0,Microsoft Corporation Inc.,Application,,C:\Windows\SystemApps\Windows.CBSPreview_cw5n1h2txyewy,1.0
7976,ChromeEnterpriseCompanion,143.0,Google LLC,Application,,C:\Windows\SystemTemp\scoped_dir10968_1726924263\scoped_dir10968_1468205176,1.0
7976,CL5,9.6,Ivanti,Application,,C:\Program Files\BMC Software\Client Management\Client\data\PatchManagementPremium\workspace,1.0
7976,ClickOnce,4.8,Microsoft Corporation Inc.,Application,,C:\Windows\Microsoft.NET\Framework64\v4.0.30319,3.0
7976,CnxtNotify,1.0,Conexant Systems Inc.,Application,,C:\Program Files\CONEXANT\SA3\HP-NB-AIO,1.0
7976,Common User Interface,5.8,Musarubra US LLC.,Application,,C:\Program Files\McAfee\Agent\x86,1.0
7976,Credential Dialog Host,10.0,Microsoft Corporation Inc.,Application,,C:\Windows\SystemApps\microsoft.creddialoghost_cw5n1h2txyewy,1.0
7976,CrowdStrike Device Control,7.29,CrowdStrike Inc.,Add/Remove Programs,"November 14, 2025 12:00:00 AM",,
7976,CrowdStrike Device Control Support Tool,7.29,CrowdStrike Inc.,Application,,C:\Program Files\CrowdStrike,1.0
7976,CrowdStrike Falcon Connector,7.32,CrowdStrike Inc.,Application,,C:\Program Files\CrowdStrike,1.0
7976,CrowdStrike Falcon Sensor,7.32,CrowdStrike Inc.,Application,,C:\Program Files\CrowdStrike,1.0
7976,CrowdStrike Falcon Sensor Controller,7.32,CrowdStrike Inc.,Application,,C:\Program Files\CrowdStrike,1.0
7976,CrowdStrike Falcon Sensor Service,7.32,CrowdStrike Inc.,Application,,C:\Program Files\CrowdStrike,1.0
7976,CrowdStrike Falcon Sensor Servlet Container,7.32,CrowdStrike Inc.,Application,,C:\Program Files\CrowdStrike,1.0
7976,CrowdStrike Falcon Sensor Settings Tool,7.32,CrowdStrike Inc.,Application,,C:\Program Files\CrowdStrike,1.0
7976,CrowdStrike Falcon Sensor System Tray Application,7.32,CrowdStrike Inc.,Application,,C:\Program Files\CrowdStrike,2.0
7976,CrowdStrike Firmware Analysis,7.14,CrowdStrike Inc.,Add/Remove Programs,"August 27, 2025 12:00:00 AM",,
7976,CrowdStrike Firmware Analysis Support Tool,7.14,CrowdStrike Inc.,Application,,C:\Program Files\CrowdStrike,1.0
7976,CrowdStrike On-Demand Scan Command-line Tool,7.32,CrowdStrike Inc.,Application,,C:\Program Files\CrowdStrike,1.0
8517,.NET Runtime Optimization Service,4.8,Microsoft Corporation Inc.,Application,,C:\Windows\Microsoft.NET\Framework64\v4.0.30319,2.0
8517,64Bit MAPI Mail Agent,1.0,Foxit Software Inc.,Application,,C:\Program Files (x86)\Foxit Software\Foxit PDF Reader,1.0
8517,7-Zip 24.09 (x64),24.09,Igor Pavlov,Add/Remove Programs,,C:\Program Files\7-Zip\,
8517,7-Zip Console,24.09,Igor Pavlov,Application,,C:\Program Files\7-Zip,1.0
8517,7-Zip File Manager,24.09,Igor Pavlov,Application,,C:\Program Files\7-Zip,1.0
8517,7-Zip GUI,24.09,Igor Pavlov,Application,,C:\Program Files\7-Zip,1.0
8517,Accounts Control Host,10.0,Microsoft Corporation Inc.,Application,,C:\Windows\SystemApps\Microsoft.AccountsControl_cw5n1h2txyewy,1.0
8517,AddSuggestedFoldersToLibraryDialog,10.0,Microsoft Corporation Inc.,Application,,C:\Windows\SystemApps\Microsoft.Windows.AddSuggestedFoldersToLibraryDialog_cw5n1h2txyewy,1.0
8517,Antimalware Core Service,4.18,Microsoft Corporation Inc.,Application,,C:\Program Files\Windows Defender,1.0
8517,Antimalware Service Executable,4.18,Microsoft Corporation Inc.,Application,,C:\Program Files\Windows Defender,1.0
8517,AppResolverUX,10.0,Microsoft Corporation Inc.,Application,,C:\Windows\SystemApps\Microsoft.Windows.AppResolverUX_cw5n1h2txyewy,1.0
8517,AsyncTextService,10.0,Microsoft Corporation Inc.,Application,,C:\Windows\SystemApps\Microsoft.AsyncTextService_8wekyb3d8bbwe,1.0
8517,Biometric Enrollment Host,10.0,Microsoft Corporation Inc.,Application,,C:\Windows\SystemApps\Microsoft.BioEnrollment_cw5n1h2txyewy,1.0
8517,BMC Client Management Agent,24.1.01.240624,BMC Software Inc.,Application,,C:\Program Files\BMC Software\Client Management\Client\bin,1.0
8517,BMC Client Management Certificate Generator,24.1.01.240624,BMC Software Inc.,Application,,C:\Program Files\BMC Software\Client Management\Client\bin,1.0
8517,BMC Client Management Chilli Interpreter,24.1.01.240624,BMC Software Inc.,Application,,C:\Program Files\BMC Software\Client Management\Client\bin,1.0
8517,BMC Client Management Direct Access Proxy Agent,24.1.01.240624,BMC Software Inc.,Application,,C:\Program Files\BMC Software\Client Management\Client\bin,1.0
8517,BMC Client Management Opswat Proxy Agent,24.1.01.240624,BMC Software Inc.,Application,,C:\Program Files\BMC Software\Client Management\Client\bin,1.0
8517,BMC Client Management Package Viewer,24.1.01.240624,BMC Software Inc.,Application,,C:\Program Files\BMC Software\Client Management\Client\bin,1.0
8517,BMC Client Management Patch Broker,24.1.01.240624,BMC Software Inc.,Application,,C:\Program Files\BMC Software\Client Management\Client\bin,1.0
8517,BMC Client Management Proxy Agent,24.1.01.240624,BMC Software Inc.,Application,,C:\Program Files\BMC Software\Client Management\Client\bin,1.0
8517,BMC Client Management Remote Control proxy,24.1.01.240624,BMC Software Inc.,Application,,C:\Program Files\BMC Software\Client Management\Client\bin,1.0
8517,BMC Client Management SCAP,24.1.01.240624,BMC Software Inc.,Application,,C:\Program Files\BMC Software\Client Management\Client\bin,1.0
8517,BMC Client Management Video Proxy Agent,24.1.01.240624,BMC Software Inc.,Application,,C:\Program Files\BMC Software\Client Management\Client\bin,1.0
8517,Boot File Servicing Utility,10.0,Microsoft Corporation Inc.,Application,,C:\Windows,1.0
8517,Browser Protection Native Messaging Host,4.18,Microsoft Corporation Inc.,Application,,C:\Program Files\Windows Defender,1.0
8517,BrowserCore,10.0,Microsoft Corporation Inc.,Application,,C:\Windows\BrowserCore,1.0
8517,CameraBarcodeScannerPreview,10.0,Microsoft Corporation Inc.,Application,,C:\Windows\SystemApps\Windows.CBSPreview_cw5n1h2txyewy,1.0
8517,CL5,9.6,Ivanti,Application,,C:\Program Files\BMC Software\Client Management\Client\data\PatchManagementPremium\workspace,1.0
8517,ClickOnce,4.8,Microsoft Corporation Inc.,Application,,C:\Windows\Microsoft.NET\Framework64\v4.0.30319,3.0
8517,Common User Interface,5.8,Musarubra US LLC.,Application,,C:\Program Files\McAfee\Agent\x86,1.0
8517,Credential Dialog Host,10.0,Microsoft Corporation Inc.,Application,,C:\Windows\SystemApps\microsoft.creddialoghost_cw5n1h2txyewy,1.0
8517,CrowdStrike Device Control,7.29,CrowdStrike Inc.,Add/Remove Programs,"November 14, 2025 12:00:00 AM",,
8517,CrowdStrike Device Control Support Tool,7.29,CrowdStrike Inc.,Application,,C:\Program Files\CrowdStrike,1.0
8517,CrowdStrike Falcon Connector,7.31,CrowdStrike Inc.,Application,,C:\Program Files\CrowdStrike,1.0
8517,CrowdStrike Falcon Sensor,7.31,CrowdStrike Inc.,Application,,C:\Program Files\CrowdStrike,1.0
8517,CrowdStrike Falcon Sensor Controller,7.31,CrowdStrike Inc.,Application,,C:\Program Files\CrowdStrike,1.0
8517,CrowdStrike Falcon Sensor Service,7.31,CrowdStrike Inc.,Application,,C:\Program Files\CrowdStrike,1.0
8517,CrowdStrike Falcon Sensor Servlet Container,7.31,CrowdStrike Inc.,Application,,C:\Program Files\CrowdStrike,1.0
8517,CrowdStrike Falcon Sensor Settings Tool,7.31,CrowdStrike Inc.,Application,,C:\Program Files\CrowdStrike,1.0
8517,CrowdStrike Falcon Sensor System Tray Application,7.31,CrowdStrike Inc.,Application,,C:\Program Files\CrowdStrike,2.0
8517,CrowdStrike Firmware Analysis,7.14,CrowdStrike Inc.,Add/Remove Programs,"August 27, 2025 12:00:00 AM",,
8517,CrowdStrike Firmware Analysis Support Tool,7.14,CrowdStrike Inc.,Application,,C:\Program Files\CrowdStrike,1.0
8517,CrowdStrike On-Demand Scan Command-line Tool,7.31,CrowdStrike Inc.,Application,,C:\Program Files\CrowdStrike,1.0
8517,CrowdStrike On-Demand Scan Tool,7.31,CrowdStrike Inc.,Application,,C:\Program Files\CrowdStrike,1.0
8517,CrowdStrike Sensor Platform,7.31,CrowdStrike Inc.,Add/Remove Programs,"December 10, 2025 12:00:00 AM",,
8517,CrowdStrike Windows Sensor,7.31,CrowdStrike Inc.,Add/Remove Programs,"December 10, 2025 12:00:00 AM",,
8517,CxAudioSvc,1.0,Conexant Systems LLC.,Application,,C:\Windows\CxSvc,1.0
8517,EC App,10.0,Microsoft Corporation Inc.,Application,,C:\Windows\SystemApps\Microsoft.ECApp_8wekyb3d8bbwe,1.0
8517,File Explorer,10.0,Microsoft Corporation Inc.,Application,,C:\Windows\SystemApps\Microsoft.Windows.FileExplorer_cw5n1h2txyewy,1.0
6499,.NET Runtime Optimization Service,4.8,Microsoft Corporation Inc.,Application,,C:\Windows\Microsoft.NET\Framework64\v4.0.30319,2.0
6499,64Bit MAPI Mail Agent,1.0,Foxit Software Inc.,Application,,C:\Program Files (x86)\Foxit Software\Foxit PDF Reader,1.0
6499,7-Zip 24.08 (x64 edition),24.08,Igor Pavlov,Add/Remove Programs,"November 30, 2024 12:00:00 AM",,
6499,7-Zip Console,24.08,Igor Pavlov,Application,,C:\Program Files\7-Zip,1.0
6499,7-Zip File Manager,24.08,Igor Pavlov,Application,,C:\Program Files\7-Zip,1.0
6499,7-Zip GUI,24.08,Igor Pavlov,Application,,C:\Program Files\7-Zip,1.0
6499,AAD token broker plugin,10.0,Microsoft Corporation Inc.,Application,,C:\Windows\SystemApps\Microsoft.AAD.BrokerPlugin_cw5n1h2txyewy,1.0
6499,Accounts Control Host,10.0,Microsoft Corporation Inc.,Application,,C:\Windows\SystemApps\Microsoft.AccountsControl_cw5n1h2txyewy,1.0
6499,AddSuggestedFoldersToLibraryDialog,10.0,Microsoft Corporation Inc.,Application,,C:\Windows\SystemApps\Microsoft.Windows.AddSuggestedFoldersToLibraryDialog_cw5n1h2txyewy,1.0
6499,Antimalware Service Executable,4.18,Microsoft Corporation Inc.,Application,,C:\Program Files\Windows Defender,1.0
6499,AppResolverUX,10.0,Microsoft Corporation Inc.,Application,,C:\Windows\SystemApps\Microsoft.Windows.AppResolverUX_cw5n1h2txyewy,1.0
6499,AsyncTextService,10.0,Microsoft Corporation Inc.,Application,,C:\Windows\SystemApps\Microsoft.AsyncTextService_8wekyb3d8bbwe,1.0
6499,Biometric Enrollment Host,10.0,Microsoft Corporation Inc.,Application,,C:\Windows\SystemApps\Microsoft.BioEnrollment_cw5n1h2txyewy,1.0
6499,BMC Client Management Agent,24.1.01.240624,BMC Software Inc.,Application,,C:\Program Files\BMC Software\Client Management\Client\bin,1.0
6499,BMC Client Management Certificate Generator,24.1.01.240624,BMC Software Inc.,Application,,C:\Program Files\BMC Software\Client Management\Client\bin,1.0
6499,BMC Client Management Chilli Interpreter,24.1.01.240624,BMC Software Inc.,Application,,C:\Program Files\BMC Software\Client Management\Client\bin,1.0
6499,BMC Client Management Direct Access Proxy Agent,24.1.01.240624,BMC Software Inc.,Application,,C:\Program Files\BMC Software\Client Management\Client\bin,1.0
6499,BMC Client Management Opswat Proxy Agent,24.1.01.240624,BMC Software Inc.,Application,,C:\Program Files\BMC Software\Client Management\Client\bin,1.0
6499,BMC Client Management Package Viewer,24.1.01.240624,BMC Software Inc.,Application,,C:\Program Files\BMC Software\Client Management\Client\bin,1.0
6499,BMC Client Management Patch Broker,24.1.01.240624,BMC Software Inc.,Application,,C:\Program Files\BMC Software\Client Management\Client\bin,1.0
6499,BMC Client Management Proxy Agent,24.1.01.240624,BMC Software Inc.,Application,,C:\Program Files\BMC Software\Client Management\Client\bin,1.0
6499,BMC Client Management Remote Control proxy,24.1.01.240624,BMC Software Inc.,Application,,C:\Program Files\BMC Software\Client Management\Client\bin,1.0
6499,BMC Client Management SCAP,24.1.01.240624,BMC Software Inc.,Application,,C:\Program Files\BMC Software\Client Management\Client\bin,1.0
6499,BMC Client Management Video Proxy Agent,24.1.01.240624,BMC Software Inc.,Application,,C:\Program Files\BMC Software\Client Management\Client\bin,1.0
6499,Boot File Servicing Utility,10.0,Microsoft Corporation Inc.,Application,,C:\Windows,1.0
6499,BrowserCore,10.0,Microsoft Corporation Inc.,Application,,C:\Windows\BrowserCore,1.0
6499,Calling App to host call progress on shell,10.0,Microsoft Corporation Inc.,Application,,C:\Windows\SystemApps\Microsoft.Windows.CallingShellApp_cw5n1h2txyewy,1.0
6499,CameraBarcodeScannerPreview,10.0,Microsoft Corporation Inc.,Application,,C:\Windows\SystemApps\Windows.CBSPreview_cw5n1h2txyewy,1.0
6499,ChromeEnterpriseCompanion,143.0,Google LLC,Application,,C:\Windows\SystemTemp\scoped_dir14544_2047726591\scoped_dir14544_780783079,1.0
6499,CL5,9.6,Ivanti,Application,,C:\Program Files\BMC Software\Client Management\Client\data\PatchManagementPremium\workspace,4.0
6499,ClickOnce,4.8,Microsoft Corporation Inc.,Application,,C:\Windows\Microsoft.NET\Framework64\v4.0.30319,3.0
6499,Common User Interface,5.8,Musarubra US LLC.,Application,,C:\Program Files\McAfee\Agent\x86,1.0
6499,Credential Dialog Host,10.0,Microsoft Corporation Inc.,Application,,C:\Windows\SystemApps\microsoft.creddialoghost_cw5n1h2txyewy,1.0
6499,CrowdStrike Device Control,7.29,CrowdStrike Inc.,Add/Remove Programs,"November 14, 2025 12:00:00 AM",,
6499,CrowdStrike Device Control Support Tool,7.29,CrowdStrike Inc.,Application,,C:\Program Files\CrowdStrike,1.0
6499,CrowdStrike Falcon Connector,7.32,CrowdStrike Inc.,Application,,C:\Program Files\CrowdStrike,1.0
6499,CrowdStrike Falcon Sensor,7.32,CrowdStrike Inc.,Application,,C:\Program Files\CrowdStrike,1.0
6499,CrowdStrike Falcon Sensor Controller,7.32,CrowdStrike Inc.,Application,,C:\Program Files\CrowdStrike,1.0
6499,CrowdStrike Falcon Sensor Service,7.32,CrowdStrike Inc.,Application,,C:\Program Files\CrowdStrike,1.0
6499,CrowdStrike Falcon Sensor Servlet Container,7.32,CrowdStrike Inc.,Application,,C:\Program Files\CrowdStrike,1.0
6499,CrowdStrike Falcon Sensor Settings Tool,7.32,CrowdStrike Inc.,Application,,C:\Program Files\CrowdStrike,1.0
6499,CrowdStrike Falcon Sensor System Tray Application,7.32,CrowdStrike Inc.,Application,,C:\Program Files\CrowdStrike,2.0
6499,CrowdStrike Firmware Analysis,7.14,CrowdStrike Inc.,Add/Remove Programs,"June 18, 2025 12:00:00 AM",,
6499,CrowdStrike Firmware Analysis Support Tool,7.14,CrowdStrike Inc.,Application,,C:\Program Files\CrowdStrike,1.0
6499,CrowdStrike Forensic Data Collection Tool,1.0,CrowdStrike Inc.,Application,,C:,2.0
6499,CrowdStrike On-Demand Scan Command-line Tool,7.32,CrowdStrike Inc.,Application,,C:\Program Files\CrowdStrike,1.0
6499,CrowdStrike On-Demand Scan Tool,7.32,CrowdStrike Inc.,Application,,C:\Program Files\CrowdStrike,1.0
6499,CrowdStrike Sensor Platform,7.32,CrowdStrike Inc.,Add/Remove Programs,"January 14, 2026 12:00:00 AM",,
6499,CrowdStrike Windows Sensor,7.32,CrowdStrike Inc.,Add/Remove Programs,"January 14, 2026 12:00:00 AM",,
6499,CrowdStrike Windows Sensor,6.54,CrowdStrike Inc.,Application,,C:\login\crowdstrike,1.0
14308,.NET Framework,3.0,Microsoft Corporation Inc.,Application,,C:\Windows\Microsoft.NET\Framework64\v3.0\Windows Communication Foundation,2.0
14308,.NET Runtime Optimization Service,4.8,Microsoft Corporation Inc.,Application,,C:\Windows\Microsoft.NET\Framework64\v4.0.30319,2.0
14308,.NET Runtime Optimization Service,2.0,Microsoft Corporation Inc.,Application,,C:\Windows\Microsoft.NET\Framework64\v2.0.50727,2.0
14308,64Bit MAPI Mail Agent,1.0,Foxit Software Inc.,Application,,C:\Program Files (x86)\Foxit Software\Foxit Reader,1.0
14308,7-Zip 23.00 (x64),23.0,Igor Pavlov,Add/Remove Programs,,C:\Program Files\7-Zip\,
14308,7-Zip Console,23.0,Igor Pavlov,Application,,C:\Program Files\7-Zip,1.0
14308,7-Zip File Manager,23.0,Igor Pavlov,Application,,C:\Program Files\7-Zip,1.0
14308,7-Zip GUI,23.0,Igor Pavlov,Application,,C:\Program Files\7-Zip,1.0
14308,AAD token broker plugin,10.0,Microsoft Corporation Inc.,Application,,C:\Windows\SystemApps\Microsoft.AAD.BrokerPlugin_cw5n1h2txyewy,1.0
14308,Accounts Control Host,10.0,Microsoft Corporation Inc.,Application,,C:\Windows\SystemApps\Microsoft.AccountsControl_cw5n1h2txyewy,1.0
14308,AddSuggestedFoldersToLibraryDialog,10.0,Microsoft Corporation Inc.,Application,,C:\Windows\SystemApps\Microsoft.Windows.AddSuggestedFoldersToLibraryDialog_cw5n1h2txyewy,1.0
14308,Antimalware Service Executable,4.18,Microsoft Corporation Inc.,Application,,C:\Program Files\Windows Defender,1.0
14308,AppResolverUX,10.0,Microsoft Corporation Inc.,Application,,C:\Windows\SystemApps\Microsoft.Windows.AppResolverUX_cw5n1h2txyewy,1.0
14308,AsyncTextService,10.0,Microsoft Corporation Inc.,Application,,C:\Windows\SystemApps\Microsoft.AsyncTextService_8wekyb3d8bbwe,1.0
14308,Biometric Enrollment Host,10.0,Microsoft Corporation Inc.,Application,,C:\Windows\SystemApps\Microsoft.BioEnrollment_cw5n1h2txyewy,1.0
14308,BMC Client Management Agent,24.1.01.240624,BMC Software Inc.,Application,,C:\Program Files\BMC Software\Client Management\Client\bin,1.0
14308,BMC Client Management Certificate Generator,24.1.01.240624,BMC Software Inc.,Application,,C:\Program Files\BMC Software\Client Management\Client\bin,1.0
14308,BMC Client Management Chilli Interpreter,24.1.01.240624,BMC Software Inc.,Application,,C:\Program Files\BMC Software\Client Management\Client\bin,1.0
14308,BMC Client Management Direct Access Proxy Agent,24.1.01.240624,BMC Software Inc.,Application,,C:\Program Files\BMC Software\Client Management\Client\bin,1.0
14308,BMC Client Management Opswat Proxy Agent,24.1.01.240624,BMC Software Inc.,Application,,C:\Program Files\BMC Software\Client Management\Client\bin,1.0
14308,BMC Client Management Package Viewer,24.1.01.240624,BMC Software Inc.,Application,,C:\Program Files\BMC Software\Client Management\Client\bin,1.0
14308,BMC Client Management Patch Broker,24.1.01.240624,BMC Software Inc.,Application,,C:\Program Files\BMC Software\Client Management\Client\bin,1.0
14308,BMC Client Management Proxy Agent,24.1.01.240624,BMC Software Inc.,Application,,C:\Program Files\BMC Software\Client Management\Client\bin,1.0
14308,BMC Client Management Remote Control proxy,24.1.01.240624,BMC Software Inc.,Application,,C:\Program Files\BMC Software\Client Management\Client\bin,1.0
14308,BMC Client Management SCAP,24.1.01.240624,BMC Software Inc.,Application,,C:\Program Files\BMC Software\Client Management\Client\bin,1.0
14308,BMC Client Management Video Proxy Agent,24.1.01.240624,BMC Software Inc.,Application,,C:\Program Files\BMC Software\Client Management\Client\bin,1.0
14308,Boot File Servicing Utility,10.0,Microsoft Corporation Inc.,Application,,C:\Windows,1.0
14308,BrowserCore,10.0,Microsoft Corporation Inc.,Application,,C:\Windows\BrowserCore,1.0
14308,Calling App to host call progress on shell,10.0,Microsoft Corporation Inc.,Application,,C:\Windows\SystemApps\Microsoft.Windows.CallingShellApp_cw5n1h2txyewy,1.0
14308,CameraBarcodeScannerPreview,10.0,Microsoft Corporation Inc.,Application,,C:\Windows\SystemApps\Windows.CBSPreview_cw5n1h2txyewy,1.0
14308,ChromeEnterpriseCompanion,143.0,Google LLC,Application,,C:\Windows\SystemTemp\scoped_dir9576_859643276\scoped_dir9576_1949196601,1.0
14308,CL5,9.6,Ivanti,Application,,C:\Program Files\BMC Software\Client Management\Client\data\PatchManagementPremium\workspace,6.0
14308,ClickOnce,4.8,Microsoft Corporation Inc.,Application,,C:\Windows\Microsoft.NET\Framework64\v4.0.30319,3.0
14308,Common User Interface,5.8,Musarubra US LLC.,Application,,C:\Program Files\McAfee\Agent\x86,1.0
14308,Create Virtual Machine,10.0,Microsoft Corporation Inc.,Application,,C:\Program Files\Hyper-V,1.0
14308,Credential Dialog Host,10.0,Microsoft Corporation Inc.,Application,,C:\Windows\SystemApps\microsoft.creddialoghost_cw5n1h2txyewy,1.0
14308,CrowdStrike Device Control,7.29,CrowdStrike Inc.,Add/Remove Programs,"November 14, 2025 12:00:00 AM",,
14308,CrowdStrike Device Control Support Tool,7.29,CrowdStrike Inc.,Application,,C:\Program Files\CrowdStrike,1.0
14308,CrowdStrike Falcon Connector,7.32,CrowdStrike Inc.,Application,,C:\Program Files\CrowdStrike,1.0
14308,CrowdStrike Falcon Sensor,7.32,CrowdStrike Inc.,Application,,C:\Program Files\CrowdStrike,1.0
14308,CrowdStrike Falcon Sensor Controller,7.32,CrowdStrike Inc.,Application,,C:\Program Files\CrowdStrike,1.0
14308,CrowdStrike Falcon Sensor Service,7.32,CrowdStrike Inc.,Application,,C:\Program Files\CrowdStrike,1.0
14308,CrowdStrike Falcon Sensor Servlet Container,7.32,CrowdStrike Inc.,Application,,C:\Program Files\CrowdStrike,1.0
14308,CrowdStrike Falcon Sensor Settings Tool,7.32,CrowdStrike Inc.,Application,,C:\Program Files\CrowdStrike,1.0
14308,CrowdStrike Falcon Sensor System Tray Application,7.32,CrowdStrike Inc.,Application,,C:\Program Files\CrowdStrike,2.0
14308,CrowdStrike Firmware Analysis,7.14,CrowdStrike Inc.,Add/Remove Programs,"July 24, 2025 12:00:00 AM",,
14308,CrowdStrike Firmware Analysis Support Tool,7.14,CrowdStrike Inc.,Application,,C:\Program Files\CrowdStrike,1.0
14308,CrowdStrike On-Demand Scan Command-line Tool,7.32,CrowdStrike Inc.,Application,,C:\Program Files\CrowdStrike,1.0
14308,CrowdStrike On-Demand Scan Tool,7.32,CrowdStrike Inc.,Application,,C:\Program Files\CrowdStrike,1.0
14308,CrowdStrike Sensor Platform,7.32,CrowdStrike Inc.,Add/Remove Programs,"January 14, 2026 12:00:00 AM",,
2433,.NET Framework,3.0,Microsoft Corporation Inc.,Application,,C:\Windows\Microsoft.NET\Framework64\v3.0\Windows Communication Foundation,2.0
2433,.NET Runtime Crash Dump Generator,8.0,Microsoft Corporation Inc.,Application,,C:\Program Files (x86)\Trend Micro\Endpoint Basecamp\modules\vom\modules\UiBridgeModule\VOneAgentConsole,1.0
2433,.NET Runtime Optimization Service,2.0,Microsoft Corporation Inc.,Application,,C:\Windows\Microsoft.NET\Framework64\v2.0.50727,2.0
2433,.NET Runtime Optimization Service,4.8,Microsoft Corporation Inc.,Application,,C:\Windows\Microsoft.NET\Framework64\v4.0.30319,2.0
2433,64Bit MAPI Mail Agent,1.0,Foxit Software Inc.,Application,,C:\Program Files (x86)\Foxit Software\Foxit PDF Reader,1.0
2433,7-Zip 24.09 (x64),24.09,Igor Pavlov,Add/Remove Programs,,C:\Program Files\7-Zip\,
2433,7-Zip Console,24.09,Igor Pavlov,Application,,C:\Program Files\7-Zip,1.0
2433,7-Zip Console,25.01,Igor Pavlov,Application,,C:\Program Files (x86)\Trend Micro\Security Agent,4.0
2433,7-Zip File Manager,24.09,Igor Pavlov,Application,,C:\Program Files\7-Zip,1.0
2433,7-Zip GUI,24.09,Igor Pavlov,Application,,C:\Program Files\7-Zip,1.0
2433,Accounts Control Host,10.0,Microsoft Corporation Inc.,Application,,C:\Windows\SystemApps\Microsoft.AccountsControl_cw5n1h2txyewy,1.0
2433,ActiveUpdate module.,2.88,Trend Micro Inc.,Application,,C:\Program Files (x86)\Trend Micro\Security Agent,2.0
2433,AddSuggestedFoldersToLibraryDialog,10.0,Microsoft Corporation Inc.,Application,,C:\Windows\SystemApps\Microsoft.Windows.AddSuggestedFoldersToLibraryDialog_cw5n1h2txyewy,1.0
2433,Antimalware Core Service,4.18,Microsoft Corporation Inc.,Application,,C:\Program Files\Windows Defender,1.0
2433,AntiMalware Platform Update (amd64fre),4.18,Microsoft Corporation Inc.,Application,,C:\Windows\SystemTemp\E18A8925-69B1-4AD2-B282-30B717B5CEC6MpCommU,1.0
2433,Antimalware Service Executable,4.18,Microsoft Corporation Inc.,Application,,C:\Program Files\Windows Defender,1.0
2433,AppResolverUX,10.0,Microsoft Corporation Inc.,Application,,C:\Windows\SystemApps\Microsoft.Windows.AppResolverUX_cw5n1h2txyewy,1.0
2433,Aruba Networks Service,6.11,Aruba Networks,Application,,C:\Program Files\Aruba Networks\ClearPassOnGuard,1.0
2433,AsyncTextService,10.0,Microsoft Corporation Inc.,Application,,C:\Windows\SystemApps\Microsoft.AsyncTextService_8wekyb3d8bbwe,1.0
2433,Biometric Enrollment Host,10.0,Microsoft Corporation Inc.,Application,,C:\Windows\SystemApps\Microsoft.BioEnrollment_cw5n1h2txyewy,1.0
2433,BMC Client Management Agent,24.1.01.240624,BMC Software Inc.,Application,,C:\Program Files\BMC Software\Client Management\Client\bin,1.0
2433,BMC Client Management Certificate Generator,24.1.01.240624,BMC Software Inc.,Application,,C:\Program Files\BMC Software\Client Management\Client\bin,1.0
2433,BMC Client Management Chilli Interpreter,24.1.01.240624,BMC Software Inc.,Application,,C:\Program Files\BMC Software\Client Management\Client\bin,1.0
2433,BMC Client Management Direct Access Proxy Agent,24.1.01.240624,BMC Software Inc.,Application,,C:\Program Files\BMC Software\Client Management\Client\bin,1.0
2433,BMC Client Management Opswat Proxy Agent,24.1.01.240624,BMC Software Inc.,Application,,C:\Program Files\BMC Software\Client Management\Client\bin,1.0
2433,BMC Client Management Package Viewer,24.1.01.240624,BMC Software Inc.,Application,,C:\Program Files\BMC Software\Client Management\Client\bin,1.0
2433,BMC Client Management Patch Broker,24.1.01.240624,BMC Software Inc.,Application,,C:\Program Files\BMC Software\Client Management\Client\bin,1.0
2433,BMC Client Management Proxy Agent,24.1.01.240624,BMC Software Inc.,Application,,C:\Program Files\BMC Software\Client Management\Client\bin,1.0
2433,BMC Client Management Remote Control proxy,24.1.01.240624,BMC Software Inc.,Application,,C:\Program Files\BMC Software\Client Management\Client\bin,1.0
2433,BMC Client Management SCAP,24.1.01.240624,BMC Software Inc.,Application,,C:\Program Files\BMC Software\Client Management\Client\bin,1.0
2433,BMC Client Management Video Proxy Agent,24.1.01.240624,BMC Software Inc.,Application,,C:\Program Files\BMC Software\Client Management\Client\bin,1.0
2433,Boot File Servicing Utility,10.0,Microsoft Corporation Inc.,Application,,C:\Windows,1.0
2433,Browser Protection Native Messaging Host,4.18,Microsoft Corporation Inc.,Application,,C:\Program Files\Windows Defender,1.0
2433,BrowserCore,10.0,Microsoft Corporation Inc.,Application,,C:\Windows\BrowserCore,1.0
2433,CameraBarcodeScannerPreview,10.0,Microsoft Corporation Inc.,Application,,C:\Windows\SystemApps\Windows.CBSPreview_cw5n1h2txyewy,1.0
2433,ChromeEnterpriseCompanion,143.0,Google LLC,Application,,C:\Windows\SystemTemp\scoped_dir10572_1320433562\scoped_dir10572_844350027,1.0
2433,CL5,9.6,Ivanti,Application,,C:\Program Files\BMC Software\Client Management\Client\data\PatchManagementPremium\workspace,1.0
2433,ClearPass Agent Controller,6.11,Hewlett Packard Enterprise Development LP,Application,,C:\Program Files\Aruba Networks\ClearPassOnGuard,1.0
2433,ClearPass Agent Helper,6.11,Hewlett Packard Enterprise Development LP,Application,,C:\Program Files\Aruba Networks\ClearPassOnGuard,1.0
2433,ClearPass OnGuard,6.11,Aruba Networks,Application,,C:\Program Files\Aruba Networks\ClearPassOnGuard,3.0
2433,ClearPass OnGuard 6.11.10.260785,6.11,Aruba Networks,Add/Remove Programs,,,
2433,ClearPass OnGuard Agent Service,6.11,Hewlett Packard Enterprise Development LP,Application,,C:\Program Files\Aruba Networks\ClearPassOnGuard,1.0
2433,ClearPass Windows System Health Remediation Process,6.11,Hewlett Packard Enterprise Development LP,Application,,C:\Program Files\Aruba Networks\ClearPassOnGuard,1.0
2433,ClickOnce,4.8,Microsoft Corporation Inc.,Application,,C:\Windows\Microsoft.NET\Framework64\v4.0.30319,3.0
2433,Common User Interface,5.8,Musarubra US LLC.,Application,,C:\Program Files\McAfee\Agent\x86,1.0
2433,Copilot,144.0,Microsoft Corporation Inc.,Application,,C:\Program Files (x86)\Microsoft\EdgeWebView\Application\144.0.3719.115,5.0
2433,Copilot Update,1.3,Microsoft Corporation Inc.,Application,,C:\Program Files (x86)\Microsoft\EdgeUpdate,2.0
2433,Create a self-signed digital certificate,15.0,Microsoft Corporation Inc.,Application,,C:\Program Files\Microsoft Office\Office15,1.0
2433,Credential Dialog Host,10.0,Microsoft Corporation Inc.,Application,,C:\Windows\SystemApps\microsoft.creddialoghost_cw5n1h2txyewy,1.0
2433,Deep Security Agent Configuration Compiler,12.0,Trend Micro Inc.,Application,,C:\Program Files (x86)\Trend Micro\iService\iVP,1.0
7950,.NET Framework,3.0,Microsoft Corporation Inc.,Application,,C:\Windows\Microsoft.NET\Framework64\v3.0\Windows Communication Foundation,2.0
7950,.NET Runtime Optimization Service,4.8,Microsoft Corporation Inc.,Application,,C:\Windows\Microsoft.NET\Framework64\v4.0.30319,2.0
7950,.NET Runtime Optimization Service,2.0,Microsoft Corporation Inc.,Application,,C:\Windows\Microsoft.NET\Framework64\v2.0.50727,2.0
7950,64Bit MAPI Mail Agent,1.0,Foxit Software Inc.,Application,,C:\Program Files (x86)\Foxit Software\Foxit Reader,1.0
7950,7-Zip 24.08 (x64 edition),24.08,Igor Pavlov,Add/Remove Programs,"November 28, 2024 12:00:00 AM",,
7950,7-Zip Console,24.08,Igor Pavlov,Application,,C:\Program Files\7-Zip,1.0
7950,7-Zip File Manager,24.08,Igor Pavlov,Application,,C:\Program Files\7-Zip,1.0
7950,7-Zip GUI,24.08,Igor Pavlov,Application,,C:\Program Files\7-Zip,1.0
7950,AAD token broker plugin,10.0,Microsoft Corporation Inc.,Application,,C:\Windows\SystemApps\Microsoft.AAD.BrokerPlugin_cw5n1h2txyewy,1.0
7950,Accounts Control Host,10.0,Microsoft Corporation Inc.,Application,,C:\Windows\SystemApps\Microsoft.AccountsControl_cw5n1h2txyewy,1.0
7950,AddSuggestedFoldersToLibraryDialog,10.0,Microsoft Corporation Inc.,Application,,C:\Windows\SystemApps\Microsoft.Windows.AddSuggestedFoldersToLibraryDialog_cw5n1h2txyewy,1.0
7950,Antimalware Service Executable,4.18,Microsoft Corporation Inc.,Application,,C:\Program Files\Windows Defender,1.0
7950,AppResolverUX,10.0,Microsoft Corporation Inc.,Application,,C:\Windows\SystemApps\Microsoft.Windows.AppResolverUX_cw5n1h2txyewy,1.0
7950,AsyncTextService,10.0,Microsoft Corporation Inc.,Application,,C:\Windows\SystemApps\Microsoft.AsyncTextService_8wekyb3d8bbwe,1.0
7950,Biometric Enrollment Host,10.0,Microsoft Corporation Inc.,Application,,C:\Windows\SystemApps\Microsoft.BioEnrollment_cw5n1h2txyewy,1.0
7950,BMC Client Management Agent,24.1.01.240624,BMC Software Inc.,Application,,C:\Program Files\BMC Software\Client Management\Client\bin,1.0
7950,BMC Client Management Certificate Generator,24.1.01.240624,BMC Software Inc.,Application,,C:\Program Files\BMC Software\Client Management\Client\bin,1.0
7950,BMC Client Management Chilli Interpreter,24.1.01.240624,BMC Software Inc.,Application,,C:\Program Files\BMC Software\Client Management\Client\bin,1.0
7950,BMC Client Management Direct Access Proxy Agent,24.1.01.240624,BMC Software Inc.,Application,,C:\Program Files\BMC Software\Client Management\Client\bin,1.0
7950,BMC Client Management Opswat Proxy Agent,24.1.01.240624,BMC Software Inc.,Application,,C:\Program Files\BMC Software\Client Management\Client\bin,1.0
7950,BMC Client Management Package Viewer,24.1.01.240624,BMC Software Inc.,Application,,C:\Program Files\BMC Software\Client Management\Client\bin,1.0
7950,BMC Client Management Patch Broker,24.1.01.240624,BMC Software Inc.,Application,,C:\Program Files\BMC Software\Client Management\Client\bin,1.0
7950,BMC Client Management Proxy Agent,24.1.01.240624,BMC Software Inc.,Application,,C:\Program Files\BMC Software\Client Management\Client\bin,1.0
7950,BMC Client Management Remote Control proxy,24.1.01.240624,BMC Software Inc.,Application,,C:\Program Files\BMC Software\Client Management\Client\bin,1.0
7950,BMC Client Management SCAP,24.1.01.240624,BMC Software Inc.,Application,,C:\Program Files\BMC Software\Client Management\Client\bin,1.0
7950,BMC Client Management Video Proxy Agent,24.1.01.240624,BMC Software Inc.,Application,,C:\Program Files\BMC Software\Client Management\Client\bin,1.0
7950,Boot File Servicing Utility,10.0,Microsoft Corporation Inc.,Application,,C:\Windows,1.0
7950,BrowserCore,10.0,Microsoft Corporation Inc.,Application,,C:\Windows\BrowserCore,1.0
7950,Calling App to host call progress on shell,10.0,Microsoft Corporation Inc.,Application,,C:\Windows\SystemApps\Microsoft.Windows.CallingShellApp_cw5n1h2txyewy,1.0
7950,CameraBarcodeScannerPreview,10.0,Microsoft Corporation Inc.,Application,,C:\Windows\SystemApps\Windows.CBSPreview_cw5n1h2txyewy,1.0
7950,CL5,9.6,Ivanti,Application,,C:\Program Files\BMC Software\Client Management\Client\data\PatchManagementPremium\workspace,1.0
7950,ClickOnce,4.8,Microsoft Corporation Inc.,Application,,C:\Windows\Microsoft.NET\Framework64\v4.0.30319,3.0
7950,Common User Interface,5.8,Musarubra US LLC.,Application,,C:\Program Files\McAfee\Agent\x86,1.0
7950,Create Virtual Machine,10.0,Microsoft Corporation Inc.,Application,,C:\Program Files\Hyper-V,1.0
7950,Credential Dialog Host,10.0,Microsoft Corporation Inc.,Application,,C:\Windows\SystemApps\microsoft.creddialoghost_cw5n1h2txyewy,1.0
7950,CrowdStrike Device Control,7.29,CrowdStrike Inc.,Add/Remove Programs,"November 14, 2025 12:00:00 AM",,
7950,CrowdStrike Device Control Support Tool,7.29,CrowdStrike Inc.,Application,,C:\Program Files\CrowdStrike,1.0
7950,CrowdStrike Falcon Connector,7.32,CrowdStrike Inc.,Application,,C:\Program Files\CrowdStrike,1.0
7950,CrowdStrike Falcon Sensor,7.32,CrowdStrike Inc.,Application,,C:\Program Files\CrowdStrike,1.0
7950,CrowdStrike Falcon Sensor Controller,7.32,CrowdStrike Inc.,Application,,C:\Program Files\CrowdStrike,1.0
7950,CrowdStrike Falcon Sensor Service,7.32,CrowdStrike Inc.,Application,,C:\Program Files\CrowdStrike,1.0
7950,CrowdStrike Falcon Sensor Servlet Container,7.32,CrowdStrike Inc.,Application,,C:\Program Files\CrowdStrike,1.0
7950,CrowdStrike Falcon Sensor Settings Tool,7.32,CrowdStrike Inc.,Application,,C:\Program Files\CrowdStrike,1.0
7950,CrowdStrike Falcon Sensor System Tray Application,7.32,CrowdStrike Inc.,Application,,C:\Program Files\CrowdStrike,2.0
7950,CrowdStrike Firmware Analysis,7.14,CrowdStrike Inc.,Add/Remove Programs,"June 18, 2025 12:00:00 AM",,
7950,CrowdStrike Firmware Analysis Support Tool,7.14,CrowdStrike Inc.,Application,,C:\Program Files\CrowdStrike,1.0
7950,CrowdStrike On-Demand Scan Command-line Tool,7.32,CrowdStrike Inc.,Application,,C:\Program Files\CrowdStrike,1.0
7950,CrowdStrike On-Demand Scan Tool,7.32,CrowdStrike Inc.,Application,,C:\Program Files\CrowdStrike,1.0
7950,CrowdStrike Sensor Platform,7.32,CrowdStrike Inc.,Add/Remove Programs,"January 14, 2026 12:00:00 AM",,
7950,CrowdStrike Windows Sensor,7.32,CrowdStrike Inc.,Add/Remove Programs,"January 14, 2026 12:00:00 AM",,
16634,.NET Framework,3.0,Microsoft Corporation Inc.,Application,,C:\Windows\Microsoft.NET\Framework64\v3.0\Windows Communication Foundation,2.0
16634,.NET Runtime Optimization Service,2.0,Microsoft Corporation Inc.,Application,,C:\Windows\Microsoft.NET\Framework64\v2.0.50727,2.0
16634,.NET Runtime Optimization Service,4.8,Microsoft Corporation Inc.,Application,,C:\Windows\Microsoft.NET\Framework64\v4.0.30319,2.0
16634,64Bit MAPI Mail Agent,1.0,Foxit Software Inc.,Application,,C:\Program Files (x86)\Foxit Software\Foxit Reader,1.0
16634,7-Zip 24.08 (x64 edition),24.08,Igor Pavlov,Add/Remove Programs,"November 26, 2024 12:00:00 AM",,
16634,7-Zip Console,24.08,Igor Pavlov,Application,,C:\Program Files\7-Zip,1.0
16634,7-Zip File Manager,24.08,Igor Pavlov,Application,,C:\Program Files\7-Zip,1.0
16634,7-Zip GUI,24.08,Igor Pavlov,Application,,C:\Program Files\7-Zip,1.0
16634,Accounts Control Host,10.0,Microsoft Corporation Inc.,Application,,C:\Windows\SystemApps\Microsoft.AccountsControl_cw5n1h2txyewy,1.0
16634,AddSuggestedFoldersToLibraryDialog,10.0,Microsoft Corporation Inc.,Application,,C:\Windows\SystemApps\Microsoft.Windows.AddSuggestedFoldersToLibraryDialog_cw5n1h2txyewy,1.0
16634,Antimalware Core Service,4.18,Microsoft Corporation Inc.,Application,,C:\Program Files\Windows Defender,1.0
16634,AntiMalware Platform Update (amd64fre),4.18,Microsoft Corporation Inc.,Application,,C:\Windows\SystemTemp\5FFFF4C5-6A4A-48CA-9764-AE2C4B21D8C8MpCommU,1.0
16634,Antimalware Service Executable,4.18,Microsoft Corporation Inc.,Application,,C:\Program Files\Windows Defender,1.0
16634,AppResolverUX,10.0,Microsoft Corporation Inc.,Application,,C:\Windows\SystemApps\Microsoft.Windows.AppResolverUX_cw5n1h2txyewy,1.0
16634,AsyncTextService,10.0,Microsoft Corporation Inc.,Application,,C:\Windows\SystemApps\Microsoft.AsyncTextService_8wekyb3d8bbwe,1.0
16634,Biometric Enrollment Host,10.0,Microsoft Corporation Inc.,Application,,C:\Windows\SystemApps\Microsoft.BioEnrollment_cw5n1h2txyewy,1.0
16634,BMC Client Management Agent,24.1.01.240624,BMC Software Inc.,Application,,C:\Program Files\BMC Software\Client Management\Client\bin,1.0
16634,BMC Client Management Certificate Generator,24.1.01.240624,BMC Software Inc.,Application,,C:\Program Files\BMC Software\Client Management\Client\bin,1.0
16634,BMC Client Management Chilli Interpreter,24.1.01.240624,BMC Software Inc.,Application,,C:\Program Files\BMC Software\Client Management\Client\bin,1.0
16634,BMC Client Management Direct Access Proxy Agent,24.1.01.240624,BMC Software Inc.,Application,,C:\Program Files\BMC Software\Client Management\Client\bin,1.0
16634,BMC Client Management Opswat Proxy Agent,24.1.01.240624,BMC Software Inc.,Application,,C:\Program Files\BMC Software\Client Management\Client\bin,1.0
16634,BMC Client Management Package Viewer,24.1.01.240624,BMC Software Inc.,Application,,C:\Program Files\BMC Software\Client Management\Client\bin,1.0
16634,BMC Client Management Patch Broker,24.1.01.240624,BMC Software Inc.,Application,,C:\Program Files\BMC Software\Client Management\Client\bin,1.0
16634,BMC Client Management Proxy Agent,24.1.01.240624,BMC Software Inc.,Application,,C:\Program Files\BMC Software\Client Management\Client\bin,1.0
16634,BMC Client Management Remote Control proxy,24.1.01.240624,BMC Software Inc.,Application,,C:\Program Files\BMC Software\Client Management\Client\bin,1.0
16634,BMC Client Management SCAP,24.1.01.240624,BMC Software Inc.,Application,,C:\Program Files\BMC Software\Client Management\Client\bin,1.0
16634,BMC Client Management Video Proxy Agent,24.1.01.240624,BMC Software Inc.,Application,,C:\Program Files\BMC Software\Client Management\Client\bin,1.0
16634,Boot File Servicing Utility,10.0,Microsoft Corporation Inc.,Application,,C:\Windows,1.0
16634,Browser Protection Native Messaging Host,4.18,Microsoft Corporation Inc.,Application,,C:\Program Files\Windows Defender,1.0
16634,BrowserCore,10.0,Microsoft Corporation Inc.,Application,,C:\Windows\BrowserCore,1.0
16634,CameraBarcodeScannerPreview,10.0,Microsoft Corporation Inc.,Application,,C:\Windows\SystemApps\Windows.CBSPreview_cw5n1h2txyewy,1.0
16634,CL5,9.6,Ivanti,Application,,C:\Program Files\BMC Software\Client Management\Client\data\PatchManagementPremium\workspace,1.0
16634,ClickOnce,4.8,Microsoft Corporation Inc.,Application,,C:\Windows\Microsoft.NET\Framework64\v4.0.30319,3.0
16634,Common User Interface,5.8,Musarubra US LLC.,Application,,C:\Program Files\McAfee\Agent\x86,1.0
16634,Copilot,144.0,Microsoft Corporation Inc.,Application,,C:\Program Files (x86)\Microsoft\EdgeWebView\Application\144.0.3719.115,5.0
16634,Copilot Update,1.3,Microsoft Corporation Inc.,Application,,C:\Program Files (x86)\Microsoft\EdgeUpdate,2.0
16634,Create a self-signed digital certificate,15.0,Microsoft Corporation Inc.,Application,,C:\Program Files\Microsoft Office\Office15,1.0
16634,Create Virtual Machine,10.0,Microsoft Corporation Inc.,Application,,C:\Program Files\Hyper-V,1.0
16634,Credential Dialog Host,10.0,Microsoft Corporation Inc.,Application,,C:\Windows\SystemApps\microsoft.creddialoghost_cw5n1h2txyewy,1.0
16634,CrowdStrike Device Control,7.29,CrowdStrike Inc.,Add/Remove Programs,"November 15, 2025 12:00:00 AM",,
16634,CrowdStrike Device Control Support Tool,7.29,CrowdStrike Inc.,Application,,C:\Program Files\CrowdStrike,1.0
16634,CrowdStrike Falcon Connector,7.32,CrowdStrike Inc.,Application,,C:\Program Files\CrowdStrike,1.0
16634,CrowdStrike Falcon Sensor,7.32,CrowdStrike Inc.,Application,,C:\Program Files\CrowdStrike,1.0
16634,CrowdStrike Falcon Sensor Controller,7.32,CrowdStrike Inc.,Application,,C:\Program Files\CrowdStrike,1.0
16634,CrowdStrike Falcon Sensor Service,7.32,CrowdStrike Inc.,Application,,C:\Program Files\CrowdStrike,1.0
16634,CrowdStrike Falcon Sensor Servlet Container,7.32,CrowdStrike Inc.,Application,,C:\Program Files\CrowdStrike,1.0
16634,CrowdStrike Falcon Sensor Settings Tool,7.32,CrowdStrike Inc.,Application,,C:\Program Files\CrowdStrike,1.0
16634,CrowdStrike Falcon Sensor System Tray Application,7.32,CrowdStrike Inc.,Application,,C:\Program Files\CrowdStrike,2.0
16634,CrowdStrike Firmware Analysis,7.14,CrowdStrike Inc.,Add/Remove Programs,"April 17, 2025 12:00:00 AM",,
16634,CrowdStrike Firmware Analysis Support Tool,7.14,CrowdStrike Inc.,Application,,C:\Program Files\CrowdStrike,1.0
7943,.NET Framework,3.0,Microsoft Corporation Inc.,Application,,C:\Windows\Microsoft.NET\Framework64\v3.0\Windows Communication Foundation,2.0
7943,.NET Runtime Optimization Service,4.8,Microsoft Corporation Inc.,Application,,C:\Windows\Microsoft.NET\Framework64\v4.0.30319,2.0
7943,.NET Runtime Optimization Service,2.0,Microsoft Corporation Inc.,Application,,C:\Windows\Microsoft.NET\Framework64\v2.0.50727,2.0
7943,64Bit MAPI Mail Agent,1.0,Foxit Software Inc.,Application,,C:\Program Files (x86)\Foxit Software\Foxit Reader,1.0
7943,7-Zip 24.08 (x64 edition),24.08,Igor Pavlov,Add/Remove Programs,"November 29, 2024 12:00:00 AM",,
7943,7-Zip Console,24.08,Igor Pavlov,Application,,C:\Program Files\7-Zip,1.0
7943,7-Zip File Manager,24.08,Igor Pavlov,Application,,C:\Program Files\7-Zip,1.0
7943,7-Zip GUI,24.08,Igor Pavlov,Application,,C:\Program Files\7-Zip,1.0
7943,AAD token broker plugin,10.0,Microsoft Corporation Inc.,Application,,C:\Windows\SystemApps\Microsoft.AAD.BrokerPlugin_cw5n1h2txyewy,1.0
7943,Accounts Control Host,10.0,Microsoft Corporation Inc.,Application,,C:\Windows\SystemApps\Microsoft.AccountsControl_cw5n1h2txyewy,1.0
7943,AddSuggestedFoldersToLibraryDialog,10.0,Microsoft Corporation Inc.,Application,,C:\Windows\SystemApps\Microsoft.Windows.AddSuggestedFoldersToLibraryDialog_cw5n1h2txyewy,1.0
7943,Antimalware Service Executable,4.18,Microsoft Corporation Inc.,Application,,C:\Program Files\Windows Defender,1.0
7943,AppResolverUX,10.0,Microsoft Corporation Inc.,Application,,C:\Windows\SystemApps\Microsoft.Windows.AppResolverUX_cw5n1h2txyewy,1.0
7943,AsyncTextService,10.0,Microsoft Corporation Inc.,Application,,C:\Windows\SystemApps\Microsoft.AsyncTextService_8wekyb3d8bbwe,1.0
7943,Biometric Enrollment Host,10.0,Microsoft Corporation Inc.,Application,,C:\Windows\SystemApps\Microsoft.BioEnrollment_cw5n1h2txyewy,1.0
7943,BMC Client Management Agent,24.1.01.240624,BMC Software Inc.,Application,,C:\Program Files\BMC Software\Client Management\Client\bin,1.0
7943,BMC Client Management Certificate Generator,24.1.01.240624,BMC Software Inc.,Application,,C:\Program Files\BMC Software\Client Management\Client\bin,1.0
7943,BMC Client Management Chilli Interpreter,24.1.01.240624,BMC Software Inc.,Application,,C:\Program Files\BMC Software\Client Management\Client\bin,1.0
7943,BMC Client Management Direct Access Proxy Agent,24.1.01.240624,BMC Software Inc.,Application,,C:\Program Files\BMC Software\Client Management\Client\bin,1.0
7943,BMC Client Management Opswat Proxy Agent,24.1.01.240624,BMC Software Inc.,Application,,C:\Program Files\BMC Software\Client Management\Client\bin,1.0
7943,BMC Client Management Package Viewer,24.1.01.240624,BMC Software Inc.,Application,,C:\Program Files\BMC Software\Client Management\Client\bin,1.0
7943,BMC Client Management Patch Broker,24.1.01.240624,BMC Software Inc.,Application,,C:\Program Files\BMC Software\Client Management\Client\bin,1.0
7943,BMC Client Management Proxy Agent,24.1.01.240624,BMC Software Inc.,Application,,C:\Program Files\BMC Software\Client Management\Client\bin,1.0
7943,BMC Client Management Remote Control proxy,24.1.01.240624,BMC Software Inc.,Application,,C:\Program Files\BMC Software\Client Management\Client\bin,1.0
7943,BMC Client Management SCAP,24.1.01.240624,BMC Software Inc.,Application,,C:\Program Files\BMC Software\Client Management\Client\bin,1.0
7943,BMC Client Management Video Proxy Agent,24.1.01.240624,BMC Software Inc.,Application,,C:\Program Files\BMC Software\Client Management\Client\bin,1.0
7943,Boot File Servicing Utility,10.0,Microsoft Corporation Inc.,Application,,C:\Windows,1.0
7943,BrowserCore,10.0,Microsoft Corporation Inc.,Application,,C:\Windows\BrowserCore,1.0
7943,Calling App to host call progress on shell,10.0,Microsoft Corporation Inc.,Application,,C:\Windows\SystemApps\Microsoft.Windows.CallingShellApp_cw5n1h2txyewy,1.0
7943,CameraBarcodeScannerPreview,10.0,Microsoft Corporation Inc.,Application,,C:\Windows\SystemApps\Windows.CBSPreview_cw5n1h2txyewy,1.0
7943,CL5,9.6,Ivanti,Application,,C:\Program Files\BMC Software\Client Management\Client\data\PatchManagementPremium\workspace,1.0
7943,ClickOnce,4.8,Microsoft Corporation Inc.,Application,,C:\Windows\Microsoft.NET\Framework64\v4.0.30319,3.0
7943,Common User Interface,5.8,Musarubra US LLC.,Application,,C:\Program Files\McAfee\Agent\x86,1.0
7943,Create Virtual Machine,10.0,Microsoft Corporation Inc.,Application,,C:\Program Files\Hyper-V,1.0
7943,Credential Dialog Host,10.0,Microsoft Corporation Inc.,Application,,C:\Windows\SystemApps\microsoft.creddialoghost_cw5n1h2txyewy,1.0
7943,CrowdStrike Device Control,7.29,CrowdStrike Inc.,Add/Remove Programs,"November 14, 2025 12:00:00 AM",,
7943,CrowdStrike Device Control Support Tool,7.29,CrowdStrike Inc.,Application,,C:\Program Files\CrowdStrike,1.0
7943,CrowdStrike Falcon Connector,7.32,CrowdStrike Inc.,Application,,C:\Program Files\CrowdStrike,1.0
7943,CrowdStrike Falcon Sensor,7.32,CrowdStrike Inc.,Application,,C:\Program Files\CrowdStrike,1.0
7943,CrowdStrike Falcon Sensor Controller,7.32,CrowdStrike Inc.,Application,,C:\Program Files\CrowdStrike,1.0
7943,CrowdStrike Falcon Sensor Service,7.32,CrowdStrike Inc.,Application,,C:\Program Files\CrowdStrike,1.0
7943,CrowdStrike Falcon Sensor Servlet Container,7.32,CrowdStrike Inc.,Application,,C:\Program Files\CrowdStrike,1.0
7943,CrowdStrike Falcon Sensor Settings Tool,7.32,CrowdStrike Inc.,Application,,C:\Program Files\CrowdStrike,1.0
7943,CrowdStrike Falcon Sensor System Tray Application,7.32,CrowdStrike Inc.,Application,,C:\Program Files\CrowdStrike,2.0
7943,CrowdStrike Firmware Analysis,7.14,CrowdStrike Inc.,Add/Remove Programs,"June 18, 2025 12:00:00 AM",,
7943,CrowdStrike Firmware Analysis Support Tool,7.14,CrowdStrike Inc.,Application,,C:\Program Files\CrowdStrike,1.0
7943,CrowdStrike On-Demand Scan Command-line Tool,7.32,CrowdStrike Inc.,Application,,C:\Program Files\CrowdStrike,1.0
7943,CrowdStrike On-Demand Scan Tool,7.32,CrowdStrike Inc.,Application,,C:\Program Files\CrowdStrike,1.0
7943,CrowdStrike Sensor Platform,7.32,CrowdStrike Inc.,Add/Remove Programs,"January 14, 2026 12:00:00 AM",,
7943,CrowdStrike Windows Sensor,7.32,CrowdStrike Inc.,Add/Remove Programs,"January 14, 2026 12:00:00 AM",,
7989,.NET Runtime Optimization Service,4.8,Microsoft Corporation Inc.,Application,,C:\Windows\Microsoft.NET\Framework64\v4.0.30319,2.0
7989,64Bit MAPI Mail Agent,1.0,Foxit Software Inc.,Application,,C:\Program Files (x86)\Foxit Software\Foxit PDF Reader,1.0
7989,7-Zip 23.01 (x64),23.01,Igor Pavlov,Add/Remove Programs,,C:\Program Files\7-Zip\,
7989,7-Zip Console,23.01,Igor Pavlov,Application,,C:\Program Files\7-Zip,1.0
7989,7-Zip File Manager,23.01,Igor Pavlov,Application,,C:\Program Files\7-Zip,1.0
7989,7-Zip GUI,23.01,Igor Pavlov,Application,,C:\Program Files\7-Zip,1.0
7989,Accounts Control Host,10.0,Microsoft Corporation Inc.,Application,,C:\Windows\SystemApps\Microsoft.AccountsControl_cw5n1h2txyewy,1.0
7989,AddSuggestedFoldersToLibraryDialog,10.0,Microsoft Corporation Inc.,Application,,C:\Windows\SystemApps\Microsoft.Windows.AddSuggestedFoldersToLibraryDialog_cw5n1h2txyewy,1.0
7989,Antimalware Core Service,4.18,Microsoft Corporation Inc.,Application,,C:\Program Files\Windows Defender,1.0
7989,Antimalware Service Executable,4.18,Microsoft Corporation Inc.,Application,,C:\Program Files\Windows Defender,1.0
7989,AppFollower,1.3,Conexant Systems Inc.,Application,,C:\Program Files\CONEXANT\Flow,1.0
7989,AppResolverUX,10.0,Microsoft Corporation Inc.,Application,,C:\Windows\SystemApps\Microsoft.Windows.AppResolverUX_cw5n1h2txyewy,1.0
7989,AsyncTextService,10.0,Microsoft Corporation Inc.,Application,,C:\Windows\SystemApps\Microsoft.AsyncTextService_8wekyb3d8bbwe,1.0
7989,Audio Control,4.0,Conexant Systems LLC.,Application,,C:\Program Files\CONEXANT\Install\Audio\SA3\SA3\Dyson,2.0
7989,Audio Controls Control Panel,4.0,Conexant Systems LLC.,Application,,C:\Program Files\CONEXANT\SA3\HP-NB-AIO,3.0
7989,Bang & Olufsen,4.0,Conexant Systems LLC.,Application,,C:\Program Files\CONEXANT\Install\Audio\SA3\SA3\BandO,2.0
7989,Biometric Enrollment Host,10.0,Microsoft Corporation Inc.,Application,,C:\Windows\SystemApps\Microsoft.BioEnrollment_cw5n1h2txyewy,1.0
7989,BMC Client Management Agent,24.1.01.240624,BMC Software Inc.,Application,,C:\Program Files\BMC Software\Client Management\Client\bin,1.0
7989,BMC Client Management Certificate Generator,24.1.01.240624,BMC Software Inc.,Application,,C:\Program Files\BMC Software\Client Management\Client\bin,1.0
7989,BMC Client Management Chilli Interpreter,24.1.01.240624,BMC Software Inc.,Application,,C:\Program Files\BMC Software\Client Management\Client\bin,1.0
7989,BMC Client Management Direct Access Proxy Agent,24.1.01.240624,BMC Software Inc.,Application,,C:\Program Files\BMC Software\Client Management\Client\bin,1.0
7989,BMC Client Management Opswat Proxy Agent,24.1.01.240624,BMC Software Inc.,Application,,C:\Program Files\BMC Software\Client Management\Client\bin,1.0
7989,BMC Client Management Package Viewer,24.1.01.240624,BMC Software Inc.,Application,,C:\Program Files\BMC Software\Client Management\Client\bin,1.0
7989,BMC Client Management Patch Broker,24.1.01.240624,BMC Software Inc.,Application,,C:\Program Files\BMC Software\Client Management\Client\bin,1.0
7989,BMC Client Management Proxy Agent,24.1.01.240624,BMC Software Inc.,Application,,C:\Program Files\BMC Software\Client Management\Client\bin,1.0
7989,BMC Client Management Remote Control proxy,24.1.01.240624,BMC Software Inc.,Application,,C:\Program Files\BMC Software\Client Management\Client\bin,1.0
7989,BMC Client Management SCAP,24.1.01.240624,BMC Software Inc.,Application,,C:\Program Files\BMC Software\Client Management\Client\bin,1.0
7989,BMC Client Management Video Proxy Agent,24.1.01.240624,BMC Software Inc.,Application,,C:\Program Files\BMC Software\Client Management\Client\bin,1.0
7989,Boot File Servicing Utility,10.0,Microsoft Corporation Inc.,Application,,C:\Windows,1.0
7989,Browser Protection Native Messaging Host,4.18,Microsoft Corporation Inc.,Application,,C:\Program Files\Windows Defender,1.0
7989,BrowserCore,10.0,Microsoft Corporation Inc.,Application,,C:\Windows\BrowserCore,1.0
7989,CameraBarcodeScannerPreview,10.0,Microsoft Corporation Inc.,Application,,C:\Windows\SystemApps\Windows.CBSPreview_cw5n1h2txyewy,1.0
7989,ChromeEnterpriseCompanion,143.0,Google LLC,Application,,C:\Windows\SystemTemp\scoped_dir10156_16909589\scoped_dir10156_1827203716,1.0
7989,CL5,9.6,Ivanti,Application,,C:\Program Files\BMC Software\Client Management\Client\data\PatchManagementPremium\workspace,1.0
7989,ClickOnce,4.8,Microsoft Corporation Inc.,Application,,C:\Windows\Microsoft.NET\Framework64\v4.0.30319,3.0
7989,CnxtNotify,1.0,Conexant Systems Inc.,Application,,C:\Program Files\CONEXANT\SA3\HP-NB-AIO,1.0
7989,Common User Interface,5.8,Musarubra US LLC.,Application,,C:\Program Files\McAfee\Agent\x86,1.0
7989,Credential Dialog Host,10.0,Microsoft Corporation Inc.,Application,,C:\Windows\SystemApps\microsoft.creddialoghost_cw5n1h2txyewy,1.0
7989,CrowdStrike Device Control,7.29,CrowdStrike Inc.,Add/Remove Programs,"November 14, 2025 12:00:00 AM",,
7989,CrowdStrike Device Control Support Tool,7.29,CrowdStrike Inc.,Application,,C:\Program Files\CrowdStrike,1.0
7989,CrowdStrike Falcon Connector,7.32,CrowdStrike Inc.,Application,,C:\Program Files\CrowdStrike,1.0
7989,CrowdStrike Falcon Sensor,7.32,CrowdStrike Inc.,Application,,C:\Program Files\CrowdStrike,1.0
7989,CrowdStrike Falcon Sensor Controller,7.32,CrowdStrike Inc.,Application,,C:\Program Files\CrowdStrike,1.0
7989,CrowdStrike Falcon Sensor Service,7.32,CrowdStrike Inc.,Application,,C:\Program Files\CrowdStrike,1.0
7989,CrowdStrike Falcon Sensor Servlet Container,7.32,CrowdStrike Inc.,Application,,C:\Program Files\CrowdStrike,1.0
7989,CrowdStrike Falcon Sensor Settings Tool,7.32,CrowdStrike Inc.,Application,,C:\Program Files\CrowdStrike,1.0
7989,CrowdStrike Falcon Sensor System Tray Application,7.32,CrowdStrike Inc.,Application,,C:\Program Files\CrowdStrike,2.0
7989,CrowdStrike Firmware Analysis,7.14,CrowdStrike Inc.,Add/Remove Programs,"August 27, 2025 12:00:00 AM",,
7989,CrowdStrike Firmware Analysis Support Tool,7.14,CrowdStrike Inc.,Application,,C:\Program Files\CrowdStrike,1.0
7989,CrowdStrike On-Demand Scan Command-line Tool,7.32,CrowdStrike Inc.,Application,,C:\Program Files\CrowdStrike,1.0
7999,.NET Framework,3.0,Microsoft Corporation Inc.,Application,,C:\Windows\Microsoft.NET\Framework64\v3.0\Windows Communication Foundation,2.0
7999,.NET Runtime Optimization Service,4.8,Microsoft Corporation Inc.,Application,,C:\Windows\Microsoft.NET\Framework64\v4.0.30319,2.0
7999,.NET Runtime Optimization Service,2.0,Microsoft Corporation Inc.,Application,,C:\Windows\Microsoft.NET\Framework64\v2.0.50727,2.0
7999,64Bit MAPI Mail Agent,1.0,Foxit Software Inc.,Application,,C:\Program Files (x86)\Foxit Software\Foxit Reader,1.0
7999,7-Zip 24.08 (x64 edition),24.08,Igor Pavlov,Add/Remove Programs,"December 02, 2024 12:00:00 AM",,
7999,7-Zip Console,24.08,Igor Pavlov,Application,,C:\Program Files\7-Zip,1.0
7999,7-Zip File Manager,24.08,Igor Pavlov,Application,,C:\Program Files\7-Zip,1.0
7999,7-Zip GUI,24.08,Igor Pavlov,Application,,C:\Program Files\7-Zip,1.0
7999,Accounts Control Host,10.0,Microsoft Corporation Inc.,Application,,C:\Windows\SystemApps\Microsoft.AccountsControl_cw5n1h2txyewy,1.0
7999,AddSuggestedFoldersToLibraryDialog,10.0,Microsoft Corporation Inc.,Application,,C:\Windows\SystemApps\Microsoft.Windows.AddSuggestedFoldersToLibraryDialog_cw5n1h2txyewy,1.0
7999,Antimalware Core Service,4.18,Microsoft Corporation Inc.,Application,,C:\Program Files\Windows Defender,1.0
7999,Antimalware Service Executable,4.18,Microsoft Corporation Inc.,Application,,C:\Program Files\Windows Defender,1.0
7999,AppResolverUX,10.0,Microsoft Corporation Inc.,Application,,C:\Windows\SystemApps\Microsoft.Windows.AppResolverUX_cw5n1h2txyewy,1.0
7999,AsyncTextService,10.0,Microsoft Corporation Inc.,Application,,C:\Windows\SystemApps\Microsoft.AsyncTextService_8wekyb3d8bbwe,1.0
7999,Biometric Enrollment Host,10.0,Microsoft Corporation Inc.,Application,,C:\Windows\SystemApps\Microsoft.BioEnrollment_cw5n1h2txyewy,1.0
7999,BMC Client Management Agent,24.1.01.240624,BMC Software Inc.,Application,,C:\Program Files\BMC Software\Client Management\Client\bin,1.0
7999,BMC Client Management Certificate Generator,24.1.01.240624,BMC Software Inc.,Application,,C:\Program Files\BMC Software\Client Management\Client\bin,1.0
7999,BMC Client Management Chilli Interpreter,24.1.01.240624,BMC Software Inc.,Application,,C:\Program Files\BMC Software\Client Management\Client\bin,1.0
7999,BMC Client Management Direct Access Proxy Agent,24.1.01.240624,BMC Software Inc.,Application,,C:\Program Files\BMC Software\Client Management\Client\bin,1.0
7999,BMC Client Management Opswat Proxy Agent,24.1.01.240624,BMC Software Inc.,Application,,C:\Program Files\BMC Software\Client Management\Client\bin,1.0
7999,BMC Client Management Package Viewer,24.1.01.240624,BMC Software Inc.,Application,,C:\Program Files\BMC Software\Client Management\Client\bin,1.0
7999,BMC Client Management Patch Broker,24.1.01.240624,BMC Software Inc.,Application,,C:\Program Files\BMC Software\Client Management\Client\bin,1.0
7999,BMC Client Management Proxy Agent,24.1.01.240624,BMC Software Inc.,Application,,C:\Program Files\BMC Software\Client Management\Client\bin,1.0
7999,BMC Client Management Remote Control proxy,24.1.01.240624,BMC Software Inc.,Application,,C:\Program Files\BMC Software\Client Management\Client\bin,1.0
7999,BMC Client Management SCAP,24.1.01.240624,BMC Software Inc.,Application,,C:\Program Files\BMC Software\Client Management\Client\bin,1.0
7999,BMC Client Management Video Proxy Agent,24.1.01.240624,BMC Software Inc.,Application,,C:\Program Files\BMC Software\Client Management\Client\bin,1.0
7999,Boot File Servicing Utility,10.0,Microsoft Corporation Inc.,Application,,C:\Windows,1.0
7999,Browser Protection Native Messaging Host,4.18,Microsoft Corporation Inc.,Application,,C:\Program Files\Windows Defender,1.0
7999,BrowserCore,10.0,Microsoft Corporation Inc.,Application,,C:\Windows\BrowserCore,1.0
7999,CameraBarcodeScannerPreview,10.0,Microsoft Corporation Inc.,Application,,C:\Windows\SystemApps\Windows.CBSPreview_cw5n1h2txyewy,1.0
7999,CL5,9.6,Ivanti,Application,,C:\Program Files\BMC Software\Client Management\Client\data\PatchManagementPremium\workspace,1.0
7999,ClickOnce,4.8,Microsoft Corporation Inc.,Application,,C:\Windows\Microsoft.NET\Framework64\v4.0.30319,3.0
7999,Common User Interface,5.8,Musarubra US LLC.,Application,,C:\Program Files\McAfee\Agent\x86,1.0
7999,Copilot,144.0,Microsoft Corporation Inc.,Application,,C:\Program Files (x86)\Microsoft\EdgeWebView\Application\144.0.3719.115,5.0
7999,Copilot Update,1.3,Microsoft Corporation Inc.,Application,,C:\Program Files (x86)\Microsoft\EdgeUpdate,2.0
7999,Credential Dialog Host,10.0,Microsoft Corporation Inc.,Application,,C:\Windows\SystemApps\microsoft.creddialoghost_cw5n1h2txyewy,1.0
7999,CrowdStrike Device Control,7.29,CrowdStrike Inc.,Add/Remove Programs,"November 14, 2025 12:00:00 AM",,
7999,CrowdStrike Device Control Support Tool,7.29,CrowdStrike Inc.,Application,,C:\Program Files\CrowdStrike,1.0
7999,CrowdStrike Falcon Connector,7.32,CrowdStrike Inc.,Application,,C:\Program Files\CrowdStrike,1.0
7999,CrowdStrike Falcon Sensor,7.32,CrowdStrike Inc.,Application,,C:\Program Files\CrowdStrike,1.0
7999,CrowdStrike Falcon Sensor Controller,7.32,CrowdStrike Inc.,Application,,C:\Program Files\CrowdStrike,1.0
7999,CrowdStrike Falcon Sensor Service,7.32,CrowdStrike Inc.,Application,,C:\Program Files\CrowdStrike,1.0
7999,CrowdStrike Falcon Sensor Servlet Container,7.32,CrowdStrike Inc.,Application,,C:\Program Files\CrowdStrike,1.0
7999,CrowdStrike Falcon Sensor Settings Tool,7.32,CrowdStrike Inc.,Application,,C:\Program Files\CrowdStrike,1.0
7999,CrowdStrike Falcon Sensor System Tray Application,7.32,CrowdStrike Inc.,Application,,C:\Program Files\CrowdStrike,2.0
7999,CrowdStrike Firmware Analysis,7.14,CrowdStrike Inc.,Add/Remove Programs,"July 24, 2025 12:00:00 AM",,
7999,CrowdStrike Firmware Analysis Support Tool,7.14,CrowdStrike Inc.,Application,,C:\Program Files\CrowdStrike,1.0
7999,CrowdStrike On-Demand Scan Command-line Tool,7.32,CrowdStrike Inc.,Application,,C:\Program Files\CrowdStrike,1.0
7999,CrowdStrike On-Demand Scan Tool,7.32,CrowdStrike Inc.,Application,,C:\Program Files\CrowdStrike,1.0
7999,CrowdStrike Sensor Platform,7.32,CrowdStrike Inc.,Add/Remove Programs,"January 14, 2026 12:00:00 AM",,
8049,.NET Framework,3.0,Microsoft Corporation Inc.,Application,,C:\Windows\Microsoft.NET\Framework64\v3.0\Windows Communication Foundation,2.0
8049,.NET Runtime Optimization Service,4.8,Microsoft Corporation Inc.,Application,,C:\Windows\Microsoft.NET\Framework64\v4.0.30319,2.0
8049,.NET Runtime Optimization Service,2.0,Microsoft Corporation Inc.,Application,,C:\Windows\Microsoft.NET\Framework64\v2.0.50727,2.0
8049,64Bit MAPI Mail Agent,1.0,Foxit Software Inc.,Application,,C:\Program Files (x86)\Foxit Software\Foxit Reader,1.0
8049,7-Zip 24.08 (x64 edition),24.08,Igor Pavlov,Add/Remove Programs,"December 02, 2024 12:00:00 AM",,
8049,7-Zip Console,24.08,Igor Pavlov,Application,,C:\Program Files\7-Zip,1.0
8049,7-Zip File Manager,24.08,Igor Pavlov,Application,,C:\Program Files\7-Zip,1.0
8049,7-Zip GUI,24.08,Igor Pavlov,Application,,C:\Program Files\7-Zip,1.0
8049,AAD token broker plugin,10.0,Microsoft Corporation Inc.,Application,,C:\Windows\SystemApps\Microsoft.AAD.BrokerPlugin_cw5n1h2txyewy,1.0
8049,Accounts Control Host,10.0,Microsoft Corporation Inc.,Application,,C:\Windows\SystemApps\Microsoft.AccountsControl_cw5n1h2txyewy,1.0
8049,AddSuggestedFoldersToLibraryDialog,10.0,Microsoft Corporation Inc.,Application,,C:\Windows\SystemApps\Microsoft.Windows.AddSuggestedFoldersToLibraryDialog_cw5n1h2txyewy,1.0
8049,Antimalware Service Executable,4.18,Microsoft Corporation Inc.,Application,,C:\Program Files\Windows Defender,1.0
8049,AppResolverUX,10.0,Microsoft Corporation Inc.,Application,,C:\Windows\SystemApps\Microsoft.Windows.AppResolverUX_cw5n1h2txyewy,1.0
8049,AsyncTextService,10.0,Microsoft Corporation Inc.,Application,,C:\Windows\SystemApps\Microsoft.AsyncTextService_8wekyb3d8bbwe,1.0
8049,Biometric Enrollment Host,10.0,Microsoft Corporation Inc.,Application,,C:\Windows\SystemApps\Microsoft.BioEnrollment_cw5n1h2txyewy,1.0
8049,BMC Client Management Agent,24.1.01.240624,BMC Software Inc.,Application,,C:\Program Files\BMC Software\Client Management\Client\bin,1.0
8049,BMC Client Management Certificate Generator,24.1.01.240624,BMC Software Inc.,Application,,C:\Program Files\BMC Software\Client Management\Client\bin,1.0
8049,BMC Client Management Chilli Interpreter,24.1.01.240624,BMC Software Inc.,Application,,C:\Program Files\BMC Software\Client Management\Client\bin,1.0
8049,BMC Client Management Direct Access Proxy Agent,24.1.01.240624,BMC Software Inc.,Application,,C:\Program Files\BMC Software\Client Management\Client\bin,1.0
8049,BMC Client Management Opswat Proxy Agent,24.1.01.240624,BMC Software Inc.,Application,,C:\Program Files\BMC Software\Client Management\Client\bin,1.0
8049,BMC Client Management Package Viewer,24.1.01.240624,BMC Software Inc.,Application,,C:\Program Files\BMC Software\Client Management\Client\bin,1.0
8049,BMC Client Management Patch Broker,24.1.01.240624,BMC Software Inc.,Application,,C:\Program Files\BMC Software\Client Management\Client\bin,1.0
8049,BMC Client Management Proxy Agent,24.1.01.240624,BMC Software Inc.,Application,,C:\Program Files\BMC Software\Client Management\Client\bin,1.0
8049,BMC Client Management Remote Control proxy,24.1.01.240624,BMC Software Inc.,Application,,C:\Program Files\BMC Software\Client Management\Client\bin,1.0
8049,BMC Client Management SCAP,24.1.01.240624,BMC Software Inc.,Application,,C:\Program Files\BMC Software\Client Management\Client\bin,1.0
8049,BMC Client Management Video Proxy Agent,24.1.01.240624,BMC Software Inc.,Application,,C:\Program Files\BMC Software\Client Management\Client\bin,1.0
8049,Boot File Servicing Utility,10.0,Microsoft Corporation Inc.,Application,,C:\Windows,1.0
8049,BrowserCore,10.0,Microsoft Corporation Inc.,Application,,C:\Windows\BrowserCore,1.0
8049,Calling App to host call progress on shell,10.0,Microsoft Corporation Inc.,Application,,C:\Windows\SystemApps\Microsoft.Windows.CallingShellApp_cw5n1h2txyewy,1.0
8049,CameraBarcodeScannerPreview,10.0,Microsoft Corporation Inc.,Application,,C:\Windows\SystemApps\Windows.CBSPreview_cw5n1h2txyewy,1.0
8049,CL5,9.6,Ivanti,Application,,C:\Program Files\BMC Software\Client Management\Client\data\PatchManagementPremium\workspace,4.0
8049,ClickOnce,4.8,Microsoft Corporation Inc.,Application,,C:\Windows\Microsoft.NET\Framework64\v4.0.30319,3.0
8049,Common User Interface,5.8,Musarubra US LLC.,Application,,C:\Program Files\McAfee\Agent\x86,1.0
8049,Create Virtual Machine,10.0,Microsoft Corporation Inc.,Application,,C:\Program Files\Hyper-V,1.0
8049,Credential Dialog Host,10.0,Microsoft Corporation Inc.,Application,,C:\Windows\SystemApps\microsoft.creddialoghost_cw5n1h2txyewy,1.0
8049,CrowdStrike Device Control,7.29,CrowdStrike Inc.,Add/Remove Programs,"November 14, 2025 12:00:00 AM",,
8049,CrowdStrike Device Control Support Tool,7.29,CrowdStrike Inc.,Application,,C:\Program Files\CrowdStrike,1.0
8049,CrowdStrike Falcon Connector,7.32,CrowdStrike Inc.,Application,,C:\Program Files\CrowdStrike,1.0
8049,CrowdStrike Falcon Sensor,7.32,CrowdStrike Inc.,Application,,C:\Program Files\CrowdStrike,1.0
8049,CrowdStrike Falcon Sensor Controller,7.32,CrowdStrike Inc.,Application,,C:\Program Files\CrowdStrike,1.0
8049,CrowdStrike Falcon Sensor Service,7.32,CrowdStrike Inc.,Application,,C:\Program Files\CrowdStrike,1.0
8049,CrowdStrike Falcon Sensor Servlet Container,7.32,CrowdStrike Inc.,Application,,C:\Program Files\CrowdStrike,1.0
8049,CrowdStrike Falcon Sensor Settings Tool,7.32,CrowdStrike Inc.,Application,,C:\Program Files\CrowdStrike,1.0
8049,CrowdStrike Falcon Sensor System Tray Application,7.32,CrowdStrike Inc.,Application,,C:\Program Files\CrowdStrike,2.0
8049,CrowdStrike Firmware Analysis,7.14,CrowdStrike Inc.,Add/Remove Programs,"June 18, 2025 12:00:00 AM",,
8049,CrowdStrike Firmware Analysis Support Tool,7.14,CrowdStrike Inc.,Application,,C:\Program Files\CrowdStrike,1.0
8049,CrowdStrike On-Demand Scan Command-line Tool,7.32,CrowdStrike Inc.,Application,,C:\Program Files\CrowdStrike,1.0
8049,CrowdStrike On-Demand Scan Tool,7.32,CrowdStrike Inc.,Application,,C:\Program Files\CrowdStrike,1.0
8049,CrowdStrike Sensor Platform,7.32,CrowdStrike Inc.,Add/Remove Programs,"January 14, 2026 12:00:00 AM",,
8049,CrowdStrike Windows Sensor,7.32,CrowdStrike Inc.,Add/Remove Programs,"January 14, 2026 12:00:00 AM",,
7954,.NET Runtime Optimization Service,4.8,Microsoft Corporation Inc.,Application,,C:\Windows\Microsoft.NET\Framework64\v4.0.30319,2.0
7954,64Bit MAPI Mail Agent,1.0,Foxit Software Inc.,Application,,C:\Program Files (x86)\Foxit Software\Foxit PDF Reader,1.0
7954,7-Zip 24.08 (x64 edition),24.08,Igor Pavlov,Add/Remove Programs,"November 28, 2024 12:00:00 AM",,
7954,7-Zip Console,24.08,Igor Pavlov,Application,,C:\Program Files\7-Zip,1.0
7954,7-Zip File Manager,24.08,Igor Pavlov,Application,,C:\Program Files\7-Zip,1.0
7954,7-Zip GUI,24.08,Igor Pavlov,Application,,C:\Program Files\7-Zip,1.0
7954,AAD token broker plugin,10.0,Microsoft Corporation Inc.,Application,,C:\Windows\SystemApps\Microsoft.AAD.BrokerPlugin_cw5n1h2txyewy,1.0
7954,Accounts Control Host,10.0,Microsoft Corporation Inc.,Application,,C:\Windows\SystemApps\Microsoft.AccountsControl_cw5n1h2txyewy,1.0
7954,AddSuggestedFoldersToLibraryDialog,10.0,Microsoft Corporation Inc.,Application,,C:\Windows\SystemApps\Microsoft.Windows.AddSuggestedFoldersToLibraryDialog_cw5n1h2txyewy,1.0
7954,Antimalware Service Executable,4.18,Microsoft Corporation Inc.,Application,,C:\Program Files\Windows Defender,1.0
7954,AppResolverUX,10.0,Microsoft Corporation Inc.,Application,,C:\Windows\SystemApps\Microsoft.Windows.AppResolverUX_cw5n1h2txyewy,1.0
7954,AsyncTextService,10.0,Microsoft Corporation Inc.,Application,,C:\Windows\SystemApps\Microsoft.AsyncTextService_8wekyb3d8bbwe,1.0
7954,Biometric Enrollment Host,10.0,Microsoft Corporation Inc.,Application,,C:\Windows\SystemApps\Microsoft.BioEnrollment_cw5n1h2txyewy,1.0
7954,BMC Client Management Agent,24.1.01.240624,BMC Software Inc.,Application,,C:\Program Files\BMC Software\Client Management\Client\bin,1.0
7954,BMC Client Management Certificate Generator,24.1.01.240624,BMC Software Inc.,Application,,C:\Program Files\BMC Software\Client Management\Client\bin,1.0
7954,BMC Client Management Chilli Interpreter,24.1.01.240624,BMC Software Inc.,Application,,C:\Program Files\BMC Software\Client Management\Client\bin,1.0
7954,BMC Client Management Direct Access Proxy Agent,24.1.01.240624,BMC Software Inc.,Application,,C:\Program Files\BMC Software\Client Management\Client\bin,1.0
7954,BMC Client Management Opswat Proxy Agent,24.1.01.240624,BMC Software Inc.,Application,,C:\Program Files\BMC Software\Client Management\Client\bin,1.0
7954,BMC Client Management Package Viewer,24.1.01.240624,BMC Software Inc.,Application,,C:\Program Files\BMC Software\Client Management\Client\bin,1.0
7954,BMC Client Management Patch Broker,24.1.01.240624,BMC Software Inc.,Application,,C:\Program Files\BMC Software\Client Management\Client\bin,1.0
7954,BMC Client Management Proxy Agent,24.1.01.240624,BMC Software Inc.,Application,,C:\Program Files\BMC Software\Client Management\Client\bin,1.0
7954,BMC Client Management Remote Control proxy,24.1.01.240624,BMC Software Inc.,Application,,C:\Program Files\BMC Software\Client Management\Client\bin,1.0
7954,BMC Client Management SCAP,24.1.01.240624,BMC Software Inc.,Application,,C:\Program Files\BMC Software\Client Management\Client\bin,1.0
7954,BMC Client Management Video Proxy Agent,24.1.01.240624,BMC Software Inc.,Application,,C:\Program Files\BMC Software\Client Management\Client\bin,1.0
7954,Boot File Servicing Utility,10.0,Microsoft Corporation Inc.,Application,,C:\Windows,1.0
7954,BrowserCore,10.0,Microsoft Corporation Inc.,Application,,C:\Windows\BrowserCore,1.0
7954,Calling App to host call progress on shell,10.0,Microsoft Corporation Inc.,Application,,C:\Windows\SystemApps\Microsoft.Windows.CallingShellApp_cw5n1h2txyewy,1.0
7954,CameraBarcodeScannerPreview,10.0,Microsoft Corporation Inc.,Application,,C:\Windows\SystemApps\Windows.CBSPreview_cw5n1h2txyewy,1.0
7954,ChromeEnterpriseCompanion,143.0,Google LLC,Application,,C:\Windows\SystemTemp\scoped_dir17472_1370918785\scoped_dir17472_91202987,1.0
7954,CL5,9.6,Ivanti,Application,,C:\Program Files\BMC Software\Client Management\Client\data\PatchManagementPremium\workspace,9.0
7954,ClickOnce,4.8,Microsoft Corporation Inc.,Application,,C:\Windows\Microsoft.NET\Framework64\v4.0.30319,3.0
7954,Common User Interface,5.8,Musarubra US LLC.,Application,,C:\Program Files\McAfee\Agent\x86,1.0
7954,Credential Dialog Host,10.0,Microsoft Corporation Inc.,Application,,C:\Windows\SystemApps\microsoft.creddialoghost_cw5n1h2txyewy,1.0
7954,CrowdStrike Device Control,7.29,CrowdStrike Inc.,Add/Remove Programs,"November 14, 2025 12:00:00 AM",,
7954,CrowdStrike Device Control Support Tool,7.29,CrowdStrike Inc.,Application,,C:\Program Files\CrowdStrike,1.0
7954,CrowdStrike Falcon Connector,7.32,CrowdStrike Inc.,Application,,C:\Program Files\CrowdStrike,1.0
7954,CrowdStrike Falcon Sensor,7.32,CrowdStrike Inc.,Application,,C:\Program Files\CrowdStrike,1.0
7954,CrowdStrike Falcon Sensor Controller,7.32,CrowdStrike Inc.,Application,,C:\Program Files\CrowdStrike,1.0
7954,CrowdStrike Falcon Sensor Service,7.32,CrowdStrike Inc.,Application,,C:\Program Files\CrowdStrike,1.0
7954,CrowdStrike Falcon Sensor Servlet Container,7.32,CrowdStrike Inc.,Application,,C:\Program Files\CrowdStrike,1.0
7954,CrowdStrike Falcon Sensor Settings Tool,7.32,CrowdStrike Inc.,Application,,C:\Program Files\CrowdStrike,1.0
7954,CrowdStrike Falcon Sensor System Tray Application,7.32,CrowdStrike Inc.,Application,,C:\Program Files\CrowdStrike,2.0
7954,CrowdStrike Firmware Analysis,7.14,CrowdStrike Inc.,Add/Remove Programs,"June 18, 2025 12:00:00 AM",,
7954,CrowdStrike Firmware Analysis Support Tool,7.14,CrowdStrike Inc.,Application,,C:\Program Files\CrowdStrike,1.0
7954,CrowdStrike Forensic Data Collection Tool,1.0,CrowdStrike Inc.,Application,,C:,2.0
7954,CrowdStrike On-Demand Scan Command-line Tool,7.32,CrowdStrike Inc.,Application,,C:\Program Files\CrowdStrike,1.0
7954,CrowdStrike On-Demand Scan Tool,7.32,CrowdStrike Inc.,Application,,C:\Program Files\CrowdStrike,1.0
7954,CrowdStrike Sensor Platform,7.32,CrowdStrike Inc.,Add/Remove Programs,"January 14, 2026 12:00:00 AM",,
7954,CrowdStrike Windows Sensor,7.32,CrowdStrike Inc.,Add/Remove Programs,"January 14, 2026 12:00:00 AM",,
7954,CrowdStrike Windows Sensor,6.54,CrowdStrike Inc.,Application,,C:\login\crowdstrike,1.0
8059,.NET Framework,3.0,Microsoft Corporation Inc.,Application,,C:\Windows\Microsoft.NET\Framework64\v3.0\Windows Communication Foundation,2.0
8059,.NET Runtime Optimization Service,4.8,Microsoft Corporation Inc.,Application,,C:\Windows\Microsoft.NET\Framework64\v4.0.30319,2.0
8059,.NET Runtime Optimization Service,2.0,Microsoft Corporation Inc.,Application,,C:\Windows\Microsoft.NET\Framework64\v2.0.50727,2.0
8059,64Bit MAPI Mail Agent,1.0,Foxit Software Inc.,Application,,C:\Program Files (x86)\Foxit Software\Foxit PDF Reader,1.0
8059,7-Zip 24.08 (x64 edition),24.08,Igor Pavlov,Add/Remove Programs,"December 02, 2024 12:00:00 AM",,
8059,7-Zip Console,24.08,Igor Pavlov,Application,,C:\Program Files\7-Zip,1.0
8059,7-Zip File Manager,24.08,Igor Pavlov,Application,,C:\Program Files\7-Zip,1.0
8059,7-Zip GUI,24.08,Igor Pavlov,Application,,C:\Program Files\7-Zip,1.0
8059,AAD token broker plugin,10.0,Microsoft Corporation Inc.,Application,,C:\Windows\SystemApps\Microsoft.AAD.BrokerPlugin_cw5n1h2txyewy,1.0
8059,Accounts Control Host,10.0,Microsoft Corporation Inc.,Application,,C:\Windows\SystemApps\Microsoft.AccountsControl_cw5n1h2txyewy,1.0
8059,AddSuggestedFoldersToLibraryDialog,10.0,Microsoft Corporation Inc.,Application,,C:\Windows\SystemApps\Microsoft.Windows.AddSuggestedFoldersToLibraryDialog_cw5n1h2txyewy,1.0
8059,Antimalware Service Executable,4.18,Microsoft Corporation Inc.,Application,,C:\Program Files\Windows Defender,1.0
8059,AppResolverUX,10.0,Microsoft Corporation Inc.,Application,,C:\Windows\SystemApps\Microsoft.Windows.AppResolverUX_cw5n1h2txyewy,1.0
8059,AsyncTextService,10.0,Microsoft Corporation Inc.,Application,,C:\Windows\SystemApps\Microsoft.AsyncTextService_8wekyb3d8bbwe,1.0
8059,Biometric Enrollment Host,10.0,Microsoft Corporation Inc.,Application,,C:\Windows\SystemApps\Microsoft.BioEnrollment_cw5n1h2txyewy,1.0
8059,BMC Client Management Agent,24.1.01.240624,BMC Software Inc.,Application,,C:\Program Files\BMC Software\Client Management\Client\bin,1.0
8059,BMC Client Management Certificate Generator,24.1.01.240624,BMC Software Inc.,Application,,C:\Program Files\BMC Software\Client Management\Client\bin,1.0
8059,BMC Client Management Chilli Interpreter,24.1.01.240624,BMC Software Inc.,Application,,C:\Program Files\BMC Software\Client Management\Client\bin,1.0
8059,BMC Client Management Direct Access Proxy Agent,24.1.01.240624,BMC Software Inc.,Application,,C:\Program Files\BMC Software\Client Management\Client\bin,1.0
8059,BMC Client Management Opswat Proxy Agent,24.1.01.240624,BMC Software Inc.,Application,,C:\Program Files\BMC Software\Client Management\Client\bin,1.0
8059,BMC Client Management Package Viewer,24.1.01.240624,BMC Software Inc.,Application,,C:\Program Files\BMC Software\Client Management\Client\bin,1.0
8059,BMC Client Management Patch Broker,24.1.01.240624,BMC Software Inc.,Application,,C:\Program Files\BMC Software\Client Management\Client\bin,1.0
8059,BMC Client Management Proxy Agent,24.1.01.240624,BMC Software Inc.,Application,,C:\Program Files\BMC Software\Client Management\Client\bin,1.0
8059,BMC Client Management Remote Control proxy,24.1.01.240624,BMC Software Inc.,Application,,C:\Program Files\BMC Software\Client Management\Client\bin,1.0
8059,BMC Client Management SCAP,24.1.01.240624,BMC Software Inc.,Application,,C:\Program Files\BMC Software\Client Management\Client\bin,1.0
8059,BMC Client Management Video Proxy Agent,24.1.01.240624,BMC Software Inc.,Application,,C:\Program Files\BMC Software\Client Management\Client\bin,1.0
8059,Boot File Servicing Utility,10.0,Microsoft Corporation Inc.,Application,,C:\Windows,1.0
8059,BrowserCore,10.0,Microsoft Corporation Inc.,Application,,C:\Windows\BrowserCore,1.0
8059,Calling App to host call progress on shell,10.0,Microsoft Corporation Inc.,Application,,C:\Windows\SystemApps\Microsoft.Windows.CallingShellApp_cw5n1h2txyewy,1.0
8059,CameraBarcodeScannerPreview,10.0,Microsoft Corporation Inc.,Application,,C:\Windows\SystemApps\Windows.CBSPreview_cw5n1h2txyewy,1.0
8059,CL5,9.6,Ivanti,Application,,C:\Program Files\BMC Software\Client Management\Client\data\PatchManagementPremium\workspace,2.0
8059,ClickOnce,4.8,Microsoft Corporation Inc.,Application,,C:\Windows\Microsoft.NET\Framework64\v4.0.30319,3.0
8059,Common User Interface,5.8,Musarubra US LLC.,Application,,C:\Program Files\McAfee\Agent\x86,1.0
8059,Credential Dialog Host,10.0,Microsoft Corporation Inc.,Application,,C:\Windows\SystemApps\microsoft.creddialoghost_cw5n1h2txyewy,1.0
8059,CrowdStrike Device Control,7.29,CrowdStrike Inc.,Add/Remove Programs,"November 14, 2025 12:00:00 AM",,
8059,CrowdStrike Device Control Support Tool,7.29,CrowdStrike Inc.,Application,,C:\Program Files\CrowdStrike,1.0
8059,CrowdStrike Falcon Connector,7.32,CrowdStrike Inc.,Application,,C:\Program Files\CrowdStrike,1.0
8059,CrowdStrike Falcon Sensor,7.32,CrowdStrike Inc.,Application,,C:\Program Files\CrowdStrike,1.0
8059,CrowdStrike Falcon Sensor Controller,7.32,CrowdStrike Inc.,Application,,C:\Program Files\CrowdStrike,1.0
8059,CrowdStrike Falcon Sensor Service,7.32,CrowdStrike Inc.,Application,,C:\Program Files\CrowdStrike,1.0
8059,CrowdStrike Falcon Sensor Servlet Container,7.32,CrowdStrike Inc.,Application,,C:\Program Files\CrowdStrike,1.0
8059,CrowdStrike Falcon Sensor Settings Tool,7.32,CrowdStrike Inc.,Application,,C:\Program Files\CrowdStrike,1.0
8059,CrowdStrike Falcon Sensor System Tray Application,7.32,CrowdStrike Inc.,Application,,C:\Program Files\CrowdStrike,2.0
8059,CrowdStrike Firmware Analysis,7.14,CrowdStrike Inc.,Add/Remove Programs,"June 18, 2025 12:00:00 AM",,
8059,CrowdStrike Firmware Analysis Support Tool,7.14,CrowdStrike Inc.,Application,,C:\Program Files\CrowdStrike,1.0
8059,CrowdStrike On-Demand Scan Command-line Tool,7.32,CrowdStrike Inc.,Application,,C:\Program Files\CrowdStrike,1.0
8059,CrowdStrike On-Demand Scan Tool,7.32,CrowdStrike Inc.,Application,,C:\Program Files\CrowdStrike,1.0
8059,CrowdStrike Sensor Platform,7.32,CrowdStrike Inc.,Add/Remove Programs,"January 14, 2026 12:00:00 AM",,
8059,CrowdStrike Windows Sensor,7.32,CrowdStrike Inc.,Add/Remove Programs,"January 14, 2026 12:00:00 AM",,
8059,CxAudioSvc,1.0,Conexant Systems LLC.,Application,,C:\Windows\CxSvc,1.0
14681,.NET Framework,3.0,Microsoft Corporation Inc.,Application,,C:\Windows\Microsoft.NET\Framework64\v3.0\Windows Communication Foundation,2.0
14681,.NET Runtime Optimization Service,4.8,Microsoft Corporation Inc.,Application,,C:\Windows\Microsoft.NET\Framework64\v4.0.30319,2.0
14681,.NET Runtime Optimization Service,2.0,Microsoft Corporation Inc.,Application,,C:\Windows\Microsoft.NET\Framework64\v2.0.50727,2.0
14681,64Bit MAPI Mail Agent,1.0,Foxit Software Inc.,Application,,C:\Program Files (x86)\Foxit Software\Foxit PDF Reader,1.0
14681,7-Zip 23.01 (x64),23.01,Igor Pavlov,Add/Remove Programs,,C:\Program Files\7-Zip\,
14681,7-Zip Console,23.01,Igor Pavlov,Application,,C:\Program Files\7-Zip,1.0
14681,7-Zip File Manager,23.01,Igor Pavlov,Application,,C:\Program Files\7-Zip,1.0
14681,7-Zip GUI,23.01,Igor Pavlov,Application,,C:\Program Files\7-Zip,1.0
14681,AAD token broker plugin,10.0,Microsoft Corporation Inc.,Application,,C:\Windows\SystemApps\Microsoft.AAD.BrokerPlugin_cw5n1h2txyewy,1.0
14681,Accounts Control Host,10.0,Microsoft Corporation Inc.,Application,,C:\Windows\SystemApps\Microsoft.AccountsControl_cw5n1h2txyewy,1.0
14681,AddSuggestedFoldersToLibraryDialog,10.0,Microsoft Corporation Inc.,Application,,C:\Windows\SystemApps\Microsoft.Windows.AddSuggestedFoldersToLibraryDialog_cw5n1h2txyewy,1.0
14681,Antimalware Service Executable,4.18,Microsoft Corporation Inc.,Application,,C:\Program Files\Windows Defender,1.0
14681,AppResolverUX,10.0,Microsoft Corporation Inc.,Application,,C:\Windows\SystemApps\Microsoft.Windows.AppResolverUX_cw5n1h2txyewy,1.0
14681,AsyncTextService,10.0,Microsoft Corporation Inc.,Application,,C:\Windows\SystemApps\Microsoft.AsyncTextService_8wekyb3d8bbwe,1.0
14681,Biometric Enrollment Host,10.0,Microsoft Corporation Inc.,Application,,C:\Windows\SystemApps\Microsoft.BioEnrollment_cw5n1h2txyewy,1.0
14681,BMC Client Management Agent,24.1.01.240624,BMC Software Inc.,Application,,C:\Program Files\BMC Software\Client Management\Client\bin,1.0
14681,BMC Client Management Certificate Generator,24.1.01.240624,BMC Software Inc.,Application,,C:\Program Files\BMC Software\Client Management\Client\bin,1.0
14681,BMC Client Management Chilli Interpreter,24.1.01.240624,BMC Software Inc.,Application,,C:\Program Files\BMC Software\Client Management\Client\bin,1.0
14681,BMC Client Management Direct Access Proxy Agent,24.1.01.240624,BMC Software Inc.,Application,,C:\Program Files\BMC Software\Client Management\Client\bin,1.0
14681,BMC Client Management Opswat Proxy Agent,24.1.01.240624,BMC Software Inc.,Application,,C:\Program Files\BMC Software\Client Management\Client\bin,1.0
14681,BMC Client Management Package Viewer,24.1.01.240624,BMC Software Inc.,Application,,C:\Program Files\BMC Software\Client Management\Client\bin,1.0
14681,BMC Client Management Patch Broker,24.1.01.240624,BMC Software Inc.,Application,,C:\Program Files\BMC Software\Client Management\Client\bin,1.0
14681,BMC Client Management Proxy Agent,24.1.01.240624,BMC Software Inc.,Application,,C:\Program Files\BMC Software\Client Management\Client\bin,1.0
14681,BMC Client Management Remote Control proxy,24.1.01.240624,BMC Software Inc.,Application,,C:\Program Files\BMC Software\Client Management\Client\bin,1.0
14681,BMC Client Management SCAP,24.1.01.240624,BMC Software Inc.,Application,,C:\Program Files\BMC Software\Client Management\Client\bin,1.0
14681,BMC Client Management Video Proxy Agent,24.1.01.240624,BMC Software Inc.,Application,,C:\Program Files\BMC Software\Client Management\Client\bin,1.0
14681,Boot File Servicing Utility,10.0,Microsoft Corporation Inc.,Application,,C:\Windows,1.0
14681,BrowserCore,10.0,Microsoft Corporation Inc.,Application,,C:\Windows\BrowserCore,1.0
14681,Calling App to host call progress on shell,10.0,Microsoft Corporation Inc.,Application,,C:\Windows\SystemApps\Microsoft.Windows.CallingShellApp_cw5n1h2txyewy,1.0
14681,CameraBarcodeScannerPreview,10.0,Microsoft Corporation Inc.,Application,,C:\Windows\SystemApps\Windows.CBSPreview_cw5n1h2txyewy,1.0
14681,ChromeEnterpriseCompanion,143.0,Google LLC,Application,,C:\Windows\SystemTemp\scoped_dir21144_145850141\scoped_dir21144_120285283,1.0
14681,CL5,9.6,Ivanti,Application,,C:\Program Files\BMC Software\Client Management\Client\data\PatchManagementPremium\workspace,6.0
14681,ClickOnce,4.8,Microsoft Corporation Inc.,Application,,C:\Windows\Microsoft.NET\Framework64\v4.0.30319,3.0
14681,Common User Interface,5.8,Musarubra US LLC.,Application,,C:\Program Files\McAfee\Agent\x86,1.0
14681,Credential Dialog Host,10.0,Microsoft Corporation Inc.,Application,,C:\Windows\SystemApps\microsoft.creddialoghost_cw5n1h2txyewy,1.0
14681,CrowdStrike Device Control,7.29,CrowdStrike Inc.,Add/Remove Programs,"November 14, 2025 12:00:00 AM",,
14681,CrowdStrike Device Control Support Tool,7.29,CrowdStrike Inc.,Application,,C:\Program Files\CrowdStrike,1.0
14681,CrowdStrike Falcon Connector,7.32,CrowdStrike Inc.,Application,,C:\Program Files\CrowdStrike,1.0
14681,CrowdStrike Falcon Sensor,7.32,CrowdStrike Inc.,Application,,C:\Program Files\CrowdStrike,1.0
14681,CrowdStrike Falcon Sensor Controller,7.32,CrowdStrike Inc.,Application,,C:\Program Files\CrowdStrike,1.0
14681,CrowdStrike Falcon Sensor Service,7.32,CrowdStrike Inc.,Application,,C:\Program Files\CrowdStrike,1.0
14681,CrowdStrike Falcon Sensor Servlet Container,7.32,CrowdStrike Inc.,Application,,C:\Program Files\CrowdStrike,1.0
14681,CrowdStrike Falcon Sensor Settings Tool,7.32,CrowdStrike Inc.,Application,,C:\Program Files\CrowdStrike,1.0
14681,CrowdStrike Falcon Sensor System Tray Application,7.32,CrowdStrike Inc.,Application,,C:\Program Files\CrowdStrike,2.0
14681,CrowdStrike Firmware Analysis,7.14,CrowdStrike Inc.,Add/Remove Programs,"July 24, 2025 12:00:00 AM",,
14681,CrowdStrike Firmware Analysis Support Tool,7.14,CrowdStrike Inc.,Application,,C:\Program Files\CrowdStrike,1.0
14681,CrowdStrike On-Demand Scan Command-line Tool,7.32,CrowdStrike Inc.,Application,,C:\Program Files\CrowdStrike,1.0
14681,CrowdStrike On-Demand Scan Tool,7.32,CrowdStrike Inc.,Application,,C:\Program Files\CrowdStrike,1.0
14681,CrowdStrike Sensor Platform,7.32,CrowdStrike Inc.,Add/Remove Programs,"January 14, 2026 12:00:00 AM",,
14681,CrowdStrike Windows Sensor,7.32,CrowdStrike Inc.,Add/Remove Programs,"January 14, 2026 12:00:00 AM",,
8587,.NET Runtime Optimization Service,4.8,Microsoft Corporation Inc.,Application,,C:\Windows\Microsoft.NET\Framework64\v4.0.30319,2.0
8587,64Bit MAPI Mail Agent,1.0,Foxit Software Inc.,Application,,C:\Program Files (x86)\Foxit Software\Foxit PDF Reader,1.0
8587,7-Zip 24.08 (x64 edition),24.08,Igor Pavlov,Add/Remove Programs,"November 26, 2024 12:00:00 AM",,
8587,7-Zip Console,24.08,Igor Pavlov,Application,,C:\Program Files\7-Zip,1.0
8587,7-Zip File Manager,24.08,Igor Pavlov,Application,,C:\Program Files\7-Zip,1.0
8587,7-Zip GUI,24.08,Igor Pavlov,Application,,C:\Program Files\7-Zip,1.0
8587,AAD token broker plugin,10.0,Microsoft Corporation Inc.,Application,,C:\Windows\SystemApps\Microsoft.AAD.BrokerPlugin_cw5n1h2txyewy,1.0
8587,Accounts Control Host,10.0,Microsoft Corporation Inc.,Application,,C:\Windows\SystemApps\Microsoft.AccountsControl_cw5n1h2txyewy,1.0
8587,AddSuggestedFoldersToLibraryDialog,10.0,Microsoft Corporation Inc.,Application,,C:\Windows\SystemApps\Microsoft.Windows.AddSuggestedFoldersToLibraryDialog_cw5n1h2txyewy,1.0
8587,Antimalware Service Executable,4.18,Microsoft Corporation Inc.,Application,,C:\Program Files\Windows Defender,1.0
8587,AppResolverUX,10.0,Microsoft Corporation Inc.,Application,,C:\Windows\SystemApps\Microsoft.Windows.AppResolverUX_cw5n1h2txyewy,1.0
8587,AsyncTextService,10.0,Microsoft Corporation Inc.,Application,,C:\Windows\SystemApps\Microsoft.AsyncTextService_8wekyb3d8bbwe,1.0
8587,Biometric Enrollment Host,10.0,Microsoft Corporation Inc.,Application,,C:\Windows\SystemApps\Microsoft.BioEnrollment_cw5n1h2txyewy,1.0
8587,BMC Client Management Agent,24.1.01.240624,BMC Software Inc.,Application,,C:\Program Files\BMC Software\Client Management\Client\bin,1.0
8587,BMC Client Management Certificate Generator,24.1.01.240624,BMC Software Inc.,Application,,C:\Program Files\BMC Software\Client Management\Client\bin,1.0
8587,BMC Client Management Chilli Interpreter,24.1.01.240624,BMC Software Inc.,Application,,C:\Program Files\BMC Software\Client Management\Client\bin,1.0
8587,BMC Client Management Direct Access Proxy Agent,24.1.01.240624,BMC Software Inc.,Application,,C:\Program Files\BMC Software\Client Management\Client\bin,1.0
8587,BMC Client Management Opswat Proxy Agent,24.1.01.240624,BMC Software Inc.,Application,,C:\Program Files\BMC Software\Client Management\Client\bin,1.0
8587,BMC Client Management Package Viewer,24.1.01.240624,BMC Software Inc.,Application,,C:\Program Files\BMC Software\Client Management\Client\bin,1.0
8587,BMC Client Management Patch Broker,24.1.01.240624,BMC Software Inc.,Application,,C:\Program Files\BMC Software\Client Management\Client\bin,1.0
8587,BMC Client Management Proxy Agent,24.1.01.240624,BMC Software Inc.,Application,,C:\Program Files\BMC Software\Client Management\Client\bin,1.0
8587,BMC Client Management Remote Control proxy,24.1.01.240624,BMC Software Inc.,Application,,C:\Program Files\BMC Software\Client Management\Client\bin,1.0
8587,BMC Client Management SCAP,24.1.01.240624,BMC Software Inc.,Application,,C:\Program Files\BMC Software\Client Management\Client\bin,1.0
8587,BMC Client Management Video Proxy Agent,24.1.01.240624,BMC Software Inc.,Application,,C:\Program Files\BMC Software\Client Management\Client\bin,1.0
8587,Boot File Servicing Utility,10.0,Microsoft Corporation Inc.,Application,,C:\Windows,1.0
8587,BrowserCore,10.0,Microsoft Corporation Inc.,Application,,C:\Windows\BrowserCore,1.0
8587,Calling App to host call progress on shell,10.0,Microsoft Corporation Inc.,Application,,C:\Windows\SystemApps\Microsoft.Windows.CallingShellApp_cw5n1h2txyewy,1.0
8587,CameraBarcodeScannerPreview,10.0,Microsoft Corporation Inc.,Application,,C:\Windows\SystemApps\Windows.CBSPreview_cw5n1h2txyewy,1.0
8587,ChromeEnterpriseCompanion,143.0,Google LLC,Application,,C:\Windows\SystemTemp\scoped_dir8004_925110574\scoped_dir8004_700658597,1.0
8587,CL5,9.6,Ivanti,Application,,C:\Program Files\BMC Software\Client Management\Client\data\PatchManagementPremium\workspace,5.0
8587,ClickOnce,4.8,Microsoft Corporation Inc.,Application,,C:\Windows\Microsoft.NET\Framework64\v4.0.30319,3.0
8587,Common User Interface,5.8,Musarubra US LLC.,Application,,C:\Program Files\McAfee\Agent\x86,1.0
8587,Credential Dialog Host,10.0,Microsoft Corporation Inc.,Application,,C:\Windows\SystemApps\microsoft.creddialoghost_cw5n1h2txyewy,1.0
8587,CrowdStrike Device Control,7.29,CrowdStrike Inc.,Add/Remove Programs,"November 14, 2025 12:00:00 AM",,
8587,CrowdStrike Device Control Support Tool,7.29,CrowdStrike Inc.,Application,,C:\Program Files\CrowdStrike,1.0
8587,CrowdStrike Falcon Connector,7.32,CrowdStrike Inc.,Application,,C:\Program Files\CrowdStrike,1.0
8587,CrowdStrike Falcon Sensor,7.32,CrowdStrike Inc.,Application,,C:\Program Files\CrowdStrike,1.0
8587,CrowdStrike Falcon Sensor Controller,7.32,CrowdStrike Inc.,Application,,C:\Program Files\CrowdStrike,1.0
8587,CrowdStrike Falcon Sensor Service,7.32,CrowdStrike Inc.,Application,,C:\Program Files\CrowdStrike,1.0
8587,CrowdStrike Falcon Sensor Servlet Container,7.32,CrowdStrike Inc.,Application,,C:\Program Files\CrowdStrike,1.0
8587,CrowdStrike Falcon Sensor Settings Tool,7.32,CrowdStrike Inc.,Application,,C:\Program Files\CrowdStrike,1.0
8587,CrowdStrike Falcon Sensor System Tray Application,7.32,CrowdStrike Inc.,Application,,C:\Program Files\CrowdStrike,2.0
8587,CrowdStrike Firmware Analysis,7.14,CrowdStrike Inc.,Add/Remove Programs,"June 18, 2025 12:00:00 AM",,
8587,CrowdStrike Firmware Analysis Support Tool,7.14,CrowdStrike Inc.,Application,,C:\Program Files\CrowdStrike,1.0
8587,CrowdStrike Forensic Data Collection Tool,1.0,CrowdStrike Inc.,Application,,C:,2.0
8587,CrowdStrike On-Demand Scan Command-line Tool,7.32,CrowdStrike Inc.,Application,,C:\Program Files\CrowdStrike,1.0
8587,CrowdStrike On-Demand Scan Tool,7.32,CrowdStrike Inc.,Application,,C:\Program Files\CrowdStrike,1.0
8587,CrowdStrike Sensor Platform,7.32,CrowdStrike Inc.,Add/Remove Programs,"January 14, 2026 12:00:00 AM",,
8587,CrowdStrike Windows Sensor,7.32,CrowdStrike Inc.,Add/Remove Programs,"January 14, 2026 12:00:00 AM",,
8587,CrowdStrike Windows Sensor,6.54,CrowdStrike Inc.,Application,,C:\login\crowdstrike,1.0
8056,.NET Framework,3.0,Microsoft Corporation Inc.,Application,,C:\Windows\Microsoft.NET\Framework64\v3.0\Windows Communication Foundation,2.0
8056,.NET Runtime Optimization Service,4.8,Microsoft Corporation Inc.,Application,,C:\Windows\Microsoft.NET\Framework64\v4.0.30319,2.0
8056,.NET Runtime Optimization Service,2.0,Microsoft Corporation Inc.,Application,,C:\Windows\Microsoft.NET\Framework64\v2.0.50727,2.0
8056,64Bit MAPI Mail Agent,1.0,Foxit Software Inc.,Application,,C:\Program Files (x86)\Foxit Software\Foxit PDF Reader,1.0
8056,7-Zip 24.08 (x64 edition),24.08,Igor Pavlov,Add/Remove Programs,"December 02, 2024 12:00:00 AM",,
8056,7-Zip Console,24.08,Igor Pavlov,Application,,C:\Program Files\7-Zip,1.0
8056,7-Zip File Manager,24.08,Igor Pavlov,Application,,C:\Program Files\7-Zip,1.0
8056,7-Zip GUI,24.08,Igor Pavlov,Application,,C:\Program Files\7-Zip,1.0
8056,AAD token broker plugin,10.0,Microsoft Corporation Inc.,Application,,C:\Windows\SystemApps\Microsoft.AAD.BrokerPlugin_cw5n1h2txyewy,1.0
8056,Accounts Control Host,10.0,Microsoft Corporation Inc.,Application,,C:\Windows\SystemApps\Microsoft.AccountsControl_cw5n1h2txyewy,1.0
8056,AddSuggestedFoldersToLibraryDialog,10.0,Microsoft Corporation Inc.,Application,,C:\Windows\SystemApps\Microsoft.Windows.AddSuggestedFoldersToLibraryDialog_cw5n1h2txyewy,1.0
8056,Antimalware Service Executable,4.18,Microsoft Corporation Inc.,Application,,C:\Program Files\Windows Defender,1.0
8056,AppResolverUX,10.0,Microsoft Corporation Inc.,Application,,C:\Windows\SystemApps\Microsoft.Windows.AppResolverUX_cw5n1h2txyewy,1.0
8056,AsyncTextService,10.0,Microsoft Corporation Inc.,Application,,C:\Windows\SystemApps\Microsoft.AsyncTextService_8wekyb3d8bbwe,1.0
8056,Biometric Enrollment Host,10.0,Microsoft Corporation Inc.,Application,,C:\Windows\SystemApps\Microsoft.BioEnrollment_cw5n1h2txyewy,1.0
8056,BMC Client Management Agent,24.1.01.240624,BMC Software Inc.,Application,,C:\Program Files\BMC Software\Client Management\Client\bin,1.0
8056,BMC Client Management Certificate Generator,24.1.01.240624,BMC Software Inc.,Application,,C:\Program Files\BMC Software\Client Management\Client\bin,1.0
8056,BMC Client Management Chilli Interpreter,24.1.01.240624,BMC Software Inc.,Application,,C:\Program Files\BMC Software\Client Management\Client\bin,1.0
8056,BMC Client Management Direct Access Proxy Agent,24.1.01.240624,BMC Software Inc.,Application,,C:\Program Files\BMC Software\Client Management\Client\bin,1.0
8056,BMC Client Management Opswat Proxy Agent,24.1.01.240624,BMC Software Inc.,Application,,C:\Program Files\BMC Software\Client Management\Client\bin,1.0
8056,BMC Client Management Package Viewer,24.1.01.240624,BMC Software Inc.,Application,,C:\Program Files\BMC Software\Client Management\Client\bin,1.0
8056,BMC Client Management Patch Broker,24.1.01.240624,BMC Software Inc.,Application,,C:\Program Files\BMC Software\Client Management\Client\bin,1.0
8056,BMC Client Management Proxy Agent,24.1.01.240624,BMC Software Inc.,Application,,C:\Program Files\BMC Software\Client Management\Client\bin,1.0
8056,BMC Client Management Remote Control proxy,24.1.01.240624,BMC Software Inc.,Application,,C:\Program Files\BMC Software\Client Management\Client\bin,1.0
8056,BMC Client Management SCAP,24.1.01.240624,BMC Software Inc.,Application,,C:\Program Files\BMC Software\Client Management\Client\bin,1.0
8056,BMC Client Management Video Proxy Agent,24.1.01.240624,BMC Software Inc.,Application,,C:\Program Files\BMC Software\Client Management\Client\bin,1.0
8056,Boot File Servicing Utility,10.0,Microsoft Corporation Inc.,Application,,C:\Windows,1.0
8056,BrowserCore,10.0,Microsoft Corporation Inc.,Application,,C:\Windows\BrowserCore,1.0
8056,Calling App to host call progress on shell,10.0,Microsoft Corporation Inc.,Application,,C:\Windows\SystemApps\Microsoft.Windows.CallingShellApp_cw5n1h2txyewy,1.0
8056,CameraBarcodeScannerPreview,10.0,Microsoft Corporation Inc.,Application,,C:\Windows\SystemApps\Windows.CBSPreview_cw5n1h2txyewy,1.0
8056,ChromeEnterpriseCompanion,143.0,Google LLC,Application,,C:\Windows\SystemTemp\scoped_dir15144_1029642601\scoped_dir15144_727181973,1.0
8056,CL5,9.6,Ivanti,Application,,C:\Program Files\BMC Software\Client Management\Client\data\PatchManagementPremium\workspace,1.0
8056,ClickOnce,4.8,Microsoft Corporation Inc.,Application,,C:\Windows\Microsoft.NET\Framework64\v4.0.30319,3.0
8056,Common User Interface,5.8,Musarubra US LLC.,Application,,C:\Program Files\McAfee\Agent\x86,1.0
8056,Credential Dialog Host,10.0,Microsoft Corporation Inc.,Application,,C:\Windows\SystemApps\microsoft.creddialoghost_cw5n1h2txyewy,1.0
8056,CrowdStrike Device Control,7.29,CrowdStrike Inc.,Add/Remove Programs,"November 14, 2025 12:00:00 AM",,
8056,CrowdStrike Device Control Support Tool,7.29,CrowdStrike Inc.,Application,,C:\Program Files\CrowdStrike,1.0
8056,CrowdStrike Falcon Connector,7.32,CrowdStrike Inc.,Application,,C:\Program Files\CrowdStrike,1.0
8056,CrowdStrike Falcon Sensor,7.32,CrowdStrike Inc.,Application,,C:\Program Files\CrowdStrike,1.0
8056,CrowdStrike Falcon Sensor Controller,7.32,CrowdStrike Inc.,Application,,C:\Program Files\CrowdStrike,1.0
8056,CrowdStrike Falcon Sensor Service,7.32,CrowdStrike Inc.,Application,,C:\Program Files\CrowdStrike,1.0
8056,CrowdStrike Falcon Sensor Servlet Container,7.32,CrowdStrike Inc.,Application,,C:\Program Files\CrowdStrike,1.0
8056,CrowdStrike Falcon Sensor Settings Tool,7.32,CrowdStrike Inc.,Application,,C:\Program Files\CrowdStrike,1.0
8056,CrowdStrike Falcon Sensor System Tray Application,7.32,CrowdStrike Inc.,Application,,C:\Program Files\CrowdStrike,2.0
8056,CrowdStrike Firmware Analysis,7.14,CrowdStrike Inc.,Add/Remove Programs,"February 27, 2025 12:00:00 AM",,
8056,CrowdStrike Firmware Analysis Support Tool,7.14,CrowdStrike Inc.,Application,,C:\Program Files\CrowdStrike,1.0
8056,CrowdStrike On-Demand Scan Command-line Tool,7.32,CrowdStrike Inc.,Application,,C:\Program Files\CrowdStrike,1.0
8056,CrowdStrike On-Demand Scan Tool,7.32,CrowdStrike Inc.,Application,,C:\Program Files\CrowdStrike,1.0
8056,CrowdStrike Sensor Platform,7.32,CrowdStrike Inc.,Add/Remove Programs,"January 14, 2026 12:00:00 AM",,
8056,CrowdStrike Windows Sensor,7.32,CrowdStrike Inc.,Add/Remove Programs,"January 14, 2026 12:00:00 AM",,
7985,.NET Runtime Optimization Service,4.8,Microsoft Corporation Inc.,Application,,C:\Windows\Microsoft.NET\Framework64\v4.0.30319,2.0
7985,64Bit MAPI Mail Agent,1.0,Foxit Software Inc.,Application,,C:\Program Files (x86)\Foxit Software\Foxit PDF Reader,1.0
7985,7-Zip 24.08 (x64 edition),24.08,Igor Pavlov,Add/Remove Programs,"November 28, 2024 12:00:00 AM",,
7985,7-Zip Console,24.08,Igor Pavlov,Application,,C:\Program Files\7-Zip,1.0
7985,7-Zip File Manager,24.08,Igor Pavlov,Application,,C:\Program Files\7-Zip,1.0
7985,7-Zip GUI,24.08,Igor Pavlov,Application,,C:\Program Files\7-Zip,1.0
7985,AAD token broker plugin,10.0,Microsoft Corporation Inc.,Application,,C:\Windows\SystemApps\Microsoft.AAD.BrokerPlugin_cw5n1h2txyewy,1.0
7985,Accounts Control Host,10.0,Microsoft Corporation Inc.,Application,,C:\Windows\SystemApps\Microsoft.AccountsControl_cw5n1h2txyewy,1.0
7985,AddSuggestedFoldersToLibraryDialog,10.0,Microsoft Corporation Inc.,Application,,C:\Windows\SystemApps\Microsoft.Windows.AddSuggestedFoldersToLibraryDialog_cw5n1h2txyewy,1.0
7985,Antimalware Service Executable,4.18,Microsoft Corporation Inc.,Application,,C:\Program Files\Windows Defender,1.0
7985,AppResolverUX,10.0,Microsoft Corporation Inc.,Application,,C:\Windows\SystemApps\Microsoft.Windows.AppResolverUX_cw5n1h2txyewy,1.0
7985,AsyncTextService,10.0,Microsoft Corporation Inc.,Application,,C:\Windows\SystemApps\Microsoft.AsyncTextService_8wekyb3d8bbwe,1.0
7985,Biometric Enrollment Host,10.0,Microsoft Corporation Inc.,Application,,C:\Windows\SystemApps\Microsoft.BioEnrollment_cw5n1h2txyewy,1.0
7985,BMC Client Management Agent,24.1.01.240624,BMC Software Inc.,Application,,C:\Program Files\BMC Software\Client Management\Client\bin,1.0
7985,BMC Client Management Certificate Generator,24.1.01.240624,BMC Software Inc.,Application,,C:\Program Files\BMC Software\Client Management\Client\bin,1.0
7985,BMC Client Management Chilli Interpreter,24.1.01.240624,BMC Software Inc.,Application,,C:\Program Files\BMC Software\Client Management\Client\bin,1.0
7985,BMC Client Management Direct Access Proxy Agent,24.1.01.240624,BMC Software Inc.,Application,,C:\Program Files\BMC Software\Client Management\Client\bin,1.0
7985,BMC Client Management Opswat Proxy Agent,24.1.01.240624,BMC Software Inc.,Application,,C:\Program Files\BMC Software\Client Management\Client\bin,1.0
7985,BMC Client Management Package Viewer,24.1.01.240624,BMC Software Inc.,Application,,C:\Program Files\BMC Software\Client Management\Client\bin,1.0
7985,BMC Client Management Patch Broker,24.1.01.240624,BMC Software Inc.,Application,,C:\Program Files\BMC Software\Client Management\Client\bin,1.0
7985,BMC Client Management Proxy Agent,24.1.01.240624,BMC Software Inc.,Application,,C:\Program Files\BMC Software\Client Management\Client\bin,1.0
7985,BMC Client Management Remote Control proxy,24.1.01.240624,BMC Software Inc.,Application,,C:\Program Files\BMC Software\Client Management\Client\bin,1.0
7985,BMC Client Management SCAP,24.1.01.240624,BMC Software Inc.,Application,,C:\Program Files\BMC Software\Client Management\Client\bin,1.0
7985,BMC Client Management Video Proxy Agent,24.1.01.240624,BMC Software Inc.,Application,,C:\Program Files\BMC Software\Client Management\Client\bin,1.0
7985,Boot File Servicing Utility,10.0,Microsoft Corporation Inc.,Application,,C:\Windows,1.0
7985,BrowserCore,10.0,Microsoft Corporation Inc.,Application,,C:\Windows\BrowserCore,1.0
7985,Calling App to host call progress on shell,10.0,Microsoft Corporation Inc.,Application,,C:\Windows\SystemApps\Microsoft.Windows.CallingShellApp_cw5n1h2txyewy,1.0
7985,CameraBarcodeScannerPreview,10.0,Microsoft Corporation Inc.,Application,,C:\Windows\SystemApps\Windows.CBSPreview_cw5n1h2txyewy,1.0
7985,ChromeEnterpriseCompanion,143.0,Google LLC,Application,,C:\Windows\SystemTemp\scoped_dir7800_1082678216\scoped_dir7800_1199091221,1.0
7985,CL5,9.6,Ivanti,Application,,C:\Program Files\BMC Software\Client Management\Client\data\PatchManagementPremium\workspace,8.0
7985,ClickOnce,4.8,Microsoft Corporation Inc.,Application,,C:\Windows\Microsoft.NET\Framework64\v4.0.30319,3.0
7985,Common User Interface,5.8,Musarubra US LLC.,Application,,C:\Program Files\McAfee\Agent\x86,1.0
7985,Credential Dialog Host,10.0,Microsoft Corporation Inc.,Application,,C:\Windows\SystemApps\microsoft.creddialoghost_cw5n1h2txyewy,1.0
7985,CrowdStrike Device Control,7.29,CrowdStrike Inc.,Add/Remove Programs,"November 14, 2025 12:00:00 AM",,
7985,CrowdStrike Device Control Support Tool,7.29,CrowdStrike Inc.,Application,,C:\Program Files\CrowdStrike,1.0
7985,CrowdStrike Falcon Connector,7.32,CrowdStrike Inc.,Application,,C:\Program Files\CrowdStrike,1.0
7985,CrowdStrike Falcon Sensor,7.32,CrowdStrike Inc.,Application,,C:\Program Files\CrowdStrike,1.0
7985,CrowdStrike Falcon Sensor Controller,7.32,CrowdStrike Inc.,Application,,C:\Program Files\CrowdStrike,1.0
7985,CrowdStrike Falcon Sensor Service,7.32,CrowdStrike Inc.,Application,,C:\Program Files\CrowdStrike,1.0
7985,CrowdStrike Falcon Sensor Servlet Container,7.32,CrowdStrike Inc.,Application,,C:\Program Files\CrowdStrike,1.0
7985,CrowdStrike Falcon Sensor Settings Tool,7.32,CrowdStrike Inc.,Application,,C:\Program Files\CrowdStrike,1.0
7985,CrowdStrike Falcon Sensor System Tray Application,7.32,CrowdStrike Inc.,Application,,C:\Program Files\CrowdStrike,2.0
7985,CrowdStrike Firmware Analysis,7.14,CrowdStrike Inc.,Add/Remove Programs,"April 17, 2025 12:00:00 AM",,
7985,CrowdStrike Firmware Analysis Support Tool,7.14,CrowdStrike Inc.,Application,,C:\Program Files\CrowdStrike,1.0
7985,CrowdStrike Forensic Data Collection Tool,1.0,CrowdStrike Inc.,Application,,C:,2.0
7985,CrowdStrike On-Demand Scan Command-line Tool,7.32,CrowdStrike Inc.,Application,,C:\Program Files\CrowdStrike,1.0
7985,CrowdStrike On-Demand Scan Tool,7.32,CrowdStrike Inc.,Application,,C:\Program Files\CrowdStrike,1.0
7985,CrowdStrike Sensor Platform,7.32,CrowdStrike Inc.,Add/Remove Programs,"January 14, 2026 12:00:00 AM",,
7985,CrowdStrike Windows Sensor,7.32,CrowdStrike Inc.,Add/Remove Programs,"January 14, 2026 12:00:00 AM",,
7985,CrowdStrike Windows Sensor,6.54,CrowdStrike Inc.,Application,,C:\login\crowdstrike,1.0
8143,.NET Runtime Optimization Service,4.8,Microsoft Corporation Inc.,Application,,C:\Windows\Microsoft.NET\Framework64\v4.0.30319,2.0
8143,64Bit MAPI Mail Agent,1.0,Foxit Software Inc.,Application,,C:\Program Files (x86)\FOXIT SOFTWARE\FOXIT PDF READER,1.0
8143,7-Zip 23.01 (x64),23.01,Igor Pavlov,Add/Remove Programs,,C:\Program Files\7-Zip\,
8143,7-Zip Console,23.01,Igor Pavlov,Application,,C:\Program Files\7-Zip,1.0
8143,7-Zip File Manager,23.01,Igor Pavlov,Application,,C:\Program Files\7-Zip,1.0
8143,7-Zip GUI,23.01,Igor Pavlov,Application,,C:\Program Files\7-Zip,1.0
8143,Accounts Control Host,10.0,Microsoft Corporation Inc.,Application,,C:\Windows\SystemApps\Microsoft.AccountsControl_cw5n1h2txyewy,1.0
8143,AddSuggestedFoldersToLibraryDialog,10.0,Microsoft Corporation Inc.,Application,,C:\Windows\SystemApps\Microsoft.Windows.AddSuggestedFoldersToLibraryDialog_cw5n1h2txyewy,1.0
8143,Antimalware Core Service,4.18,Microsoft Corporation Inc.,Application,,C:\Program Files\Windows Defender,1.0
8143,Antimalware Service Executable,4.18,Microsoft Corporation Inc.,Application,,C:\Program Files\Windows Defender,1.0
8143,AppFollower,1.3,Conexant Systems Inc.,Application,,C:\Program Files\CONEXANT\Flow,1.0
8143,AppResolverUX,10.0,Microsoft Corporation Inc.,Application,,C:\Windows\SystemApps\Microsoft.Windows.AppResolverUX_cw5n1h2txyewy,1.0
8143,AsyncTextService,10.0,Microsoft Corporation Inc.,Application,,C:\Windows\SystemApps\Microsoft.AsyncTextService_8wekyb3d8bbwe,1.0
8143,Audio Control,4.0,Conexant Systems LLC.,Application,,C:\Program Files\CONEXANT\Install\Audio\SA3\SA3\Dyson,2.0
8143,Audio Controls Control Panel,4.0,Conexant Systems LLC.,Application,,C:\Program Files\CONEXANT\SA3\HP-NB-AIO,3.0
8143,Bang & Olufsen,4.0,Conexant Systems LLC.,Application,,C:\Program Files\CONEXANT\Install\Audio\SA3\SA3\BandO,2.0
8143,Biometric Enrollment Host,10.0,Microsoft Corporation Inc.,Application,,C:\Windows\SystemApps\Microsoft.BioEnrollment_cw5n1h2txyewy,1.0
8143,BMC Client Management Agent,24.1.01.240624,BMC Software Inc.,Application,,C:\Program Files\BMC Software\Client Management\Client\bin,1.0
8143,BMC Client Management Certificate Generator,24.1.01.240624,BMC Software Inc.,Application,,C:\Program Files\BMC Software\Client Management\Client\bin,1.0
8143,BMC Client Management Chilli Interpreter,24.1.01.240624,BMC Software Inc.,Application,,C:\Program Files\BMC Software\Client Management\Client\bin,1.0
8143,BMC Client Management Direct Access Proxy Agent,24.1.01.240624,BMC Software Inc.,Application,,C:\Program Files\BMC Software\Client Management\Client\bin,1.0
8143,BMC Client Management Opswat Proxy Agent,24.1.01.240624,BMC Software Inc.,Application,,C:\Program Files\BMC Software\Client Management\Client\bin,1.0
8143,BMC Client Management Package Viewer,24.1.01.240624,BMC Software Inc.,Application,,C:\Program Files\BMC Software\Client Management\Client\bin,1.0
8143,BMC Client Management Patch Broker,24.1.01.240624,BMC Software Inc.,Application,,C:\Program Files\BMC Software\Client Management\Client\bin,1.0
8143,BMC Client Management Proxy Agent,24.1.01.240624,BMC Software Inc.,Application,,C:\Program Files\BMC Software\Client Management\Client\bin,1.0
8143,BMC Client Management Remote Control proxy,24.1.01.240624,BMC Software Inc.,Application,,C:\Program Files\BMC Software\Client Management\Client\bin,1.0
8143,BMC Client Management SCAP,24.1.01.240624,BMC Software Inc.,Application,,C:\Program Files\BMC Software\Client Management\Client\bin,1.0
8143,BMC Client Management Video Proxy Agent,24.1.01.240624,BMC Software Inc.,Application,,C:\Program Files\BMC Software\Client Management\Client\bin,1.0
8143,Boot File Servicing Utility,10.0,Microsoft Corporation Inc.,Application,,C:\Windows,1.0
8143,Browser Protection Native Messaging Host,4.18,Microsoft Corporation Inc.,Application,,C:\Program Files\Windows Defender,1.0
8143,BrowserCore,10.0,Microsoft Corporation Inc.,Application,,C:\Windows\BrowserCore,1.0
8143,CameraBarcodeScannerPreview,10.0,Microsoft Corporation Inc.,Application,,C:\Windows\SystemApps\Windows.CBSPreview_cw5n1h2txyewy,1.0
8143,CL5,9.6,Ivanti,Application,,C:\Program Files\BMC Software\Client Management\Client\data\PatchManagementPremium\workspace,3.0
8143,ClickOnce,4.8,Microsoft Corporation Inc.,Application,,C:\Windows\Microsoft.NET\Framework64\v4.0.30319,3.0
8143,CnxtNotify,1.0,Conexant Systems Inc.,Application,,C:\Program Files\CONEXANT\SA3\HP-NB-AIO,1.0
8143,Common User Interface,5.8,Musarubra US LLC.,Application,,C:\Program Files\McAfee\Agent\x86,1.0
8143,Copilot,144.0,Microsoft Corporation Inc.,Application,,C:\Program Files (x86)\Microsoft\EdgeWebView\Application\144.0.3719.115,5.0
8143,Copilot Update,1.3,Microsoft Corporation Inc.,Application,,C:\Program Files (x86)\Microsoft\EdgeUpdate,2.0
8143,Credential Dialog Host,10.0,Microsoft Corporation Inc.,Application,,C:\Windows\SystemApps\microsoft.creddialoghost_cw5n1h2txyewy,1.0
8143,CrowdStrike Device Control,7.29,CrowdStrike Inc.,Add/Remove Programs,"November 14, 2025 12:00:00 AM",,
8143,CrowdStrike Device Control Support Tool,7.29,CrowdStrike Inc.,Application,,C:\Program Files\CrowdStrike,1.0
8143,CrowdStrike Falcon Connector,7.32,CrowdStrike Inc.,Application,,C:\Program Files\CrowdStrike,1.0
8143,CrowdStrike Falcon Sensor,7.32,CrowdStrike Inc.,Application,,C:\Program Files\CrowdStrike,1.0
8143,CrowdStrike Falcon Sensor Controller,7.32,CrowdStrike Inc.,Application,,C:\Program Files\CrowdStrike,1.0
8143,CrowdStrike Falcon Sensor Service,7.32,CrowdStrike Inc.,Application,,C:\Program Files\CrowdStrike,1.0
8143,CrowdStrike Falcon Sensor Servlet Container,7.32,CrowdStrike Inc.,Application,,C:\Program Files\CrowdStrike,1.0
8143,CrowdStrike Falcon Sensor Settings Tool,7.32,CrowdStrike Inc.,Application,,C:\Program Files\CrowdStrike,1.0
8143,CrowdStrike Falcon Sensor System Tray Application,7.32,CrowdStrike Inc.,Application,,C:\Program Files\CrowdStrike,2.0
8143,CrowdStrike Firmware Analysis,7.14,CrowdStrike Inc.,Add/Remove Programs,"July 24, 2025 12:00:00 AM",,
8143,CrowdStrike Firmware Analysis Support Tool,7.14,CrowdStrike Inc.,Application,,C:\Program Files\CrowdStrike,1.0
17533,.NET Runtime Optimization Service,4.8,Microsoft Corporation Inc.,Application,,C:\Windows\Microsoft.NET\Framework64\v4.0.30319,2.0
17533,64Bit MAPI Mail Agent,1.0,Foxit Software Inc.,Application,,C:\Program Files (x86)\Foxit Software\Foxit PDF Reader,1.0
17533,7-Zip 19.00 (x64),19.0,Igor Pavlov,Add/Remove Programs,,C:\Program Files\7-Zip\,
17533,7-Zip Console,19.0,Igor Pavlov,Application,,C:\Program Files\7-Zip,1.0
17533,7-Zip File Manager,19.0,Igor Pavlov,Application,,C:\Program Files\7-Zip,1.0
17533,7-Zip GUI,19.0,Igor Pavlov,Application,,C:\Program Files\7-Zip,1.0
17533,AAD token broker plugin,10.0,Microsoft Corporation Inc.,Application,,C:\Windows\SystemApps\Microsoft.AAD.BrokerPlugin_cw5n1h2txyewy,1.0
17533,Accounts Control Host,10.0,Microsoft Corporation Inc.,Application,,C:\Windows\SystemApps\Microsoft.AccountsControl_cw5n1h2txyewy,1.0
17533,AddSuggestedFoldersToLibraryDialog,10.0,Microsoft Corporation Inc.,Application,,C:\Windows\SystemApps\Microsoft.Windows.AddSuggestedFoldersToLibraryDialog_cw5n1h2txyewy,1.0
17533,Antimalware Service Executable,4.18,Microsoft Corporation Inc.,Application,,C:\Program Files\Windows Defender,1.0
17533,AppResolverUX,10.0,Microsoft Corporation Inc.,Application,,C:\Windows\SystemApps\Microsoft.Windows.AppResolverUX_cw5n1h2txyewy,1.0
17533,AsyncTextService,10.0,Microsoft Corporation Inc.,Application,,C:\Windows\SystemApps\Microsoft.AsyncTextService_8wekyb3d8bbwe,1.0
17533,Biometric Enrollment Host,10.0,Microsoft Corporation Inc.,Application,,C:\Windows\SystemApps\Microsoft.BioEnrollment_cw5n1h2txyewy,1.0
17533,BMC Client Management Agent,24.1.01.240624,BMC Software Inc.,Application,,C:\Program Files\BMC Software\Client Management\Client\bin,1.0
17533,BMC Client Management Certificate Generator,24.1.01.240624,BMC Software Inc.,Application,,C:\Program Files\BMC Software\Client Management\Client\bin,1.0
17533,BMC Client Management Chilli Interpreter,24.1.01.240624,BMC Software Inc.,Application,,C:\Program Files\BMC Software\Client Management\Client\bin,1.0
17533,BMC Client Management Direct Access Proxy Agent,24.1.01.240624,BMC Software Inc.,Application,,C:\Program Files\BMC Software\Client Management\Client\bin,1.0
17533,BMC Client Management Opswat Proxy Agent,24.1.01.240624,BMC Software Inc.,Application,,C:\Program Files\BMC Software\Client Management\Client\bin,1.0
17533,BMC Client Management Package Viewer,24.1.01.240624,BMC Software Inc.,Application,,C:\Program Files\BMC Software\Client Management\Client\bin,1.0
17533,BMC Client Management Patch Broker,24.1.01.240624,BMC Software Inc.,Application,,C:\Program Files\BMC Software\Client Management\Client\bin,1.0
17533,BMC Client Management Proxy Agent,24.1.01.240624,BMC Software Inc.,Application,,C:\Program Files\BMC Software\Client Management\Client\bin,1.0
17533,BMC Client Management Remote Control proxy,24.1.01.240624,BMC Software Inc.,Application,,C:\Program Files\BMC Software\Client Management\Client\bin,1.0
17533,BMC Client Management SCAP,24.1.01.240624,BMC Software Inc.,Application,,C:\Program Files\BMC Software\Client Management\Client\bin,1.0
17533,BMC Client Management Video Proxy Agent,24.1.01.240624,BMC Software Inc.,Application,,C:\Program Files\BMC Software\Client Management\Client\bin,1.0
17533,Boot File Servicing Utility,10.0,Microsoft Corporation Inc.,Application,,C:\Windows,1.0
17533,BrowserCore,10.0,Microsoft Corporation Inc.,Application,,C:\Windows\BrowserCore,1.0
17533,Calling App to host call progress on shell,10.0,Microsoft Corporation Inc.,Application,,C:\Windows\SystemApps\Microsoft.Windows.CallingShellApp_cw5n1h2txyewy,1.0
17533,CameraBarcodeScannerPreview,10.0,Microsoft Corporation Inc.,Application,,C:\Windows\SystemApps\Windows.CBSPreview_cw5n1h2txyewy,1.0
17533,ChromeEnterpriseCompanion,143.0,Google LLC,Application,,C:\Windows\SystemTemp\scoped_dir6188_1781217972\scoped_dir6188_188058625,1.0
17533,CL5,9.6,Ivanti,Application,,C:\Program Files\BMC Software\Client Management\Client\data\PatchManagementPremium\workspace,3.0
17533,ClickOnce,4.8,Microsoft Corporation Inc.,Application,,C:\Windows\Microsoft.NET\Framework64\v4.0.30319,3.0
17533,Common User Interface,5.8,Musarubra US LLC.,Application,,C:\Program Files\McAfee\Agent\x86,1.0
17533,Credential Dialog Host,10.0,Microsoft Corporation Inc.,Application,,C:\Windows\SystemApps\microsoft.creddialoghost_cw5n1h2txyewy,1.0
17533,CrowdStrike Device Control,7.29,CrowdStrike Inc.,Add/Remove Programs,"November 14, 2025 12:00:00 AM",,
17533,CrowdStrike Device Control Support Tool,7.29,CrowdStrike Inc.,Application,,C:\Program Files\CrowdStrike,1.0
17533,CrowdStrike Falcon Connector,7.32,CrowdStrike Inc.,Application,,C:\Program Files\CrowdStrike,1.0
17533,CrowdStrike Falcon Sensor,7.32,CrowdStrike Inc.,Application,,C:\Program Files\CrowdStrike,1.0
17533,CrowdStrike Falcon Sensor Controller,7.32,CrowdStrike Inc.,Application,,C:\Program Files\CrowdStrike,1.0
17533,CrowdStrike Falcon Sensor Service,7.32,CrowdStrike Inc.,Application,,C:\Program Files\CrowdStrike,1.0
17533,CrowdStrike Falcon Sensor Servlet Container,7.32,CrowdStrike Inc.,Application,,C:\Program Files\CrowdStrike,1.0
17533,CrowdStrike Falcon Sensor Settings Tool,7.32,CrowdStrike Inc.,Application,,C:\Program Files\CrowdStrike,1.0
17533,CrowdStrike Falcon Sensor System Tray Application,7.32,CrowdStrike Inc.,Application,,C:\Program Files\CrowdStrike,2.0
17533,CrowdStrike Firmware Analysis,7.14,CrowdStrike Inc.,Add/Remove Programs,"July 24, 2025 12:00:00 AM",,
17533,CrowdStrike Firmware Analysis Support Tool,7.14,CrowdStrike Inc.,Application,,C:\Program Files\CrowdStrike,1.0
17533,CrowdStrike Forensic Data Collection Tool,1.0,CrowdStrike Inc.,Application,,C:,2.0
17533,CrowdStrike On-Demand Scan Command-line Tool,7.32,CrowdStrike Inc.,Application,,C:\Program Files\CrowdStrike,1.0
17533,CrowdStrike On-Demand Scan Tool,7.32,CrowdStrike Inc.,Application,,C:\Program Files\CrowdStrike,1.0
17533,CrowdStrike Sensor Platform,7.32,CrowdStrike Inc.,Add/Remove Programs,"January 14, 2026 12:00:00 AM",,
17533,CrowdStrike Windows Sensor,7.32,CrowdStrike Inc.,Add/Remove Programs,"January 14, 2026 12:00:00 AM",,
17533,CrowdStrike Windows Sensor,6.54,CrowdStrike Inc.,Application,,C:\login\crowdstrike,1.0
7981,.NET Runtime Optimization Service,4.8,Microsoft Corporation Inc.,Application,,C:\Windows\Microsoft.NET\Framework64\v4.0.30319,2.0
7981,64Bit MAPI Mail Agent,1.0,Foxit Software Inc.,Application,,C:\Program Files (x86)\Foxit Software\Foxit PDF Reader,1.0
7981,7-Zip 24.08 (x64),24.08,Igor Pavlov,Add/Remove Programs,,C:\Program Files\7-Zip\,
7981,7-Zip Console,24.08,Igor Pavlov,Application,,C:\Program Files\7-Zip,1.0
7981,7-Zip File Manager,24.08,Igor Pavlov,Application,,C:\Program Files\7-Zip,1.0
7981,7-Zip GUI,24.08,Igor Pavlov,Application,,C:\Program Files\7-Zip,1.0
7981,Accounts Control Host,10.0,Microsoft Corporation Inc.,Application,,C:\Windows\SystemApps\Microsoft.AccountsControl_cw5n1h2txyewy,1.0
7981,ActionFXRuntimeExe,2124.35306,Microsoft Corporation Inc.,Application,,C:\Windows\SystemApps\MicrosoftWindows.Client.CBS_cw5n1h2txyewy,1.0
7981,AddSuggestedFoldersToLibraryDialog,10.0,Microsoft Corporation Inc.,Application,,C:\Windows\SystemApps\Microsoft.Windows.AddSuggestedFoldersToLibraryDialog_cw5n1h2txyewy,1.0
7981,Antimalware Core Service,4.18,Microsoft Corporation Inc.,Application,,C:\Program Files\Windows Defender,1.0
7981,Antimalware Service Executable,4.18,Microsoft Corporation Inc.,Application,,C:\Program Files\Windows Defender,1.0
7981,AppResolverUX,10.0,Microsoft Corporation Inc.,Application,,C:\Windows\SystemApps\Microsoft.Windows.AppResolverUX_cw5n1h2txyewy,1.0
7981,AsyncTextService,10.0,Microsoft Corporation Inc.,Application,,C:\Windows\SystemApps\Microsoft.AsyncTextService_8wekyb3d8bbwe,1.0
7981,Biometric Enrollment Host,10.0,Microsoft Corporation Inc.,Application,,C:\Windows\SystemApps\Microsoft.BioEnrollment_cw5n1h2txyewy,1.0
7981,BMC Client Management Agent,24.1.01.240624,BMC Software Inc.,Application,,C:\Program Files\BMC Software\Client Management\Client\bin,1.0
7981,BMC Client Management Certificate Generator,24.1.01.240624,BMC Software Inc.,Application,,C:\Program Files\BMC Software\Client Management\Client\bin,1.0
7981,BMC Client Management Chilli Interpreter,24.1.01.240624,BMC Software Inc.,Application,,C:\Program Files\BMC Software\Client Management\Client\bin,1.0
7981,BMC Client Management Direct Access Proxy Agent,24.1.01.240624,BMC Software Inc.,Application,,C:\Program Files\BMC Software\Client Management\Client\bin,1.0
7981,BMC Client Management Opswat Proxy Agent,24.1.01.240624,BMC Software Inc.,Application,,C:\Program Files\BMC Software\Client Management\Client\bin,1.0
7981,BMC Client Management Package Viewer,24.1.01.240624,BMC Software Inc.,Application,,C:\Program Files\BMC Software\Client Management\Client\bin,1.0
7981,BMC Client Management Patch Broker,24.1.01.240624,BMC Software Inc.,Application,,C:\Program Files\BMC Software\Client Management\Client\bin,1.0
7981,BMC Client Management Proxy Agent,24.1.01.240624,BMC Software Inc.,Application,,C:\Program Files\BMC Software\Client Management\Client\bin,1.0
7981,BMC Client Management Remote Control proxy,24.1.01.240624,BMC Software Inc.,Application,,C:\Program Files\BMC Software\Client Management\Client\bin,1.0
7981,BMC Client Management SCAP,24.1.01.240624,BMC Software Inc.,Application,,C:\Program Files\BMC Software\Client Management\Client\bin,1.0
7981,BMC Client Management Video Proxy Agent,24.1.01.240624,BMC Software Inc.,Application,,C:\Program Files\BMC Software\Client Management\Client\bin,1.0
7981,Boot File Servicing Utility,10.0,Microsoft Corporation Inc.,Application,,C:\Windows,1.0
7981,Browser Protection Native Messaging Host,4.18,Microsoft Corporation Inc.,Application,,C:\Program Files\Windows Defender,1.0
7981,BrowserCore,10.0,Microsoft Corporation Inc.,Application,,C:\Windows\BrowserCore,1.0
7981,CameraBarcodeScannerPreview,10.0,Microsoft Corporation Inc.,Application,,C:\Windows\SystemApps\Windows.CBSPreview_cw5n1h2txyewy,1.0
7981,CL5,9.6,Ivanti,Application,,C:\Program Files\BMC Software\Client Management\Client\data\PatchManagementPremium\workspace,1.0
7981,ClickOnce,4.8,Microsoft Corporation Inc.,Application,,C:\Windows\Microsoft.NET\Framework64\v4.0.30319,3.0
7981,Common User Interface,5.8,Musarubra US LLC.,Application,,C:\Program Files\McAfee\Agent\x86,1.0
7981,Credential Dialog Host,10.0,Microsoft Corporation Inc.,Application,,C:\Windows\SystemApps\microsoft.creddialoghost_cw5n1h2txyewy,1.0
7981,CrowdStrike Device Control,7.29,CrowdStrike Inc.,Add/Remove Programs,"November 14, 2025 12:00:00 AM",,
7981,CrowdStrike Device Control Support Tool,7.29,CrowdStrike Inc.,Application,,C:\Program Files\CrowdStrike,1.0
7981,CrowdStrike Falcon Connector,7.31,CrowdStrike Inc.,Application,,C:\Program Files\CrowdStrike,1.0
7981,CrowdStrike Falcon Sensor,7.31,CrowdStrike Inc.,Application,,C:\Program Files\CrowdStrike,1.0
7981,CrowdStrike Falcon Sensor Controller,7.31,CrowdStrike Inc.,Application,,C:\Program Files\CrowdStrike,1.0
7981,CrowdStrike Falcon Sensor Service,7.31,CrowdStrike Inc.,Application,,C:\Program Files\CrowdStrike,1.0
7981,CrowdStrike Falcon Sensor Servlet Container,7.31,CrowdStrike Inc.,Application,,C:\Program Files\CrowdStrike,1.0
7981,CrowdStrike Falcon Sensor Settings Tool,7.31,CrowdStrike Inc.,Application,,C:\Program Files\CrowdStrike,1.0
7981,CrowdStrike Falcon Sensor System Tray Application,7.31,CrowdStrike Inc.,Application,,C:\Program Files\CrowdStrike,2.0
7981,CrowdStrike Firmware Analysis,7.14,CrowdStrike Inc.,Add/Remove Programs,"July 24, 2025 12:00:00 AM",,
7981,CrowdStrike Firmware Analysis Support Tool,7.14,CrowdStrike Inc.,Application,,C:\Program Files\CrowdStrike,1.0
7981,CrowdStrike On-Demand Scan Command-line Tool,7.31,CrowdStrike Inc.,Application,,C:\Program Files\CrowdStrike,1.0
7981,CrowdStrike On-Demand Scan Tool,7.31,CrowdStrike Inc.,Application,,C:\Program Files\CrowdStrike,1.0
7981,CrowdStrike Sensor Platform,7.31,CrowdStrike Inc.,Add/Remove Programs,"December 10, 2025 12:00:00 AM",,
7981,CrowdStrike Windows Sensor,7.31,CrowdStrike Inc.,Add/Remove Programs,"December 10, 2025 12:00:00 AM",,
7981,CxAudioSvc,1.0,Conexant Systems LLC.,Application,,C:\Windows\CxSvc,1.0
7981,EC App,10.0,Microsoft Corporation Inc.,Application,,C:\Windows\SystemApps\Microsoft.ECApp_8wekyb3d8bbwe,1.0
15726,.NET Runtime Crash Dump Generator,8.0,Microsoft Corporation Inc.,Application,,C:\Program Files (x86)\Trend Micro\Endpoint Basecamp\modules\vom\modules\UiBridgeModule\VOneAgentConsole,1.0
15726,.NET Runtime Optimization Service,4.8,Microsoft Corporation Inc.,Application,,C:\Windows\Microsoft.NET\Framework64\v4.0.30319,2.0
15726,64Bit MAPI Mail Agent,1.0,Foxit Software Inc.,Application,,C:\Program Files (x86)\Foxit Software\Foxit PDF Reader,1.0
15726,7-Zip 24.08 (x64),24.08,Igor Pavlov,Add/Remove Programs,,C:\Program Files\7-Zip\,
15726,7-Zip Console,25.01,Igor Pavlov,Application,,C:\Program Files (x86)\Trend Micro\Security Agent,4.0
15726,7-Zip Console,24.08,Igor Pavlov,Application,,C:\Program Files\7-Zip,1.0
15726,7-Zip File Manager,24.08,Igor Pavlov,Application,,C:\Program Files\7-Zip,1.0
15726,7-Zip GUI,24.08,Igor Pavlov,Application,,C:\Program Files\7-Zip,1.0
15726,Accounts Control Host,10.0,Microsoft Corporation Inc.,Application,,C:\Windows\SystemApps\Microsoft.AccountsControl_cw5n1h2txyewy,1.0
15726,ActiveUpdate module.,2.88,Trend Micro Inc.,Application,,C:\Program Files (x86)\Trend Micro\Security Agent,2.0
15726,AddSuggestedFoldersToLibraryDialog,10.0,Microsoft Corporation Inc.,Application,,C:\Windows\SystemApps\Microsoft.Windows.AddSuggestedFoldersToLibraryDialog_cw5n1h2txyewy,1.0
15726,Antimalware Core Service,4.18,Microsoft Corporation Inc.,Application,,C:\Program Files\Windows Defender,1.0
15726,Antimalware Service Executable,4.18,Microsoft Corporation Inc.,Application,,C:\Program Files\Windows Defender,1.0
15726,AppResolverUX,10.0,Microsoft Corporation Inc.,Application,,C:\Windows\SystemApps\Microsoft.Windows.AppResolverUX_cw5n1h2txyewy,1.0
15726,AsyncTextService,10.0,Microsoft Corporation Inc.,Application,,C:\Windows\SystemApps\Microsoft.AsyncTextService_8wekyb3d8bbwe,1.0
15726,Biometric Enrollment Host,10.0,Microsoft Corporation Inc.,Application,,C:\Windows\SystemApps\Microsoft.BioEnrollment_cw5n1h2txyewy,1.0
15726,BMC Client Management Agent,24.1.01.240624,BMC Software Inc.,Application,,C:\Program Files\BMC Software\Client Management\Client\bin,1.0
15726,BMC Client Management Certificate Generator,24.1.01.240624,BMC Software Inc.,Application,,C:\Program Files\BMC Software\Client Management\Client\bin,1.0
15726,BMC Client Management Chilli Interpreter,24.1.01.240624,BMC Software Inc.,Application,,C:\Program Files\BMC Software\Client Management\Client\bin,1.0
15726,BMC Client Management Direct Access Proxy Agent,24.1.01.240624,BMC Software Inc.,Application,,C:\Program Files\BMC Software\Client Management\Client\bin,1.0
15726,BMC Client Management Opswat Proxy Agent,24.1.01.240624,BMC Software Inc.,Application,,C:\Program Files\BMC Software\Client Management\Client\bin,1.0
15726,BMC Client Management Package Viewer,24.1.01.240624,BMC Software Inc.,Application,,C:\Program Files\BMC Software\Client Management\Client\bin,1.0
15726,BMC Client Management Patch Broker,24.1.01.240624,BMC Software Inc.,Application,,C:\Program Files\BMC Software\Client Management\Client\bin,1.0
15726,BMC Client Management Proxy Agent,24.1.01.240624,BMC Software Inc.,Application,,C:\Program Files\BMC Software\Client Management\Client\bin,1.0
15726,BMC Client Management Remote Control proxy,24.1.01.240624,BMC Software Inc.,Application,,C:\Program Files\BMC Software\Client Management\Client\bin,1.0
15726,BMC Client Management SCAP,24.1.01.240624,BMC Software Inc.,Application,,C:\Program Files\BMC Software\Client Management\Client\bin,1.0
15726,BMC Client Management Video Proxy Agent,24.1.01.240624,BMC Software Inc.,Application,,C:\Program Files\BMC Software\Client Management\Client\bin,1.0
15726,Boot File Servicing Utility,10.0,Microsoft Corporation Inc.,Application,,C:\Windows,1.0
15726,Browser Protection Native Messaging Host,4.18,Microsoft Corporation Inc.,Application,,C:\Program Files\Windows Defender,1.0
15726,BrowserCore,10.0,Microsoft Corporation Inc.,Application,,C:\Windows\BrowserCore,1.0
15726,CameraBarcodeScannerPreview,10.0,Microsoft Corporation Inc.,Application,,C:\Windows\SystemApps\Windows.CBSPreview_cw5n1h2txyewy,1.0
15726,ChromeEnterpriseCompanion,143.0,Google LLC,Application,,C:\Windows\SystemTemp\scoped_dir17332_1519603800\scoped_dir17332_1341979856,1.0
15726,CL5,9.6,Ivanti,Application,,C:\Program Files\BMC Software\Client Management\Client\data\PatchManagementPremium\workspace,1.0
15726,ClickOnce,4.8,Microsoft Corporation Inc.,Application,,C:\Windows\Microsoft.NET\Framework64\v4.0.30319,3.0
15726,Common User Interface,5.8,Musarubra US LLC.,Application,,C:\Program Files\McAfee\Agent\x86,1.0
15726,Copilot,143.0,Microsoft Corporation Inc.,Application,,C:\Program Files (x86)\Microsoft\EdgeWebView\Application\143.0.3650.96,4.0
15726,Copilot Update,1.3,Microsoft Corporation Inc.,Application,,C:\Program Files (x86)\Microsoft\EdgeUpdate,2.0
15726,Credential Dialog Host,10.0,Microsoft Corporation Inc.,Application,,C:\Windows\SystemApps\microsoft.creddialoghost_cw5n1h2txyewy,1.0
15726,Deep Security Agent Configuration Compiler,12.0,Trend Micro Inc.,Application,,C:\Program Files (x86)\Trend Micro\iService\iVP,1.0
15726,DREBoot,2.0,Trend Micro Inc.,Application,,C:\Program Files (x86)\Trend Micro\Security Agent\CCSF\module\DRE,1.0
15726,dtoop Application,6.2,Trend Micro Inc.,Application,,C:\Program Files (x86)\Trend Micro\Security Agent\dlplite\update\x64\system32\dgagent,3.0
15726,EC App,10.0,Microsoft Corporation Inc.,Application,,C:\Windows\SystemApps\Microsoft.ECApp_8wekyb3d8bbwe,1.0
15726,FE Commander,6.0,Trend Micro Inc.,Application,,C:\Program Files (x86)\Trend Micro\Security Agent\dlplite\update\x64\system32\dgagent,3.0
15726,File Explorer,10.0,Microsoft Corporation Inc.,Application,,C:\Windows\SystemApps\Microsoft.Windows.FileExplorer_cw5n1h2txyewy,1.0
15726,File Picker,10.0,Microsoft Corporation Inc.,Application,,C:\Windows\SystemApps\Microsoft.Windows.FilePicker_cw5n1h2txyewy,1.0
15726,Foxit PDF Preview Handler Host,12.1,Foxit Corporation,Application,,C:\Program Files (x86)\Foxit Software\Foxit PDF Reader\Shell Extensions,1.0
15726,Foxit PDF Reader,2024.4,Foxit Software Inc.,Application,"March 18, 2025 12:00:00 AM",C:\Program Files (x86)\Foxit Software\Foxit PDF Reader,1.0
15726,Foxit PDF Reader Update Service,2.0,Foxit Software Inc.,Application,,C:\Program Files (x86)\Common Files\Foxit PDF Reader,2.0
15726,Foxit Updater,2024.4,Foxit Corporation,Application,,C:\Program Files (x86)\Foxit Software\Foxit PDF Reader,1.0
15726,Google Chrome,146.0,Google LLC,Web Browser,,C:\Program Files\Google\Chrome\Application\PlatformExperienceHelper,1.0
7948,.NET Runtime Optimization Service,4.8,Microsoft Corporation Inc.,Application,,C:\Windows\Microsoft.NET\Framework64\v4.0.30319,2.0
7948,64Bit MAPI Mail Agent,1.0,Foxit Software Inc.,Application,,C:\Program Files (x86)\Foxit Software\Foxit PDF Reader,1.0
7948,7-Zip 24.08 (x64),24.08,Igor Pavlov,Add/Remove Programs,,C:\Program Files\7-Zip\,
7948,7-Zip Console,24.08,Igor Pavlov,Application,,C:\Program Files\7-Zip,1.0
7948,7-Zip File Manager,24.08,Igor Pavlov,Application,,C:\Program Files\7-Zip,1.0
7948,7-Zip GUI,24.08,Igor Pavlov,Application,,C:\Program Files\7-Zip,1.0
7948,Accounts Control Host,10.0,Microsoft Corporation Inc.,Application,,C:\Windows\SystemApps\Microsoft.AccountsControl_cw5n1h2txyewy,1.0
7948,AddSuggestedFoldersToLibraryDialog,10.0,Microsoft Corporation Inc.,Application,,C:\Windows\SystemApps\Microsoft.Windows.AddSuggestedFoldersToLibraryDialog_cw5n1h2txyewy,1.0
7948,Antimalware Core Service,4.18,Microsoft Corporation Inc.,Application,,C:\Program Files\Windows Defender,1.0
7948,AntiMalware Platform Update (amd64fre),4.18,Microsoft Corporation Inc.,Application,,C:\Windows\SystemTemp\39446D63-6F82-4C86-8365-7C82D9E6BB79MpCommU,1.0
7948,Antimalware Service Executable,4.18,Microsoft Corporation Inc.,Application,,C:\Program Files\Windows Defender,1.0
7948,AppResolverUX,10.0,Microsoft Corporation Inc.,Application,,C:\Windows\SystemApps\Microsoft.Windows.AppResolverUX_cw5n1h2txyewy,1.0
7948,AsyncTextService,10.0,Microsoft Corporation Inc.,Application,,C:\Windows\SystemApps\Microsoft.AsyncTextService_8wekyb3d8bbwe,1.0
7948,Biometric Enrollment Host,10.0,Microsoft Corporation Inc.,Application,,C:\Windows\SystemApps\Microsoft.BioEnrollment_cw5n1h2txyewy,1.0
7948,BMC Client Management Agent,24.1.01.240624,BMC Software Inc.,Application,,C:\Program Files\BMC Software\Client Management\Client\bin,1.0
7948,BMC Client Management Certificate Generator,24.1.01.240624,BMC Software Inc.,Application,,C:\Program Files\BMC Software\Client Management\Client\bin,1.0
7948,BMC Client Management Chilli Interpreter,24.1.01.240624,BMC Software Inc.,Application,,C:\Program Files\BMC Software\Client Management\Client\bin,1.0
7948,BMC Client Management Direct Access Proxy Agent,24.1.01.240624,BMC Software Inc.,Application,,C:\Program Files\BMC Software\Client Management\Client\bin,1.0
7948,BMC Client Management Opswat Proxy Agent,24.1.01.240624,BMC Software Inc.,Application,,C:\Program Files\BMC Software\Client Management\Client\bin,1.0
7948,BMC Client Management Package Viewer,24.1.01.240624,BMC Software Inc.,Application,,C:\Program Files\BMC Software\Client Management\Client\bin,1.0
7948,BMC Client Management Patch Broker,24.1.01.240624,BMC Software Inc.,Application,,C:\Program Files\BMC Software\Client Management\Client\bin,1.0
7948,BMC Client Management Proxy Agent,24.1.01.240624,BMC Software Inc.,Application,,C:\Program Files\BMC Software\Client Management\Client\bin,1.0
7948,BMC Client Management Remote Control proxy,24.1.01.240624,BMC Software Inc.,Application,,C:\Program Files\BMC Software\Client Management\Client\bin,1.0
7948,BMC Client Management SCAP,24.1.01.240624,BMC Software Inc.,Application,,C:\Program Files\BMC Software\Client Management\Client\bin,1.0
7948,BMC Client Management Video Proxy Agent,24.1.01.240624,BMC Software Inc.,Application,,C:\Program Files\BMC Software\Client Management\Client\bin,1.0
7948,Boot File Servicing Utility,10.0,Microsoft Corporation Inc.,Application,,C:\Windows,1.0
7948,Browser Protection Native Messaging Host,4.18,Microsoft Corporation Inc.,Application,,C:\Program Files\Windows Defender,1.0
7948,BrowserCore,10.0,Microsoft Corporation Inc.,Application,,C:\Windows\BrowserCore,1.0
7948,CameraBarcodeScannerPreview,10.0,Microsoft Corporation Inc.,Application,,C:\Windows\SystemApps\Windows.CBSPreview_cw5n1h2txyewy,1.0
7948,ChromeEnterpriseCompanion,143.0,Google LLC,Application,,C:\Windows\SystemTemp\scoped_dir7656_489822748\scoped_dir7656_474928972,1.0
7948,CL5,9.6,Ivanti,Application,,C:\Program Files\BMC Software\Client Management\Client\data\PatchManagementPremium\workspace,5.0
7948,ClickOnce,4.8,Microsoft Corporation Inc.,Application,,C:\Windows\Microsoft.NET\Framework64\v4.0.30319,3.0
7948,Common User Interface,5.8,Musarubra US LLC.,Application,,C:\Program Files\McAfee\Agent\x86,1.0
7948,Copilot,144.0,Microsoft Corporation Inc.,Application,,C:\Program Files (x86)\Microsoft\EdgeWebView\Application\144.0.3719.115,5.0
7948,Copilot Update,1.3,Microsoft Corporation Inc.,Application,,C:\Program Files (x86)\Microsoft\EdgeUpdate,2.0
7948,Create a self-signed digital certificate,15.0,Microsoft Corporation Inc.,Application,,C:\Program Files\Microsoft Office\Office15,1.0
7948,Credential Dialog Host,10.0,Microsoft Corporation Inc.,Application,,C:\Windows\SystemApps\microsoft.creddialoghost_cw5n1h2txyewy,1.0
7948,CrowdStrike Device Control,7.29,CrowdStrike Inc.,Add/Remove Programs,"November 15, 2025 12:00:00 AM",,
7948,CrowdStrike Device Control Support Tool,7.29,CrowdStrike Inc.,Application,,C:\Program Files\CrowdStrike,1.0
7948,CrowdStrike Falcon Connector,7.32,CrowdStrike Inc.,Application,,C:\Program Files\CrowdStrike,1.0
7948,CrowdStrike Falcon Sensor,7.32,CrowdStrike Inc.,Application,,C:\Program Files\CrowdStrike,1.0
7948,CrowdStrike Falcon Sensor Controller,7.32,CrowdStrike Inc.,Application,,C:\Program Files\CrowdStrike,1.0
7948,CrowdStrike Falcon Sensor Service,7.32,CrowdStrike Inc.,Application,,C:\Program Files\CrowdStrike,1.0
7948,CrowdStrike Falcon Sensor Servlet Container,7.32,CrowdStrike Inc.,Application,,C:\Program Files\CrowdStrike,1.0
7948,CrowdStrike Falcon Sensor Settings Tool,7.32,CrowdStrike Inc.,Application,,C:\Program Files\CrowdStrike,1.0
7948,CrowdStrike Falcon Sensor System Tray Application,7.32,CrowdStrike Inc.,Application,,C:\Program Files\CrowdStrike,2.0
7948,CrowdStrike Firmware Analysis,7.14,CrowdStrike Inc.,Add/Remove Programs,"July 25, 2025 12:00:00 AM",,
7948,CrowdStrike Firmware Analysis Support Tool,7.14,CrowdStrike Inc.,Application,,C:\Program Files\CrowdStrike,1.0
7948,CrowdStrike On-Demand Scan Command-line Tool,7.32,CrowdStrike Inc.,Application,,C:\Program Files\CrowdStrike,1.0
7948,CrowdStrike On-Demand Scan Tool,7.32,CrowdStrike Inc.,Application,,C:\Program Files\CrowdStrike,1.0
17642,.NET Runtime Optimization Service,4.8,Microsoft Corporation Inc.,Application,,C:\Windows\Microsoft.NET\Framework64\v4.0.30319,2.0
17642,64Bit MAPI Mail Agent,1.0,Foxit Software Inc.,Application,,C:\Program Files (x86)\Foxit Software\Foxit PDF Reader,1.0
17642,7-Zip 19.00 (x64),19.0,Igor Pavlov,Add/Remove Programs,,C:\Program Files\7-Zip\,
17642,7-Zip Console,19.0,Igor Pavlov,Application,,C:\Program Files\7-Zip,1.0
17642,7-Zip File Manager,19.0,Igor Pavlov,Application,,C:\Program Files\7-Zip,1.0
17642,7-Zip GUI,19.0,Igor Pavlov,Application,,C:\Program Files\7-Zip,1.0
17642,AAD token broker plugin,10.0,Microsoft Corporation Inc.,Application,,C:\Windows\SystemApps\Microsoft.AAD.BrokerPlugin_cw5n1h2txyewy,1.0
17642,Accounts Control Host,10.0,Microsoft Corporation Inc.,Application,,C:\Windows\SystemApps\Microsoft.AccountsControl_cw5n1h2txyewy,1.0
17642,AddSuggestedFoldersToLibraryDialog,10.0,Microsoft Corporation Inc.,Application,,C:\Windows\SystemApps\Microsoft.Windows.AddSuggestedFoldersToLibraryDialog_cw5n1h2txyewy,1.0
17642,Antimalware Service Executable,4.18,Microsoft Corporation Inc.,Application,,C:\Program Files\Windows Defender,1.0
17642,AppResolverUX,10.0,Microsoft Corporation Inc.,Application,,C:\Windows\SystemApps\Microsoft.Windows.AppResolverUX_cw5n1h2txyewy,1.0
17642,AsyncTextService,10.0,Microsoft Corporation Inc.,Application,,C:\Windows\SystemApps\Microsoft.AsyncTextService_8wekyb3d8bbwe,1.0
17642,Biometric Enrollment Host,10.0,Microsoft Corporation Inc.,Application,,C:\Windows\SystemApps\Microsoft.BioEnrollment_cw5n1h2txyewy,1.0
17642,BMC Client Management Agent,24.1.01.240624,BMC Software Inc.,Application,,C:\Program Files\BMC Software\Client Management\Client\bin,1.0
17642,BMC Client Management Certificate Generator,24.1.01.240624,BMC Software Inc.,Application,,C:\Program Files\BMC Software\Client Management\Client\bin,1.0
17642,BMC Client Management Chilli Interpreter,24.1.01.240624,BMC Software Inc.,Application,,C:\Program Files\BMC Software\Client Management\Client\bin,1.0
17642,BMC Client Management Direct Access Proxy Agent,24.1.01.240624,BMC Software Inc.,Application,,C:\Program Files\BMC Software\Client Management\Client\bin,1.0
17642,BMC Client Management Opswat Proxy Agent,24.1.01.240624,BMC Software Inc.,Application,,C:\Program Files\BMC Software\Client Management\Client\bin,1.0
17642,BMC Client Management Package Viewer,24.1.01.240624,BMC Software Inc.,Application,,C:\Program Files\BMC Software\Client Management\Client\bin,1.0
17642,BMC Client Management Patch Broker,24.1.01.240624,BMC Software Inc.,Application,,C:\Program Files\BMC Software\Client Management\Client\bin,1.0
17642,BMC Client Management Proxy Agent,24.1.01.240624,BMC Software Inc.,Application,,C:\Program Files\BMC Software\Client Management\Client\bin,1.0
17642,BMC Client Management Remote Control proxy,24.1.01.240624,BMC Software Inc.,Application,,C:\Program Files\BMC Software\Client Management\Client\bin,1.0
17642,BMC Client Management SCAP,24.1.01.240624,BMC Software Inc.,Application,,C:\Program Files\BMC Software\Client Management\Client\bin,1.0
17642,BMC Client Management Video Proxy Agent,24.1.01.240624,BMC Software Inc.,Application,,C:\Program Files\BMC Software\Client Management\Client\bin,1.0
17642,Boot File Servicing Utility,10.0,Microsoft Corporation Inc.,Application,,C:\Windows,1.0
17642,BrowserCore,10.0,Microsoft Corporation Inc.,Application,,C:\Windows\BrowserCore,1.0
17642,Calling App to host call progress on shell,10.0,Microsoft Corporation Inc.,Application,,C:\Windows\SystemApps\Microsoft.Windows.CallingShellApp_cw5n1h2txyewy,1.0
17642,CameraBarcodeScannerPreview,10.0,Microsoft Corporation Inc.,Application,,C:\Windows\SystemApps\Windows.CBSPreview_cw5n1h2txyewy,1.0
17642,ChromeEnterpriseCompanion,143.0,Google LLC,Application,,C:\Windows\SystemTemp\scoped_dir1752_1455081436\scoped_dir1752_1202569055,1.0
17642,CL5,9.6,Ivanti,Application,,C:\Program Files\BMC Software\Client Management\Client\data\PatchManagementPremium\workspace,1.0
17642,ClickOnce,4.8,Microsoft Corporation Inc.,Application,,C:\Windows\Microsoft.NET\Framework64\v4.0.30319,3.0
17642,Common User Interface,5.8,Musarubra US LLC.,Application,,C:\Program Files\McAfee\Agent\x86,1.0
17642,Credential Dialog Host,10.0,Microsoft Corporation Inc.,Application,,C:\Windows\SystemApps\microsoft.creddialoghost_cw5n1h2txyewy,1.0
17642,CrowdStrike Device Control,7.29,CrowdStrike Inc.,Add/Remove Programs,"November 14, 2025 12:00:00 AM",,
17642,CrowdStrike Device Control Support Tool,7.29,CrowdStrike Inc.,Application,,C:\Program Files\CrowdStrike,1.0
17642,CrowdStrike Falcon Connector,7.32,CrowdStrike Inc.,Application,,C:\Program Files\CrowdStrike,1.0
17642,CrowdStrike Falcon Sensor,7.32,CrowdStrike Inc.,Application,,C:\Program Files\CrowdStrike,1.0
17642,CrowdStrike Falcon Sensor Controller,7.32,CrowdStrike Inc.,Application,,C:\Program Files\CrowdStrike,1.0
17642,CrowdStrike Falcon Sensor Service,7.32,CrowdStrike Inc.,Application,,C:\Program Files\CrowdStrike,1.0
17642,CrowdStrike Falcon Sensor Servlet Container,7.32,CrowdStrike Inc.,Application,,C:\Program Files\CrowdStrike,1.0
17642,CrowdStrike Falcon Sensor Settings Tool,7.32,CrowdStrike Inc.,Application,,C:\Program Files\CrowdStrike,1.0
17642,CrowdStrike Falcon Sensor System Tray Application,7.32,CrowdStrike Inc.,Application,,C:\Program Files\CrowdStrike,2.0
17642,CrowdStrike Firmware Analysis,7.14,CrowdStrike Inc.,Add/Remove Programs,"April 29, 2025 12:00:00 AM",,
17642,CrowdStrike Firmware Analysis Support Tool,7.14,CrowdStrike Inc.,Application,,C:\Program Files\CrowdStrike,1.0
17642,CrowdStrike Forensic Data Collection Tool,1.0,CrowdStrike Inc.,Application,,C:,2.0
17642,CrowdStrike On-Demand Scan Command-line Tool,7.32,CrowdStrike Inc.,Application,,C:\Program Files\CrowdStrike,1.0
17642,CrowdStrike On-Demand Scan Tool,7.32,CrowdStrike Inc.,Application,,C:\Program Files\CrowdStrike,1.0
17642,CrowdStrike Sensor Platform,7.32,CrowdStrike Inc.,Add/Remove Programs,"January 14, 2026 12:00:00 AM",,
17642,CrowdStrike Windows Sensor,7.32,CrowdStrike Inc.,Add/Remove Programs,"January 14, 2026 12:00:00 AM",,
17642,CrowdStrike Windows Sensor,6.54,CrowdStrike Inc.,Application,,C:\login\crowdstrike,1.0
16242,.NET Runtime Optimization Service,4.8,Microsoft Corporation Inc.,Application,,C:\Windows\Microsoft.NET\Framework64\v4.0.30319,2.0
16242,64Bit MAPI Mail Agent,1.0,Foxit Software Inc.,Application,,C:\Program Files (x86)\Foxit Software\Foxit PDF Reader,1.0
16242,7-Zip 24.08 (x64),24.08,Igor Pavlov,Add/Remove Programs,,C:\Program Files\7-Zip\,
16242,7-Zip Console,24.08,Igor Pavlov,Application,,C:\Program Files\7-Zip,1.0
16242,7-Zip File Manager,24.08,Igor Pavlov,Application,,C:\Program Files\7-Zip,1.0
16242,7-Zip GUI,24.08,Igor Pavlov,Application,,C:\Program Files\7-Zip,1.0
16242,Accounts Control Host,10.0,Microsoft Corporation Inc.,Application,,C:\Windows\SystemApps\Microsoft.AccountsControl_cw5n1h2txyewy,1.0
16242,AddSuggestedFoldersToLibraryDialog,10.0,Microsoft Corporation Inc.,Application,,C:\Windows\SystemApps\Microsoft.Windows.AddSuggestedFoldersToLibraryDialog_cw5n1h2txyewy,1.0
16242,Antimalware Core Service,4.18,Microsoft Corporation Inc.,Application,,C:\Program Files\Windows Defender,1.0
16242,Antimalware Service Executable,4.18,Microsoft Corporation Inc.,Application,,C:\Program Files\Windows Defender,1.0
16242,AppResolverUX,10.0,Microsoft Corporation Inc.,Application,,C:\Windows\SystemApps\Microsoft.Windows.AppResolverUX_cw5n1h2txyewy,1.0
16242,AsyncTextService,10.0,Microsoft Corporation Inc.,Application,,C:\Windows\SystemApps\Microsoft.AsyncTextService_8wekyb3d8bbwe,1.0
16242,Biometric Enrollment Host,10.0,Microsoft Corporation Inc.,Application,,C:\Windows\SystemApps\Microsoft.BioEnrollment_cw5n1h2txyewy,1.0
16242,BMC Client Management Agent,24.1.01.240624,BMC Software Inc.,Application,,C:\Program Files\BMC Software\Client Management\Client\bin,1.0
16242,BMC Client Management Certificate Generator,24.1.01.240624,BMC Software Inc.,Application,,C:\Program Files\BMC Software\Client Management\Client\bin,1.0
16242,BMC Client Management Chilli Interpreter,24.1.01.240624,BMC Software Inc.,Application,,C:\Program Files\BMC Software\Client Management\Client\bin,1.0
16242,BMC Client Management Direct Access Proxy Agent,24.1.01.240624,BMC Software Inc.,Application,,C:\Program Files\BMC Software\Client Management\Client\bin,1.0
16242,BMC Client Management Opswat Proxy Agent,24.1.01.240624,BMC Software Inc.,Application,,C:\Program Files\BMC Software\Client Management\Client\bin,1.0
16242,BMC Client Management Package Viewer,24.1.01.240624,BMC Software Inc.,Application,,C:\Program Files\BMC Software\Client Management\Client\bin,1.0
16242,BMC Client Management Patch Broker,24.1.01.240624,BMC Software Inc.,Application,,C:\Program Files\BMC Software\Client Management\Client\bin,1.0
16242,BMC Client Management Proxy Agent,24.1.01.240624,BMC Software Inc.,Application,,C:\Program Files\BMC Software\Client Management\Client\bin,1.0
16242,BMC Client Management Remote Control proxy,24.1.01.240624,BMC Software Inc.,Application,,C:\Program Files\BMC Software\Client Management\Client\bin,1.0
16242,BMC Client Management SCAP,24.1.01.240624,BMC Software Inc.,Application,,C:\Program Files\BMC Software\Client Management\Client\bin,1.0
16242,BMC Client Management Video Proxy Agent,24.1.01.240624,BMC Software Inc.,Application,,C:\Program Files\BMC Software\Client Management\Client\bin,1.0
16242,Boot File Servicing Utility,10.0,Microsoft Corporation Inc.,Application,,C:\Windows,1.0
16242,Browser Protection Native Messaging Host,4.18,Microsoft Corporation Inc.,Application,,C:\Program Files\Windows Defender,1.0
16242,BrowserCore,10.0,Microsoft Corporation Inc.,Application,,C:\Windows\BrowserCore,1.0
16242,CameraBarcodeScannerPreview,10.0,Microsoft Corporation Inc.,Application,,C:\Windows\SystemApps\Windows.CBSPreview_cw5n1h2txyewy,1.0
16242,ChromeEnterpriseCompanion,143.0,Google LLC,Application,,C:\Windows\SystemTemp\scoped_dir11044_1540316623\scoped_dir11044_1112198938,1.0
16242,CL5,9.6,Ivanti,Application,,C:\Program Files\BMC Software\Client Management\Client\data\PatchManagementPremium\workspace,1.0
16242,ClickOnce,4.8,Microsoft Corporation Inc.,Application,,C:\Windows\Microsoft.NET\Framework64\v4.0.30319,3.0
16242,Common User Interface,5.8,Musarubra US LLC.,Application,,C:\Program Files\McAfee\Agent\x86,1.0
16242,Credential Dialog Host,10.0,Microsoft Corporation Inc.,Application,,C:\Windows\SystemApps\microsoft.creddialoghost_cw5n1h2txyewy,1.0
16242,CrowdStrike Device Control,7.29,CrowdStrike Inc.,Add/Remove Programs,"November 14, 2025 12:00:00 AM",,
16242,CrowdStrike Device Control Support Tool,7.29,CrowdStrike Inc.,Application,,C:\Program Files\CrowdStrike,1.0
16242,CrowdStrike Falcon Connector,7.32,CrowdStrike Inc.,Application,,C:\Program Files\CrowdStrike,1.0
16242,CrowdStrike Falcon Sensor,7.32,CrowdStrike Inc.,Application,,C:\Program Files\CrowdStrike,1.0
16242,CrowdStrike Falcon Sensor Controller,7.32,CrowdStrike Inc.,Application,,C:\Program Files\CrowdStrike,1.0
16242,CrowdStrike Falcon Sensor Service,7.32,CrowdStrike Inc.,Application,,C:\Program Files\CrowdStrike,1.0
16242,CrowdStrike Falcon Sensor Servlet Container,7.32,CrowdStrike Inc.,Application,,C:\Program Files\CrowdStrike,1.0
16242,CrowdStrike Falcon Sensor Settings Tool,7.32,CrowdStrike Inc.,Application,,C:\Program Files\CrowdStrike,1.0
16242,CrowdStrike Falcon Sensor System Tray Application,7.32,CrowdStrike Inc.,Application,,C:\Program Files\CrowdStrike,2.0
16242,CrowdStrike Firmware Analysis,7.14,CrowdStrike Inc.,Add/Remove Programs,"July 24, 2025 12:00:00 AM",,
16242,CrowdStrike Firmware Analysis Support Tool,7.14,CrowdStrike Inc.,Application,,C:\Program Files\CrowdStrike,1.0
16242,CrowdStrike On-Demand Scan Command-line Tool,7.32,CrowdStrike Inc.,Application,,C:\Program Files\CrowdStrike,1.0
16242,CrowdStrike On-Demand Scan Tool,7.32,CrowdStrike Inc.,Application,,C:\Program Files\CrowdStrike,1.0
16242,CrowdStrike Sensor Platform,7.32,CrowdStrike Inc.,Add/Remove Programs,"January 14, 2026 12:00:00 AM",,
16242,CrowdStrike Windows Sensor,7.32,CrowdStrike Inc.,Add/Remove Programs,"January 14, 2026 12:00:00 AM",,
16242,CxAudioSvc,1.0,Conexant Systems LLC.,Application,,C:\Windows\CxSvc,1.0
16242,EC App,10.0,Microsoft Corporation Inc.,Application,,C:\Windows\SystemApps\Microsoft.ECApp_8wekyb3d8bbwe,1.0
8077,.NET Framework,3.0,Microsoft Corporation Inc.,Application,,C:\Windows\Microsoft.NET\Framework64\v3.0\Windows Communication Foundation,2.0
8077,.NET Runtime Crash Dump Generator,8.0,Microsoft Corporation Inc.,Application,,C:\Program Files (x86)\Trend Micro\Endpoint Basecamp\modules\vom\modules\UiBridgeModule\VOneAgentConsole,1.0
8077,.NET Runtime Optimization Service,2.0,Microsoft Corporation Inc.,Application,,C:\Windows\Microsoft.NET\Framework64\v2.0.50727,2.0
8077,.NET Runtime Optimization Service,4.8,Microsoft Corporation Inc.,Application,,C:\Windows\Microsoft.NET\Framework64\v4.0.30319,2.0
8077,64Bit MAPI Mail Agent,1.0,Foxit Software Inc.,Application,,C:\Program Files (x86)\Foxit Software\Foxit Reader,1.0
8077,7-Zip 24.08 (x64 edition),24.08,Igor Pavlov,Add/Remove Programs,"November 26, 2024 12:00:00 AM",,
8077,7-Zip Console,24.08,Igor Pavlov,Application,,C:\Program Files\7-Zip,1.0
8077,7-Zip Console,25.01,Igor Pavlov,Application,,C:\Program Files (x86)\Trend Micro\Security Agent,4.0
8077,7-Zip File Manager,24.08,Igor Pavlov,Application,,C:\Program Files\7-Zip,1.0
8077,7-Zip GUI,24.08,Igor Pavlov,Application,,C:\Program Files\7-Zip,1.0
8077,Accounts Control Host,10.0,Microsoft Corporation Inc.,Application,,C:\Windows\SystemApps\Microsoft.AccountsControl_cw5n1h2txyewy,1.0
8077,ActiveUpdate module.,2.88,Trend Micro Inc.,Application,,C:\Program Files (x86)\Trend Micro\Security Agent,2.0
8077,AddSuggestedFoldersToLibraryDialog,10.0,Microsoft Corporation Inc.,Application,,C:\Windows\SystemApps\Microsoft.Windows.AddSuggestedFoldersToLibraryDialog_cw5n1h2txyewy,1.0
8077,Antimalware Core Service,4.18,Microsoft Corporation Inc.,Application,,C:\Windows\SystemTemp\CF0C7E68-C60A-4472-B712-B7EFEA554F60,2.0
8077,AntiMalware Platform Update (amd64fre),4.18,Microsoft Corporation Inc.,Application,,C:\Windows\SystemTemp\DD44CA10-E6DA-4ED1-B975-FBDFF06C802BMpCommU,2.0
8077,Antimalware Service Executable,4.18,Microsoft Corporation Inc.,Application,,C:\Windows\SystemTemp\CF0C7E68-C60A-4472-B712-B7EFEA554F60,2.0
8077,AppActions,10.0,Microsoft Corporation Inc.,Application,,C:\Windows\SystemApps\Shared\AOT,2.0
8077,AppResolverUX,10.0,Microsoft Corporation Inc.,Application,,C:\Windows\SystemApps\Microsoft.Windows.AppResolverUX_cw5n1h2txyewy,1.0
8077,AsyncTextService,10.0,Microsoft Corporation Inc.,Application,,C:\Windows\SystemApps\Microsoft.AsyncTextService_8wekyb3d8bbwe,1.0
8077,Biometric Enrollment Host,10.0,Microsoft Corporation Inc.,Application,,C:\Windows\SystemApps\Microsoft.BioEnrollment_cw5n1h2txyewy,1.0
8077,BMC Client Management Agent,24.1.01.240624,BMC Software Inc.,Application,,C:\Program Files\BMC Software\Client Management\Client\bin,1.0
8077,BMC Client Management Certificate Generator,24.1.01.240624,BMC Software Inc.,Application,,C:\Program Files\BMC Software\Client Management\Client\bin,1.0
8077,BMC Client Management Chilli Interpreter,24.1.01.240624,BMC Software Inc.,Application,,C:\Program Files\BMC Software\Client Management\Client\bin,1.0
8077,BMC Client Management Direct Access Proxy Agent,24.1.01.240624,BMC Software Inc.,Application,,C:\Program Files\BMC Software\Client Management\Client\bin,1.0
8077,BMC Client Management Opswat Proxy Agent,24.1.01.240624,BMC Software Inc.,Application,,C:\Program Files\BMC Software\Client Management\Client\bin,1.0
8077,BMC Client Management Package Viewer,24.1.01.240624,BMC Software Inc.,Application,,C:\Program Files\BMC Software\Client Management\Client\bin,1.0
8077,BMC Client Management Patch Broker,24.1.01.240624,BMC Software Inc.,Application,,C:\Program Files\BMC Software\Client Management\Client\bin,1.0
8077,BMC Client Management Proxy Agent,24.1.01.240624,BMC Software Inc.,Application,,C:\Program Files\BMC Software\Client Management\Client\bin,1.0
8077,BMC Client Management Remote Control proxy,24.1.01.240624,BMC Software Inc.,Application,,C:\Program Files\BMC Software\Client Management\Client\bin,1.0
8077,BMC Client Management SCAP,24.1.01.240624,BMC Software Inc.,Application,,C:\Program Files\BMC Software\Client Management\Client\bin,1.0
8077,BMC Client Management Video Proxy Agent,24.1.01.240624,BMC Software Inc.,Application,,C:\Program Files\BMC Software\Client Management\Client\bin,1.0
8077,Boot File Servicing Utility,10.0,Microsoft Corporation Inc.,Application,,C:\Windows,1.0
8077,Browser Protection Native Messaging Host,4.18,Microsoft Corporation Inc.,Application,,C:\Windows\SystemTemp\CF0C7E68-C60A-4472-B712-B7EFEA554F60,2.0
8077,BrowserCore,10.0,Microsoft Corporation Inc.,Application,,C:\Windows\BrowserCore,1.0
8077,build 20171008,1.0,,Application,,C:\Program Files (x86)\iVMS-4200 Site\Drivers,1.0
8077,Build20200511,2.0,Hikvision,Application,,C:\Program Files (x86)\iVMS-4200 Site\iVMS-4200 Client\Client,1.0
8077,CameraBarcodeScannerPreview,10.0,Microsoft Corporation Inc.,Application,,C:\Windows\SystemApps\Windows.CBSPreview_cw5n1h2txyewy,1.0
8077,ChromeEnterpriseCompanion,143.0,Google LLC,Application,,C:\Windows\SystemTemp\scoped_dir20780_1681478959\scoped_dir20780_1007257822,1.0
8077,CL5,9.6,Ivanti,Application,,C:\Program Files\BMC Software\Client Management\Client\data\PatchManagementPremium\workspace,9.0
8077,ClickOnce,4.8,Microsoft Corporation Inc.,Application,,C:\Windows\Microsoft.NET\Framework64\v4.0.30319,3.0
8077,Common User Interface,5.8,Musarubra US LLC.,Application,,C:\Program Files\McAfee\Agent\x86,1.0
8077,ConfigUpdater,1.0,KYOCERA Document Solutions Inc.,Application,,D:\KXv4Driver\en\Utility\PrinterExtension,1.0
8077,Copilot,144.0,Microsoft Corporation Inc.,Application,,C:\Program Files (x86)\Microsoft\EdgeWebView\Application\144.0.3719.115,5.0
8077,Copilot Update,1.3,Microsoft Corporation Inc.,Application,,C:\Program Files (x86)\Microsoft\EdgeUpdate,2.0
8077,Create a self-signed digital certificate,15.0,Microsoft Corporation Inc.,Application,,C:\Program Files\Microsoft Office\Office15,1.0
8077,Credential Dialog Host,10.0,Microsoft Corporation Inc.,Application,,C:\Windows\SystemApps\microsoft.creddialoghost_cw5n1h2txyewy,1.0
8077,CrowdStrike Windows Sensor,7.04,CrowdStrike Inc.,Application,,D:\CROWDSTRIKE 7.04.17605,1.0
8077,DAX API,3.30507,Dolby Laboratories,Application,,C:\Drivers\Audio\Source\Thirdparty\D0427\swc_factory\swc_aposvc_20h1_21h2_22h2_b22564_v3.30507.572.0,1.0
8077,Deep Security Agent Configuration Compiler,12.0,Trend Micro Inc.,Application,,C:\Program Files (x86)\Trend Micro\iService\iVP,1.0
8077,Definition Update for Microsoft Office 2013 (KB3115404) 64-Bit Edition,,Microsoft Corporation Inc.,Add/Remove Programs,,,
8064,.NET Runtime Optimization Service,4.8,Microsoft Corporation Inc.,Application,,C:\Windows\Microsoft.NET\Framework64\v4.0.30319,2.0
8064,64Bit MAPI Mail Agent,1.0,Foxit Software Inc.,Application,,C:\Program Files (x86)\Foxit Software\Foxit PDF Reader,1.0
8064,7-Zip 24.08 (x64),24.08,Igor Pavlov,Add/Remove Programs,,C:\Program Files\7-Zip\,
8064,7-Zip Console,24.08,Igor Pavlov,Application,,C:\Program Files\7-Zip,1.0
8064,7-Zip File Manager,24.08,Igor Pavlov,Application,,C:\Program Files\7-Zip,1.0
8064,7-Zip GUI,24.08,Igor Pavlov,Application,,C:\Program Files\7-Zip,1.0
8064,Accounts Control Host,10.0,Microsoft Corporation Inc.,Application,,C:\Windows\SystemApps\Microsoft.AccountsControl_cw5n1h2txyewy,1.0
8064,AddSuggestedFoldersToLibraryDialog,10.0,Microsoft Corporation Inc.,Application,,C:\Windows\SystemApps\Microsoft.Windows.AddSuggestedFoldersToLibraryDialog_cw5n1h2txyewy,1.0
8064,Antimalware Core Service,4.18,Microsoft Corporation Inc.,Application,,C:\Program Files\Windows Defender,1.0
8064,Antimalware Service Executable,4.18,Microsoft Corporation Inc.,Application,,C:\Program Files\Windows Defender,1.0
8064,AppResolverUX,10.0,Microsoft Corporation Inc.,Application,,C:\Windows\SystemApps\Microsoft.Windows.AppResolverUX_cw5n1h2txyewy,1.0
8064,AsyncTextService,10.0,Microsoft Corporation Inc.,Application,,C:\Windows\SystemApps\Microsoft.AsyncTextService_8wekyb3d8bbwe,1.0
8064,Biometric Enrollment Host,10.0,Microsoft Corporation Inc.,Application,,C:\Windows\SystemApps\Microsoft.BioEnrollment_cw5n1h2txyewy,1.0
8064,BMC Client Management Agent,24.1.01.240624,BMC Software Inc.,Application,,C:\Program Files\BMC Software\Client Management\Client\bin,1.0
8064,BMC Client Management Certificate Generator,24.1.01.240624,BMC Software Inc.,Application,,C:\Program Files\BMC Software\Client Management\Client\bin,1.0
8064,BMC Client Management Chilli Interpreter,24.1.01.240624,BMC Software Inc.,Application,,C:\Program Files\BMC Software\Client Management\Client\bin,1.0
8064,BMC Client Management Direct Access Proxy Agent,24.1.01.240624,BMC Software Inc.,Application,,C:\Program Files\BMC Software\Client Management\Client\bin,1.0
8064,BMC Client Management Opswat Proxy Agent,24.1.01.240624,BMC Software Inc.,Application,,C:\Program Files\BMC Software\Client Management\Client\bin,1.0
8064,BMC Client Management Package Viewer,24.1.01.240624,BMC Software Inc.,Application,,C:\Program Files\BMC Software\Client Management\Client\bin,1.0
8064,BMC Client Management Patch Broker,24.1.01.240624,BMC Software Inc.,Application,,C:\Program Files\BMC Software\Client Management\Client\bin,1.0
8064,BMC Client Management Proxy Agent,24.1.01.240624,BMC Software Inc.,Application,,C:\Program Files\BMC Software\Client Management\Client\bin,1.0
8064,BMC Client Management Remote Control proxy,24.1.01.240624,BMC Software Inc.,Application,,C:\Program Files\BMC Software\Client Management\Client\bin,1.0
8064,BMC Client Management SCAP,24.1.01.240624,BMC Software Inc.,Application,,C:\Program Files\BMC Software\Client Management\Client\bin,1.0
8064,BMC Client Management Video Proxy Agent,24.1.01.240624,BMC Software Inc.,Application,,C:\Program Files\BMC Software\Client Management\Client\bin,1.0
8064,Boot File Servicing Utility,10.0,Microsoft Corporation Inc.,Application,,C:\Windows,1.0
8064,Browser Protection Native Messaging Host,4.18,Microsoft Corporation Inc.,Application,,C:\Program Files\Windows Defender,1.0
8064,BrowserCore,10.0,Microsoft Corporation Inc.,Application,,C:\Windows\BrowserCore,1.0
8064,CameraBarcodeScannerPreview,10.0,Microsoft Corporation Inc.,Application,,C:\Windows\SystemApps\Windows.CBSPreview_cw5n1h2txyewy,1.0
8064,CL5,9.6,Ivanti,Application,,C:\Program Files\BMC Software\Client Management\Client\data\PatchManagementPremium\workspace,5.0
8064,ClickOnce,4.8,Microsoft Corporation Inc.,Application,,C:\Windows\Microsoft.NET\Framework64\v4.0.30319,3.0
8064,Common User Interface,5.8,Musarubra US LLC.,Application,,C:\Program Files\McAfee\Agent\x86,1.0
8064,Copilot,144.0,Microsoft Corporation Inc.,Application,,C:\Program Files (x86)\Microsoft\EdgeWebView\Application\144.0.3719.115,3.0
8064,Copilot Update,1.3,Microsoft Corporation Inc.,Application,,C:\Program Files (x86)\Microsoft\EdgeUpdate,2.0
8064,Create a self-signed digital certificate,15.0,Microsoft Corporation Inc.,Application,,C:\Program Files\Microsoft Office\Office15,1.0
8064,Credential Dialog Host,10.0,Microsoft Corporation Inc.,Application,,C:\Windows\SystemApps\microsoft.creddialoghost_cw5n1h2txyewy,1.0
8064,CrowdStrike Device Control,7.29,CrowdStrike Inc.,Add/Remove Programs,"November 14, 2025 12:00:00 AM",,
8064,CrowdStrike Device Control Support Tool,7.29,CrowdStrike Inc.,Application,,C:\Program Files\CrowdStrike,1.0
8064,CrowdStrike Falcon Connector,7.32,CrowdStrike Inc.,Application,,C:\Program Files\CrowdStrike,1.0
8064,CrowdStrike Falcon Sensor,7.32,CrowdStrike Inc.,Application,,C:\Program Files\CrowdStrike,1.0
8064,CrowdStrike Falcon Sensor Controller,7.32,CrowdStrike Inc.,Application,,C:\Program Files\CrowdStrike,1.0
8064,CrowdStrike Falcon Sensor Service,7.32,CrowdStrike Inc.,Application,,C:\Program Files\CrowdStrike,1.0
8064,CrowdStrike Falcon Sensor Servlet Container,7.32,CrowdStrike Inc.,Application,,C:\Program Files\CrowdStrike,1.0
8064,CrowdStrike Falcon Sensor Settings Tool,7.32,CrowdStrike Inc.,Application,,C:\Program Files\CrowdStrike,1.0
8064,CrowdStrike Falcon Sensor System Tray Application,7.32,CrowdStrike Inc.,Application,,C:\Program Files\CrowdStrike,2.0
8064,CrowdStrike Firmware Analysis,7.14,CrowdStrike Inc.,Add/Remove Programs,"July 25, 2025 12:00:00 AM",,
8064,CrowdStrike Firmware Analysis Support Tool,7.14,CrowdStrike Inc.,Application,,C:\Program Files\CrowdStrike,1.0
8064,CrowdStrike On-Demand Scan Command-line Tool,7.32,CrowdStrike Inc.,Application,,C:\Program Files\CrowdStrike,1.0
8064,CrowdStrike On-Demand Scan Tool,7.32,CrowdStrike Inc.,Application,,C:\Program Files\CrowdStrike,1.0
8064,CrowdStrike Sensor Platform,7.32,CrowdStrike Inc.,Add/Remove Programs,"January 14, 2026 12:00:00 AM",,
8064,CrowdStrike Windows Sensor,7.32,CrowdStrike Inc.,Add/Remove Programs,"January 14, 2026 12:00:00 AM",,
16121,.NET Runtime Optimization Service,4.8,Microsoft Corporation Inc.,Application,,C:\Windows\Microsoft.NET\Framework64\v4.0.30319,2.0
16121,64Bit MAPI Mail Agent,1.0,Foxit Software Inc.,Application,,C:\Program Files (x86)\Foxit Software\Foxit PDF Reader,1.0
16121,7-Zip 19.00 (x64),19.0,Igor Pavlov,Add/Remove Programs,,C:\Program Files\7-Zip\,
16121,7-Zip Console,19.0,Igor Pavlov,Application,,C:\Program Files\7-Zip,1.0
16121,7-Zip File Manager,19.0,Igor Pavlov,Application,,C:\Program Files\7-Zip,1.0
16121,7-Zip GUI,19.0,Igor Pavlov,Application,,C:\Program Files\7-Zip,1.0
16121,Accounts Control Host,10.0,Microsoft Corporation Inc.,Application,,C:\Windows\SystemApps\Microsoft.AccountsControl_cw5n1h2txyewy,1.0
16121,AddSuggestedFoldersToLibraryDialog,10.0,Microsoft Corporation Inc.,Application,,C:\Windows\SystemApps\Microsoft.Windows.AddSuggestedFoldersToLibraryDialog_cw5n1h2txyewy,1.0
16121,Antimalware Core Service,4.18,Microsoft Corporation Inc.,Application,,C:\Program Files\Windows Defender,1.0
16121,AntiMalware Definition Update,1.443,Microsoft Corporation Inc.,Application,,C:\Windows\SystemTemp\A6B3549A-AAD6-457D-B071-5A28CD35E4D4MpCommU,2.0
16121,AntiMalware Platform Update (amd64fre),4.18,Microsoft Corporation Inc.,Application,,C:\Windows\SystemTemp\23AFF8DC-73D9-4237-A618-9BB8143FD9F8MpCommU,1.0
16121,Antimalware Service Executable,4.18,Microsoft Corporation Inc.,Application,,C:\Program Files\Windows Defender,1.0
16121,AppFollower,1.3,Conexant Systems Inc.,Application,,C:\Program Files\CONEXANT\Flow,1.0
16121,AppResolverUX,10.0,Microsoft Corporation Inc.,Application,,C:\Windows\SystemApps\Microsoft.Windows.AppResolverUX_cw5n1h2txyewy,1.0
16121,AsyncTextService,10.0,Microsoft Corporation Inc.,Application,,C:\Windows\SystemApps\Microsoft.AsyncTextService_8wekyb3d8bbwe,1.0
16121,Audio Control,4.0,Conexant Systems LLC.,Application,,C:\Program Files\CONEXANT\Install\Audio\SA3\SA3\Dyson,2.0
16121,Audio Controls Control Panel,4.0,Conexant Systems LLC.,Application,,C:\Program Files\CONEXANT\SA3\HP-NB-AIO,3.0
16121,Bang & Olufsen,4.0,Conexant Systems LLC.,Application,,C:\Program Files\CONEXANT\Install\Audio\SA3\SA3\BandO,2.0
16121,Biometric Enrollment Host,10.0,Microsoft Corporation Inc.,Application,,C:\Windows\SystemApps\Microsoft.BioEnrollment_cw5n1h2txyewy,1.0
16121,BMC Client Management Agent,24.1.01.240624,BMC Software Inc.,Application,,C:\Program Files\BMC Software\Client Management\Client\bin,1.0
16121,BMC Client Management Certificate Generator,24.1.01.240624,BMC Software Inc.,Application,,C:\Program Files\BMC Software\Client Management\Client\bin,1.0
16121,BMC Client Management Chilli Interpreter,24.1.01.240624,BMC Software Inc.,Application,,C:\Program Files\BMC Software\Client Management\Client\bin,1.0
16121,BMC Client Management Direct Access Proxy Agent,24.1.01.240624,BMC Software Inc.,Application,,C:\Program Files\BMC Software\Client Management\Client\bin,1.0
16121,BMC Client Management Opswat Proxy Agent,24.1.01.240624,BMC Software Inc.,Application,,C:\Program Files\BMC Software\Client Management\Client\bin,1.0
16121,BMC Client Management Package Viewer,24.1.01.240624,BMC Software Inc.,Application,,C:\Program Files\BMC Software\Client Management\Client\bin,1.0
16121,BMC Client Management Patch Broker,24.1.01.240624,BMC Software Inc.,Application,,C:\Program Files\BMC Software\Client Management\Client\bin,1.0
16121,BMC Client Management Proxy Agent,24.1.01.240624,BMC Software Inc.,Application,,C:\Program Files\BMC Software\Client Management\Client\bin,1.0
16121,BMC Client Management Remote Control proxy,24.1.01.240624,BMC Software Inc.,Application,,C:\Program Files\BMC Software\Client Management\Client\bin,1.0
16121,BMC Client Management SCAP,24.1.01.240624,BMC Software Inc.,Application,,C:\Program Files\BMC Software\Client Management\Client\bin,1.0
16121,BMC Client Management SFX,24.1.01.240624,BMC Software Inc.,Application,,D:,1.0
16121,BMC Client Management Video Proxy Agent,24.1.01.240624,BMC Software Inc.,Application,,C:\Program Files\BMC Software\Client Management\Client\bin,1.0
16121,Boot File Servicing Utility,10.0,Microsoft Corporation Inc.,Application,,C:\Windows,1.0
16121,Browser Protection Native Messaging Host,4.18,Microsoft Corporation Inc.,Application,,C:\Program Files\Windows Defender,1.0
16121,BrowserCore,10.0,Microsoft Corporation Inc.,Application,,C:\Windows\BrowserCore,1.0
16121,CameraBarcodeScannerPreview,10.0,Microsoft Corporation Inc.,Application,,C:\Windows\SystemApps\Windows.CBSPreview_cw5n1h2txyewy,1.0
16121,ClickOnce,4.8,Microsoft Corporation Inc.,Application,,C:\Windows\Microsoft.NET\Framework64\v4.0.30319,3.0
16121,CnxtNotify,1.0,Conexant Systems Inc.,Application,,C:\Program Files\CONEXANT\SA3\HP-NB-AIO,1.0
16121,Copilot,144.0,Microsoft Corporation Inc.,Application,,C:\Program Files (x86)\Microsoft\EdgeWebView\Application\144.0.3719.93,5.0
16121,Copilot Update,1.3,Microsoft Corporation Inc.,Application,,C:\Program Files (x86)\Microsoft\EdgeUpdate,2.0
16121,Credential Dialog Host,10.0,Microsoft Corporation Inc.,Application,,C:\Windows\SystemApps\microsoft.creddialoghost_cw5n1h2txyewy,1.0
16121,CrowdStrike Device Control,7.29,CrowdStrike Inc.,Add/Remove Programs,"January 20, 2026 12:00:00 AM",,
16121,CrowdStrike Device Control Support Tool,7.29,CrowdStrike Inc.,Application,,C:\Program Files\CrowdStrike,1.0
16121,CrowdStrike Falcon Connector,7.32,CrowdStrike Inc.,Application,,C:\Program Files\CrowdStrike,1.0
16121,CrowdStrike Falcon Sensor,7.32,CrowdStrike Inc.,Application,,C:\Program Files\CrowdStrike,1.0
16121,CrowdStrike Falcon Sensor Controller,7.32,CrowdStrike Inc.,Application,,C:\Program Files\CrowdStrike,1.0
16121,CrowdStrike Falcon Sensor Service,7.32,CrowdStrike Inc.,Application,,C:\Program Files\CrowdStrike,1.0
16121,CrowdStrike Falcon Sensor Servlet Container,7.32,CrowdStrike Inc.,Application,,C:\Program Files\CrowdStrike,1.0
16121,CrowdStrike Falcon Sensor Settings Tool,7.32,CrowdStrike Inc.,Application,,C:\Program Files\CrowdStrike,1.0
16121,CrowdStrike Falcon Sensor System Tray Application,7.32,CrowdStrike Inc.,Application,,C:\Program Files\CrowdStrike,2.0
16121,CrowdStrike Firmware Analysis,7.14,CrowdStrike Inc.,Add/Remove Programs,"January 20, 2026 12:00:00 AM",,
17805,.NET Framework,3.0,Microsoft Corporation Inc.,Application,,C:\Windows\Microsoft.NET\Framework64\v3.0\Windows Communication Foundation,2.0
17805,.NET Runtime Optimization Service,4.8,Microsoft Corporation Inc.,Application,,C:\Windows\Microsoft.NET\Framework64\v4.0.30319,2.0
17805,.NET Runtime Optimization Service,2.0,Microsoft Corporation Inc.,Application,,C:\Windows\Microsoft.NET\Framework64\v2.0.50727,2.0
17805,64Bit MAPI Mail Agent,1.0,Foxit Software Inc.,Application,,C:\Program Files (x86)\Foxit Software\Foxit Reader,1.0
17805,7-Zip 24.08 (x64 edition),24.08,Igor Pavlov,Add/Remove Programs,"November 30, 2024 12:00:00 AM",,
17805,7-Zip Console,24.08,Igor Pavlov,Application,,C:\Program Files\7-Zip,1.0
17805,7-Zip File Manager,24.08,Igor Pavlov,Application,,C:\Program Files\7-Zip,1.0
17805,7-Zip GUI,24.08,Igor Pavlov,Application,,C:\Program Files\7-Zip,1.0
17805,AAD token broker plugin,10.0,Microsoft Corporation Inc.,Application,,C:\Windows\SystemApps\Microsoft.AAD.BrokerPlugin_cw5n1h2txyewy,1.0
17805,Accounts Control Host,10.0,Microsoft Corporation Inc.,Application,,C:\Windows\SystemApps\Microsoft.AccountsControl_cw5n1h2txyewy,1.0
17805,AddSuggestedFoldersToLibraryDialog,10.0,Microsoft Corporation Inc.,Application,,C:\Windows\SystemApps\Microsoft.Windows.AddSuggestedFoldersToLibraryDialog_cw5n1h2txyewy,1.0
17805,Antimalware Service Executable,4.18,Microsoft Corporation Inc.,Application,,C:\Program Files\Windows Defender,1.0
17805,AppResolverUX,10.0,Microsoft Corporation Inc.,Application,,C:\Windows\SystemApps\Microsoft.Windows.AppResolverUX_cw5n1h2txyewy,1.0
17805,AsyncTextService,10.0,Microsoft Corporation Inc.,Application,,C:\Windows\SystemApps\Microsoft.AsyncTextService_8wekyb3d8bbwe,1.0
17805,Biometric Enrollment Host,10.0,Microsoft Corporation Inc.,Application,,C:\Windows\SystemApps\Microsoft.BioEnrollment_cw5n1h2txyewy,1.0
17805,BMC Client Management Agent,24.1.01.240624,BMC Software Inc.,Application,,C:\Program Files\BMC Software\Client Management\Client\bin,1.0
17805,BMC Client Management Certificate Generator,24.1.01.240624,BMC Software Inc.,Application,,C:\Program Files\BMC Software\Client Management\Client\bin,1.0
17805,BMC Client Management Chilli Interpreter,24.1.01.240624,BMC Software Inc.,Application,,C:\Program Files\BMC Software\Client Management\Client\bin,1.0
17805,BMC Client Management Direct Access Proxy Agent,24.1.01.240624,BMC Software Inc.,Application,,C:\Program Files\BMC Software\Client Management\Client\bin,1.0
17805,BMC Client Management Opswat Proxy Agent,24.1.01.240624,BMC Software Inc.,Application,,C:\Program Files\BMC Software\Client Management\Client\bin,1.0
17805,BMC Client Management Package Viewer,24.1.01.240624,BMC Software Inc.,Application,,C:\Program Files\BMC Software\Client Management\Client\bin,1.0
17805,BMC Client Management Patch Broker,24.1.01.240624,BMC Software Inc.,Application,,C:\Program Files\BMC Software\Client Management\Client\bin,1.0
17805,BMC Client Management Proxy Agent,24.1.01.240624,BMC Software Inc.,Application,,C:\Program Files\BMC Software\Client Management\Client\bin,1.0
17805,BMC Client Management Remote Control proxy,24.1.01.240624,BMC Software Inc.,Application,,C:\Program Files\BMC Software\Client Management\Client\bin,1.0
17805,BMC Client Management SCAP,24.1.01.240624,BMC Software Inc.,Application,,C:\Program Files\BMC Software\Client Management\Client\bin,1.0
17805,BMC Client Management Video Proxy Agent,24.1.01.240624,BMC Software Inc.,Application,,C:\Program Files\BMC Software\Client Management\Client\bin,1.0
17805,Boot File Servicing Utility,10.0,Microsoft Corporation Inc.,Application,,C:\Windows,1.0
17805,BrowserCore,10.0,Microsoft Corporation Inc.,Application,,C:\Windows\BrowserCore,1.0
17805,Calling App to host call progress on shell,10.0,Microsoft Corporation Inc.,Application,,C:\Windows\SystemApps\Microsoft.Windows.CallingShellApp_cw5n1h2txyewy,1.0
17805,CameraBarcodeScannerPreview,10.0,Microsoft Corporation Inc.,Application,,C:\Windows\SystemApps\Windows.CBSPreview_cw5n1h2txyewy,1.0
17805,CL5,9.6,Ivanti,Application,,C:\Program Files\BMC Software\Client Management\Client\data\PatchManagementPremium\workspace,2.0
17805,ClickOnce,4.8,Microsoft Corporation Inc.,Application,,C:\Windows\Microsoft.NET\Framework64\v4.0.30319,3.0
17805,Common User Interface,5.8,Musarubra US LLC.,Application,,C:\Program Files\McAfee\Agent\x86,1.0
17805,Create Virtual Machine,10.0,Microsoft Corporation Inc.,Application,,C:\Program Files\Hyper-V,1.0
17805,Credential Dialog Host,10.0,Microsoft Corporation Inc.,Application,,C:\Windows\SystemApps\microsoft.creddialoghost_cw5n1h2txyewy,1.0
17805,CrowdStrike Device Control,7.29,CrowdStrike Inc.,Add/Remove Programs,"November 27, 2025 12:00:00 AM",,
17805,CrowdStrike Device Control Support Tool,7.29,CrowdStrike Inc.,Application,,C:\Program Files\CrowdStrike,1.0
17805,CrowdStrike Falcon Connector,7.32,CrowdStrike Inc.,Application,,C:\Program Files\CrowdStrike,1.0
17805,CrowdStrike Falcon Sensor,7.32,CrowdStrike Inc.,Application,,C:\Program Files\CrowdStrike,1.0
17805,CrowdStrike Falcon Sensor Controller,7.32,CrowdStrike Inc.,Application,,C:\Program Files\CrowdStrike,1.0
17805,CrowdStrike Falcon Sensor Service,7.32,CrowdStrike Inc.,Application,,C:\Program Files\CrowdStrike,1.0
17805,CrowdStrike Falcon Sensor Servlet Container,7.32,CrowdStrike Inc.,Application,,C:\Program Files\CrowdStrike,1.0
17805,CrowdStrike Falcon Sensor Settings Tool,7.32,CrowdStrike Inc.,Application,,C:\Program Files\CrowdStrike,1.0
17805,CrowdStrike Falcon Sensor System Tray Application,7.32,CrowdStrike Inc.,Application,,C:\Program Files\CrowdStrike,2.0
17805,CrowdStrike Firmware Analysis,7.14,CrowdStrike Inc.,Add/Remove Programs,"March 28, 2025 12:00:00 AM",,
17805,CrowdStrike Firmware Analysis Support Tool,7.14,CrowdStrike Inc.,Application,,C:\Program Files\CrowdStrike,1.0
17805,CrowdStrike On-Demand Scan Command-line Tool,7.32,CrowdStrike Inc.,Application,,C:\Program Files\CrowdStrike,1.0
17805,CrowdStrike On-Demand Scan Tool,7.32,CrowdStrike Inc.,Application,,C:\Program Files\CrowdStrike,1.0
17805,CrowdStrike Sensor Platform,7.32,CrowdStrike Inc.,Add/Remove Programs,"January 14, 2026 12:00:00 AM",,
17805,CrowdStrike Windows Sensor,7.32,CrowdStrike Inc.,Add/Remove Programs,"January 14, 2026 12:00:00 AM",,
17637,.NET Runtime Optimization Service,4.8,Microsoft Corporation Inc.,Application,,C:\Windows\Microsoft.NET\Framework64\v4.0.30319,2.0
17637,64Bit MAPI Mail Agent,1.0,Foxit Software Inc.,Application,,C:\Program Files (x86)\Foxit Software\Foxit PDF Reader,1.0
17637,7-Zip 23.01 (x64),23.01,Igor Pavlov,Add/Remove Programs,,C:\Program Files\7-Zip\,
17637,7-Zip Console,23.01,Igor Pavlov,Application,,C:\Program Files\7-Zip,1.0
17637,7-Zip File Manager,23.01,Igor Pavlov,Application,,C:\Program Files\7-Zip,1.0
17637,7-Zip GUI,23.01,Igor Pavlov,Application,,C:\Program Files\7-Zip,1.0
17637,Accounts Control Host,10.0,Microsoft Corporation Inc.,Application,,C:\Windows\SystemApps\Microsoft.AccountsControl_cw5n1h2txyewy,1.0
17637,AddSuggestedFoldersToLibraryDialog,10.0,Microsoft Corporation Inc.,Application,,C:\Windows\SystemApps\Microsoft.Windows.AddSuggestedFoldersToLibraryDialog_cw5n1h2txyewy,1.0
17637,Antimalware Core Service,4.18,Microsoft Corporation Inc.,Application,,C:\Program Files\Windows Defender,1.0
17637,Antimalware Service Executable,4.18,Microsoft Corporation Inc.,Application,,C:\Program Files\Windows Defender,1.0
17637,AppFollower,2.0,Conexant Systems Inc.,Application,,C:\Program Files\CONEXANT\Flow,1.0
17637,AppResolverUX,10.0,Microsoft Corporation Inc.,Application,,C:\Windows\SystemApps\Microsoft.Windows.AppResolverUX_cw5n1h2txyewy,1.0
17637,AsyncTextService,10.0,Microsoft Corporation Inc.,Application,,C:\Windows\SystemApps\Microsoft.AsyncTextService_8wekyb3d8bbwe,1.0
17637,Audio Control,4.0,Conexant Systems LLC.,Application,,C:\Program Files\CONEXANT\Install\Audio\SA3\SA3\Dyson,2.0
17637,Audio Controls Control Panel,4.0,Conexant Systems LLC.,Application,,C:\Program Files\CONEXANT\SA3\HP-NB-AIO,3.0
17637,Bang & Olufsen,4.0,Conexant Systems LLC.,Application,,C:\Program Files\CONEXANT\Install\Audio\SA3\SA3\BandO,2.0
17637,Biometric Enrollment Host,10.0,Microsoft Corporation Inc.,Application,,C:\Windows\SystemApps\Microsoft.BioEnrollment_cw5n1h2txyewy,1.0
17637,BMC Client Management Agent,24.1.01.240624,BMC Software Inc.,Application,,C:\Program Files\BMC Software\Client Management\Client\bin,1.0
17637,BMC Client Management Certificate Generator,24.1.01.240624,BMC Software Inc.,Application,,C:\Program Files\BMC Software\Client Management\Client\bin,1.0
17637,BMC Client Management Chilli Interpreter,24.1.01.240624,BMC Software Inc.,Application,,C:\Program Files\BMC Software\Client Management\Client\bin,1.0
17637,BMC Client Management Direct Access Proxy Agent,24.1.01.240624,BMC Software Inc.,Application,,C:\Program Files\BMC Software\Client Management\Client\bin,1.0
17637,BMC Client Management Opswat Proxy Agent,24.1.01.240624,BMC Software Inc.,Application,,C:\Program Files\BMC Software\Client Management\Client\bin,1.0
17637,BMC Client Management Package Viewer,24.1.01.240624,BMC Software Inc.,Application,,C:\Program Files\BMC Software\Client Management\Client\bin,1.0
17637,BMC Client Management Patch Broker,24.1.01.240624,BMC Software Inc.,Application,,C:\Program Files\BMC Software\Client Management\Client\bin,1.0
17637,BMC Client Management Proxy Agent,24.1.01.240624,BMC Software Inc.,Application,,C:\Program Files\BMC Software\Client Management\Client\bin,1.0
17637,BMC Client Management Remote Control proxy,24.1.01.240624,BMC Software Inc.,Application,,C:\Program Files\BMC Software\Client Management\Client\bin,1.0
17637,BMC Client Management SCAP,24.1.01.240624,BMC Software Inc.,Application,,C:\Program Files\BMC Software\Client Management\Client\bin,1.0
17637,BMC Client Management SFX,24.1.01.240624,BMC Software Inc.,Application,,D:,1.0
17637,BMC Client Management Video Proxy Agent,24.1.01.240624,BMC Software Inc.,Application,,C:\Program Files\BMC Software\Client Management\Client\bin,1.0
17637,Boot File Servicing Utility,10.0,Microsoft Corporation Inc.,Application,,C:\Windows,1.0
17637,Browser Protection Native Messaging Host,4.18,Microsoft Corporation Inc.,Application,,C:\Program Files\Windows Defender,1.0
17637,BrowserCore,10.0,Microsoft Corporation Inc.,Application,,C:\Windows\BrowserCore,1.0
17637,CameraBarcodeScannerPreview,10.0,Microsoft Corporation Inc.,Application,,C:\Windows\SystemApps\Windows.CBSPreview_cw5n1h2txyewy,1.0
17637,ClickOnce,4.8,Microsoft Corporation Inc.,Application,,C:\Windows\Microsoft.NET\Framework64\v4.0.30319,3.0
17637,CnxtNotify,1.0,Conexant Systems Inc.,Application,,C:\Program Files\CONEXANT\SA3\HP-NB-AIO,1.0
17637,Common User Interface,5.8,Musarubra US LLC.,Application,,C:\Program Files\McAfee\Agent\x86,1.0
17637,Credential Dialog Host,10.0,Microsoft Corporation Inc.,Application,,C:\Windows\SystemApps\microsoft.creddialoghost_cw5n1h2txyewy,1.0
17637,CrowdStrike Device Control,7.29,CrowdStrike Inc.,Add/Remove Programs,"November 14, 2025 12:00:00 AM",,
17637,CrowdStrike Device Control Support Tool,7.29,CrowdStrike Inc.,Application,,C:\Program Files\CrowdStrike,1.0
17637,CrowdStrike Falcon Connector,7.32,CrowdStrike Inc.,Application,,C:\Program Files\CrowdStrike,1.0
17637,CrowdStrike Falcon Sensor,7.32,CrowdStrike Inc.,Application,,C:\Program Files\CrowdStrike,1.0
17637,CrowdStrike Falcon Sensor Controller,7.32,CrowdStrike Inc.,Application,,C:\Program Files\CrowdStrike,1.0
17637,CrowdStrike Falcon Sensor Service,7.32,CrowdStrike Inc.,Application,,C:\Program Files\CrowdStrike,1.0
17637,CrowdStrike Falcon Sensor Servlet Container,7.32,CrowdStrike Inc.,Application,,C:\Program Files\CrowdStrike,1.0
17637,CrowdStrike Falcon Sensor Settings Tool,7.32,CrowdStrike Inc.,Application,,C:\Program Files\CrowdStrike,1.0
17637,CrowdStrike Falcon Sensor System Tray Application,7.32,CrowdStrike Inc.,Application,,C:\Program Files\CrowdStrike,2.0
17637,CrowdStrike Firmware Analysis,7.14,CrowdStrike Inc.,Add/Remove Programs,"November 11, 2025 12:00:00 AM",,
17637,CrowdStrike Firmware Analysis Support Tool,7.14,CrowdStrike Inc.,Application,,C:\Program Files\CrowdStrike,1.0
17637,CrowdStrike On-Demand Scan Command-line Tool,7.32,CrowdStrike Inc.,Application,,C:\Program Files\CrowdStrike,1.0
17637,CrowdStrike On-Demand Scan Tool,7.32,CrowdStrike Inc.,Application,,C:\Program Files\CrowdStrike,1.0
13246,.NET Runtime Optimization Service,4.8,Microsoft Corporation Inc.,Application,,C:\Windows\Microsoft.NET\Framework64\v4.0.30319,2.0
13246,64Bit MAPI Mail Agent,1.0,Foxit Software Inc.,Application,,C:\Program Files (x86)\Foxit Software\Foxit PDF Reader,1.0
13246,7-Zip 23.01 (x64),23.01,Igor Pavlov,Add/Remove Programs,,C:\Program Files\7-Zip\,
13246,7-Zip Console,23.01,Igor Pavlov,Application,,C:\Program Files\7-Zip,1.0
13246,7-Zip File Manager,23.01,Igor Pavlov,Application,,C:\Program Files\7-Zip,1.0
13246,7-Zip GUI,23.01,Igor Pavlov,Application,,C:\Program Files\7-Zip,1.0
13246,AAD token broker plugin,10.0,Microsoft Corporation Inc.,Application,,C:\Windows\SystemApps\Microsoft.AAD.BrokerPlugin_cw5n1h2txyewy,1.0
13246,Accounts Control Host,10.0,Microsoft Corporation Inc.,Application,,C:\Windows\SystemApps\Microsoft.AccountsControl_cw5n1h2txyewy,1.0
13246,AddSuggestedFoldersToLibraryDialog,10.0,Microsoft Corporation Inc.,Application,,C:\Windows\SystemApps\Microsoft.Windows.AddSuggestedFoldersToLibraryDialog_cw5n1h2txyewy,1.0
13246,Antimalware Service Executable,4.18,Microsoft Corporation Inc.,Application,,C:\Program Files\Windows Defender,1.0
13246,AppResolverUX,10.0,Microsoft Corporation Inc.,Application,,C:\Windows\SystemApps\Microsoft.Windows.AppResolverUX_cw5n1h2txyewy,1.0
13246,AsyncTextService,10.0,Microsoft Corporation Inc.,Application,,C:\Windows\SystemApps\Microsoft.AsyncTextService_8wekyb3d8bbwe,1.0
13246,Biometric Enrollment Host,10.0,Microsoft Corporation Inc.,Application,,C:\Windows\SystemApps\Microsoft.BioEnrollment_cw5n1h2txyewy,1.0
13246,BMC Client Management Agent,24.1.01.240624,BMC Software Inc.,Application,,C:\Program Files\BMC Software\Client Management\Client\bin,1.0
13246,BMC Client Management Certificate Generator,24.1.01.240624,BMC Software Inc.,Application,,C:\Program Files\BMC Software\Client Management\Client\bin,1.0
13246,BMC Client Management Chilli Interpreter,24.1.01.240624,BMC Software Inc.,Application,,C:\Program Files\BMC Software\Client Management\Client\bin,1.0
13246,BMC Client Management Direct Access Proxy Agent,24.1.01.240624,BMC Software Inc.,Application,,C:\Program Files\BMC Software\Client Management\Client\bin,1.0
13246,BMC Client Management Opswat Proxy Agent,24.1.01.240624,BMC Software Inc.,Application,,C:\Program Files\BMC Software\Client Management\Client\bin,1.0
13246,BMC Client Management Package Viewer,24.1.01.240624,BMC Software Inc.,Application,,C:\Program Files\BMC Software\Client Management\Client\bin,1.0
13246,BMC Client Management Patch Broker,24.1.01.240624,BMC Software Inc.,Application,,C:\Program Files\BMC Software\Client Management\Client\bin,1.0
13246,BMC Client Management Proxy Agent,24.1.01.240624,BMC Software Inc.,Application,,C:\Program Files\BMC Software\Client Management\Client\bin,1.0
13246,BMC Client Management Remote Control proxy,24.1.01.240624,BMC Software Inc.,Application,,C:\Program Files\BMC Software\Client Management\Client\bin,1.0
13246,BMC Client Management SCAP,24.1.01.240624,BMC Software Inc.,Application,,C:\Program Files\BMC Software\Client Management\Client\bin,1.0
13246,BMC Client Management SFX,24.1.01.240624,BMC Software Inc.,Application,,D:,1.0
13246,BMC Client Management Video Proxy Agent,24.1.01.240624,BMC Software Inc.,Application,,C:\Program Files\BMC Software\Client Management\Client\bin,1.0
13246,Boot File Servicing Utility,10.0,Microsoft Corporation Inc.,Application,,C:\Windows,1.0
13246,BrowserCore,10.0,Microsoft Corporation Inc.,Application,,C:\Windows\BrowserCore,1.0
13246,Calling App to host call progress on shell,10.0,Microsoft Corporation Inc.,Application,,C:\Windows\SystemApps\Microsoft.Windows.CallingShellApp_cw5n1h2txyewy,1.0
13246,CameraBarcodeScannerPreview,10.0,Microsoft Corporation Inc.,Application,,C:\Windows\SystemApps\Windows.CBSPreview_cw5n1h2txyewy,1.0
13246,CL5,9.6,Ivanti,Application,,C:\Program Files\BMC Software\Client Management\Client\data\PatchManagementPremium\workspace,7.0
13246,ClickOnce,4.8,Microsoft Corporation Inc.,Application,,C:\Windows\Microsoft.NET\Framework64\v4.0.30319,3.0
13246,Common User Interface,5.8,Musarubra US LLC.,Application,,C:\Program Files\McAfee\Agent\x86,1.0
13246,Credential Dialog Host,10.0,Microsoft Corporation Inc.,Application,,C:\Windows\SystemApps\microsoft.creddialoghost_cw5n1h2txyewy,1.0
13246,CrowdStrike Device Control,7.29,CrowdStrike Inc.,Add/Remove Programs,"November 14, 2025 12:00:00 AM",,
13246,CrowdStrike Device Control Support Tool,7.29,CrowdStrike Inc.,Application,,C:\Program Files\CrowdStrike,1.0
13246,CrowdStrike Falcon Connector,7.32,CrowdStrike Inc.,Application,,C:\Program Files\CrowdStrike,1.0
13246,CrowdStrike Falcon Sensor,7.32,CrowdStrike Inc.,Application,,C:\Program Files\CrowdStrike,1.0
13246,CrowdStrike Falcon Sensor Controller,7.32,CrowdStrike Inc.,Application,,C:\Program Files\CrowdStrike,1.0
13246,CrowdStrike Falcon Sensor Service,7.32,CrowdStrike Inc.,Application,,C:\Program Files\CrowdStrike,1.0
13246,CrowdStrike Falcon Sensor Servlet Container,7.32,CrowdStrike Inc.,Application,,C:\Program Files\CrowdStrike,1.0
13246,CrowdStrike Falcon Sensor Settings Tool,7.32,CrowdStrike Inc.,Application,,C:\Program Files\CrowdStrike,1.0
13246,CrowdStrike Falcon Sensor System Tray Application,7.32,CrowdStrike Inc.,Application,,C:\Program Files\CrowdStrike,2.0
13246,CrowdStrike Firmware Analysis,7.14,CrowdStrike Inc.,Add/Remove Programs,"May 22, 2025 12:00:00 AM",,
13246,CrowdStrike Firmware Analysis Support Tool,7.14,CrowdStrike Inc.,Application,,C:\Program Files\CrowdStrike,1.0
13246,CrowdStrike On-Demand Scan Command-line Tool,7.32,CrowdStrike Inc.,Application,,C:\Program Files\CrowdStrike,1.0
13246,CrowdStrike On-Demand Scan Tool,7.32,CrowdStrike Inc.,Application,,C:\Program Files\CrowdStrike,1.0
13246,CrowdStrike Sensor Platform,7.32,CrowdStrike Inc.,Add/Remove Programs,"January 14, 2026 12:00:00 AM",,
13246,CrowdStrike Windows Sensor,7.32,CrowdStrike Inc.,Add/Remove Programs,"January 14, 2026 12:00:00 AM",,
13246,CxAudioSvc,1.0,Conexant Systems LLC.,Application,,C:\Windows\CxSvc,1.0
13246,EC App,10.0,Microsoft Corporation Inc.,Application,,C:\Windows\SystemApps\Microsoft.ECApp_8wekyb3d8bbwe,1.0
7964,.NET Runtime Optimization Service,4.8,Microsoft Corporation Inc.,Application,,C:\Windows\Microsoft.NET\Framework64\v4.0.30319,2.0
7964,64Bit MAPI Mail Agent,1.0,Foxit Software Inc.,Application,,C:\Program Files (x86)\Foxit Software\Foxit PDF Reader,1.0
7964,7-Zip 24.08 (x64 edition),24.08,Igor Pavlov,Add/Remove Programs,"November 30, 2024 12:00:00 AM",,
7964,7-Zip Console,24.08,Igor Pavlov,Application,,C:\Program Files\7-Zip,1.0
7964,7-Zip File Manager,24.08,Igor Pavlov,Application,,C:\Program Files\7-Zip,1.0
7964,7-Zip GUI,24.08,Igor Pavlov,Application,,C:\Program Files\7-Zip,1.0
7964,Accounts Control Host,10.0,Microsoft Corporation Inc.,Application,,C:\Windows\SystemApps\Microsoft.AccountsControl_cw5n1h2txyewy,1.0
7964,AddSuggestedFoldersToLibraryDialog,10.0,Microsoft Corporation Inc.,Application,,C:\Windows\SystemApps\Microsoft.Windows.AddSuggestedFoldersToLibraryDialog_cw5n1h2txyewy,1.0
7964,Antimalware Core Service,4.18,Microsoft Corporation Inc.,Application,,C:\Program Files\Windows Defender,1.0
7964,Antimalware Service Executable,4.18,Microsoft Corporation Inc.,Application,,C:\Program Files\Windows Defender,1.0
7964,AppResolverUX,10.0,Microsoft Corporation Inc.,Application,,C:\Windows\SystemApps\Microsoft.Windows.AppResolverUX_cw5n1h2txyewy,1.0
7964,AsyncTextService,10.0,Microsoft Corporation Inc.,Application,,C:\Windows\SystemApps\Microsoft.AsyncTextService_8wekyb3d8bbwe,1.0
7964,Biometric Enrollment Host,10.0,Microsoft Corporation Inc.,Application,,C:\Windows\SystemApps\Microsoft.BioEnrollment_cw5n1h2txyewy,1.0
7964,BMC Client Management Agent,24.1.01.240624,BMC Software Inc.,Application,,C:\Program Files\BMC Software\Client Management\Client\bin,1.0
7964,BMC Client Management Certificate Generator,24.1.01.240624,BMC Software Inc.,Application,,C:\Program Files\BMC Software\Client Management\Client\bin,1.0
7964,BMC Client Management Chilli Interpreter,24.1.01.240624,BMC Software Inc.,Application,,C:\Program Files\BMC Software\Client Management\Client\bin,1.0
7964,BMC Client Management Direct Access Proxy Agent,24.1.01.240624,BMC Software Inc.,Application,,C:\Program Files\BMC Software\Client Management\Client\bin,1.0
7964,BMC Client Management Opswat Proxy Agent,24.1.01.240624,BMC Software Inc.,Application,,C:\Program Files\BMC Software\Client Management\Client\bin,1.0
7964,BMC Client Management Package Viewer,24.1.01.240624,BMC Software Inc.,Application,,C:\Program Files\BMC Software\Client Management\Client\bin,1.0
7964,BMC Client Management Patch Broker,24.1.01.240624,BMC Software Inc.,Application,,C:\Program Files\BMC Software\Client Management\Client\bin,1.0
7964,BMC Client Management Proxy Agent,24.1.01.240624,BMC Software Inc.,Application,,C:\Program Files\BMC Software\Client Management\Client\bin,1.0
7964,BMC Client Management Remote Control proxy,24.1.01.240624,BMC Software Inc.,Application,,C:\Program Files\BMC Software\Client Management\Client\bin,1.0
7964,BMC Client Management SCAP,24.1.01.240624,BMC Software Inc.,Application,,C:\Program Files\BMC Software\Client Management\Client\bin,1.0
7964,BMC Client Management Video Proxy Agent,24.1.01.240624,BMC Software Inc.,Application,,C:\Program Files\BMC Software\Client Management\Client\bin,1.0
7964,Boot File Servicing Utility,10.0,Microsoft Corporation Inc.,Application,,C:\Windows,1.0
7964,Browser Protection Native Messaging Host,4.18,Microsoft Corporation Inc.,Application,,C:\Program Files\Windows Defender,1.0
7964,BrowserCore,10.0,Microsoft Corporation Inc.,Application,,C:\Windows\BrowserCore,1.0
7964,CameraBarcodeScannerPreview,10.0,Microsoft Corporation Inc.,Application,,C:\Windows\SystemApps\Windows.CBSPreview_cw5n1h2txyewy,1.0
7964,ChromeEnterpriseCompanion,143.0,Google LLC,Application,,C:\Windows\SystemTemp\scoped_dir11836_1215392825\scoped_dir11836_1773839032,1.0
7964,CL5,9.6,Ivanti,Application,,C:\Program Files\BMC Software\Client Management\Client\data\PatchManagementPremium\workspace,3.0
7964,ClickOnce,4.8,Microsoft Corporation Inc.,Application,,C:\Windows\Microsoft.NET\Framework64\v4.0.30319,3.0
7964,Common User Interface,5.8,Musarubra US LLC.,Application,,C:\Program Files\McAfee\Agent\x86,1.0
7964,Copilot,144.0,Microsoft Corporation Inc.,Application,,C:\Program Files (x86)\Microsoft\EdgeWebView\Application\144.0.3719.115,3.0
7964,Copilot Update,1.3,Microsoft Corporation Inc.,Application,,C:\Program Files (x86)\Microsoft\EdgeUpdate,2.0
7964,Create a self-signed digital certificate,15.0,Microsoft Corporation Inc.,Application,,C:\Program Files\Microsoft Office\Office15,1.0
7964,Credential Dialog Host,10.0,Microsoft Corporation Inc.,Application,,C:\Windows\SystemApps\microsoft.creddialoghost_cw5n1h2txyewy,1.0
7964,CrowdStrike Device Control,7.29,CrowdStrike Inc.,Add/Remove Programs,"November 14, 2025 12:00:00 AM",,
7964,CrowdStrike Device Control Support Tool,7.29,CrowdStrike Inc.,Application,,C:\Program Files\CrowdStrike,1.0
7964,CrowdStrike Falcon Connector,7.32,CrowdStrike Inc.,Application,,C:\Program Files\CrowdStrike,1.0
7964,CrowdStrike Falcon Sensor,7.32,CrowdStrike Inc.,Application,,C:\Program Files\CrowdStrike,1.0
7964,CrowdStrike Falcon Sensor Controller,7.32,CrowdStrike Inc.,Application,,C:\Program Files\CrowdStrike,1.0
7964,CrowdStrike Falcon Sensor Service,7.32,CrowdStrike Inc.,Application,,C:\Program Files\CrowdStrike,1.0
7964,CrowdStrike Falcon Sensor Servlet Container,7.32,CrowdStrike Inc.,Application,,C:\Program Files\CrowdStrike,1.0
7964,CrowdStrike Falcon Sensor Settings Tool,7.32,CrowdStrike Inc.,Application,,C:\Program Files\CrowdStrike,1.0
7964,CrowdStrike Falcon Sensor System Tray Application,7.32,CrowdStrike Inc.,Application,,C:\Program Files\CrowdStrike,2.0
7964,CrowdStrike Firmware Analysis,7.14,CrowdStrike Inc.,Add/Remove Programs,"July 24, 2025 12:00:00 AM",,
7964,CrowdStrike Firmware Analysis Support Tool,7.14,CrowdStrike Inc.,Application,,C:\Program Files\CrowdStrike,1.0
7964,CrowdStrike Forensic Data Collection Tool,1.0,CrowdStrike Inc.,Application,,C:,2.0
7964,CrowdStrike On-Demand Scan Command-line Tool,7.32,CrowdStrike Inc.,Application,,C:\Program Files\CrowdStrike,1.0
7964,CrowdStrike On-Demand Scan Tool,7.32,CrowdStrike Inc.,Application,,C:\Program Files\CrowdStrike,1.0
7997,.NET Runtime Optimization Service,4.8,Microsoft Corporation Inc.,Application,,C:\Windows\Microsoft.NET\Framework64\v4.0.30319,2.0
7997,64Bit MAPI Mail Agent,1.0,Foxit Software Inc.,Application,,C:\Program Files (x86)\Foxit Software\Foxit PDF Reader,1.0
7997,7-Zip 24.08 (x64 edition),24.08,Igor Pavlov,Add/Remove Programs,"November 30, 2024 12:00:00 AM",,
7997,7-Zip Console,24.08,Igor Pavlov,Application,,C:\Program Files\7-Zip,1.0
7997,7-Zip File Manager,24.08,Igor Pavlov,Application,,C:\Program Files\7-Zip,1.0
7997,7-Zip GUI,24.08,Igor Pavlov,Application,,C:\Program Files\7-Zip,1.0
7997,AAD token broker plugin,10.0,Microsoft Corporation Inc.,Application,,C:\Windows\SystemApps\Microsoft.AAD.BrokerPlugin_cw5n1h2txyewy,1.0
7997,Accounts Control Host,10.0,Microsoft Corporation Inc.,Application,,C:\Windows\SystemApps\Microsoft.AccountsControl_cw5n1h2txyewy,1.0
7997,AddSuggestedFoldersToLibraryDialog,10.0,Microsoft Corporation Inc.,Application,,C:\Windows\SystemApps\Microsoft.Windows.AddSuggestedFoldersToLibraryDialog_cw5n1h2txyewy,1.0
7997,Antimalware Service Executable,4.18,Microsoft Corporation Inc.,Application,,C:\Program Files\Windows Defender,1.0
7997,AppResolverUX,10.0,Microsoft Corporation Inc.,Application,,C:\Windows\SystemApps\Microsoft.Windows.AppResolverUX_cw5n1h2txyewy,1.0
7997,AsyncTextService,10.0,Microsoft Corporation Inc.,Application,,C:\Windows\SystemApps\Microsoft.AsyncTextService_8wekyb3d8bbwe,1.0
7997,Biometric Enrollment Host,10.0,Microsoft Corporation Inc.,Application,,C:\Windows\SystemApps\Microsoft.BioEnrollment_cw5n1h2txyewy,1.0
7997,BMC Client Management Agent,24.1.01.240624,BMC Software Inc.,Application,,C:\Program Files\BMC Software\Client Management\Client\bin,1.0
7997,BMC Client Management Certificate Generator,24.1.01.240624,BMC Software Inc.,Application,,C:\Program Files\BMC Software\Client Management\Client\bin,1.0
7997,BMC Client Management Chilli Interpreter,24.1.01.240624,BMC Software Inc.,Application,,C:\Program Files\BMC Software\Client Management\Client\bin,1.0
7997,BMC Client Management Direct Access Proxy Agent,24.1.01.240624,BMC Software Inc.,Application,,C:\Program Files\BMC Software\Client Management\Client\bin,1.0
7997,BMC Client Management Opswat Proxy Agent,24.1.01.240624,BMC Software Inc.,Application,,C:\Program Files\BMC Software\Client Management\Client\bin,1.0
7997,BMC Client Management Package Viewer,24.1.01.240624,BMC Software Inc.,Application,,C:\Program Files\BMC Software\Client Management\Client\bin,1.0
7997,BMC Client Management Patch Broker,24.1.01.240624,BMC Software Inc.,Application,,C:\Program Files\BMC Software\Client Management\Client\bin,1.0
7997,BMC Client Management Proxy Agent,24.1.01.240624,BMC Software Inc.,Application,,C:\Program Files\BMC Software\Client Management\Client\bin,1.0
7997,BMC Client Management Remote Control proxy,24.1.01.240624,BMC Software Inc.,Application,,C:\Program Files\BMC Software\Client Management\Client\bin,1.0
7997,BMC Client Management SCAP,24.1.01.240624,BMC Software Inc.,Application,,C:\Program Files\BMC Software\Client Management\Client\bin,1.0
7997,BMC Client Management Video Proxy Agent,24.1.01.240624,BMC Software Inc.,Application,,C:\Program Files\BMC Software\Client Management\Client\bin,1.0
7997,Boot File Servicing Utility,10.0,Microsoft Corporation Inc.,Application,,C:\Windows,1.0
7997,BrowserCore,10.0,Microsoft Corporation Inc.,Application,,C:\Windows\BrowserCore,1.0
7997,Calling App to host call progress on shell,10.0,Microsoft Corporation Inc.,Application,,C:\Windows\SystemApps\Microsoft.Windows.CallingShellApp_cw5n1h2txyewy,1.0
7997,CameraBarcodeScannerPreview,10.0,Microsoft Corporation Inc.,Application,,C:\Windows\SystemApps\Windows.CBSPreview_cw5n1h2txyewy,1.0
7997,ChromeEnterpriseCompanion,143.0,Google LLC,Application,,C:\Windows\SystemTemp\scoped_dir13292_1003777382\scoped_dir13292_1942295936,1.0
7997,CL5,9.6,Ivanti,Application,,C:\Program Files\BMC Software\Client Management\Client\data\PatchManagementPremium\workspace,5.0
7997,ClickOnce,4.8,Microsoft Corporation Inc.,Application,,C:\Windows\Microsoft.NET\Framework64\v4.0.30319,3.0
7997,Common User Interface,5.8,Musarubra US LLC.,Application,,C:\Program Files\McAfee\Agent\x86,1.0
7997,Credential Dialog Host,10.0,Microsoft Corporation Inc.,Application,,C:\Windows\SystemApps\microsoft.creddialoghost_cw5n1h2txyewy,1.0
7997,CrowdStrike Device Control,7.29,CrowdStrike Inc.,Add/Remove Programs,"November 14, 2025 12:00:00 AM",,
7997,CrowdStrike Device Control Support Tool,7.29,CrowdStrike Inc.,Application,,C:\Program Files\CrowdStrike,1.0
7997,CrowdStrike Falcon Connector,7.32,CrowdStrike Inc.,Application,,C:\Program Files\CrowdStrike,1.0
7997,CrowdStrike Falcon Sensor,7.32,CrowdStrike Inc.,Application,,C:\Program Files\CrowdStrike,1.0
7997,CrowdStrike Falcon Sensor Controller,7.32,CrowdStrike Inc.,Application,,C:\Program Files\CrowdStrike,1.0
7997,CrowdStrike Falcon Sensor Service,7.32,CrowdStrike Inc.,Application,,C:\Program Files\CrowdStrike,1.0
7997,CrowdStrike Falcon Sensor Servlet Container,7.32,CrowdStrike Inc.,Application,,C:\Program Files\CrowdStrike,1.0
7997,CrowdStrike Falcon Sensor Settings Tool,7.32,CrowdStrike Inc.,Application,,C:\Program Files\CrowdStrike,1.0
7997,CrowdStrike Falcon Sensor System Tray Application,7.32,CrowdStrike Inc.,Application,,C:\Program Files\CrowdStrike,2.0
7997,CrowdStrike Firmware Analysis,7.14,CrowdStrike Inc.,Add/Remove Programs,"May 22, 2025 12:00:00 AM",,
7997,CrowdStrike Firmware Analysis Support Tool,7.14,CrowdStrike Inc.,Application,,C:\Program Files\CrowdStrike,1.0
7997,CrowdStrike Forensic Data Collection Tool,1.0,CrowdStrike Inc.,Application,,C:,2.0
7997,CrowdStrike On-Demand Scan Command-line Tool,7.32,CrowdStrike Inc.,Application,,C:\Program Files\CrowdStrike,1.0
7997,CrowdStrike On-Demand Scan Tool,7.32,CrowdStrike Inc.,Application,,C:\Program Files\CrowdStrike,1.0
7997,CrowdStrike Sensor Platform,7.32,CrowdStrike Inc.,Add/Remove Programs,"January 14, 2026 12:00:00 AM",,
7997,CrowdStrike Windows Sensor,7.32,CrowdStrike Inc.,Add/Remove Programs,"January 14, 2026 12:00:00 AM",,
7997,CrowdStrike Windows Sensor,6.54,CrowdStrike Inc.,Application,,C:\login\crowdstrike,1.0
7963,.NET Runtime Optimization Service,4.8,Microsoft Corporation Inc.,Application,,C:\Windows\Microsoft.NET\Framework64\v4.0.30319,2.0
7963,64Bit MAPI Mail Agent,1.0,Foxit Software Inc.,Application,,C:\Program Files (x86)\Foxit Software\Foxit PDF Reader,1.0
7963,7-Zip 24.08 (x64 edition),24.08,Igor Pavlov,Add/Remove Programs,"November 30, 2024 12:00:00 AM",,
7963,7-Zip Console,24.08,Igor Pavlov,Application,,C:\Program Files\7-Zip,1.0
7963,7-Zip File Manager,24.08,Igor Pavlov,Application,,C:\Program Files\7-Zip,1.0
7963,7-Zip GUI,24.08,Igor Pavlov,Application,,C:\Program Files\7-Zip,1.0
7963,AAD token broker plugin,10.0,Microsoft Corporation Inc.,Application,,C:\Windows\SystemApps\Microsoft.AAD.BrokerPlugin_cw5n1h2txyewy,1.0
7963,Accounts Control Host,10.0,Microsoft Corporation Inc.,Application,,C:\Windows\SystemApps\Microsoft.AccountsControl_cw5n1h2txyewy,1.0
7963,AddSuggestedFoldersToLibraryDialog,10.0,Microsoft Corporation Inc.,Application,,C:\Windows\SystemApps\Microsoft.Windows.AddSuggestedFoldersToLibraryDialog_cw5n1h2txyewy,1.0
7963,Antimalware Service Executable,4.18,Microsoft Corporation Inc.,Application,,C:\Program Files\Windows Defender,1.0
7963,AppResolverUX,10.0,Microsoft Corporation Inc.,Application,,C:\Windows\SystemApps\Microsoft.Windows.AppResolverUX_cw5n1h2txyewy,1.0
7963,AsyncTextService,10.0,Microsoft Corporation Inc.,Application,,C:\Windows\SystemApps\Microsoft.AsyncTextService_8wekyb3d8bbwe,1.0
7963,Biometric Enrollment Host,10.0,Microsoft Corporation Inc.,Application,,C:\Windows\SystemApps\Microsoft.BioEnrollment_cw5n1h2txyewy,1.0
7963,BMC Client Management Agent,24.1.01.240624,BMC Software Inc.,Application,,C:\Program Files\BMC Software\Client Management\Client\bin,1.0
7963,BMC Client Management Certificate Generator,24.1.01.240624,BMC Software Inc.,Application,,C:\Program Files\BMC Software\Client Management\Client\bin,1.0
7963,BMC Client Management Chilli Interpreter,24.1.01.240624,BMC Software Inc.,Application,,C:\Program Files\BMC Software\Client Management\Client\bin,1.0
7963,BMC Client Management Direct Access Proxy Agent,24.1.01.240624,BMC Software Inc.,Application,,C:\Program Files\BMC Software\Client Management\Client\bin,1.0
7963,BMC Client Management Opswat Proxy Agent,24.1.01.240624,BMC Software Inc.,Application,,C:\Program Files\BMC Software\Client Management\Client\bin,1.0
7963,BMC Client Management Package Viewer,24.1.01.240624,BMC Software Inc.,Application,,C:\Program Files\BMC Software\Client Management\Client\bin,1.0
7963,BMC Client Management Patch Broker,24.1.01.240624,BMC Software Inc.,Application,,C:\Program Files\BMC Software\Client Management\Client\bin,1.0
7963,BMC Client Management Proxy Agent,24.1.01.240624,BMC Software Inc.,Application,,C:\Program Files\BMC Software\Client Management\Client\bin,1.0
7963,BMC Client Management Remote Control proxy,24.1.01.240624,BMC Software Inc.,Application,,C:\Program Files\BMC Software\Client Management\Client\bin,1.0
7963,BMC Client Management SCAP,24.1.01.240624,BMC Software Inc.,Application,,C:\Program Files\BMC Software\Client Management\Client\bin,1.0
7963,BMC Client Management Video Proxy Agent,24.1.01.240624,BMC Software Inc.,Application,,C:\Program Files\BMC Software\Client Management\Client\bin,1.0
7963,Boot File Servicing Utility,10.0,Microsoft Corporation Inc.,Application,,C:\Windows,1.0
7963,BrowserCore,10.0,Microsoft Corporation Inc.,Application,,C:\Windows\BrowserCore,1.0
7963,Calling App to host call progress on shell,10.0,Microsoft Corporation Inc.,Application,,C:\Windows\SystemApps\Microsoft.Windows.CallingShellApp_cw5n1h2txyewy,1.0
7963,CameraBarcodeScannerPreview,10.0,Microsoft Corporation Inc.,Application,,C:\Windows\SystemApps\Windows.CBSPreview_cw5n1h2txyewy,1.0
7963,ChromeEnterpriseCompanion,143.0,Google LLC,Application,,C:\Windows\SystemTemp\scoped_dir8604_1106530049\scoped_dir8604_1907314220,1.0
7963,CL5,9.6,Ivanti,Application,,C:\Program Files\BMC Software\Client Management\Client\data\PatchManagementPremium\workspace,5.0
7963,ClickOnce,4.8,Microsoft Corporation Inc.,Application,,C:\Windows\Microsoft.NET\Framework64\v4.0.30319,3.0
7963,Common User Interface,5.8,Musarubra US LLC.,Application,,C:\Program Files\McAfee\Agent\x86,1.0
7963,Credential Dialog Host,10.0,Microsoft Corporation Inc.,Application,,C:\Windows\SystemApps\microsoft.creddialoghost_cw5n1h2txyewy,1.0
7963,CrowdStrike Device Control,7.29,CrowdStrike Inc.,Add/Remove Programs,"November 14, 2025 12:00:00 AM",,
7963,CrowdStrike Device Control Support Tool,7.29,CrowdStrike Inc.,Application,,C:\Program Files\CrowdStrike,1.0
7963,CrowdStrike Falcon Connector,7.32,CrowdStrike Inc.,Application,,C:\Program Files\CrowdStrike,1.0
7963,CrowdStrike Falcon Sensor,7.32,CrowdStrike Inc.,Application,,C:\Program Files\CrowdStrike,1.0
7963,CrowdStrike Falcon Sensor Controller,7.32,CrowdStrike Inc.,Application,,C:\Program Files\CrowdStrike,1.0
7963,CrowdStrike Falcon Sensor Service,7.32,CrowdStrike Inc.,Application,,C:\Program Files\CrowdStrike,1.0
7963,CrowdStrike Falcon Sensor Servlet Container,7.32,CrowdStrike Inc.,Application,,C:\Program Files\CrowdStrike,1.0
7963,CrowdStrike Falcon Sensor Settings Tool,7.32,CrowdStrike Inc.,Application,,C:\Program Files\CrowdStrike,1.0
7963,CrowdStrike Falcon Sensor System Tray Application,7.32,CrowdStrike Inc.,Application,,C:\Program Files\CrowdStrike,2.0
7963,CrowdStrike Firmware Analysis,7.14,CrowdStrike Inc.,Add/Remove Programs,"May 22, 2025 12:00:00 AM",,
7963,CrowdStrike Firmware Analysis Support Tool,7.14,CrowdStrike Inc.,Application,,C:\Program Files\CrowdStrike,1.0
7963,CrowdStrike Forensic Data Collection Tool,1.0,CrowdStrike Inc.,Application,,C:,2.0
7963,CrowdStrike On-Demand Scan Command-line Tool,7.32,CrowdStrike Inc.,Application,,C:\Program Files\CrowdStrike,1.0
7963,CrowdStrike On-Demand Scan Tool,7.32,CrowdStrike Inc.,Application,,C:\Program Files\CrowdStrike,1.0
7963,CrowdStrike Sensor Platform,7.32,CrowdStrike Inc.,Add/Remove Programs,"January 14, 2026 12:00:00 AM",,
7963,CrowdStrike Windows Sensor,7.32,CrowdStrike Inc.,Add/Remove Programs,"January 14, 2026 12:00:00 AM",,
7963,CrowdStrike Windows Sensor,6.54,CrowdStrike Inc.,Application,,C:\login\crowdstrike,1.0
8499,.NET Runtime Optimization Service,4.8,Microsoft Corporation Inc.,Application,,C:\Windows\Microsoft.NET\Framework64\v4.0.30319,2.0
8499,64Bit MAPI Mail Agent,1.0,Foxit Software Inc.,Application,,C:\Program Files (x86)\Foxit Software\Foxit PDF Reader,1.0
8499,7-Zip 24.08 (x64 edition),24.08,Igor Pavlov,Add/Remove Programs,"November 30, 2024 12:00:00 AM",,
8499,7-Zip Console,24.08,Igor Pavlov,Application,,C:\Program Files\7-Zip,1.0
8499,7-Zip File Manager,24.08,Igor Pavlov,Application,,C:\Program Files\7-Zip,1.0
8499,7-Zip GUI,24.08,Igor Pavlov,Application,,C:\Program Files\7-Zip,1.0
8499,AAD token broker plugin,10.0,Microsoft Corporation Inc.,Application,,C:\Windows\SystemApps\Microsoft.AAD.BrokerPlugin_cw5n1h2txyewy,1.0
8499,Accounts Control Host,10.0,Microsoft Corporation Inc.,Application,,C:\Windows\SystemApps\Microsoft.AccountsControl_cw5n1h2txyewy,1.0
8499,AddSuggestedFoldersToLibraryDialog,10.0,Microsoft Corporation Inc.,Application,,C:\Windows\SystemApps\Microsoft.Windows.AddSuggestedFoldersToLibraryDialog_cw5n1h2txyewy,1.0
8499,AntiMalware Platform Update (amd64fre),4.18,Microsoft Corporation Inc.,Application,,C:\Windows\SystemTemp,2.0
8499,Antimalware Service Executable,4.18,Microsoft Corporation Inc.,Application,,C:\Program Files\Windows Defender,1.0
8499,AppResolverUX,10.0,Microsoft Corporation Inc.,Application,,C:\Windows\SystemApps\Microsoft.Windows.AppResolverUX_cw5n1h2txyewy,1.0
8499,AsyncTextService,10.0,Microsoft Corporation Inc.,Application,,C:\Windows\SystemApps\Microsoft.AsyncTextService_8wekyb3d8bbwe,1.0
8499,Biometric Enrollment Host,10.0,Microsoft Corporation Inc.,Application,,C:\Windows\SystemApps\Microsoft.BioEnrollment_cw5n1h2txyewy,1.0
8499,BMC Client Management Agent,24.1.01.240624,BMC Software Inc.,Application,,C:\Program Files\BMC Software\Client Management\Client\bin,1.0
8499,BMC Client Management Certificate Generator,24.1.01.240624,BMC Software Inc.,Application,,C:\Program Files\BMC Software\Client Management\Client\bin,1.0
8499,BMC Client Management Chilli Interpreter,24.1.01.240624,BMC Software Inc.,Application,,C:\Program Files\BMC Software\Client Management\Client\bin,1.0
8499,BMC Client Management Direct Access Proxy Agent,24.1.01.240624,BMC Software Inc.,Application,,C:\Program Files\BMC Software\Client Management\Client\bin,1.0
8499,BMC Client Management Opswat Proxy Agent,24.1.01.240624,BMC Software Inc.,Application,,C:\Program Files\BMC Software\Client Management\Client\bin,1.0
8499,BMC Client Management Package Viewer,24.1.01.240624,BMC Software Inc.,Application,,C:\Program Files\BMC Software\Client Management\Client\bin,1.0
8499,BMC Client Management Patch Broker,24.1.01.240624,BMC Software Inc.,Application,,C:\Program Files\BMC Software\Client Management\Client\bin,1.0
8499,BMC Client Management Proxy Agent,24.1.01.240624,BMC Software Inc.,Application,,C:\Program Files\BMC Software\Client Management\Client\bin,1.0
8499,BMC Client Management Remote Control proxy,24.1.01.240624,BMC Software Inc.,Application,,C:\Program Files\BMC Software\Client Management\Client\bin,1.0
8499,BMC Client Management SCAP,24.1.01.240624,BMC Software Inc.,Application,,C:\Program Files\BMC Software\Client Management\Client\bin,1.0
8499,BMC Client Management Video Proxy Agent,24.1.01.240624,BMC Software Inc.,Application,,C:\Program Files\BMC Software\Client Management\Client\bin,1.0
8499,Boot File Servicing Utility,10.0,Microsoft Corporation Inc.,Application,,C:\Windows,1.0
8499,BrowserCore,10.0,Microsoft Corporation Inc.,Application,,C:\Windows\BrowserCore,1.0
8499,Calling App to host call progress on shell,10.0,Microsoft Corporation Inc.,Application,,C:\Windows\SystemApps\Microsoft.Windows.CallingShellApp_cw5n1h2txyewy,1.0
8499,CameraBarcodeScannerPreview,10.0,Microsoft Corporation Inc.,Application,,C:\Windows\SystemApps\Windows.CBSPreview_cw5n1h2txyewy,1.0
8499,ChromeEnterpriseCompanion,143.0,Google LLC,Application,,C:\Windows\SystemTemp\scoped_dir24556_2128991939\scoped_dir24556_763597815,1.0
8499,CL5,9.6,Ivanti,Application,,C:\Program Files\BMC Software\Client Management\Client\data\PatchManagementPremium\workspace,8.0
8499,ClickOnce,4.8,Microsoft Corporation Inc.,Application,,C:\Windows\Microsoft.NET\Framework64\v4.0.30319,3.0
8499,Common User Interface,5.8,Musarubra US LLC.,Application,,C:\Program Files\McAfee\Agent\x86,1.0
8499,Credential Dialog Host,10.0,Microsoft Corporation Inc.,Application,,C:\Windows\SystemApps\microsoft.creddialoghost_cw5n1h2txyewy,1.0
8499,CrowdStrike Device Control,7.29,CrowdStrike Inc.,Add/Remove Programs,"November 14, 2025 12:00:00 AM",,
8499,CrowdStrike Device Control Support Tool,7.29,CrowdStrike Inc.,Application,,C:\Program Files\CrowdStrike,1.0
8499,CrowdStrike Falcon Connector,7.32,CrowdStrike Inc.,Application,,C:\Program Files\CrowdStrike,1.0
8499,CrowdStrike Falcon Sensor,7.32,CrowdStrike Inc.,Application,,C:\Program Files\CrowdStrike,1.0
8499,CrowdStrike Falcon Sensor Controller,7.32,CrowdStrike Inc.,Application,,C:\Program Files\CrowdStrike,1.0
8499,CrowdStrike Falcon Sensor Service,7.32,CrowdStrike Inc.,Application,,C:\Program Files\CrowdStrike,1.0
8499,CrowdStrike Falcon Sensor Servlet Container,7.32,CrowdStrike Inc.,Application,,C:\Program Files\CrowdStrike,1.0
8499,CrowdStrike Falcon Sensor Settings Tool,7.32,CrowdStrike Inc.,Application,,C:\Program Files\CrowdStrike,1.0
8499,CrowdStrike Falcon Sensor System Tray Application,7.32,CrowdStrike Inc.,Application,,C:\Program Files\CrowdStrike,2.0
8499,CrowdStrike Firmware Analysis,7.14,CrowdStrike Inc.,Add/Remove Programs,"April 17, 2025 12:00:00 AM",,
8499,CrowdStrike Firmware Analysis Support Tool,7.14,CrowdStrike Inc.,Application,,C:\Program Files\CrowdStrike,1.0
8499,CrowdStrike Forensic Data Collection Tool,1.0,CrowdStrike Inc.,Application,,C:,2.0
8499,CrowdStrike On-Demand Scan Command-line Tool,7.32,CrowdStrike Inc.,Application,,C:\Program Files\CrowdStrike,1.0
8499,CrowdStrike On-Demand Scan Tool,7.32,CrowdStrike Inc.,Application,,C:\Program Files\CrowdStrike,1.0
8499,CrowdStrike Sensor Platform,7.32,CrowdStrike Inc.,Add/Remove Programs,"January 14, 2026 12:00:00 AM",,
8499,CrowdStrike Windows Sensor,7.32,CrowdStrike Inc.,Add/Remove Programs,"January 14, 2026 12:00:00 AM",,
7962,.NET Runtime Optimization Service,4.8,Microsoft Corporation Inc.,Application,,C:\Windows\Microsoft.NET\Framework64\v4.0.30319,2.0
7962,64Bit MAPI Mail Agent,1.0,Foxit Software Inc.,Application,,C:\Program Files (x86)\Foxit Software\Foxit PDF Reader,1.0
7962,7-Zip 24.08 (x64 edition),24.08,Igor Pavlov,Add/Remove Programs,"November 29, 2024 12:00:00 AM",,
7962,7-Zip Console,24.08,Igor Pavlov,Application,,C:\Program Files\7-Zip,1.0
7962,7-Zip File Manager,24.08,Igor Pavlov,Application,,C:\Program Files\7-Zip,1.0
7962,7-Zip GUI,24.08,Igor Pavlov,Application,,C:\Program Files\7-Zip,1.0
7962,AAD token broker plugin,10.0,Microsoft Corporation Inc.,Application,,C:\Windows\SystemApps\Microsoft.AAD.BrokerPlugin_cw5n1h2txyewy,1.0
7962,Accounts Control Host,10.0,Microsoft Corporation Inc.,Application,,C:\Windows\SystemApps\Microsoft.AccountsControl_cw5n1h2txyewy,1.0
7962,AddSuggestedFoldersToLibraryDialog,10.0,Microsoft Corporation Inc.,Application,,C:\Windows\SystemApps\Microsoft.Windows.AddSuggestedFoldersToLibraryDialog_cw5n1h2txyewy,1.0
7962,Antimalware Service Executable,4.18,Microsoft Corporation Inc.,Application,,C:\Program Files\Windows Defender,1.0
7962,AppResolverUX,10.0,Microsoft Corporation Inc.,Application,,C:\Windows\SystemApps\Microsoft.Windows.AppResolverUX_cw5n1h2txyewy,1.0
7962,AsyncTextService,10.0,Microsoft Corporation Inc.,Application,,C:\Windows\SystemApps\Microsoft.AsyncTextService_8wekyb3d8bbwe,1.0
7962,Biometric Enrollment Host,10.0,Microsoft Corporation Inc.,Application,,C:\Windows\SystemApps\Microsoft.BioEnrollment_cw5n1h2txyewy,1.0
7962,BMC Client Management Agent,24.1.01.240624,BMC Software Inc.,Application,,C:\Program Files\BMC Software\Client Management\Client\bin,1.0
7962,BMC Client Management Certificate Generator,24.1.01.240624,BMC Software Inc.,Application,,C:\Program Files\BMC Software\Client Management\Client\bin,1.0
7962,BMC Client Management Chilli Interpreter,24.1.01.240624,BMC Software Inc.,Application,,C:\Program Files\BMC Software\Client Management\Client\bin,1.0
7962,BMC Client Management Direct Access Proxy Agent,24.1.01.240624,BMC Software Inc.,Application,,C:\Program Files\BMC Software\Client Management\Client\bin,1.0
7962,BMC Client Management Opswat Proxy Agent,24.1.01.240624,BMC Software Inc.,Application,,C:\Program Files\BMC Software\Client Management\Client\bin,1.0
7962,BMC Client Management Package Viewer,24.1.01.240624,BMC Software Inc.,Application,,C:\Program Files\BMC Software\Client Management\Client\bin,1.0
7962,BMC Client Management Patch Broker,24.1.01.240624,BMC Software Inc.,Application,,C:\Program Files\BMC Software\Client Management\Client\bin,1.0
7962,BMC Client Management Proxy Agent,24.1.01.240624,BMC Software Inc.,Application,,C:\Program Files\BMC Software\Client Management\Client\bin,1.0
7962,BMC Client Management Remote Control proxy,24.1.01.240624,BMC Software Inc.,Application,,C:\Program Files\BMC Software\Client Management\Client\bin,1.0
7962,BMC Client Management SCAP,24.1.01.240624,BMC Software Inc.,Application,,C:\Program Files\BMC Software\Client Management\Client\bin,1.0
7962,BMC Client Management Video Proxy Agent,24.1.01.240624,BMC Software Inc.,Application,,C:\Program Files\BMC Software\Client Management\Client\bin,1.0
7962,Boot File Servicing Utility,10.0,Microsoft Corporation Inc.,Application,,C:\Windows,1.0
7962,BrowserCore,10.0,Microsoft Corporation Inc.,Application,,C:\Windows\BrowserCore,1.0
7962,Calling App to host call progress on shell,10.0,Microsoft Corporation Inc.,Application,,C:\Windows\SystemApps\Microsoft.Windows.CallingShellApp_cw5n1h2txyewy,1.0
7962,CameraBarcodeScannerPreview,10.0,Microsoft Corporation Inc.,Application,,C:\Windows\SystemApps\Windows.CBSPreview_cw5n1h2txyewy,1.0
7962,ChromeEnterpriseCompanion,143.0,Google LLC,Application,,C:\Windows\SystemTemp\scoped_dir14000_23496340\scoped_dir14000_976857029,1.0
7962,CL5,9.6,Ivanti,Application,,C:\Program Files\BMC Software\Client Management\Client\data\PatchManagementPremium\workspace,4.0
7962,ClickOnce,4.8,Microsoft Corporation Inc.,Application,,C:\Windows\Microsoft.NET\Framework64\v4.0.30319,3.0
7962,Common User Interface,5.8,Musarubra US LLC.,Application,,C:\Program Files\McAfee\Agent\x86,1.0
7962,Credential Dialog Host,10.0,Microsoft Corporation Inc.,Application,,C:\Windows\SystemApps\microsoft.creddialoghost_cw5n1h2txyewy,1.0
7962,CrowdStrike Device Control,7.29,CrowdStrike Inc.,Add/Remove Programs,"November 14, 2025 12:00:00 AM",,
7962,CrowdStrike Device Control Support Tool,7.29,CrowdStrike Inc.,Application,,C:\Program Files\CrowdStrike,1.0
7962,CrowdStrike Falcon Connector,7.32,CrowdStrike Inc.,Application,,C:\Program Files\CrowdStrike,1.0
7962,CrowdStrike Falcon Sensor,7.32,CrowdStrike Inc.,Application,,C:\Program Files\CrowdStrike,1.0
7962,CrowdStrike Falcon Sensor Controller,7.32,CrowdStrike Inc.,Application,,C:\Program Files\CrowdStrike,1.0
7962,CrowdStrike Falcon Sensor Service,7.32,CrowdStrike Inc.,Application,,C:\Program Files\CrowdStrike,1.0
7962,CrowdStrike Falcon Sensor Servlet Container,7.32,CrowdStrike Inc.,Application,,C:\Program Files\CrowdStrike,1.0
7962,CrowdStrike Falcon Sensor Settings Tool,7.32,CrowdStrike Inc.,Application,,C:\Program Files\CrowdStrike,1.0
7962,CrowdStrike Falcon Sensor System Tray Application,7.32,CrowdStrike Inc.,Application,,C:\Program Files\CrowdStrike,2.0
7962,CrowdStrike Firmware Analysis,7.14,CrowdStrike Inc.,Add/Remove Programs,"July 24, 2025 12:00:00 AM",,
7962,CrowdStrike Firmware Analysis Support Tool,7.14,CrowdStrike Inc.,Application,,C:\Program Files\CrowdStrike,1.0
7962,CrowdStrike Forensic Data Collection Tool,1.0,CrowdStrike Inc.,Application,,C:,2.0
7962,CrowdStrike On-Demand Scan Command-line Tool,7.32,CrowdStrike Inc.,Application,,C:\Program Files\CrowdStrike,1.0
7962,CrowdStrike On-Demand Scan Tool,7.32,CrowdStrike Inc.,Application,,C:\Program Files\CrowdStrike,1.0
7962,CrowdStrike Sensor Platform,7.32,CrowdStrike Inc.,Add/Remove Programs,"January 14, 2026 12:00:00 AM",,
7962,CrowdStrike Windows Sensor,7.32,CrowdStrike Inc.,Add/Remove Programs,"January 14, 2026 12:00:00 AM",,
7962,CrowdStrike Windows Sensor,6.54,CrowdStrike Inc.,Application,,C:\login\crowdstrike,1.0
15688,.NET Runtime Optimization Service,4.8,Microsoft Corporation Inc.,Application,,C:\Windows\Microsoft.NET\Framework64\v4.0.30319,2.0
15688,64Bit MAPI Mail Agent,1.0,Foxit Software Inc.,Application,,C:\Program Files (x86)\Foxit Software\Foxit PDF Reader,1.0
15688,7-Zip 19.00 (x64),19.0,Igor Pavlov,Add/Remove Programs,,C:\Program Files\7-Zip\,
15688,7-Zip Console,19.0,Igor Pavlov,Application,,C:\Program Files\7-Zip,1.0
15688,7-Zip File Manager,19.0,Igor Pavlov,Application,,C:\Program Files\7-Zip,1.0
15688,7-Zip GUI,19.0,Igor Pavlov,Application,,C:\Program Files\7-Zip,1.0
15688,AAD token broker plugin,10.0,Microsoft Corporation Inc.,Application,,C:\Windows\SystemApps\Microsoft.AAD.BrokerPlugin_cw5n1h2txyewy,1.0
15688,Accounts Control Host,10.0,Microsoft Corporation Inc.,Application,,C:\Windows\SystemApps\Microsoft.AccountsControl_cw5n1h2txyewy,1.0
15688,AddSuggestedFoldersToLibraryDialog,10.0,Microsoft Corporation Inc.,Application,,C:\Windows\SystemApps\Microsoft.Windows.AddSuggestedFoldersToLibraryDialog_cw5n1h2txyewy,1.0
15688,Antimalware Service Executable,4.18,Microsoft Corporation Inc.,Application,,C:\Program Files\Windows Defender,1.0
15688,AppResolverUX,10.0,Microsoft Corporation Inc.,Application,,C:\Windows\SystemApps\Microsoft.Windows.AppResolverUX_cw5n1h2txyewy,1.0
15688,AsyncTextService,10.0,Microsoft Corporation Inc.,Application,,C:\Windows\SystemApps\Microsoft.AsyncTextService_8wekyb3d8bbwe,1.0
15688,Biometric Enrollment Host,10.0,Microsoft Corporation Inc.,Application,,C:\Windows\SystemApps\Microsoft.BioEnrollment_cw5n1h2txyewy,1.0
15688,BMC Client Management Agent,24.1.01.240624,BMC Software Inc.,Application,,C:\Program Files\BMC Software\Client Management\Client\bin,1.0
15688,BMC Client Management Certificate Generator,24.1.01.240624,BMC Software Inc.,Application,,C:\Program Files\BMC Software\Client Management\Client\bin,1.0
15688,BMC Client Management Chilli Interpreter,24.1.01.240624,BMC Software Inc.,Application,,C:\Program Files\BMC Software\Client Management\Client\bin,1.0
15688,BMC Client Management Direct Access Proxy Agent,24.1.01.240624,BMC Software Inc.,Application,,C:\Program Files\BMC Software\Client Management\Client\bin,1.0
15688,BMC Client Management Opswat Proxy Agent,24.1.01.240624,BMC Software Inc.,Application,,C:\Program Files\BMC Software\Client Management\Client\bin,1.0
15688,BMC Client Management Package Viewer,24.1.01.240624,BMC Software Inc.,Application,,C:\Program Files\BMC Software\Client Management\Client\bin,1.0
15688,BMC Client Management Patch Broker,24.1.01.240624,BMC Software Inc.,Application,,C:\Program Files\BMC Software\Client Management\Client\bin,1.0
15688,BMC Client Management Proxy Agent,24.1.01.240624,BMC Software Inc.,Application,,C:\Program Files\BMC Software\Client Management\Client\bin,1.0
15688,BMC Client Management Remote Control proxy,24.1.01.240624,BMC Software Inc.,Application,,C:\Program Files\BMC Software\Client Management\Client\bin,1.0
15688,BMC Client Management SCAP,24.1.01.240624,BMC Software Inc.,Application,,C:\Program Files\BMC Software\Client Management\Client\bin,1.0
15688,BMC Client Management Video Proxy Agent,24.1.01.240624,BMC Software Inc.,Application,,C:\Program Files\BMC Software\Client Management\Client\bin,1.0
15688,Boot File Servicing Utility,10.0,Microsoft Corporation Inc.,Application,,C:\Windows,1.0
15688,BrowserCore,10.0,Microsoft Corporation Inc.,Application,,C:\Windows\BrowserCore,1.0
15688,Calling App to host call progress on shell,10.0,Microsoft Corporation Inc.,Application,,C:\Windows\SystemApps\Microsoft.Windows.CallingShellApp_cw5n1h2txyewy,1.0
15688,CameraBarcodeScannerPreview,10.0,Microsoft Corporation Inc.,Application,,C:\Windows\SystemApps\Windows.CBSPreview_cw5n1h2txyewy,1.0
15688,ChromeEnterpriseCompanion,143.0,Google LLC,Application,,C:\Windows\SystemTemp\scoped_dir1456_159366498\scoped_dir1456_576100393,1.0
15688,CL5,9.6,Ivanti,Application,,C:\Program Files\BMC Software\Client Management\Client\data\PatchManagementPremium\workspace,3.0
15688,ClickOnce,4.8,Microsoft Corporation Inc.,Application,,C:\Windows\Microsoft.NET\Framework64\v4.0.30319,3.0
15688,Common User Interface,5.8,Musarubra US LLC.,Application,,C:\Program Files\McAfee\Agent\x86,1.0
15688,Credential Dialog Host,10.0,Microsoft Corporation Inc.,Application,,C:\Windows\SystemApps\microsoft.creddialoghost_cw5n1h2txyewy,1.0
15688,CrowdStrike Device Control,7.29,CrowdStrike Inc.,Add/Remove Programs,"November 14, 2025 12:00:00 AM",,
15688,CrowdStrike Device Control Support Tool,7.29,CrowdStrike Inc.,Application,,C:\Program Files\CrowdStrike,1.0
15688,CrowdStrike Falcon Connector,7.32,CrowdStrike Inc.,Application,,C:\Program Files\CrowdStrike,1.0
15688,CrowdStrike Falcon Sensor,7.32,CrowdStrike Inc.,Application,,C:\Program Files\CrowdStrike,1.0
15688,CrowdStrike Falcon Sensor Controller,7.32,CrowdStrike Inc.,Application,,C:\Program Files\CrowdStrike,1.0
15688,CrowdStrike Falcon Sensor Service,7.32,CrowdStrike Inc.,Application,,C:\Program Files\CrowdStrike,1.0
15688,CrowdStrike Falcon Sensor Servlet Container,7.32,CrowdStrike Inc.,Application,,C:\Program Files\CrowdStrike,1.0
15688,CrowdStrike Falcon Sensor Settings Tool,7.32,CrowdStrike Inc.,Application,,C:\Program Files\CrowdStrike,1.0
15688,CrowdStrike Falcon Sensor System Tray Application,7.32,CrowdStrike Inc.,Application,,C:\Program Files\CrowdStrike,2.0
15688,CrowdStrike Firmware Analysis,7.14,CrowdStrike Inc.,Add/Remove Programs,"May 20, 2025 12:00:00 AM",,
15688,CrowdStrike Firmware Analysis Support Tool,7.14,CrowdStrike Inc.,Application,,C:\Program Files\CrowdStrike,1.0
15688,CrowdStrike On-Demand Scan Command-line Tool,7.32,CrowdStrike Inc.,Application,,C:\Program Files\CrowdStrike,1.0
15688,CrowdStrike On-Demand Scan Tool,7.32,CrowdStrike Inc.,Application,,C:\Program Files\CrowdStrike,1.0
15688,CrowdStrike Sensor Platform,7.32,CrowdStrike Inc.,Add/Remove Programs,"January 14, 2026 12:00:00 AM",,
15688,CrowdStrike Windows Sensor,7.32,CrowdStrike Inc.,Add/Remove Programs,"January 14, 2026 12:00:00 AM",,
15688,CrowdStrike Windows Sensor,6.58,CrowdStrike Inc.,Application,,D:\login\crowdstrike,1.0
15688,CrowdStrike Windows Sensor,7.12,CrowdStrike Inc.,Application,,D:\login\crowdstrike,2.0
8021,.NET Runtime Optimization Service,4.8,Microsoft Corporation Inc.,Application,,C:\Windows\Microsoft.NET\Framework64\v4.0.30319,2.0
8021,64Bit MAPI Mail Agent,1.0,Foxit Software Inc.,Application,,C:\Program Files (x86)\Foxit Software\Foxit PDF Reader,1.0
8021,7-Zip 24.09 (x64),24.09,Igor Pavlov,Add/Remove Programs,,C:\Program Files\7-Zip\,
8021,7-Zip Console,24.09,Igor Pavlov,Application,,C:\Program Files\7-Zip,1.0
8021,7-Zip File Manager,24.09,Igor Pavlov,Application,,C:\Program Files\7-Zip,1.0
8021,7-Zip GUI,24.09,Igor Pavlov,Application,,C:\Program Files\7-Zip,1.0
8021,Accounts Control Host,10.0,Microsoft Corporation Inc.,Application,,C:\Windows\SystemApps\Microsoft.AccountsControl_cw5n1h2txyewy,1.0
8021,AddSuggestedFoldersToLibraryDialog,10.0,Microsoft Corporation Inc.,Application,,C:\Windows\SystemApps\Microsoft.Windows.AddSuggestedFoldersToLibraryDialog_cw5n1h2txyewy,1.0
8021,Antimalware Core Service,4.18,Microsoft Corporation Inc.,Application,,C:\Program Files\Windows Defender,1.0
8021,Antimalware Service Executable,4.18,Microsoft Corporation Inc.,Application,,C:\Program Files\Windows Defender,1.0
8021,AppResolverUX,10.0,Microsoft Corporation Inc.,Application,,C:\Windows\SystemApps\Microsoft.Windows.AppResolverUX_cw5n1h2txyewy,1.0
8021,AsyncTextService,10.0,Microsoft Corporation Inc.,Application,,C:\Windows\SystemApps\Microsoft.AsyncTextService_8wekyb3d8bbwe,1.0
8021,Biometric Enrollment Host,10.0,Microsoft Corporation Inc.,Application,,C:\Windows\SystemApps\Microsoft.BioEnrollment_cw5n1h2txyewy,1.0
8021,BMC Client Management Agent,24.1.01.240624,BMC Software Inc.,Application,,C:\Program Files\BMC Software\Client Management\Client\bin,1.0
8021,BMC Client Management Certificate Generator,24.1.01.240624,BMC Software Inc.,Application,,C:\Program Files\BMC Software\Client Management\Client\bin,1.0
8021,BMC Client Management Chilli Interpreter,24.1.01.240624,BMC Software Inc.,Application,,C:\Program Files\BMC Software\Client Management\Client\bin,1.0
8021,BMC Client Management Direct Access Proxy Agent,24.1.01.240624,BMC Software Inc.,Application,,C:\Program Files\BMC Software\Client Management\Client\bin,1.0
8021,BMC Client Management Opswat Proxy Agent,24.1.01.240624,BMC Software Inc.,Application,,C:\Program Files\BMC Software\Client Management\Client\bin,1.0
8021,BMC Client Management Package Viewer,24.1.01.240624,BMC Software Inc.,Application,,C:\Program Files\BMC Software\Client Management\Client\bin,1.0
8021,BMC Client Management Patch Broker,24.1.01.240624,BMC Software Inc.,Application,,C:\Program Files\BMC Software\Client Management\Client\bin,1.0
8021,BMC Client Management Proxy Agent,24.1.01.240624,BMC Software Inc.,Application,,C:\Program Files\BMC Software\Client Management\Client\bin,1.0
8021,BMC Client Management Remote Control proxy,24.1.01.240624,BMC Software Inc.,Application,,C:\Program Files\BMC Software\Client Management\Client\bin,1.0
8021,BMC Client Management SCAP,24.1.01.240624,BMC Software Inc.,Application,,C:\Program Files\BMC Software\Client Management\Client\bin,1.0
8021,BMC Client Management Video Proxy Agent,24.1.01.240624,BMC Software Inc.,Application,,C:\Program Files\BMC Software\Client Management\Client\bin,1.0
8021,Boot File Servicing Utility,10.0,Microsoft Corporation Inc.,Application,,C:\Windows,1.0
8021,Browser Protection Native Messaging Host,4.18,Microsoft Corporation Inc.,Application,,C:\Program Files\Windows Defender,1.0
8021,BrowserCore,10.0,Microsoft Corporation Inc.,Application,,C:\Windows\BrowserCore,1.0
8021,CameraBarcodeScannerPreview,10.0,Microsoft Corporation Inc.,Application,,C:\Windows\SystemApps\Windows.CBSPreview_cw5n1h2txyewy,1.0
8021,CL5,9.6,Ivanti,Application,,C:\Program Files\BMC Software\Client Management\Client\data\PatchManagementPremium\workspace,1.0
8021,ClickOnce,4.8,Microsoft Corporation Inc.,Application,,C:\Windows\Microsoft.NET\Framework64\v4.0.30319,3.0
8021,Common User Interface,5.8,Musarubra US LLC.,Application,,C:\Program Files\McAfee\Agent\x86,1.0
8021,Credential Dialog Host,10.0,Microsoft Corporation Inc.,Application,,C:\Windows\SystemApps\microsoft.creddialoghost_cw5n1h2txyewy,1.0
8021,CrowdStrike Device Control,7.29,CrowdStrike Inc.,Add/Remove Programs,"November 14, 2025 12:00:00 AM",,
8021,CrowdStrike Device Control Support Tool,7.29,CrowdStrike Inc.,Application,,C:\Program Files\CrowdStrike,1.0
8021,CrowdStrike Falcon Connector,7.31,CrowdStrike Inc.,Application,,C:\Program Files\CrowdStrike,1.0
8021,CrowdStrike Falcon Sensor,7.31,CrowdStrike Inc.,Application,,C:\Program Files\CrowdStrike,1.0
8021,CrowdStrike Falcon Sensor Controller,7.31,CrowdStrike Inc.,Application,,C:\Program Files\CrowdStrike,1.0
8021,CrowdStrike Falcon Sensor Service,7.31,CrowdStrike Inc.,Application,,C:\Program Files\CrowdStrike,1.0
8021,CrowdStrike Falcon Sensor Servlet Container,7.31,CrowdStrike Inc.,Application,,C:\Program Files\CrowdStrike,1.0
8021,CrowdStrike Falcon Sensor Settings Tool,7.31,CrowdStrike Inc.,Application,,C:\Program Files\CrowdStrike,1.0
8021,CrowdStrike Falcon Sensor System Tray Application,7.31,CrowdStrike Inc.,Application,,C:\Program Files\CrowdStrike,2.0
8021,CrowdStrike Firmware Analysis,7.14,CrowdStrike Inc.,Add/Remove Programs,"July 25, 2025 12:00:00 AM",,
8021,CrowdStrike Firmware Analysis Support Tool,7.14,CrowdStrike Inc.,Application,,C:\Program Files\CrowdStrike,1.0
8021,CrowdStrike On-Demand Scan Command-line Tool,7.31,CrowdStrike Inc.,Application,,C:\Program Files\CrowdStrike,1.0
8021,CrowdStrike On-Demand Scan Tool,7.31,CrowdStrike Inc.,Application,,C:\Program Files\CrowdStrike,1.0
8021,CrowdStrike Sensor Platform,7.31,CrowdStrike Inc.,Add/Remove Programs,"December 10, 2025 12:00:00 AM",,
8021,CrowdStrike Windows Sensor,7.31,CrowdStrike Inc.,Add/Remove Programs,"December 10, 2025 12:00:00 AM",,
8021,CxAudioSvc,1.0,Conexant Systems LLC.,Application,,C:\Windows\CxSvc,1.0
8021,EC App,10.0,Microsoft Corporation Inc.,Application,,C:\Windows\SystemApps\Microsoft.ECApp_8wekyb3d8bbwe,1.0
8021,File Explorer,10.0,Microsoft Corporation Inc.,Application,,C:\Windows\SystemApps\Microsoft.Windows.FileExplorer_cw5n1h2txyewy,1.0
17369,.NET Framework,3.0,Microsoft Corporation Inc.,Application,,C:\Windows\Microsoft.NET\Framework64\v3.0\Windows Communication Foundation,2.0
17369,.NET Runtime Optimization Service,2.0,Microsoft Corporation Inc.,Application,,C:\Windows\Microsoft.NET\Framework64\v2.0.50727,2.0
17369,.NET Runtime Optimization Service,4.8,Microsoft Corporation Inc.,Application,,C:\Windows\Microsoft.NET\Framework64\v4.0.30319,2.0
17369,64Bit MAPI Mail Agent,1.0,Foxit Software Inc.,Application,,C:\Program Files (x86)\FOXIT SOFTWARE\FOXIT PDF READER,1.0
17369,7-Zip 24.09 (x64),24.09,Igor Pavlov,Add/Remove Programs,,C:\Program Files\7-Zip\,
17369,7-Zip Console,24.09,Igor Pavlov,Application,,C:\Program Files\7-Zip,1.0
17369,7-Zip File Manager,24.09,Igor Pavlov,Application,,C:\Program Files\7-Zip,1.0
17369,7-Zip GUI,24.09,Igor Pavlov,Application,,C:\Program Files\7-Zip,1.0
17369,Accounts Control Host,10.0,Microsoft Corporation Inc.,Application,,C:\Windows\SystemApps\Microsoft.AccountsControl_cw5n1h2txyewy,1.0
17369,AddSuggestedFoldersToLibraryDialog,10.0,Microsoft Corporation Inc.,Application,,C:\Windows\SystemApps\Microsoft.Windows.AddSuggestedFoldersToLibraryDialog_cw5n1h2txyewy,1.0
17369,Antimalware Core Service,4.18,Microsoft Corporation Inc.,Application,,C:\Program Files\Windows Defender,1.0
17369,AntiMalware Platform Update (amd64fre),4.18,Microsoft Corporation Inc.,Application,,C:\Windows\SystemTemp\F535CD1C-5168-41D5-91F1-3351410320D1MpCommU,4.0
17369,Antimalware Service Executable,4.18,Microsoft Corporation Inc.,Application,,C:\Program Files\Windows Defender,1.0
17369,AppResolverUX,10.0,Microsoft Corporation Inc.,Application,,C:\Windows\SystemApps\Microsoft.Windows.AppResolverUX_cw5n1h2txyewy,1.0
17369,AsyncTextService,10.0,Microsoft Corporation Inc.,Application,,C:\Windows\SystemApps\Microsoft.AsyncTextService_8wekyb3d8bbwe,1.0
17369,Biometric Enrollment Host,10.0,Microsoft Corporation Inc.,Application,,C:\Windows\SystemApps\Microsoft.BioEnrollment_cw5n1h2txyewy,1.0
17369,BMC Client Management Agent,24.1.01.240624,BMC Software Inc.,Application,,C:\Program Files\BMC Software\Client Management\Client\bin,1.0
17369,BMC Client Management Certificate Generator,24.1.01.240624,BMC Software Inc.,Application,,C:\Program Files\BMC Software\Client Management\Client\bin,1.0
17369,BMC Client Management Chilli Interpreter,24.1.01.240624,BMC Software Inc.,Application,,C:\Program Files\BMC Software\Client Management\Client\bin,1.0
17369,BMC Client Management Direct Access Proxy Agent,24.1.01.240624,BMC Software Inc.,Application,,C:\Program Files\BMC Software\Client Management\Client\bin,1.0
17369,BMC Client Management Opswat Proxy Agent,24.1.01.240624,BMC Software Inc.,Application,,C:\Program Files\BMC Software\Client Management\Client\bin,1.0
17369,BMC Client Management Package Viewer,24.1.01.240624,BMC Software Inc.,Application,,C:\Program Files\BMC Software\Client Management\Client\bin,1.0
17369,BMC Client Management Patch Broker,24.1.01.240624,BMC Software Inc.,Application,,C:\Program Files\BMC Software\Client Management\Client\bin,1.0
17369,BMC Client Management Proxy Agent,24.1.01.240624,BMC Software Inc.,Application,,C:\Program Files\BMC Software\Client Management\Client\bin,1.0
17369,BMC Client Management Remote Control proxy,24.1.01.240624,BMC Software Inc.,Application,,C:\Program Files\BMC Software\Client Management\Client\bin,1.0
17369,BMC Client Management SCAP,24.1.01.240624,BMC Software Inc.,Application,,C:\Program Files\BMC Software\Client Management\Client\bin,1.0
17369,BMC Client Management SFX,24.1.01.240624,BMC Software Inc.,Application,,C:\Users\Administrator\Downloads,1.0
17369,BMC Client Management Video Proxy Agent,24.1.01.240624,BMC Software Inc.,Application,,C:\Program Files\BMC Software\Client Management\Client\bin,1.0
17369,Boot File Servicing Utility,10.0,Microsoft Corporation Inc.,Application,,C:\Windows,1.0
17369,Browser Protection Native Messaging Host,4.18,Microsoft Corporation Inc.,Application,,C:\Program Files\Windows Defender,1.0
17369,BrowserCore,10.0,Microsoft Corporation Inc.,Application,,C:\Windows\BrowserCore,1.0
17369,CameraBarcodeScannerPreview,10.0,Microsoft Corporation Inc.,Application,,C:\Windows\SystemApps\Windows.CBSPreview_cw5n1h2txyewy,1.0
17369,ChromeEnterpriseCompanion,143.0,Google LLC,Application,,C:\Windows\SystemTemp\scoped_dir8388_2073644872\scoped_dir8388_2017340442,1.0
17369,CL5,9.6,Ivanti,Application,,C:\Program Files\BMC Software\Client Management\Client\data\PatchManagementPremium\workspace,1.0
17369,ClickOnce,4.8,Microsoft Corporation Inc.,Application,,C:\Windows\Microsoft.NET\Framework64\v4.0.30319,3.0
17369,Common User Interface,5.8,Musarubra US LLC.,Application,,C:\Program Files\McAfee\Agent\x86,1.0
17369,Copilot,143.0,Microsoft Corporation Inc.,Application,,C:\Program Files (x86)\Microsoft\EdgeWebView\Application\143.0.3650.139,2.0
17369,Copilot Update,1.3,Microsoft Corporation Inc.,Application,,C:\Program Files (x86)\Microsoft\EdgeUpdate,2.0
17369,Create a self-signed digital certificate,15.0,Microsoft Corporation Inc.,Application,,C:\Program Files\Microsoft Office\Office15,1.0
17369,Credential Dialog Host,10.0,Microsoft Corporation Inc.,Application,,C:\Windows\SystemApps\microsoft.creddialoghost_cw5n1h2txyewy,1.0
17369,CrowdStrike Windows Sensor,7.12,CrowdStrike Inc.,Application,,C:\login\crowdstrike,1.0
17369,CrowdStrike Windows Sensor,6.58,CrowdStrike Inc.,Application,,C:\login\crowdstrike,1.0
17369,Definition Update for Microsoft Office 2013 (KB3115404) 64-Bit Edition,,Microsoft Corporation Inc.,Add/Remove Programs,,,
17369,EC App,10.0,Microsoft Corporation Inc.,Application,,C:\Windows\SystemApps\Microsoft.ECApp_8wekyb3d8bbwe,1.0
17369,EPSON ´òÓ¡»úÇý¶¯³ÌÐò°²×°¹¤¾ß,5.0,SEIKO EPSON CORPORATION,Application,,C:\login\LX-300+II_Drv_Ver6\WINNT40\SC\SETUP,4.0
17369,EPSON Device Port Operation Utility,2.0,SEIKO EPSON CORPORATION,Application,,C:\login\LX-300+II_Drv_Ver6\WINME\SC\SETUP,36.0
17369,EPSON Device Port Operation Utility for Win32,2.0,SEIKO EPSON CORPORATION,Application,,C:\login\LX-300+II_Drv_Ver6\WINXP\SC\SETUP,24.0
17369,EPSON Device Port Operation Utility for x64,2.0,SEIKO EPSON CORPORATION,Application,,C:\login\LX-300+II_Drv_Ver6\WINVISTA_XP64\SC\SETUP,12.0
17369,EPSON nyomtatóillesztõ-program telepítõje,5.0,SEIKO EPSON CORPORATION,Application,,C:\login\LX-300+II_Drv_Ver6\WINNT40\HU\SETUP,4.0
17369,File Explorer,10.0,Microsoft Corporation Inc.,Application,,C:\Windows\SystemApps\Microsoft.Windows.FileExplorer_cw5n1h2txyewy,1.0
17331,.NET Runtime Optimization Service,4.8,Microsoft Corporation Inc.,Application,,C:\Windows\Microsoft.NET\Framework64\v4.0.30319,2.0
17331,64Bit MAPI Mail Agent,1.0,Foxit Software Inc.,Application,,C:\Program Files (x86)\Foxit Software\Foxit PDF Reader,1.0
17331,7-Zip 23.01 (x64),23.01,Igor Pavlov,Add/Remove Programs,,C:\Program Files\7-Zip\,
17331,7-Zip Console,23.01,Igor Pavlov,Application,,C:\Program Files\7-Zip,1.0
17331,7-Zip File Manager,23.01,Igor Pavlov,Application,,C:\Program Files\7-Zip,1.0
17331,7-Zip GUI,23.01,Igor Pavlov,Application,,C:\Program Files\7-Zip,1.0
17331,Accounts Control Host,10.0,Microsoft Corporation Inc.,Application,,C:\Windows\SystemApps\Microsoft.AccountsControl_cw5n1h2txyewy,1.0
17331,AddSuggestedFoldersToLibraryDialog,10.0,Microsoft Corporation Inc.,Application,,C:\Windows\SystemApps\Microsoft.Windows.AddSuggestedFoldersToLibraryDialog_cw5n1h2txyewy,1.0
17331,Antimalware Core Service,4.18,Microsoft Corporation Inc.,Application,,C:\Program Files\Windows Defender,1.0
17331,Antimalware Service Executable,4.18,Microsoft Corporation Inc.,Application,,C:\Program Files\Windows Defender,1.0
17331,AppFollower,1.3,Conexant Systems Inc.,Application,,C:\Program Files\CONEXANT\Flow,1.0
17331,AppResolverUX,10.0,Microsoft Corporation Inc.,Application,,C:\Windows\SystemApps\Microsoft.Windows.AppResolverUX_cw5n1h2txyewy,1.0
17331,AsyncTextService,10.0,Microsoft Corporation Inc.,Application,,C:\Windows\SystemApps\Microsoft.AsyncTextService_8wekyb3d8bbwe,1.0
17331,Audio Control,4.0,Conexant Systems LLC.,Application,,C:\Program Files\CONEXANT\Install\Audio\SA3\SA3\Dyson,2.0
17331,Audio Controls Control Panel,4.0,Conexant Systems LLC.,Application,,C:\Program Files\CONEXANT\SA3\HP-NB-AIO,3.0
17331,Bang & Olufsen,4.0,Conexant Systems LLC.,Application,,C:\Program Files\CONEXANT\Install\Audio\SA3\SA3\BandO,2.0
17331,Biometric Enrollment Host,10.0,Microsoft Corporation Inc.,Application,,C:\Windows\SystemApps\Microsoft.BioEnrollment_cw5n1h2txyewy,1.0
17331,BMC Client Management Agent,24.1.01.240624,BMC Software Inc.,Application,,C:\Program Files\BMC Software\Client Management\Client\bin,1.0
17331,BMC Client Management Certificate Generator,24.1.01.240624,BMC Software Inc.,Application,,C:\Program Files\BMC Software\Client Management\Client\bin,1.0
17331,BMC Client Management Chilli Interpreter,24.1.01.240624,BMC Software Inc.,Application,,C:\Program Files\BMC Software\Client Management\Client\bin,1.0
17331,BMC Client Management Direct Access Proxy Agent,24.1.01.240624,BMC Software Inc.,Application,,C:\Program Files\BMC Software\Client Management\Client\bin,1.0
17331,BMC Client Management Opswat Proxy Agent,24.1.01.240624,BMC Software Inc.,Application,,C:\Program Files\BMC Software\Client Management\Client\bin,1.0
17331,BMC Client Management Package Viewer,24.1.01.240624,BMC Software Inc.,Application,,C:\Program Files\BMC Software\Client Management\Client\bin,1.0
17331,BMC Client Management Patch Broker,24.1.01.240624,BMC Software Inc.,Application,,C:\Program Files\BMC Software\Client Management\Client\bin,1.0
17331,BMC Client Management Proxy Agent,24.1.01.240624,BMC Software Inc.,Application,,C:\Program Files\BMC Software\Client Management\Client\bin,1.0
17331,BMC Client Management Remote Control proxy,24.1.01.240624,BMC Software Inc.,Application,,C:\Program Files\BMC Software\Client Management\Client\bin,1.0
17331,BMC Client Management SCAP,24.1.01.240624,BMC Software Inc.,Application,,C:\Program Files\BMC Software\Client Management\Client\bin,1.0
17331,BMC Client Management Video Proxy Agent,24.1.01.240624,BMC Software Inc.,Application,,C:\Program Files\BMC Software\Client Management\Client\bin,1.0
17331,Boot File Servicing Utility,10.0,Microsoft Corporation Inc.,Application,,C:\Windows,1.0
17331,Browser Protection Native Messaging Host,4.18,Microsoft Corporation Inc.,Application,,C:\Program Files\Windows Defender,1.0
17331,BrowserCore,10.0,Microsoft Corporation Inc.,Application,,C:\Windows\BrowserCore,1.0
17331,CameraBarcodeScannerPreview,10.0,Microsoft Corporation Inc.,Application,,C:\Windows\SystemApps\Windows.CBSPreview_cw5n1h2txyewy,1.0
17331,ChromeEnterpriseCompanion,143.0,Google LLC,Application,,C:\Windows\SystemTemp\scoped_dir9444_1465346095\scoped_dir9444_1577859735,1.0
17331,CL5,9.6,Ivanti,Application,,C:\Program Files\BMC Software\Client Management\Client\data\PatchManagementPremium\workspace,3.0
17331,ClickOnce,4.8,Microsoft Corporation Inc.,Application,,C:\Windows\Microsoft.NET\Framework64\v4.0.30319,3.0
17331,CnxtNotify,1.0,Conexant Systems Inc.,Application,,C:\Program Files\CONEXANT\SA3\HP-NB-AIO,1.0
17331,Common User Interface,5.8,Musarubra US LLC.,Application,,C:\Program Files\McAfee\Agent\x86,1.0
17331,Copilot,144.0,Microsoft Corporation Inc.,Application,,C:\Program Files (x86)\Microsoft\EdgeWebView\Application\144.0.3719.115,3.0
17331,Copilot Update,1.3,Microsoft Corporation Inc.,Application,,C:\Program Files (x86)\Microsoft\EdgeUpdate,2.0
17331,Credential Dialog Host,10.0,Microsoft Corporation Inc.,Application,,C:\Windows\SystemApps\microsoft.creddialoghost_cw5n1h2txyewy,1.0
17331,CrowdStrike Device Control,7.29,CrowdStrike Inc.,Add/Remove Programs,"November 14, 2025 12:00:00 AM",,
17331,CrowdStrike Device Control Support Tool,7.29,CrowdStrike Inc.,Application,,C:\Program Files\CrowdStrike,1.0
17331,CrowdStrike Falcon Connector,7.32,CrowdStrike Inc.,Application,,C:\Program Files\CrowdStrike,1.0
17331,CrowdStrike Falcon Sensor,7.32,CrowdStrike Inc.,Application,,C:\Program Files\CrowdStrike,1.0
17331,CrowdStrike Falcon Sensor Controller,7.32,CrowdStrike Inc.,Application,,C:\Program Files\CrowdStrike,1.0
17331,CrowdStrike Falcon Sensor Service,7.32,CrowdStrike Inc.,Application,,C:\Program Files\CrowdStrike,1.0
17331,CrowdStrike Falcon Sensor Servlet Container,7.32,CrowdStrike Inc.,Application,,C:\Program Files\CrowdStrike,1.0
17331,CrowdStrike Falcon Sensor Settings Tool,7.32,CrowdStrike Inc.,Application,,C:\Program Files\CrowdStrike,1.0
17331,CrowdStrike Falcon Sensor System Tray Application,7.32,CrowdStrike Inc.,Application,,C:\Program Files\CrowdStrike,2.0
17331,CrowdStrike Firmware Analysis,7.14,CrowdStrike Inc.,Add/Remove Programs,"July 24, 2025 12:00:00 AM",,
14613,.NET Runtime Optimization Service,4.8,Microsoft Corporation Inc.,Application,,C:\Windows\Microsoft.NET\Framework64\v4.0.30319,2.0
14613,64Bit MAPI Mail Agent,1.0,Foxit Software Inc.,Application,,C:\Program Files (x86)\Foxit Software\Foxit PDF Reader,1.0
14613,7-Zip 24.08 (x64),24.08,Igor Pavlov,Add/Remove Programs,,C:\Program Files\7-Zip\,
14613,7-Zip Console,24.08,Igor Pavlov,Application,,C:\Program Files\7-Zip,1.0
14613,7-Zip File Manager,24.08,Igor Pavlov,Application,,C:\Program Files\7-Zip,1.0
14613,7-Zip GUI,24.08,Igor Pavlov,Application,,C:\Program Files\7-Zip,1.0
14613,Accounts Control Host,10.0,Microsoft Corporation Inc.,Application,,C:\Windows\SystemApps\Microsoft.AccountsControl_cw5n1h2txyewy,1.0
14613,AddSuggestedFoldersToLibraryDialog,10.0,Microsoft Corporation Inc.,Application,,C:\Windows\SystemApps\Microsoft.Windows.AddSuggestedFoldersToLibraryDialog_cw5n1h2txyewy,1.0
14613,Antimalware Core Service,4.18,Microsoft Corporation Inc.,Application,,C:\Program Files\Windows Defender,1.0
14613,Antimalware Service Executable,4.18,Microsoft Corporation Inc.,Application,,C:\Program Files\Windows Defender,1.0
14613,AppResolverUX,10.0,Microsoft Corporation Inc.,Application,,C:\Windows\SystemApps\Microsoft.Windows.AppResolverUX_cw5n1h2txyewy,1.0
14613,AsyncTextService,10.0,Microsoft Corporation Inc.,Application,,C:\Windows\SystemApps\Microsoft.AsyncTextService_8wekyb3d8bbwe,1.0
14613,Biometric Enrollment Host,10.0,Microsoft Corporation Inc.,Application,,C:\Windows\SystemApps\Microsoft.BioEnrollment_cw5n1h2txyewy,1.0
14613,BMC Client Management Agent,24.1.01.240624,BMC Software Inc.,Application,,C:\Program Files\BMC Software\Client Management\Client\bin,1.0
14613,BMC Client Management Certificate Generator,24.1.01.240624,BMC Software Inc.,Application,,C:\Program Files\BMC Software\Client Management\Client\bin,1.0
14613,BMC Client Management Chilli Interpreter,24.1.01.240624,BMC Software Inc.,Application,,C:\Program Files\BMC Software\Client Management\Client\bin,1.0
14613,BMC Client Management Direct Access Proxy Agent,24.1.01.240624,BMC Software Inc.,Application,,C:\Program Files\BMC Software\Client Management\Client\bin,1.0
14613,BMC Client Management Opswat Proxy Agent,24.1.01.240624,BMC Software Inc.,Application,,C:\Program Files\BMC Software\Client Management\Client\bin,1.0
14613,BMC Client Management Package Viewer,24.1.01.240624,BMC Software Inc.,Application,,C:\Program Files\BMC Software\Client Management\Client\bin,1.0
14613,BMC Client Management Patch Broker,24.1.01.240624,BMC Software Inc.,Application,,C:\Program Files\BMC Software\Client Management\Client\bin,1.0
14613,BMC Client Management Proxy Agent,24.1.01.240624,BMC Software Inc.,Application,,C:\Program Files\BMC Software\Client Management\Client\bin,1.0
14613,BMC Client Management Remote Control proxy,24.1.01.240624,BMC Software Inc.,Application,,C:\Program Files\BMC Software\Client Management\Client\bin,1.0
14613,BMC Client Management SCAP,24.1.01.240624,BMC Software Inc.,Application,,C:\Program Files\BMC Software\Client Management\Client\bin,1.0
14613,BMC Client Management Video Proxy Agent,24.1.01.240624,BMC Software Inc.,Application,,C:\Program Files\BMC Software\Client Management\Client\bin,1.0
14613,Boot File Servicing Utility,10.0,Microsoft Corporation Inc.,Application,,C:\Windows,1.0
14613,Browser Protection Native Messaging Host,4.18,Microsoft Corporation Inc.,Application,,C:\Program Files\Windows Defender,1.0
14613,BrowserCore,10.0,Microsoft Corporation Inc.,Application,,C:\Windows\BrowserCore,1.0
14613,CameraBarcodeScannerPreview,10.0,Microsoft Corporation Inc.,Application,,C:\Windows\SystemApps\Windows.CBSPreview_cw5n1h2txyewy,1.0
14613,CL5,9.6,Ivanti,Application,,C:\Program Files\BMC Software\Client Management\Client\data\PatchManagementPremium\workspace,1.0
14613,ClickOnce,4.8,Microsoft Corporation Inc.,Application,,C:\Windows\Microsoft.NET\Framework64\v4.0.30319,3.0
14613,Common User Interface,5.8,Musarubra US LLC.,Application,,C:\Program Files\McAfee\Agent\x86,1.0
14613,Copilot,144.0,Microsoft Corporation Inc.,Application,,C:\Program Files (x86)\Microsoft\EdgeWebView\Application\144.0.3719.115,3.0
14613,Copilot Update,1.3,Microsoft Corporation Inc.,Application,,C:\Program Files (x86)\Microsoft\EdgeUpdate,2.0
14613,Credential Dialog Host,10.0,Microsoft Corporation Inc.,Application,,C:\Windows\SystemApps\microsoft.creddialoghost_cw5n1h2txyewy,1.0
14613,CrowdStrike Device Control,7.29,CrowdStrike Inc.,Add/Remove Programs,"November 14, 2025 12:00:00 AM",,
14613,CrowdStrike Device Control Support Tool,7.29,CrowdStrike Inc.,Application,,C:\Program Files\CrowdStrike,1.0
14613,CrowdStrike Falcon Connector,7.32,CrowdStrike Inc.,Application,,C:\Program Files\CrowdStrike,1.0
14613,CrowdStrike Falcon Sensor,7.32,CrowdStrike Inc.,Application,,C:\Program Files\CrowdStrike,1.0
14613,CrowdStrike Falcon Sensor Controller,7.32,CrowdStrike Inc.,Application,,C:\Program Files\CrowdStrike,1.0
14613,CrowdStrike Falcon Sensor Service,7.32,CrowdStrike Inc.,Application,,C:\Program Files\CrowdStrike,1.0
14613,CrowdStrike Falcon Sensor Servlet Container,7.32,CrowdStrike Inc.,Application,,C:\Program Files\CrowdStrike,1.0
14613,CrowdStrike Falcon Sensor Settings Tool,7.32,CrowdStrike Inc.,Application,,C:\Program Files\CrowdStrike,1.0
14613,CrowdStrike Falcon Sensor System Tray Application,7.32,CrowdStrike Inc.,Application,,C:\Program Files\CrowdStrike,2.0
14613,CrowdStrike Firmware Analysis,7.14,CrowdStrike Inc.,Add/Remove Programs,"July 24, 2025 12:00:00 AM",,
14613,CrowdStrike Firmware Analysis Support Tool,7.14,CrowdStrike Inc.,Application,,C:\Program Files\CrowdStrike,1.0
14613,CrowdStrike On-Demand Scan Command-line Tool,7.32,CrowdStrike Inc.,Application,,C:\Program Files\CrowdStrike,1.0
14613,CrowdStrike On-Demand Scan Tool,7.32,CrowdStrike Inc.,Application,,C:\Program Files\CrowdStrike,1.0
14613,CrowdStrike Sensor Platform,7.32,CrowdStrike Inc.,Add/Remove Programs,"January 14, 2026 12:00:00 AM",,
14613,CrowdStrike Windows Sensor,7.32,CrowdStrike Inc.,Add/Remove Programs,"January 14, 2026 12:00:00 AM",,
14613,CxAudioSvc,1.0,Conexant Systems LLC.,Application,,C:\Windows\CxSvc,1.0
14574,.NET Runtime Optimization Service,4.8,Microsoft Corporation Inc.,Application,,C:\Windows\Microsoft.NET\Framework64\v4.0.30319,2.0
14574,64Bit MAPI Mail Agent,1.0,Foxit Software Inc.,Application,,C:\Program Files (x86)\Foxit Software\Foxit PDF Reader,1.0
14574,7-Zip 24.08 (x64),24.08,Igor Pavlov,Add/Remove Programs,,C:\Program Files\7-Zip\,
14574,7-Zip Console,24.08,Igor Pavlov,Application,,C:\Program Files\7-Zip,1.0
14574,7-Zip File Manager,24.08,Igor Pavlov,Application,,C:\Program Files\7-Zip,1.0
14574,7-Zip GUI,24.08,Igor Pavlov,Application,,C:\Program Files\7-Zip,1.0
14574,Accounts Control Host,10.0,Microsoft Corporation Inc.,Application,,C:\Windows\SystemApps\Microsoft.AccountsControl_cw5n1h2txyewy,1.0
14574,AddSuggestedFoldersToLibraryDialog,10.0,Microsoft Corporation Inc.,Application,,C:\Windows\SystemApps\Microsoft.Windows.AddSuggestedFoldersToLibraryDialog_cw5n1h2txyewy,1.0
14574,Antimalware Core Service,4.18,Microsoft Corporation Inc.,Application,,C:\Program Files\Windows Defender,1.0
14574,Antimalware Service Executable,4.18,Microsoft Corporation Inc.,Application,,C:\Program Files\Windows Defender,1.0
14574,AppResolverUX,10.0,Microsoft Corporation Inc.,Application,,C:\Windows\SystemApps\Microsoft.Windows.AppResolverUX_cw5n1h2txyewy,1.0
14574,AsyncTextService,10.0,Microsoft Corporation Inc.,Application,,C:\Windows\SystemApps\Microsoft.AsyncTextService_8wekyb3d8bbwe,1.0
14574,Biometric Enrollment Host,10.0,Microsoft Corporation Inc.,Application,,C:\Windows\SystemApps\Microsoft.BioEnrollment_cw5n1h2txyewy,1.0
14574,BMC Client Management Agent,24.1.01.240624,BMC Software Inc.,Application,,C:\Program Files\BMC Software\Client Management\Client\bin,1.0
14574,BMC Client Management Certificate Generator,24.1.01.240624,BMC Software Inc.,Application,,C:\Program Files\BMC Software\Client Management\Client\bin,1.0
14574,BMC Client Management Chilli Interpreter,24.1.01.240624,BMC Software Inc.,Application,,C:\Program Files\BMC Software\Client Management\Client\bin,1.0
14574,BMC Client Management Direct Access Proxy Agent,24.1.01.240624,BMC Software Inc.,Application,,C:\Program Files\BMC Software\Client Management\Client\bin,1.0
14574,BMC Client Management Opswat Proxy Agent,24.1.01.240624,BMC Software Inc.,Application,,C:\Program Files\BMC Software\Client Management\Client\bin,1.0
14574,BMC Client Management Package Viewer,24.1.01.240624,BMC Software Inc.,Application,,C:\Program Files\BMC Software\Client Management\Client\bin,1.0
14574,BMC Client Management Patch Broker,24.1.01.240624,BMC Software Inc.,Application,,C:\Program Files\BMC Software\Client Management\Client\bin,1.0
14574,BMC Client Management Proxy Agent,24.1.01.240624,BMC Software Inc.,Application,,C:\Program Files\BMC Software\Client Management\Client\bin,1.0
14574,BMC Client Management Remote Control proxy,24.1.01.240624,BMC Software Inc.,Application,,C:\Program Files\BMC Software\Client Management\Client\bin,1.0
14574,BMC Client Management SCAP,24.1.01.240624,BMC Software Inc.,Application,,C:\Program Files\BMC Software\Client Management\Client\bin,1.0
14574,BMC Client Management SFX,24.1.01.240624,BMC Software Inc.,Application,,D:\Data Sharing POS CPDWA\IT,1.0
14574,BMC Client Management Video Proxy Agent,24.1.01.240624,BMC Software Inc.,Application,,C:\Program Files\BMC Software\Client Management\Client\bin,1.0
14574,Boot File Servicing Utility,10.0,Microsoft Corporation Inc.,Application,,C:\Windows,1.0
14574,Browser Protection Native Messaging Host,4.18,Microsoft Corporation Inc.,Application,,C:\Program Files\Windows Defender,1.0
14574,BrowserCore,10.0,Microsoft Corporation Inc.,Application,,C:\Windows\BrowserCore,1.0
14574,CameraBarcodeScannerPreview,10.0,Microsoft Corporation Inc.,Application,,C:\Windows\SystemApps\Windows.CBSPreview_cw5n1h2txyewy,1.0
14574,ChromeEnterpriseCompanion,143.0,Google LLC,Application,,C:\Windows\SystemTemp\scoped_dir8940_1610527750\scoped_dir8940_639979944,1.0
14574,CL5,9.6,Ivanti,Application,,C:\Program Files\BMC Software\Client Management\Client\data\PatchManagementPremium\workspace,1.0
14574,ClickOnce,4.8,Microsoft Corporation Inc.,Application,,C:\Windows\Microsoft.NET\Framework64\v4.0.30319,3.0
14574,Common User Interface,5.8,Musarubra US LLC.,Application,,C:\Program Files\McAfee\Agent\x86,1.0
14574,Copilot,144.0,Microsoft Corporation Inc.,Application,,C:\Program Files (x86)\Microsoft\EdgeWebView\Application\144.0.3719.115,5.0
14574,Copilot Update,1.3,Microsoft Corporation Inc.,Application,,C:\Program Files (x86)\Microsoft\EdgeUpdate,2.0
14574,Credential Dialog Host,10.0,Microsoft Corporation Inc.,Application,,C:\Windows\SystemApps\microsoft.creddialoghost_cw5n1h2txyewy,1.0
14574,CrowdStrike Device Control,7.29,CrowdStrike Inc.,Add/Remove Programs,"November 14, 2025 12:00:00 AM",,
14574,CrowdStrike Device Control Support Tool,7.29,CrowdStrike Inc.,Application,,C:\Program Files\CrowdStrike,1.0
14574,CrowdStrike Falcon Connector,7.32,CrowdStrike Inc.,Application,,C:\Program Files\CrowdStrike,1.0
14574,CrowdStrike Falcon Sensor,7.32,CrowdStrike Inc.,Application,,C:\Program Files\CrowdStrike,1.0
14574,CrowdStrike Falcon Sensor Controller,7.32,CrowdStrike Inc.,Application,,C:\Program Files\CrowdStrike,1.0
14574,CrowdStrike Falcon Sensor Service,7.32,CrowdStrike Inc.,Application,,C:\Program Files\CrowdStrike,1.0
14574,CrowdStrike Falcon Sensor Servlet Container,7.32,CrowdStrike Inc.,Application,,C:\Program Files\CrowdStrike,1.0
14574,CrowdStrike Falcon Sensor Settings Tool,7.32,CrowdStrike Inc.,Application,,C:\Program Files\CrowdStrike,1.0
14574,CrowdStrike Falcon Sensor System Tray Application,7.32,CrowdStrike Inc.,Application,,C:\Program Files\CrowdStrike,2.0
14574,CrowdStrike Firmware Analysis,7.14,CrowdStrike Inc.,Add/Remove Programs,"February 26, 2025 12:00:00 AM",,
14574,CrowdStrike Firmware Analysis Support Tool,7.14,CrowdStrike Inc.,Application,,C:\Program Files\CrowdStrike,1.0
14574,CrowdStrike On-Demand Scan Command-line Tool,7.32,CrowdStrike Inc.,Application,,C:\Program Files\CrowdStrike,1.0
14574,CrowdStrike On-Demand Scan Tool,7.32,CrowdStrike Inc.,Application,,C:\Program Files\CrowdStrike,1.0
14574,CrowdStrike Sensor Platform,7.32,CrowdStrike Inc.,Add/Remove Programs,"January 14, 2026 12:00:00 AM",,
14575,.NET Runtime Optimization Service,4.8,Microsoft Corporation Inc.,Application,,C:\Windows\Microsoft.NET\Framework64\v4.0.30319,2.0
14575,64Bit MAPI Mail Agent,1.0,Foxit Software Inc.,Application,,C:\Program Files (x86)\Foxit Software\Foxit PDF Reader,1.0
14575,7-Zip 24.08 (x64),24.08,Igor Pavlov,Add/Remove Programs,,C:\Program Files\7-Zip\,
14575,7-Zip Console,24.08,Igor Pavlov,Application,,C:\Program Files\7-Zip,1.0
14575,7-Zip File Manager,24.08,Igor Pavlov,Application,,C:\Program Files\7-Zip,1.0
14575,7-Zip GUI,24.08,Igor Pavlov,Application,,C:\Program Files\7-Zip,1.0
14575,Accounts Control Host,10.0,Microsoft Corporation Inc.,Application,,C:\Windows\SystemApps\Microsoft.AccountsControl_cw5n1h2txyewy,1.0
14575,AddSuggestedFoldersToLibraryDialog,10.0,Microsoft Corporation Inc.,Application,,C:\Windows\SystemApps\Microsoft.Windows.AddSuggestedFoldersToLibraryDialog_cw5n1h2txyewy,1.0
14575,Antimalware Core Service,4.18,Microsoft Corporation Inc.,Application,,C:\Program Files\Windows Defender,1.0
14575,Antimalware Service Executable,4.18,Microsoft Corporation Inc.,Application,,C:\Program Files\Windows Defender,1.0
14575,AppResolverUX,10.0,Microsoft Corporation Inc.,Application,,C:\Windows\SystemApps\Microsoft.Windows.AppResolverUX_cw5n1h2txyewy,1.0
14575,AsyncTextService,10.0,Microsoft Corporation Inc.,Application,,C:\Windows\SystemApps\Microsoft.AsyncTextService_8wekyb3d8bbwe,1.0
14575,Biometric Enrollment Host,10.0,Microsoft Corporation Inc.,Application,,C:\Windows\SystemApps\Microsoft.BioEnrollment_cw5n1h2txyewy,1.0
14575,BMC Client Management Agent,24.1.01.240624,BMC Software Inc.,Application,,C:\Program Files\BMC Software\Client Management\Client\bin,1.0
14575,BMC Client Management Certificate Generator,24.1.01.240624,BMC Software Inc.,Application,,C:\Program Files\BMC Software\Client Management\Client\bin,1.0
14575,BMC Client Management Chilli Interpreter,24.1.01.240624,BMC Software Inc.,Application,,C:\Program Files\BMC Software\Client Management\Client\bin,1.0
14575,BMC Client Management Direct Access Proxy Agent,24.1.01.240624,BMC Software Inc.,Application,,C:\Program Files\BMC Software\Client Management\Client\bin,1.0
14575,BMC Client Management Opswat Proxy Agent,24.1.01.240624,BMC Software Inc.,Application,,C:\Program Files\BMC Software\Client Management\Client\bin,1.0
14575,BMC Client Management Package Viewer,24.1.01.240624,BMC Software Inc.,Application,,C:\Program Files\BMC Software\Client Management\Client\bin,1.0
14575,BMC Client Management Patch Broker,24.1.01.240624,BMC Software Inc.,Application,,C:\Program Files\BMC Software\Client Management\Client\bin,1.0
14575,BMC Client Management Proxy Agent,24.1.01.240624,BMC Software Inc.,Application,,C:\Program Files\BMC Software\Client Management\Client\bin,1.0
14575,BMC Client Management Remote Control proxy,24.1.01.240624,BMC Software Inc.,Application,,C:\Program Files\BMC Software\Client Management\Client\bin,1.0
14575,BMC Client Management SCAP,24.1.01.240624,BMC Software Inc.,Application,,C:\Program Files\BMC Software\Client Management\Client\bin,1.0
14575,BMC Client Management Video Proxy Agent,24.1.01.240624,BMC Software Inc.,Application,,C:\Program Files\BMC Software\Client Management\Client\bin,1.0
14575,Boot File Servicing Utility,10.0,Microsoft Corporation Inc.,Application,,C:\Windows,1.0
14575,Browser Protection Native Messaging Host,4.18,Microsoft Corporation Inc.,Application,,C:\Program Files\Windows Defender,1.0
14575,BrowserCore,10.0,Microsoft Corporation Inc.,Application,,C:\Windows\BrowserCore,1.0
14575,CameraBarcodeScannerPreview,10.0,Microsoft Corporation Inc.,Application,,C:\Windows\SystemApps\Windows.CBSPreview_cw5n1h2txyewy,1.0
14575,ChromeEnterpriseCompanion,143.0,Google LLC,Application,,C:\Windows\SystemTemp\scoped_dir1276_2097350118\scoped_dir1276_1209135255,1.0
14575,CL5,9.6,Ivanti,Application,,C:\Program Files\BMC Software\Client Management\Client\data\PatchManagementPremium\workspace,1.0
14575,ClickOnce,4.8,Microsoft Corporation Inc.,Application,,C:\Windows\Microsoft.NET\Framework64\v4.0.30319,3.0
14575,Common User Interface,5.8,Musarubra US LLC.,Application,,C:\Program Files\McAfee\Agent\x86,1.0
14575,Copilot,144.0,Microsoft Corporation Inc.,Application,,C:\Program Files (x86)\Microsoft\EdgeWebView\Application\144.0.3719.115,5.0
14575,Copilot Update,1.3,Microsoft Corporation Inc.,Application,,C:\Program Files (x86)\Microsoft\EdgeUpdate,2.0
14575,Credential Dialog Host,10.0,Microsoft Corporation Inc.,Application,,C:\Windows\SystemApps\microsoft.creddialoghost_cw5n1h2txyewy,1.0
14575,CrowdStrike Device Control,7.29,CrowdStrike Inc.,Add/Remove Programs,"November 14, 2025 12:00:00 AM",,
14575,CrowdStrike Device Control Support Tool,7.29,CrowdStrike Inc.,Application,,C:\Program Files\CrowdStrike,1.0
14575,CrowdStrike Falcon Connector,7.32,CrowdStrike Inc.,Application,,C:\Program Files\CrowdStrike,1.0
14575,CrowdStrike Falcon Sensor,7.32,CrowdStrike Inc.,Application,,C:\Program Files\CrowdStrike,1.0
14575,CrowdStrike Falcon Sensor Controller,7.32,CrowdStrike Inc.,Application,,C:\Program Files\CrowdStrike,1.0
14575,CrowdStrike Falcon Sensor Service,7.32,CrowdStrike Inc.,Application,,C:\Program Files\CrowdStrike,1.0
14575,CrowdStrike Falcon Sensor Servlet Container,7.32,CrowdStrike Inc.,Application,,C:\Program Files\CrowdStrike,1.0
14575,CrowdStrike Falcon Sensor Settings Tool,7.32,CrowdStrike Inc.,Application,,C:\Program Files\CrowdStrike,1.0
14575,CrowdStrike Falcon Sensor System Tray Application,7.32,CrowdStrike Inc.,Application,,C:\Program Files\CrowdStrike,2.0
14575,CrowdStrike Firmware Analysis,7.14,CrowdStrike Inc.,Add/Remove Programs,"April 17, 2025 12:00:00 AM",,
14575,CrowdStrike Firmware Analysis Support Tool,7.14,CrowdStrike Inc.,Application,,C:\Program Files\CrowdStrike,1.0
14575,CrowdStrike On-Demand Scan Command-line Tool,7.32,CrowdStrike Inc.,Application,,C:\Program Files\CrowdStrike,1.0
14575,CrowdStrike On-Demand Scan Tool,7.32,CrowdStrike Inc.,Application,,C:\Program Files\CrowdStrike,1.0
14575,CrowdStrike Sensor Platform,7.32,CrowdStrike Inc.,Add/Remove Programs,"January 14, 2026 12:00:00 AM",,
14575,CrowdStrike Windows Sensor,7.32,CrowdStrike Inc.,Add/Remove Programs,"January 14, 2026 12:00:00 AM",,
14576,.NET Runtime Optimization Service,4.8,Microsoft Corporation Inc.,Application,,C:\Windows\Microsoft.NET\Framework64\v4.0.30319,2.0
14576,64Bit MAPI Mail Agent,1.0,Foxit Software Inc.,Application,,C:\Program Files (x86)\Foxit Software\Foxit PDF Reader,1.0
14576,7-Zip 24.08 (x64),24.08,Igor Pavlov,Add/Remove Programs,,C:\Program Files\7-Zip\,
14576,7-Zip Console,24.08,Igor Pavlov,Application,,C:\Program Files\7-Zip,1.0
14576,7-Zip File Manager,24.08,Igor Pavlov,Application,,C:\Program Files\7-Zip,1.0
14576,7-Zip GUI,24.08,Igor Pavlov,Application,,C:\Program Files\7-Zip,1.0
14576,Accounts Control Host,10.0,Microsoft Corporation Inc.,Application,,C:\Windows\SystemApps\Microsoft.AccountsControl_cw5n1h2txyewy,1.0
14576,AddSuggestedFoldersToLibraryDialog,10.0,Microsoft Corporation Inc.,Application,,C:\Windows\SystemApps\Microsoft.Windows.AddSuggestedFoldersToLibraryDialog_cw5n1h2txyewy,1.0
14576,Antimalware Core Service,4.18,Microsoft Corporation Inc.,Application,,C:\Program Files\Windows Defender,1.0
14576,Antimalware Service Executable,4.18,Microsoft Corporation Inc.,Application,,C:\Program Files\Windows Defender,1.0
14576,AppResolverUX,10.0,Microsoft Corporation Inc.,Application,,C:\Windows\SystemApps\Microsoft.Windows.AppResolverUX_cw5n1h2txyewy,1.0
14576,AsyncTextService,10.0,Microsoft Corporation Inc.,Application,,C:\Windows\SystemApps\Microsoft.AsyncTextService_8wekyb3d8bbwe,1.0
14576,Biometric Enrollment Host,10.0,Microsoft Corporation Inc.,Application,,C:\Windows\SystemApps\Microsoft.BioEnrollment_cw5n1h2txyewy,1.0
14576,BMC Client Management Agent,24.1.01.240624,BMC Software Inc.,Application,,C:\Program Files\BMC Software\Client Management\Client\bin,1.0
14576,BMC Client Management Certificate Generator,24.1.01.240624,BMC Software Inc.,Application,,C:\Program Files\BMC Software\Client Management\Client\bin,1.0
14576,BMC Client Management Chilli Interpreter,24.1.01.240624,BMC Software Inc.,Application,,C:\Program Files\BMC Software\Client Management\Client\bin,1.0
14576,BMC Client Management Direct Access Proxy Agent,24.1.01.240624,BMC Software Inc.,Application,,C:\Program Files\BMC Software\Client Management\Client\bin,1.0
14576,BMC Client Management Opswat Proxy Agent,24.1.01.240624,BMC Software Inc.,Application,,C:\Program Files\BMC Software\Client Management\Client\bin,1.0
14576,BMC Client Management Package Viewer,24.1.01.240624,BMC Software Inc.,Application,,C:\Program Files\BMC Software\Client Management\Client\bin,1.0
14576,BMC Client Management Patch Broker,24.1.01.240624,BMC Software Inc.,Application,,C:\Program Files\BMC Software\Client Management\Client\bin,1.0
14576,BMC Client Management Proxy Agent,24.1.01.240624,BMC Software Inc.,Application,,C:\Program Files\BMC Software\Client Management\Client\bin,1.0
14576,BMC Client Management Remote Control proxy,24.1.01.240624,BMC Software Inc.,Application,,C:\Program Files\BMC Software\Client Management\Client\bin,1.0
14576,BMC Client Management SCAP,24.1.01.240624,BMC Software Inc.,Application,,C:\Program Files\BMC Software\Client Management\Client\bin,1.0
14576,BMC Client Management SFX,24.1.01.240624,BMC Software Inc.,Application,,D:\DATA Sharing POS Dr. Ratna,1.0
14576,BMC Client Management Video Proxy Agent,24.1.01.240624,BMC Software Inc.,Application,,C:\Program Files\BMC Software\Client Management\Client\bin,1.0
14576,Boot File Servicing Utility,10.0,Microsoft Corporation Inc.,Application,,C:\Windows,1.0
14576,Browser Protection Native Messaging Host,4.18,Microsoft Corporation Inc.,Application,,C:\Program Files\Windows Defender,1.0
14576,BrowserCore,10.0,Microsoft Corporation Inc.,Application,,C:\Windows\BrowserCore,1.0
14576,CameraBarcodeScannerPreview,10.0,Microsoft Corporation Inc.,Application,,C:\Windows\SystemApps\Windows.CBSPreview_cw5n1h2txyewy,1.0
14576,ChromeEnterpriseCompanion,143.0,Google LLC,Application,,C:\Windows\SystemTemp\scoped_dir4420_1420314877\scoped_dir4420_692528314,1.0
14576,CL5,9.6,Ivanti,Application,,C:\Program Files\BMC Software\Client Management\Client\data\PatchManagementPremium\workspace,1.0
14576,ClickOnce,4.8,Microsoft Corporation Inc.,Application,,C:\Windows\Microsoft.NET\Framework64\v4.0.30319,3.0
14576,Common User Interface,5.8,Musarubra US LLC.,Application,,C:\Program Files\McAfee\Agent\x86,1.0
14576,Copilot,144.0,Microsoft Corporation Inc.,Application,,C:\Program Files (x86)\Microsoft\EdgeWebView\Application\144.0.3719.115,3.0
14576,Copilot Update,1.3,Microsoft Corporation Inc.,Application,,C:\Program Files (x86)\Microsoft\EdgeUpdate,2.0
14576,Credential Dialog Host,10.0,Microsoft Corporation Inc.,Application,,C:\Windows\SystemApps\microsoft.creddialoghost_cw5n1h2txyewy,1.0
14576,CrowdStrike Device Control,7.29,CrowdStrike Inc.,Add/Remove Programs,"November 14, 2025 12:00:00 AM",,
14576,CrowdStrike Device Control Support Tool,7.29,CrowdStrike Inc.,Application,,C:\Program Files\CrowdStrike,1.0
14576,CrowdStrike Falcon Connector,7.32,CrowdStrike Inc.,Application,,C:\Program Files\CrowdStrike,1.0
14576,CrowdStrike Falcon Sensor,7.32,CrowdStrike Inc.,Application,,C:\Program Files\CrowdStrike,1.0
14576,CrowdStrike Falcon Sensor Controller,7.32,CrowdStrike Inc.,Application,,C:\Program Files\CrowdStrike,1.0
14576,CrowdStrike Falcon Sensor Service,7.32,CrowdStrike Inc.,Application,,C:\Program Files\CrowdStrike,1.0
14576,CrowdStrike Falcon Sensor Servlet Container,7.32,CrowdStrike Inc.,Application,,C:\Program Files\CrowdStrike,1.0
14576,CrowdStrike Falcon Sensor Settings Tool,7.32,CrowdStrike Inc.,Application,,C:\Program Files\CrowdStrike,1.0
14576,CrowdStrike Falcon Sensor System Tray Application,7.32,CrowdStrike Inc.,Application,,C:\Program Files\CrowdStrike,2.0
14576,CrowdStrike Firmware Analysis,7.14,CrowdStrike Inc.,Add/Remove Programs,"March 28, 2025 12:00:00 AM",,
14576,CrowdStrike Firmware Analysis Support Tool,7.14,CrowdStrike Inc.,Application,,C:\Program Files\CrowdStrike,1.0
14576,CrowdStrike On-Demand Scan Command-line Tool,7.32,CrowdStrike Inc.,Application,,C:\Program Files\CrowdStrike,1.0
14576,CrowdStrike On-Demand Scan Tool,7.32,CrowdStrike Inc.,Application,,C:\Program Files\CrowdStrike,1.0
14576,CrowdStrike Sensor Platform,7.32,CrowdStrike Inc.,Add/Remove Programs,"January 14, 2026 12:00:00 AM",,
14948,.NET Runtime Optimization Service,4.8,Microsoft Corporation Inc.,Application,,C:\Windows\Microsoft.NET\Framework64\v4.0.30319,2.0
14948,64Bit MAPI Mail Agent,1.0,Foxit Software Inc.,Application,,C:\Program Files (x86)\Foxit Software\Foxit PDF Reader,1.0
14948,7-Zip 24.08 (x64),24.08,Igor Pavlov,Add/Remove Programs,,C:\Program Files\7-Zip\,
14948,7-Zip Console,24.08,Igor Pavlov,Application,,C:\Program Files\7-Zip,1.0
14948,7-Zip File Manager,24.08,Igor Pavlov,Application,,C:\Program Files\7-Zip,1.0
14948,7-Zip GUI,24.08,Igor Pavlov,Application,,C:\Program Files\7-Zip,1.0
14948,Accounts Control Host,10.0,Microsoft Corporation Inc.,Application,,C:\Windows\SystemApps\Microsoft.AccountsControl_cw5n1h2txyewy,1.0
14948,AddSuggestedFoldersToLibraryDialog,10.0,Microsoft Corporation Inc.,Application,,C:\Windows\SystemApps\Microsoft.Windows.AddSuggestedFoldersToLibraryDialog_cw5n1h2txyewy,1.0
14948,Antimalware Core Service,4.18,Microsoft Corporation Inc.,Application,,C:\Program Files\Windows Defender,1.0
14948,AntiMalware Platform Update (amd64fre),4.18,Microsoft Corporation Inc.,Application,,C:\Windows\SystemTemp\6756E8BA-00BA-433A-A60B-E864BCDCF27DMpCommU,1.0
14948,Antimalware Service Executable,4.18,Microsoft Corporation Inc.,Application,,C:\Program Files\Windows Defender,1.0
14948,AppResolverUX,10.0,Microsoft Corporation Inc.,Application,,C:\Windows\SystemApps\Microsoft.Windows.AppResolverUX_cw5n1h2txyewy,1.0
14948,AsyncTextService,10.0,Microsoft Corporation Inc.,Application,,C:\Windows\SystemApps\Microsoft.AsyncTextService_8wekyb3d8bbwe,1.0
14948,Biometric Enrollment Host,10.0,Microsoft Corporation Inc.,Application,,C:\Windows\SystemApps\Microsoft.BioEnrollment_cw5n1h2txyewy,1.0
14948,BMC Client Management Agent,24.1.01.240624,BMC Software Inc.,Application,,C:\Program Files\BMC Software\Client Management\Client\bin,1.0
14948,BMC Client Management Certificate Generator,24.1.01.240624,BMC Software Inc.,Application,,C:\Program Files\BMC Software\Client Management\Client\bin,1.0
14948,BMC Client Management Chilli Interpreter,24.1.01.240624,BMC Software Inc.,Application,,C:\Program Files\BMC Software\Client Management\Client\bin,1.0
14948,BMC Client Management Direct Access Proxy Agent,24.1.01.240624,BMC Software Inc.,Application,,C:\Program Files\BMC Software\Client Management\Client\bin,1.0
14948,BMC Client Management Opswat Proxy Agent,24.1.01.240624,BMC Software Inc.,Application,,C:\Program Files\BMC Software\Client Management\Client\bin,1.0
14948,BMC Client Management Package Viewer,24.1.01.240624,BMC Software Inc.,Application,,C:\Program Files\BMC Software\Client Management\Client\bin,1.0
14948,BMC Client Management Patch Broker,24.1.01.240624,BMC Software Inc.,Application,,C:\Program Files\BMC Software\Client Management\Client\bin,1.0
14948,BMC Client Management Proxy Agent,24.1.01.240624,BMC Software Inc.,Application,,C:\Program Files\BMC Software\Client Management\Client\bin,1.0
14948,BMC Client Management Remote Control proxy,24.1.01.240624,BMC Software Inc.,Application,,C:\Program Files\BMC Software\Client Management\Client\bin,1.0
14948,BMC Client Management SCAP,24.1.01.240624,BMC Software Inc.,Application,,C:\Program Files\BMC Software\Client Management\Client\bin,1.0
14948,BMC Client Management SFX,24.1.01.240624,BMC Software Inc.,Application,,D:\pos,1.0
14948,BMC Client Management Video Proxy Agent,24.1.01.240624,BMC Software Inc.,Application,,C:\Program Files\BMC Software\Client Management\Client\bin,1.0
14948,Boot File Servicing Utility,10.0,Microsoft Corporation Inc.,Application,,C:\Windows,1.0
14948,Browser Protection Native Messaging Host,4.18,Microsoft Corporation Inc.,Application,,C:\Program Files\Windows Defender,1.0
14948,BrowserCore,10.0,Microsoft Corporation Inc.,Application,,C:\Windows\BrowserCore,1.0
14948,CameraBarcodeScannerPreview,10.0,Microsoft Corporation Inc.,Application,,C:\Windows\SystemApps\Windows.CBSPreview_cw5n1h2txyewy,1.0
14948,ChromeEnterpriseCompanion,143.0,Google LLC,Application,,C:\Windows\SystemTemp\scoped_dir17264_1014160106\scoped_dir17264_1340211203,1.0
14948,CL5,9.6,Ivanti,Application,,C:\Program Files\BMC Software\Client Management\Client\data\PatchManagementPremium\workspace,1.0
14948,ClickOnce,4.8,Microsoft Corporation Inc.,Application,,C:\Windows\Microsoft.NET\Framework64\v4.0.30319,3.0
14948,Common User Interface,5.8,Musarubra US LLC.,Application,,C:\Program Files\McAfee\Agent\x86,1.0
14948,Copilot,144.0,Microsoft Corporation Inc.,Application,,C:\Program Files (x86)\Microsoft\EdgeWebView\Application\144.0.3719.115,3.0
14948,Copilot Update,1.3,Microsoft Corporation Inc.,Application,,C:\Program Files (x86)\Microsoft\EdgeUpdate,2.0
14948,Credential Dialog Host,10.0,Microsoft Corporation Inc.,Application,,C:\Windows\SystemApps\microsoft.creddialoghost_cw5n1h2txyewy,1.0
14948,CrowdStrike Device Control,7.29,CrowdStrike Inc.,Add/Remove Programs,"November 14, 2025 12:00:00 AM",,
14948,CrowdStrike Device Control Support Tool,7.29,CrowdStrike Inc.,Application,,C:\Program Files\CrowdStrike,1.0
14948,CrowdStrike Falcon Connector,7.32,CrowdStrike Inc.,Application,,C:\Program Files\CrowdStrike,1.0
14948,CrowdStrike Falcon Sensor,7.32,CrowdStrike Inc.,Application,,C:\Program Files\CrowdStrike,1.0
14948,CrowdStrike Falcon Sensor Controller,7.32,CrowdStrike Inc.,Application,,C:\Program Files\CrowdStrike,1.0
14948,CrowdStrike Falcon Sensor Service,7.32,CrowdStrike Inc.,Application,,C:\Program Files\CrowdStrike,1.0
14948,CrowdStrike Falcon Sensor Servlet Container,7.32,CrowdStrike Inc.,Application,,C:\Program Files\CrowdStrike,1.0
14948,CrowdStrike Falcon Sensor Settings Tool,7.32,CrowdStrike Inc.,Application,,C:\Program Files\CrowdStrike,1.0
14948,CrowdStrike Falcon Sensor System Tray Application,7.32,CrowdStrike Inc.,Application,,C:\Program Files\CrowdStrike,2.0
14948,CrowdStrike Firmware Analysis,7.14,CrowdStrike Inc.,Add/Remove Programs,"July 24, 2025 12:00:00 AM",,
14948,CrowdStrike Firmware Analysis Support Tool,7.14,CrowdStrike Inc.,Application,,C:\Program Files\CrowdStrike,1.0
14948,CrowdStrike On-Demand Scan Command-line Tool,7.32,CrowdStrike Inc.,Application,,C:\Program Files\CrowdStrike,1.0
14948,CrowdStrike On-Demand Scan Tool,7.32,CrowdStrike Inc.,Application,,C:\Program Files\CrowdStrike,1.0
14891,.NET Runtime Optimization Service,4.8,Microsoft Corporation Inc.,Application,,C:\Windows\Microsoft.NET\Framework64\v4.0.30319,2.0
14891,64Bit MAPI Mail Agent,1.0,Foxit Software Inc.,Application,,C:\Program Files (x86)\Foxit Software\Foxit PDF Reader,1.0
14891,7-Zip 24.08 (x64),24.08,Igor Pavlov,Add/Remove Programs,,C:\Program Files\7-Zip\,
14891,7-Zip Console,24.08,Igor Pavlov,Application,,C:\Program Files\7-Zip,1.0
14891,7-Zip File Manager,24.08,Igor Pavlov,Application,,C:\Program Files\7-Zip,1.0
14891,7-Zip GUI,24.08,Igor Pavlov,Application,,C:\Program Files\7-Zip,1.0
14891,Accounts Control Host,10.0,Microsoft Corporation Inc.,Application,,C:\Windows\SystemApps\Microsoft.AccountsControl_cw5n1h2txyewy,1.0
14891,AddSuggestedFoldersToLibraryDialog,10.0,Microsoft Corporation Inc.,Application,,C:\Windows\SystemApps\Microsoft.Windows.AddSuggestedFoldersToLibraryDialog_cw5n1h2txyewy,1.0
14891,Antimalware Core Service,4.18,Microsoft Corporation Inc.,Application,,C:\Program Files\Windows Defender,1.0
14891,Antimalware Service Executable,4.18,Microsoft Corporation Inc.,Application,,C:\Program Files\Windows Defender,1.0
14891,AppResolverUX,10.0,Microsoft Corporation Inc.,Application,,C:\Windows\SystemApps\Microsoft.Windows.AppResolverUX_cw5n1h2txyewy,1.0
14891,AsyncTextService,10.0,Microsoft Corporation Inc.,Application,,C:\Windows\SystemApps\Microsoft.AsyncTextService_8wekyb3d8bbwe,1.0
14891,Biometric Enrollment Host,10.0,Microsoft Corporation Inc.,Application,,C:\Windows\SystemApps\Microsoft.BioEnrollment_cw5n1h2txyewy,1.0
14891,BMC Client Management Agent,24.1.01.240624,BMC Software Inc.,Application,,C:\Program Files\BMC Software\Client Management\Client\bin,1.0
14891,BMC Client Management Certificate Generator,24.1.01.240624,BMC Software Inc.,Application,,C:\Program Files\BMC Software\Client Management\Client\bin,1.0
14891,BMC Client Management Chilli Interpreter,24.1.01.240624,BMC Software Inc.,Application,,C:\Program Files\BMC Software\Client Management\Client\bin,1.0
14891,BMC Client Management Direct Access Proxy Agent,24.1.01.240624,BMC Software Inc.,Application,,C:\Program Files\BMC Software\Client Management\Client\bin,1.0
14891,BMC Client Management Opswat Proxy Agent,24.1.01.240624,BMC Software Inc.,Application,,C:\Program Files\BMC Software\Client Management\Client\bin,1.0
14891,BMC Client Management Package Viewer,24.1.01.240624,BMC Software Inc.,Application,,C:\Program Files\BMC Software\Client Management\Client\bin,1.0
14891,BMC Client Management Patch Broker,24.1.01.240624,BMC Software Inc.,Application,,C:\Program Files\BMC Software\Client Management\Client\bin,1.0
14891,BMC Client Management Proxy Agent,24.1.01.240624,BMC Software Inc.,Application,,C:\Program Files\BMC Software\Client Management\Client\bin,1.0
14891,BMC Client Management Remote Control proxy,24.1.01.240624,BMC Software Inc.,Application,,C:\Program Files\BMC Software\Client Management\Client\bin,1.0
14891,BMC Client Management SCAP,24.1.01.240624,BMC Software Inc.,Application,,C:\Program Files\BMC Software\Client Management\Client\bin,1.0
14891,BMC Client Management SFX,24.1.01.240624,BMC Software Inc.,Application,,D:\pos,1.0
14891,BMC Client Management Video Proxy Agent,24.1.01.240624,BMC Software Inc.,Application,,C:\Program Files\BMC Software\Client Management\Client\bin,1.0
14891,Boot File Servicing Utility,10.0,Microsoft Corporation Inc.,Application,,C:\Windows,1.0
14891,Browser Protection Native Messaging Host,4.18,Microsoft Corporation Inc.,Application,,C:\Program Files\Windows Defender,1.0
14891,BrowserCore,10.0,Microsoft Corporation Inc.,Application,,C:\Windows\BrowserCore,1.0
14891,CameraBarcodeScannerPreview,10.0,Microsoft Corporation Inc.,Application,,C:\Windows\SystemApps\Windows.CBSPreview_cw5n1h2txyewy,1.0
14891,CL5,9.6,Ivanti,Application,,C:\Program Files\BMC Software\Client Management\Client\data\PatchManagementPremium\workspace,1.0
14891,ClickOnce,4.8,Microsoft Corporation Inc.,Application,,C:\Windows\Microsoft.NET\Framework64\v4.0.30319,3.0
14891,Common User Interface,5.8,Musarubra US LLC.,Application,,C:\Program Files\McAfee\Agent\x86,1.0
14891,Copilot,144.0,Microsoft Corporation Inc.,Application,,C:\Program Files (x86)\Microsoft\EdgeWebView\Application\144.0.3719.115,5.0
14891,Copilot Update,1.3,Microsoft Corporation Inc.,Application,,C:\Program Files (x86)\Microsoft\EdgeUpdate,2.0
14891,Credential Dialog Host,10.0,Microsoft Corporation Inc.,Application,,C:\Windows\SystemApps\microsoft.creddialoghost_cw5n1h2txyewy,1.0
14891,CrowdStrike Device Control,7.29,CrowdStrike Inc.,Add/Remove Programs,"November 14, 2025 12:00:00 AM",,
14891,CrowdStrike Device Control Support Tool,7.29,CrowdStrike Inc.,Application,,C:\Program Files\CrowdStrike,1.0
14891,CrowdStrike Falcon Connector,7.32,CrowdStrike Inc.,Application,,C:\Program Files\CrowdStrike,1.0
14891,CrowdStrike Falcon Sensor,7.32,CrowdStrike Inc.,Application,,C:\Program Files\CrowdStrike,1.0
14891,CrowdStrike Falcon Sensor Controller,7.32,CrowdStrike Inc.,Application,,C:\Program Files\CrowdStrike,1.0
14891,CrowdStrike Falcon Sensor Service,7.32,CrowdStrike Inc.,Application,,C:\Program Files\CrowdStrike,1.0
14891,CrowdStrike Falcon Sensor Servlet Container,7.32,CrowdStrike Inc.,Application,,C:\Program Files\CrowdStrike,1.0
14891,CrowdStrike Falcon Sensor Settings Tool,7.32,CrowdStrike Inc.,Application,,C:\Program Files\CrowdStrike,1.0
14891,CrowdStrike Falcon Sensor System Tray Application,7.32,CrowdStrike Inc.,Application,,C:\Program Files\CrowdStrike,2.0
14891,CrowdStrike Firmware Analysis,7.14,CrowdStrike Inc.,Add/Remove Programs,"June 18, 2025 12:00:00 AM",,
14891,CrowdStrike Firmware Analysis Support Tool,7.14,CrowdStrike Inc.,Application,,C:\Program Files\CrowdStrike,1.0
14891,CrowdStrike On-Demand Scan Command-line Tool,7.32,CrowdStrike Inc.,Application,,C:\Program Files\CrowdStrike,1.0
14891,CrowdStrike On-Demand Scan Tool,7.32,CrowdStrike Inc.,Application,,C:\Program Files\CrowdStrike,1.0
14891,CrowdStrike Sensor Platform,7.32,CrowdStrike Inc.,Add/Remove Programs,"January 14, 2026 12:00:00 AM",,
14891,CrowdStrike Windows Sensor,7.32,CrowdStrike Inc.,Add/Remove Programs,"January 14, 2026 12:00:00 AM",,
17354,.NET Runtime Optimization Service,4.8,Microsoft Corporation Inc.,Application,,C:\Windows\Microsoft.NET\Framework64\v4.0.30319,2.0
17354,64Bit MAPI Mail Agent,1.0,Foxit Software Inc.,Application,,C:\Program Files (x86)\Foxit Software\Foxit PDF Reader,1.0
17354,7-Zip 23.01 (x64),23.01,Igor Pavlov,Add/Remove Programs,,C:\Program Files\7-Zip\,
17354,7-Zip Console,23.01,Igor Pavlov,Application,,C:\Program Files\7-Zip,1.0
17354,7-Zip File Manager,23.01,Igor Pavlov,Application,,C:\Program Files\7-Zip,1.0
17354,7-Zip GUI,23.01,Igor Pavlov,Application,,C:\Program Files\7-Zip,1.0
17354,Accounts Control Host,10.0,Microsoft Corporation Inc.,Application,,C:\Windows\SystemApps\Microsoft.AccountsControl_cw5n1h2txyewy,1.0
17354,AddSuggestedFoldersToLibraryDialog,10.0,Microsoft Corporation Inc.,Application,,C:\Windows\SystemApps\Microsoft.Windows.AddSuggestedFoldersToLibraryDialog_cw5n1h2txyewy,1.0
17354,Antimalware Core Service,4.18,Microsoft Corporation Inc.,Application,,C:\Program Files\Windows Defender,1.0
17354,AntiMalware Platform Update (amd64fre),4.18,Microsoft Corporation Inc.,Application,,C:\Windows\SystemTemp\EDAB3945-BCEF-4E5B-B77B-F3ACEF83E27FMpCommU,1.0
17354,Antimalware Service Executable,4.18,Microsoft Corporation Inc.,Application,,C:\Program Files\Windows Defender,1.0
17354,AppFollower,1.3,Conexant Systems Inc.,Application,,C:\Program Files\CONEXANT\Flow,1.0
17354,AppResolverUX,10.0,Microsoft Corporation Inc.,Application,,C:\Windows\SystemApps\Microsoft.Windows.AppResolverUX_cw5n1h2txyewy,1.0
17354,AsyncTextService,10.0,Microsoft Corporation Inc.,Application,,C:\Windows\SystemApps\Microsoft.AsyncTextService_8wekyb3d8bbwe,1.0
17354,Audio Control,4.0,Conexant Systems LLC.,Application,,C:\Program Files\CONEXANT\Install\Audio\SA3\SA3\Dyson,2.0
17354,Audio Controls Control Panel,4.0,Conexant Systems LLC.,Application,,C:\Program Files\CONEXANT\SA3\HP-NB-AIO,3.0
17354,Bang & Olufsen,4.0,Conexant Systems LLC.,Application,,C:\Program Files\CONEXANT\Install\Audio\SA3\SA3\BandO,2.0
17354,Biometric Enrollment Host,10.0,Microsoft Corporation Inc.,Application,,C:\Windows\SystemApps\Microsoft.BioEnrollment_cw5n1h2txyewy,1.0
17354,BMC Client Management Agent,24.1.01.240624,BMC Software Inc.,Application,,C:\Program Files\BMC Software\Client Management\Client\bin,1.0
17354,BMC Client Management Certificate Generator,24.1.01.240624,BMC Software Inc.,Application,,C:\Program Files\BMC Software\Client Management\Client\bin,1.0
17354,BMC Client Management Chilli Interpreter,24.1.01.240624,BMC Software Inc.,Application,,C:\Program Files\BMC Software\Client Management\Client\bin,1.0
17354,BMC Client Management Direct Access Proxy Agent,24.1.01.240624,BMC Software Inc.,Application,,C:\Program Files\BMC Software\Client Management\Client\bin,1.0
17354,BMC Client Management Opswat Proxy Agent,24.1.01.240624,BMC Software Inc.,Application,,C:\Program Files\BMC Software\Client Management\Client\bin,1.0
17354,BMC Client Management Package Viewer,24.1.01.240624,BMC Software Inc.,Application,,C:\Program Files\BMC Software\Client Management\Client\bin,1.0
17354,BMC Client Management Patch Broker,24.1.01.240624,BMC Software Inc.,Application,,C:\Program Files\BMC Software\Client Management\Client\bin,1.0
17354,BMC Client Management Proxy Agent,24.1.01.240624,BMC Software Inc.,Application,,C:\Program Files\BMC Software\Client Management\Client\bin,1.0
17354,BMC Client Management Remote Control proxy,24.1.01.240624,BMC Software Inc.,Application,,C:\Program Files\BMC Software\Client Management\Client\bin,1.0
17354,BMC Client Management SCAP,24.1.01.240624,BMC Software Inc.,Application,,C:\Program Files\BMC Software\Client Management\Client\bin,1.0
17354,BMC Client Management SFX,24.1.01.240624,BMC Software Inc.,Application,,D:\crowdstrike,1.0
17354,BMC Client Management Video Proxy Agent,24.1.01.240624,BMC Software Inc.,Application,,C:\Program Files\BMC Software\Client Management\Client\bin,1.0
17354,Boot File Servicing Utility,10.0,Microsoft Corporation Inc.,Application,,C:\Windows,1.0
17354,Browser Protection Native Messaging Host,4.18,Microsoft Corporation Inc.,Application,,C:\Program Files\Windows Defender,1.0
17354,BrowserCore,10.0,Microsoft Corporation Inc.,Application,,C:\Windows\BrowserCore,1.0
17354,CameraBarcodeScannerPreview,10.0,Microsoft Corporation Inc.,Application,,C:\Windows\SystemApps\Windows.CBSPreview_cw5n1h2txyewy,1.0
17354,CL5,9.6,Ivanti,Application,,C:\Program Files\BMC Software\Client Management\Client\data\PatchManagementPremium\workspace,1.0
17354,ClickOnce,4.8,Microsoft Corporation Inc.,Application,,C:\Windows\Microsoft.NET\Framework64\v4.0.30319,3.0
17354,CnxtNotify,1.0,Conexant Systems Inc.,Application,,C:\Program Files\CONEXANT\SA3\HP-NB-AIO,1.0
17354,Common User Interface,5.8,Musarubra US LLC.,Application,,C:\Program Files\McAfee\Agent\x86,1.0
17354,Copilot,144.0,Microsoft Corporation Inc.,Application,,C:\Program Files (x86)\Microsoft\EdgeWebView\Application\144.0.3719.115,3.0
17354,Copilot Update,1.3,Microsoft Corporation Inc.,Application,,C:\Program Files (x86)\Microsoft\EdgeUpdate,2.0
17354,Credential Dialog Host,10.0,Microsoft Corporation Inc.,Application,,C:\Windows\SystemApps\microsoft.creddialoghost_cw5n1h2txyewy,1.0
17354,CrowdStrike Device Control,7.29,CrowdStrike Inc.,Add/Remove Programs,"November 14, 2025 12:00:00 AM",,
17354,CrowdStrike Device Control Support Tool,7.29,CrowdStrike Inc.,Application,,C:\Program Files\CrowdStrike,1.0
17354,CrowdStrike Falcon Connector,7.32,CrowdStrike Inc.,Application,,C:\Program Files\CrowdStrike,1.0
17354,CrowdStrike Falcon Sensor,7.32,CrowdStrike Inc.,Application,,C:\Program Files\CrowdStrike,1.0
17354,CrowdStrike Falcon Sensor Controller,7.32,CrowdStrike Inc.,Application,,C:\Program Files\CrowdStrike,1.0
17354,CrowdStrike Falcon Sensor Service,7.32,CrowdStrike Inc.,Application,,C:\Program Files\CrowdStrike,1.0
17354,CrowdStrike Falcon Sensor Servlet Container,7.32,CrowdStrike Inc.,Application,,C:\Program Files\CrowdStrike,1.0
17354,CrowdStrike Falcon Sensor Settings Tool,7.32,CrowdStrike Inc.,Application,,C:\Program Files\CrowdStrike,1.0
17354,CrowdStrike Falcon Sensor System Tray Application,7.32,CrowdStrike Inc.,Application,,C:\Program Files\CrowdStrike,2.0
14914,.NET Runtime Optimization Service,4.8,Microsoft Corporation Inc.,Application,,C:\Windows\Microsoft.NET\Framework64\v4.0.30319,2.0
14914,64Bit MAPI Mail Agent,1.0,Foxit Software Inc.,Application,,C:\Program Files (x86)\Foxit Software\Foxit PDF Reader,1.0
14914,7-Zip 24.08 (x64),24.08,Igor Pavlov,Add/Remove Programs,,C:\Program Files\7-Zip\,
14914,7-Zip Console,24.08,Igor Pavlov,Application,,C:\Program Files\7-Zip,1.0
14914,7-Zip File Manager,24.08,Igor Pavlov,Application,,C:\Program Files\7-Zip,1.0
14914,7-Zip GUI,24.08,Igor Pavlov,Application,,C:\Program Files\7-Zip,1.0
14914,Accounts Control Host,10.0,Microsoft Corporation Inc.,Application,,C:\Windows\SystemApps\Microsoft.AccountsControl_cw5n1h2txyewy,1.0
14914,AddSuggestedFoldersToLibraryDialog,10.0,Microsoft Corporation Inc.,Application,,C:\Windows\SystemApps\Microsoft.Windows.AddSuggestedFoldersToLibraryDialog_cw5n1h2txyewy,1.0
14914,Antimalware Core Service,4.18,Microsoft Corporation Inc.,Application,,C:\Program Files\Windows Defender,1.0
14914,AntiMalware Platform Update (amd64fre),4.18,Microsoft Corporation Inc.,Application,,C:\Windows\SystemTemp\41B4F33A-3C4F-431E-8ED8-C04B57B592B8MpCommU,1.0
14914,Antimalware Service Executable,4.18,Microsoft Corporation Inc.,Application,,C:\Program Files\Windows Defender,1.0
14914,AppResolverUX,10.0,Microsoft Corporation Inc.,Application,,C:\Windows\SystemApps\Microsoft.Windows.AppResolverUX_cw5n1h2txyewy,1.0
14914,AsyncTextService,10.0,Microsoft Corporation Inc.,Application,,C:\Windows\SystemApps\Microsoft.AsyncTextService_8wekyb3d8bbwe,1.0
14914,Biometric Enrollment Host,10.0,Microsoft Corporation Inc.,Application,,C:\Windows\SystemApps\Microsoft.BioEnrollment_cw5n1h2txyewy,1.0
14914,BMC Client Management Agent,24.1.01.240624,BMC Software Inc.,Application,,C:\Program Files\BMC Software\Client Management\Client\bin,1.0
14914,BMC Client Management Certificate Generator,24.1.01.240624,BMC Software Inc.,Application,,C:\Program Files\BMC Software\Client Management\Client\bin,1.0
14914,BMC Client Management Chilli Interpreter,24.1.01.240624,BMC Software Inc.,Application,,C:\Program Files\BMC Software\Client Management\Client\bin,1.0
14914,BMC Client Management Direct Access Proxy Agent,24.1.01.240624,BMC Software Inc.,Application,,C:\Program Files\BMC Software\Client Management\Client\bin,1.0
14914,BMC Client Management Opswat Proxy Agent,24.1.01.240624,BMC Software Inc.,Application,,C:\Program Files\BMC Software\Client Management\Client\bin,1.0
14914,BMC Client Management Package Viewer,24.1.01.240624,BMC Software Inc.,Application,,C:\Program Files\BMC Software\Client Management\Client\bin,1.0
14914,BMC Client Management Patch Broker,24.1.01.240624,BMC Software Inc.,Application,,C:\Program Files\BMC Software\Client Management\Client\bin,1.0
14914,BMC Client Management Proxy Agent,24.1.01.240624,BMC Software Inc.,Application,,C:\Program Files\BMC Software\Client Management\Client\bin,1.0
14914,BMC Client Management Remote Control proxy,24.1.01.240624,BMC Software Inc.,Application,,C:\Program Files\BMC Software\Client Management\Client\bin,1.0
14914,BMC Client Management SCAP,24.1.01.240624,BMC Software Inc.,Application,,C:\Program Files\BMC Software\Client Management\Client\bin,1.0
14914,BMC Client Management SFX,24.1.01.240624,BMC Software Inc.,Application,,C:\Users\support.local02\Downloads,1.0
14914,BMC Client Management Video Proxy Agent,24.1.01.240624,BMC Software Inc.,Application,,C:\Program Files\BMC Software\Client Management\Client\bin,1.0
14914,Boot File Servicing Utility,10.0,Microsoft Corporation Inc.,Application,,C:\Windows,1.0
14914,Browser Protection Native Messaging Host,4.18,Microsoft Corporation Inc.,Application,,C:\Program Files\Windows Defender,1.0
14914,BrowserCore,10.0,Microsoft Corporation Inc.,Application,,C:\Windows\BrowserCore,1.0
14914,CameraBarcodeScannerPreview,10.0,Microsoft Corporation Inc.,Application,,C:\Windows\SystemApps\Windows.CBSPreview_cw5n1h2txyewy,1.0
14914,ChromeEnterpriseCompanion,143.0,Google LLC,Application,,C:\Windows\SystemTemp\scoped_dir7780_807814775\scoped_dir7780_1375117468,1.0
14914,CL5,9.6,Ivanti,Application,,C:\Program Files\BMC Software\Client Management\Client\data\PatchManagementPremium\workspace,1.0
14914,ClickOnce,4.8,Microsoft Corporation Inc.,Application,,C:\Windows\Microsoft.NET\Framework64\v4.0.30319,3.0
14914,Common User Interface,5.8,Musarubra US LLC.,Application,,C:\Program Files\McAfee\Agent\x86,1.0
14914,Copilot,144.0,Microsoft Corporation Inc.,Application,,C:\Program Files (x86)\Microsoft\EdgeWebView\Application\144.0.3719.115,5.0
14914,Copilot Update,1.3,Microsoft Corporation Inc.,Application,,C:\Program Files (x86)\Microsoft\EdgeUpdate,2.0
14914,Credential Dialog Host,10.0,Microsoft Corporation Inc.,Application,,C:\Windows\SystemApps\microsoft.creddialoghost_cw5n1h2txyewy,1.0
14914,CrowdStrike Device Control,7.29,CrowdStrike Inc.,Add/Remove Programs,"November 14, 2025 12:00:00 AM",,
14914,CrowdStrike Device Control Support Tool,7.29,CrowdStrike Inc.,Application,,C:\Program Files\CrowdStrike,1.0
14914,CrowdStrike Falcon Connector,7.32,CrowdStrike Inc.,Application,,C:\Program Files\CrowdStrike,1.0
14914,CrowdStrike Falcon Sensor,7.32,CrowdStrike Inc.,Application,,C:\Program Files\CrowdStrike,1.0
14914,CrowdStrike Falcon Sensor Controller,7.32,CrowdStrike Inc.,Application,,C:\Program Files\CrowdStrike,1.0
14914,CrowdStrike Falcon Sensor Service,7.32,CrowdStrike Inc.,Application,,C:\Program Files\CrowdStrike,1.0
14914,CrowdStrike Falcon Sensor Servlet Container,7.32,CrowdStrike Inc.,Application,,C:\Program Files\CrowdStrike,1.0
14914,CrowdStrike Falcon Sensor Settings Tool,7.32,CrowdStrike Inc.,Application,,C:\Program Files\CrowdStrike,1.0
14914,CrowdStrike Falcon Sensor System Tray Application,7.32,CrowdStrike Inc.,Application,,C:\Program Files\CrowdStrike,2.0
14914,CrowdStrike Firmware Analysis,7.14,CrowdStrike Inc.,Add/Remove Programs,"April 29, 2025 12:00:00 AM",,
14914,CrowdStrike Firmware Analysis Support Tool,7.14,CrowdStrike Inc.,Application,,C:\Program Files\CrowdStrike,1.0
14914,CrowdStrike On-Demand Scan Command-line Tool,7.32,CrowdStrike Inc.,Application,,C:\Program Files\CrowdStrike,1.0
14914,CrowdStrike On-Demand Scan Tool,7.32,CrowdStrike Inc.,Application,,C:\Program Files\CrowdStrike,1.0
18249,.NET Runtime Optimization Service,4.8,Microsoft Corporation Inc.,Application,,C:\Windows\Microsoft.NET\Framework64\v4.0.30319,2.0
18249,64Bit MAPI Mail Agent,1.0,Foxit Software Inc.,Application,,C:\Program Files (x86)\Foxit Software\Foxit PDF Reader,1.0
18249,7-Zip 23.01 (x64),23.01,Igor Pavlov,Add/Remove Programs,,C:\Program Files\7-Zip\,
18249,7-Zip Console,23.01,Igor Pavlov,Application,,C:\Program Files\7-Zip,1.0
18249,7-Zip File Manager,23.01,Igor Pavlov,Application,,C:\Program Files\7-Zip,1.0
18249,7-Zip GUI,23.01,Igor Pavlov,Application,,C:\Program Files\7-Zip,1.0
18249,Accounts Control Host,10.0,Microsoft Corporation Inc.,Application,,C:\Windows\SystemApps\Microsoft.AccountsControl_cw5n1h2txyewy,1.0
18249,AddSuggestedFoldersToLibraryDialog,10.0,Microsoft Corporation Inc.,Application,,C:\Windows\SystemApps\Microsoft.Windows.AddSuggestedFoldersToLibraryDialog_cw5n1h2txyewy,1.0
18249,Antimalware Core Service,4.18,Microsoft Corporation Inc.,Application,,C:\Program Files\Windows Defender,1.0
18249,Antimalware Service Executable,4.18,Microsoft Corporation Inc.,Application,,C:\Program Files\Windows Defender,1.0
18249,AppFollower,1.3,Conexant Systems Inc.,Application,,C:\Program Files\CONEXANT\Flow,1.0
18249,AppResolverUX,10.0,Microsoft Corporation Inc.,Application,,C:\Windows\SystemApps\Microsoft.Windows.AppResolverUX_cw5n1h2txyewy,1.0
18249,AsyncTextService,10.0,Microsoft Corporation Inc.,Application,,C:\Windows\SystemApps\Microsoft.AsyncTextService_8wekyb3d8bbwe,1.0
18249,Audio Control,4.0,Conexant Systems LLC.,Application,,C:\Program Files\CONEXANT\Install\Audio\SA3\SA3\Dyson,2.0
18249,Audio Controls Control Panel,4.0,Conexant Systems LLC.,Application,,C:\Program Files\CONEXANT\SA3\HP-NB-AIO,3.0
18249,Bang & Olufsen,4.0,Conexant Systems LLC.,Application,,C:\Program Files\CONEXANT\Install\Audio\SA3\SA3\BandO,2.0
18249,Biometric Enrollment Host,10.0,Microsoft Corporation Inc.,Application,,C:\Windows\SystemApps\Microsoft.BioEnrollment_cw5n1h2txyewy,1.0
18249,BMC Client Management Agent,24.1.01.240624,BMC Software Inc.,Application,,C:\Program Files\BMC Software\Client Management\Client\bin,1.0
18249,BMC Client Management Certificate Generator,24.1.01.240624,BMC Software Inc.,Application,,C:\Program Files\BMC Software\Client Management\Client\bin,1.0
18249,BMC Client Management Chilli Interpreter,24.1.01.240624,BMC Software Inc.,Application,,C:\Program Files\BMC Software\Client Management\Client\bin,1.0
18249,BMC Client Management Direct Access Proxy Agent,24.1.01.240624,BMC Software Inc.,Application,,C:\Program Files\BMC Software\Client Management\Client\bin,1.0
18249,BMC Client Management Opswat Proxy Agent,24.1.01.240624,BMC Software Inc.,Application,,C:\Program Files\BMC Software\Client Management\Client\bin,1.0
18249,BMC Client Management Package Viewer,24.1.01.240624,BMC Software Inc.,Application,,C:\Program Files\BMC Software\Client Management\Client\bin,1.0
18249,BMC Client Management Patch Broker,24.1.01.240624,BMC Software Inc.,Application,,C:\Program Files\BMC Software\Client Management\Client\bin,1.0
18249,BMC Client Management Proxy Agent,24.1.01.240624,BMC Software Inc.,Application,,C:\Program Files\BMC Software\Client Management\Client\bin,1.0
18249,BMC Client Management Remote Control proxy,24.1.01.240624,BMC Software Inc.,Application,,C:\Program Files\BMC Software\Client Management\Client\bin,1.0
18249,BMC Client Management SCAP,24.1.01.240624,BMC Software Inc.,Application,,C:\Program Files\BMC Software\Client Management\Client\bin,1.0
18249,BMC Client Management SFX,24.1.01.240624,BMC Software Inc.,Application,,D:\IT,1.0
18249,BMC Client Management Video Proxy Agent,24.1.01.240624,BMC Software Inc.,Application,,C:\Program Files\BMC Software\Client Management\Client\bin,1.0
18249,Boot File Servicing Utility,10.0,Microsoft Corporation Inc.,Application,,C:\Windows,1.0
18249,Browser Protection Native Messaging Host,4.18,Microsoft Corporation Inc.,Application,,C:\Program Files\Windows Defender,1.0
18249,BrowserCore,10.0,Microsoft Corporation Inc.,Application,,C:\Windows\BrowserCore,1.0
18249,CameraBarcodeScannerPreview,10.0,Microsoft Corporation Inc.,Application,,C:\Windows\SystemApps\Windows.CBSPreview_cw5n1h2txyewy,1.0
18249,CL5,9.6,Ivanti,Application,,C:\Program Files\BMC Software\Client Management\Client\data\PatchManagementPremium\workspace,1.0
18249,ClickOnce,4.8,Microsoft Corporation Inc.,Application,,C:\Windows\Microsoft.NET\Framework64\v4.0.30319,3.0
18249,CnxtNotify,1.0,Conexant Systems Inc.,Application,,C:\Program Files\CONEXANT\SA3\HP-NB-AIO,1.0
18249,Credential Dialog Host,10.0,Microsoft Corporation Inc.,Application,,C:\Windows\SystemApps\microsoft.creddialoghost_cw5n1h2txyewy,1.0
18249,CrowdStrike Device Control,7.10,CrowdStrike Inc.,Add/Remove Programs,"February 02, 2026 12:00:00 AM",,
18249,CrowdStrike Device Control Support Tool,7.10,CrowdStrike Inc.,Application,,C:\Program Files\CrowdStrike,1.0
18249,CrowdStrike Falcon Connector,7.12,CrowdStrike Inc.,Application,,C:\Program Files\CrowdStrike,1.0
18249,CrowdStrike Falcon Sensor,7.12,CrowdStrike Inc.,Application,,C:\Program Files\CrowdStrike,1.0
18249,CrowdStrike Falcon Sensor Controller,7.12,CrowdStrike Inc.,Application,,C:\Program Files\CrowdStrike,1.0
18249,CrowdStrike Falcon Sensor Service,7.12,CrowdStrike Inc.,Application,,C:\Program Files\CrowdStrike,1.0
18249,CrowdStrike Falcon Sensor Servlet Container,7.12,CrowdStrike Inc.,Application,,C:\Program Files\CrowdStrike,1.0
18249,CrowdStrike Falcon Sensor Settings Tool,7.12,CrowdStrike Inc.,Application,,C:\Program Files\CrowdStrike,1.0
18249,CrowdStrike Falcon Sensor System Tray Application,7.12,CrowdStrike Inc.,Application,,C:\Program Files\CrowdStrike,2.0
18249,CrowdStrike Firmware Analysis,6.32,CrowdStrike Inc.,Add/Remove Programs,"February 02, 2026 12:00:00 AM",,
18249,CrowdStrike Firmware Analysis Support Tool,6.32,CrowdStrike Inc.,Application,,C:\Program Files\CrowdStrike,1.0
18249,CrowdStrike On-Demand Scan Command-line Tool,7.12,CrowdStrike Inc.,Application,,C:\Program Files\CrowdStrike,1.0
18249,CrowdStrike On-Demand Scan Tool,7.12,CrowdStrike Inc.,Application,,C:\Program Files\CrowdStrike,1.0
14910,.NET Runtime Optimization Service,4.8,Microsoft Corporation Inc.,Application,,C:\Windows\Microsoft.NET\Framework64\v4.0.30319,2.0
14910,64Bit MAPI Mail Agent,1.0,Foxit Software Inc.,Application,,C:\Program Files (x86)\Foxit Software\Foxit PDF Reader,1.0
14910,7-Zip 23.01 (x64),23.01,Igor Pavlov,Add/Remove Programs,,C:\Program Files\7-Zip\,
14910,7-Zip Console,23.01,Igor Pavlov,Application,,C:\Program Files\7-Zip,1.0
14910,7-Zip File Manager,23.01,Igor Pavlov,Application,,C:\Program Files\7-Zip,1.0
14910,7-Zip GUI,23.01,Igor Pavlov,Application,,C:\Program Files\7-Zip,1.0
14910,Accounts Control Host,10.0,Microsoft Corporation Inc.,Application,,C:\Windows\SystemApps\Microsoft.AccountsControl_cw5n1h2txyewy,1.0
14910,AddSuggestedFoldersToLibraryDialog,10.0,Microsoft Corporation Inc.,Application,,C:\Windows\SystemApps\Microsoft.Windows.AddSuggestedFoldersToLibraryDialog_cw5n1h2txyewy,1.0
14910,Antimalware Core Service,4.18,Microsoft Corporation Inc.,Application,,C:\Program Files\Windows Defender,1.0
14910,Antimalware Service Executable,4.18,Microsoft Corporation Inc.,Application,,C:\Program Files\Windows Defender,1.0
14910,AppFollower,2.0,Conexant Systems Inc.,Application,,C:\Program Files\CONEXANT\Flow,1.0
14910,AppResolverUX,10.0,Microsoft Corporation Inc.,Application,,C:\Windows\SystemApps\Microsoft.Windows.AppResolverUX_cw5n1h2txyewy,1.0
14910,AsyncTextService,10.0,Microsoft Corporation Inc.,Application,,C:\Windows\SystemApps\Microsoft.AsyncTextService_8wekyb3d8bbwe,1.0
14910,Audio Control,4.0,Conexant Systems LLC.,Application,,C:\Program Files\CONEXANT\Install\Audio\SA3\SA3\Dyson,2.0
14910,Audio Controls Control Panel,4.0,Conexant Systems LLC.,Application,,C:\Program Files\CONEXANT\SA3\HP-NB-AIO,3.0
14910,Bang & Olufsen,4.0,Conexant Systems LLC.,Application,,C:\Program Files\CONEXANT\Install\Audio\SA3\SA3\BandO,2.0
14910,Biometric Enrollment Host,10.0,Microsoft Corporation Inc.,Application,,C:\Windows\SystemApps\Microsoft.BioEnrollment_cw5n1h2txyewy,1.0
14910,BMC Client Management Agent,24.1.01.240624,BMC Software Inc.,Application,,C:\Program Files\BMC Software\Client Management\Client\bin,1.0
14910,BMC Client Management Certificate Generator,24.1.01.240624,BMC Software Inc.,Application,,C:\Program Files\BMC Software\Client Management\Client\bin,1.0
14910,BMC Client Management Chilli Interpreter,24.1.01.240624,BMC Software Inc.,Application,,C:\Program Files\BMC Software\Client Management\Client\bin,1.0
14910,BMC Client Management Direct Access Proxy Agent,24.1.01.240624,BMC Software Inc.,Application,,C:\Program Files\BMC Software\Client Management\Client\bin,1.0
14910,BMC Client Management Opswat Proxy Agent,24.1.01.240624,BMC Software Inc.,Application,,C:\Program Files\BMC Software\Client Management\Client\bin,1.0
14910,BMC Client Management Package Viewer,24.1.01.240624,BMC Software Inc.,Application,,C:\Program Files\BMC Software\Client Management\Client\bin,1.0
14910,BMC Client Management Patch Broker,24.1.01.240624,BMC Software Inc.,Application,,C:\Program Files\BMC Software\Client Management\Client\bin,1.0
14910,BMC Client Management Proxy Agent,24.1.01.240624,BMC Software Inc.,Application,,C:\Program Files\BMC Software\Client Management\Client\bin,1.0
14910,BMC Client Management Remote Control proxy,24.1.01.240624,BMC Software Inc.,Application,,C:\Program Files\BMC Software\Client Management\Client\bin,1.0
14910,BMC Client Management SCAP,24.1.01.240624,BMC Software Inc.,Application,,C:\Program Files\BMC Software\Client Management\Client\bin,1.0
14910,BMC Client Management SFX,24.1.01.240624,BMC Software Inc.,Application,,D:,1.0
14910,BMC Client Management Video Proxy Agent,24.1.01.240624,BMC Software Inc.,Application,,C:\Program Files\BMC Software\Client Management\Client\bin,1.0
14910,Boot File Servicing Utility,10.0,Microsoft Corporation Inc.,Application,,C:\Windows,1.0
14910,Browser Protection Native Messaging Host,4.18,Microsoft Corporation Inc.,Application,,C:\Program Files\Windows Defender,1.0
14910,BrowserCore,10.0,Microsoft Corporation Inc.,Application,,C:\Windows\BrowserCore,1.0
14910,CameraBarcodeScannerPreview,10.0,Microsoft Corporation Inc.,Application,,C:\Windows\SystemApps\Windows.CBSPreview_cw5n1h2txyewy,1.0
14910,CL5,9.6,Ivanti,Application,,C:\Program Files\BMC Software\Client Management\Client\data\PatchManagementPremium\workspace,1.0
14910,ClickOnce,4.8,Microsoft Corporation Inc.,Application,,C:\Windows\Microsoft.NET\Framework64\v4.0.30319,3.0
14910,CnxtNotify,1.0,Conexant Systems Inc.,Application,,C:\Program Files\CONEXANT\SA3\HP-NB-AIO,1.0
14910,Copilot,144.0,Microsoft Corporation Inc.,Application,,C:\Program Files (x86)\Microsoft\EdgeWebView\Application\144.0.3719.115,3.0
14910,Copilot Update,1.3,Microsoft Corporation Inc.,Application,,C:\Program Files (x86)\Microsoft\EdgeUpdate,2.0
14910,Credential Dialog Host,10.0,Microsoft Corporation Inc.,Application,,C:\Windows\SystemApps\microsoft.creddialoghost_cw5n1h2txyewy,1.0
14910,CrowdStrike Device Control,7.29,CrowdStrike Inc.,Add/Remove Programs,"December 18, 2025 12:00:00 AM",,
14910,CrowdStrike Device Control Support Tool,7.29,CrowdStrike Inc.,Application,,C:\Program Files\CrowdStrike,1.0
14910,CrowdStrike Falcon Connector,7.32,CrowdStrike Inc.,Application,,C:\Program Files\CrowdStrike,1.0
14910,CrowdStrike Falcon Sensor,7.32,CrowdStrike Inc.,Application,,C:\Program Files\CrowdStrike,1.0
14910,CrowdStrike Falcon Sensor Controller,7.32,CrowdStrike Inc.,Application,,C:\Program Files\CrowdStrike,1.0
14910,CrowdStrike Falcon Sensor Service,7.32,CrowdStrike Inc.,Application,,C:\Program Files\CrowdStrike,1.0
14910,CrowdStrike Falcon Sensor Servlet Container,7.32,CrowdStrike Inc.,Application,,C:\Program Files\CrowdStrike,1.0
14910,CrowdStrike Falcon Sensor Settings Tool,7.32,CrowdStrike Inc.,Application,,C:\Program Files\CrowdStrike,1.0
14910,CrowdStrike Falcon Sensor System Tray Application,7.32,CrowdStrike Inc.,Application,,C:\Program Files\CrowdStrike,2.0
14910,CrowdStrike Firmware Analysis,7.14,CrowdStrike Inc.,Add/Remove Programs,"December 18, 2025 12:00:00 AM",,
14910,CrowdStrike Firmware Analysis Support Tool,7.14,CrowdStrike Inc.,Application,,C:\Program Files\CrowdStrike,1.0
14528,.NET Runtime Optimization Service,4.8,Microsoft Corporation Inc.,Application,,C:\Windows\Microsoft.NET\Framework64\v4.0.30319,2.0
14528,64Bit MAPI Mail Agent,1.0,Foxit Software Inc.,Application,,C:\Program Files (x86)\Foxit Software\Foxit PDF Reader,1.0
14528,7-Zip 24.08 (x64),24.08,Igor Pavlov,Add/Remove Programs,,C:\Program Files\7-Zip\,
14528,7-Zip Console,24.08,Igor Pavlov,Application,,C:\Program Files\7-Zip,1.0
14528,7-Zip File Manager,24.08,Igor Pavlov,Application,,C:\Program Files\7-Zip,1.0
14528,7-Zip GUI,24.08,Igor Pavlov,Application,,C:\Program Files\7-Zip,1.0
14528,Accounts Control Host,10.0,Microsoft Corporation Inc.,Application,,C:\Windows\SystemApps\Microsoft.AccountsControl_cw5n1h2txyewy,1.0
14528,AddSuggestedFoldersToLibraryDialog,10.0,Microsoft Corporation Inc.,Application,,C:\Windows\SystemApps\Microsoft.Windows.AddSuggestedFoldersToLibraryDialog_cw5n1h2txyewy,1.0
14528,Antimalware Core Service,4.18,Microsoft Corporation Inc.,Application,,C:\Program Files\Windows Defender,1.0
14528,Antimalware Service Executable,4.18,Microsoft Corporation Inc.,Application,,C:\Program Files\Windows Defender,1.0
14528,AppResolverUX,10.0,Microsoft Corporation Inc.,Application,,C:\Windows\SystemApps\Microsoft.Windows.AppResolverUX_cw5n1h2txyewy,1.0
14528,AsyncTextService,10.0,Microsoft Corporation Inc.,Application,,C:\Windows\SystemApps\Microsoft.AsyncTextService_8wekyb3d8bbwe,1.0
14528,Biometric Enrollment Host,10.0,Microsoft Corporation Inc.,Application,,C:\Windows\SystemApps\Microsoft.BioEnrollment_cw5n1h2txyewy,1.0
14528,BMC Client Management Agent,24.1.01.240624,BMC Software Inc.,Application,,C:\Program Files\BMC Software\Client Management\Client\bin,1.0
14528,BMC Client Management Certificate Generator,24.1.01.240624,BMC Software Inc.,Application,,C:\Program Files\BMC Software\Client Management\Client\bin,1.0
14528,BMC Client Management Chilli Interpreter,24.1.01.240624,BMC Software Inc.,Application,,C:\Program Files\BMC Software\Client Management\Client\bin,1.0
14528,BMC Client Management Direct Access Proxy Agent,24.1.01.240624,BMC Software Inc.,Application,,C:\Program Files\BMC Software\Client Management\Client\bin,1.0
14528,BMC Client Management Opswat Proxy Agent,24.1.01.240624,BMC Software Inc.,Application,,C:\Program Files\BMC Software\Client Management\Client\bin,1.0
14528,BMC Client Management Package Viewer,24.1.01.240624,BMC Software Inc.,Application,,C:\Program Files\BMC Software\Client Management\Client\bin,1.0
14528,BMC Client Management Patch Broker,24.1.01.240624,BMC Software Inc.,Application,,C:\Program Files\BMC Software\Client Management\Client\bin,1.0
14528,BMC Client Management Proxy Agent,24.1.01.240624,BMC Software Inc.,Application,,C:\Program Files\BMC Software\Client Management\Client\bin,1.0
14528,BMC Client Management Remote Control proxy,24.1.01.240624,BMC Software Inc.,Application,,C:\Program Files\BMC Software\Client Management\Client\bin,1.0
14528,BMC Client Management SCAP,24.1.01.240624,BMC Software Inc.,Application,,C:\Program Files\BMC Software\Client Management\Client\bin,1.0
14528,BMC Client Management SFX,24.1.01.240624,BMC Software Inc.,Application,,D:\Master IT,1.0
14528,BMC Client Management Video Proxy Agent,24.1.01.240624,BMC Software Inc.,Application,,C:\Program Files\BMC Software\Client Management\Client\bin,1.0
14528,Boot File Servicing Utility,10.0,Microsoft Corporation Inc.,Application,,C:\Windows,1.0
14528,Browser Protection Native Messaging Host,4.18,Microsoft Corporation Inc.,Application,,C:\Program Files\Windows Defender,1.0
14528,BrowserCore,10.0,Microsoft Corporation Inc.,Application,,C:\Windows\BrowserCore,1.0
14528,CameraBarcodeScannerPreview,10.0,Microsoft Corporation Inc.,Application,,C:\Windows\SystemApps\Windows.CBSPreview_cw5n1h2txyewy,1.0
14528,ChromeEnterpriseCompanion,143.0,Google LLC,Application,,C:\Windows\SystemTemp\scoped_dir604_1027851768\scoped_dir604_968373304,1.0
14528,CL5,9.6,Ivanti,Application,,C:\Program Files\BMC Software\Client Management\Client\data\PatchManagementPremium\workspace,4.0
14528,ClickOnce,4.8,Microsoft Corporation Inc.,Application,,C:\Windows\Microsoft.NET\Framework64\v4.0.30319,3.0
14528,Common User Interface,5.8,Musarubra US LLC.,Application,,C:\Program Files\McAfee\Agent\x86,1.0
14528,Copilot,144.0,Microsoft Corporation Inc.,Application,,C:\Program Files (x86)\Microsoft\EdgeWebView\Application\144.0.3719.115,3.0
14528,Copilot Update,1.3,Microsoft Corporation Inc.,Application,,C:\Program Files (x86)\Microsoft\EdgeUpdate,2.0
14528,Credential Dialog Host,10.0,Microsoft Corporation Inc.,Application,,C:\Windows\SystemApps\microsoft.creddialoghost_cw5n1h2txyewy,1.0
14528,CrowdStrike Device Control,7.29,CrowdStrike Inc.,Add/Remove Programs,"November 14, 2025 12:00:00 AM",,
14528,CrowdStrike Device Control Support Tool,7.29,CrowdStrike Inc.,Application,,C:\Program Files\CrowdStrike,1.0
14528,CrowdStrike Falcon Connector,7.32,CrowdStrike Inc.,Application,,C:\Program Files\CrowdStrike,1.0
14528,CrowdStrike Falcon Sensor,7.32,CrowdStrike Inc.,Application,,C:\Program Files\CrowdStrike,1.0
14528,CrowdStrike Falcon Sensor Controller,7.32,CrowdStrike Inc.,Application,,C:\Program Files\CrowdStrike,1.0
14528,CrowdStrike Falcon Sensor Service,7.32,CrowdStrike Inc.,Application,,C:\Program Files\CrowdStrike,1.0
14528,CrowdStrike Falcon Sensor Servlet Container,7.32,CrowdStrike Inc.,Application,,C:\Program Files\CrowdStrike,1.0
14528,CrowdStrike Falcon Sensor Settings Tool,7.32,CrowdStrike Inc.,Application,,C:\Program Files\CrowdStrike,1.0
14528,CrowdStrike Falcon Sensor System Tray Application,7.32,CrowdStrike Inc.,Application,,C:\Program Files\CrowdStrike,2.0
14528,CrowdStrike Firmware Analysis,7.14,CrowdStrike Inc.,Add/Remove Programs,"April 29, 2025 12:00:00 AM",,
14528,CrowdStrike Firmware Analysis Support Tool,7.14,CrowdStrike Inc.,Application,,C:\Program Files\CrowdStrike,1.0
14528,CrowdStrike On-Demand Scan Command-line Tool,7.32,CrowdStrike Inc.,Application,,C:\Program Files\CrowdStrike,1.0
14528,CrowdStrike On-Demand Scan Tool,7.32,CrowdStrike Inc.,Application,,C:\Program Files\CrowdStrike,1.0
14528,CrowdStrike Sensor Platform,7.32,CrowdStrike Inc.,Add/Remove Programs,"January 14, 2026 12:00:00 AM",,
14530,.NET Runtime Optimization Service,4.8,Microsoft Corporation Inc.,Application,,C:\Windows\Microsoft.NET\Framework64\v4.0.30319,2.0
14530,64Bit MAPI Mail Agent,1.0,Foxit Software Inc.,Application,,C:\Program Files (x86)\Foxit Software\Foxit PDF Reader,1.0
14530,7-Zip 24.08 (x64),24.08,Igor Pavlov,Add/Remove Programs,,C:\Program Files\7-Zip\,
14530,7-Zip Console,24.08,Igor Pavlov,Application,,C:\Program Files\7-Zip,1.0
14530,7-Zip File Manager,24.08,Igor Pavlov,Application,,C:\Program Files\7-Zip,1.0
14530,7-Zip GUI,24.08,Igor Pavlov,Application,,C:\Program Files\7-Zip,1.0
14530,Accounts Control Host,10.0,Microsoft Corporation Inc.,Application,,C:\Windows\SystemApps\Microsoft.AccountsControl_cw5n1h2txyewy,1.0
14530,AddSuggestedFoldersToLibraryDialog,10.0,Microsoft Corporation Inc.,Application,,C:\Windows\SystemApps\Microsoft.Windows.AddSuggestedFoldersToLibraryDialog_cw5n1h2txyewy,1.0
14530,Antimalware Core Service,4.18,Microsoft Corporation Inc.,Application,,C:\Program Files\Windows Defender,1.0
14530,Antimalware Service Executable,4.18,Microsoft Corporation Inc.,Application,,C:\Program Files\Windows Defender,1.0
14530,AppResolverUX,10.0,Microsoft Corporation Inc.,Application,,C:\Windows\SystemApps\Microsoft.Windows.AppResolverUX_cw5n1h2txyewy,1.0
14530,AsyncTextService,10.0,Microsoft Corporation Inc.,Application,,C:\Windows\SystemApps\Microsoft.AsyncTextService_8wekyb3d8bbwe,1.0
14530,Biometric Enrollment Host,10.0,Microsoft Corporation Inc.,Application,,C:\Windows\SystemApps\Microsoft.BioEnrollment_cw5n1h2txyewy,1.0
14530,BMC Client Management Agent,24.1.01.240624,BMC Software Inc.,Application,,C:\Program Files\BMC Software\Client Management\Client\bin,1.0
14530,BMC Client Management Certificate Generator,24.1.01.240624,BMC Software Inc.,Application,,C:\Program Files\BMC Software\Client Management\Client\bin,1.0
14530,BMC Client Management Chilli Interpreter,24.1.01.240624,BMC Software Inc.,Application,,C:\Program Files\BMC Software\Client Management\Client\bin,1.0
14530,BMC Client Management Direct Access Proxy Agent,24.1.01.240624,BMC Software Inc.,Application,,C:\Program Files\BMC Software\Client Management\Client\bin,1.0
14530,BMC Client Management Opswat Proxy Agent,24.1.01.240624,BMC Software Inc.,Application,,C:\Program Files\BMC Software\Client Management\Client\bin,1.0
14530,BMC Client Management Package Viewer,24.1.01.240624,BMC Software Inc.,Application,,C:\Program Files\BMC Software\Client Management\Client\bin,1.0
14530,BMC Client Management Patch Broker,24.1.01.240624,BMC Software Inc.,Application,,C:\Program Files\BMC Software\Client Management\Client\bin,1.0
14530,BMC Client Management Proxy Agent,24.1.01.240624,BMC Software Inc.,Application,,C:\Program Files\BMC Software\Client Management\Client\bin,1.0
14530,BMC Client Management Remote Control proxy,24.1.01.240624,BMC Software Inc.,Application,,C:\Program Files\BMC Software\Client Management\Client\bin,1.0
14530,BMC Client Management SCAP,24.1.01.240624,BMC Software Inc.,Application,,C:\Program Files\BMC Software\Client Management\Client\bin,1.0
14530,BMC Client Management SFX,24.1.01.240624,BMC Software Inc.,Application,,D:\JANUARI 2026\Master IT,1.0
14530,BMC Client Management Video Proxy Agent,24.1.01.240624,BMC Software Inc.,Application,,C:\Program Files\BMC Software\Client Management\Client\bin,1.0
14530,Boot File Servicing Utility,10.0,Microsoft Corporation Inc.,Application,,C:\Windows,1.0
14530,Browser Protection Native Messaging Host,4.18,Microsoft Corporation Inc.,Application,,C:\Program Files\Windows Defender,1.0
14530,BrowserCore,10.0,Microsoft Corporation Inc.,Application,,C:\Windows\BrowserCore,1.0
14530,CameraBarcodeScannerPreview,10.0,Microsoft Corporation Inc.,Application,,C:\Windows\SystemApps\Windows.CBSPreview_cw5n1h2txyewy,1.0
14530,ChromeEnterpriseCompanion,143.0,Google LLC,Application,,C:\Windows\SystemTemp\scoped_dir16144_804200374\scoped_dir16144_7803928,1.0
14530,CL5,9.6,Ivanti,Application,,C:\Program Files\BMC Software\Client Management\Client\data\PatchManagementPremium\workspace,1.0
14530,ClickOnce,4.8,Microsoft Corporation Inc.,Application,,C:\Windows\Microsoft.NET\Framework64\v4.0.30319,3.0
14530,Common User Interface,5.8,Musarubra US LLC.,Application,,C:\Program Files\McAfee\Agent\x86,1.0
14530,Copilot,144.0,Microsoft Corporation Inc.,Application,,C:\Program Files (x86)\Microsoft\EdgeWebView\Application\144.0.3719.115,3.0
14530,Copilot Update,1.3,Microsoft Corporation Inc.,Application,,C:\Program Files (x86)\Microsoft\EdgeUpdate,2.0
14530,Credential Dialog Host,10.0,Microsoft Corporation Inc.,Application,,C:\Windows\SystemApps\microsoft.creddialoghost_cw5n1h2txyewy,1.0
14530,CrowdStrike Device Control,7.29,CrowdStrike Inc.,Add/Remove Programs,"November 14, 2025 12:00:00 AM",,
14530,CrowdStrike Device Control Support Tool,7.29,CrowdStrike Inc.,Application,,C:\Program Files\CrowdStrike,1.0
14530,CrowdStrike Falcon Connector,7.32,CrowdStrike Inc.,Application,,C:\Program Files\CrowdStrike,1.0
14530,CrowdStrike Falcon Sensor,7.32,CrowdStrike Inc.,Application,,C:\Program Files\CrowdStrike,1.0
14530,CrowdStrike Falcon Sensor Controller,7.32,CrowdStrike Inc.,Application,,C:\Program Files\CrowdStrike,1.0
14530,CrowdStrike Falcon Sensor Service,7.32,CrowdStrike Inc.,Application,,C:\Program Files\CrowdStrike,1.0
14530,CrowdStrike Falcon Sensor Servlet Container,7.32,CrowdStrike Inc.,Application,,C:\Program Files\CrowdStrike,1.0
14530,CrowdStrike Falcon Sensor Settings Tool,7.32,CrowdStrike Inc.,Application,,C:\Program Files\CrowdStrike,1.0
14530,CrowdStrike Falcon Sensor System Tray Application,7.32,CrowdStrike Inc.,Application,,C:\Program Files\CrowdStrike,2.0
14530,CrowdStrike Firmware Analysis,7.14,CrowdStrike Inc.,Add/Remove Programs,"July 24, 2025 12:00:00 AM",,
14530,CrowdStrike Firmware Analysis Support Tool,7.14,CrowdStrike Inc.,Application,,C:\Program Files\CrowdStrike,1.0
14530,CrowdStrike On-Demand Scan Command-line Tool,7.32,CrowdStrike Inc.,Application,,C:\Program Files\CrowdStrike,1.0
14530,CrowdStrike On-Demand Scan Tool,7.32,CrowdStrike Inc.,Application,,C:\Program Files\CrowdStrike,1.0
14530,CrowdStrike Sensor Platform,7.32,CrowdStrike Inc.,Add/Remove Programs,"January 14, 2026 12:00:00 AM",,
8356,.NET Runtime Optimization Service,4.8,Microsoft Corporation Inc.,Application,,C:\Windows\Microsoft.NET\Framework64\v4.0.30319,2.0
8356,64Bit MAPI Mail Agent,1.0,Foxit Software Inc.,Application,,C:\Program Files (x86)\Foxit Software\Foxit PDF Reader,1.0
8356,7-Zip 24.08 (x64),24.08,Igor Pavlov,Add/Remove Programs,,C:\Program Files\7-Zip\,
8356,7-Zip Console,24.08,Igor Pavlov,Application,,C:\Program Files\7-Zip,1.0
8356,7-Zip File Manager,24.08,Igor Pavlov,Application,,C:\Program Files\7-Zip,1.0
8356,7-Zip GUI,24.08,Igor Pavlov,Application,,C:\Program Files\7-Zip,1.0
8356,Accounts Control Host,10.0,Microsoft Corporation Inc.,Application,,C:\Windows\SystemApps\Microsoft.AccountsControl_cw5n1h2txyewy,1.0
8356,AddSuggestedFoldersToLibraryDialog,10.0,Microsoft Corporation Inc.,Application,,C:\Windows\SystemApps\Microsoft.Windows.AddSuggestedFoldersToLibraryDialog_cw5n1h2txyewy,1.0
8356,Antimalware Core Service,4.18,Microsoft Corporation Inc.,Application,,C:\Program Files\Windows Defender,1.0
8356,Antimalware Service Executable,4.18,Microsoft Corporation Inc.,Application,,C:\Program Files\Windows Defender,1.0
8356,AppActions,10.0,Microsoft Corporation Inc.,Application,,C:\Windows\SystemApps\Shared\AOT,2.0
8356,AppResolverUX,10.0,Microsoft Corporation Inc.,Application,,C:\Windows\SystemApps\Microsoft.Windows.AppResolverUX_cw5n1h2txyewy,1.0
8356,AsyncTextService,10.0,Microsoft Corporation Inc.,Application,,C:\Windows\SystemApps\Microsoft.AsyncTextService_8wekyb3d8bbwe,1.0
8356,Biometric Enrollment Host,10.0,Microsoft Corporation Inc.,Application,,C:\Windows\SystemApps\Microsoft.BioEnrollment_cw5n1h2txyewy,1.0
8356,BMC Client Management Agent,24.1.01.240624,BMC Software Inc.,Application,,C:\Program Files\BMC Software\Client Management\Client\bin,1.0
8356,BMC Client Management Certificate Generator,24.1.01.240624,BMC Software Inc.,Application,,C:\Program Files\BMC Software\Client Management\Client\bin,1.0
8356,BMC Client Management Chilli Interpreter,24.1.01.240624,BMC Software Inc.,Application,,C:\Program Files\BMC Software\Client Management\Client\bin,1.0
8356,BMC Client Management Direct Access Proxy Agent,24.1.01.240624,BMC Software Inc.,Application,,C:\Program Files\BMC Software\Client Management\Client\bin,1.0
8356,BMC Client Management Opswat Proxy Agent,24.1.01.240624,BMC Software Inc.,Application,,C:\Program Files\BMC Software\Client Management\Client\bin,1.0
8356,BMC Client Management Package Viewer,24.1.01.240624,BMC Software Inc.,Application,,C:\Program Files\BMC Software\Client Management\Client\bin,1.0
8356,BMC Client Management Patch Broker,24.1.01.240624,BMC Software Inc.,Application,,C:\Program Files\BMC Software\Client Management\Client\bin,1.0
8356,BMC Client Management Proxy Agent,24.1.01.240624,BMC Software Inc.,Application,,C:\Program Files\BMC Software\Client Management\Client\bin,1.0
8356,BMC Client Management Remote Control proxy,24.1.01.240624,BMC Software Inc.,Application,,C:\Program Files\BMC Software\Client Management\Client\bin,1.0
8356,BMC Client Management SCAP,24.1.01.240624,BMC Software Inc.,Application,,C:\Program Files\BMC Software\Client Management\Client\bin,1.0
8356,BMC Client Management SFX,24.1.01.240624,BMC Software Inc.,Application,,D:,1.0
8356,BMC Client Management Video Proxy Agent,24.1.01.240624,BMC Software Inc.,Application,,C:\Program Files\BMC Software\Client Management\Client\bin,1.0
8356,Boot File Servicing Utility,10.0,Microsoft Corporation Inc.,Application,,C:\Windows,1.0
8356,Browser Protection Native Messaging Host,4.18,Microsoft Corporation Inc.,Application,,C:\Program Files\Windows Defender,1.0
8356,BrowserCore,10.0,Microsoft Corporation Inc.,Application,,C:\Windows\BrowserCore,1.0
8356,CameraBarcodeScannerPreview,10.0,Microsoft Corporation Inc.,Application,,C:\Windows\SystemApps\Windows.CBSPreview_cw5n1h2txyewy,1.0
8356,CL5,9.6,Ivanti,Application,,C:\Program Files\BMC Software\Client Management\Client\data\PatchManagementPremium\workspace,1.0
8356,ClickOnce,4.8,Microsoft Corporation Inc.,Application,,C:\Windows\Microsoft.NET\Framework64\v4.0.30319,3.0
8356,Common User Interface,5.8,Musarubra US LLC.,Application,,C:\Program Files\McAfee\Agent\x86,1.0
8356,Copilot,144.0,Microsoft Corporation Inc.,Application,,C:\Program Files (x86)\Microsoft\EdgeWebView\Application\144.0.3719.115,3.0
8356,Copilot Update,1.3,Microsoft Corporation Inc.,Application,,C:\Program Files (x86)\Microsoft\EdgeUpdate,2.0
8356,Credential Dialog Host,10.0,Microsoft Corporation Inc.,Application,,C:\Windows\SystemApps\microsoft.creddialoghost_cw5n1h2txyewy,1.0
8356,CrowdStrike Device Control,7.29,CrowdStrike Inc.,Add/Remove Programs,"November 14, 2025 12:00:00 AM",,
8356,CrowdStrike Device Control Support Tool,7.29,CrowdStrike Inc.,Application,,C:\Program Files\CrowdStrike,1.0
8356,CrowdStrike Falcon Connector,7.32,CrowdStrike Inc.,Application,,C:\Program Files\CrowdStrike,1.0
8356,CrowdStrike Falcon Sensor,7.32,CrowdStrike Inc.,Application,,C:\Program Files\CrowdStrike,1.0
8356,CrowdStrike Falcon Sensor Controller,7.32,CrowdStrike Inc.,Application,,C:\Program Files\CrowdStrike,1.0
8356,CrowdStrike Falcon Sensor Service,7.32,CrowdStrike Inc.,Application,,C:\Program Files\CrowdStrike,1.0
8356,CrowdStrike Falcon Sensor Servlet Container,7.32,CrowdStrike Inc.,Application,,C:\Program Files\CrowdStrike,1.0
8356,CrowdStrike Falcon Sensor Settings Tool,7.32,CrowdStrike Inc.,Application,,C:\Program Files\CrowdStrike,1.0
8356,CrowdStrike Falcon Sensor System Tray Application,7.32,CrowdStrike Inc.,Application,,C:\Program Files\CrowdStrike,2.0
8356,CrowdStrike Firmware Analysis,7.14,CrowdStrike Inc.,Add/Remove Programs,"November 07, 2025 12:00:00 AM",,
8356,CrowdStrike Firmware Analysis Support Tool,7.14,CrowdStrike Inc.,Application,,C:\Program Files\CrowdStrike,1.0
8356,CrowdStrike On-Demand Scan Command-line Tool,7.32,CrowdStrike Inc.,Application,,C:\Program Files\CrowdStrike,1.0
8356,CrowdStrike On-Demand Scan Tool,7.32,CrowdStrike Inc.,Application,,C:\Program Files\CrowdStrike,1.0
8356,CrowdStrike Sensor Platform,7.32,CrowdStrike Inc.,Add/Remove Programs,"January 14, 2026 12:00:00 AM",,
17543,.NET Runtime Optimization Service,4.8,Microsoft Corporation Inc.,Application,,C:\Windows\Microsoft.NET\Framework64\v4.0.30319,2.0
17543,64Bit MAPI Mail Agent,1.0,Foxit Software Inc.,Application,,C:\Program Files (x86)\Foxit Software\Foxit PDF Reader,1.0
17543,7-Zip 24.08 (x64),24.08,Igor Pavlov,Add/Remove Programs,,C:\Program Files\7-Zip\,
17543,7-Zip Console,24.08,Igor Pavlov,Application,,C:\Program Files\7-Zip,1.0
17543,7-Zip File Manager,24.08,Igor Pavlov,Application,,C:\Program Files\7-Zip,1.0
17543,7-Zip GUI,24.08,Igor Pavlov,Application,,C:\Program Files\7-Zip,1.0
17543,Accounts Control Host,10.0,Microsoft Corporation Inc.,Application,,C:\Windows\SystemApps\Microsoft.AccountsControl_cw5n1h2txyewy,1.0
17543,AddSuggestedFoldersToLibraryDialog,10.0,Microsoft Corporation Inc.,Application,,C:\Windows\SystemApps\Microsoft.Windows.AddSuggestedFoldersToLibraryDialog_cw5n1h2txyewy,1.0
17543,Antimalware Core Service,4.18,Microsoft Corporation Inc.,Application,,C:\Program Files\Windows Defender,1.0
17543,Antimalware Service Executable,4.18,Microsoft Corporation Inc.,Application,,C:\Program Files\Windows Defender,1.0
17543,AppResolverUX,10.0,Microsoft Corporation Inc.,Application,,C:\Windows\SystemApps\Microsoft.Windows.AppResolverUX_cw5n1h2txyewy,1.0
17543,AsyncTextService,10.0,Microsoft Corporation Inc.,Application,,C:\Windows\SystemApps\Microsoft.AsyncTextService_8wekyb3d8bbwe,1.0
17543,Biometric Enrollment Host,10.0,Microsoft Corporation Inc.,Application,,C:\Windows\SystemApps\Microsoft.BioEnrollment_cw5n1h2txyewy,1.0
17543,BMC Client Management Agent,24.1.01.240624,BMC Software Inc.,Application,,C:\Program Files\BMC Software\Client Management\Client\bin,1.0
17543,BMC Client Management Certificate Generator,24.1.01.240624,BMC Software Inc.,Application,,C:\Program Files\BMC Software\Client Management\Client\bin,1.0
17543,BMC Client Management Chilli Interpreter,24.1.01.240624,BMC Software Inc.,Application,,C:\Program Files\BMC Software\Client Management\Client\bin,1.0
17543,BMC Client Management Direct Access Proxy Agent,24.1.01.240624,BMC Software Inc.,Application,,C:\Program Files\BMC Software\Client Management\Client\bin,1.0
17543,BMC Client Management Opswat Proxy Agent,24.1.01.240624,BMC Software Inc.,Application,,C:\Program Files\BMC Software\Client Management\Client\bin,1.0
17543,BMC Client Management Package Viewer,24.1.01.240624,BMC Software Inc.,Application,,C:\Program Files\BMC Software\Client Management\Client\bin,1.0
17543,BMC Client Management Patch Broker,24.1.01.240624,BMC Software Inc.,Application,,C:\Program Files\BMC Software\Client Management\Client\bin,1.0
17543,BMC Client Management Proxy Agent,24.1.01.240624,BMC Software Inc.,Application,,C:\Program Files\BMC Software\Client Management\Client\bin,1.0
17543,BMC Client Management Remote Control proxy,24.1.01.240624,BMC Software Inc.,Application,,C:\Program Files\BMC Software\Client Management\Client\bin,1.0
17543,BMC Client Management SCAP,24.1.01.240624,BMC Software Inc.,Application,,C:\Program Files\BMC Software\Client Management\Client\bin,1.0
17543,BMC Client Management SFX,24.1.01.240624,BMC Software Inc.,Application,,D:\pos,1.0
17543,BMC Client Management Video Proxy Agent,24.1.01.240624,BMC Software Inc.,Application,,C:\Program Files\BMC Software\Client Management\Client\bin,1.0
17543,Boot File Servicing Utility,10.0,Microsoft Corporation Inc.,Application,,C:\Windows,1.0
17543,Browser Protection Native Messaging Host,4.18,Microsoft Corporation Inc.,Application,,C:\Program Files\Windows Defender,1.0
17543,BrowserCore,10.0,Microsoft Corporation Inc.,Application,,C:\Windows\BrowserCore,1.0
17543,CameraBarcodeScannerPreview,10.0,Microsoft Corporation Inc.,Application,,C:\Windows\SystemApps\Windows.CBSPreview_cw5n1h2txyewy,1.0
17543,CL5,9.6,Ivanti,Application,,C:\Program Files\BMC Software\Client Management\Client\data\PatchManagementPremium\workspace,1.0
17543,ClickOnce,4.8,Microsoft Corporation Inc.,Application,,C:\Windows\Microsoft.NET\Framework64\v4.0.30319,3.0
17543,Common User Interface,5.8,Musarubra US LLC.,Application,,C:\Program Files\McAfee\Agent\x86,1.0
17543,Copilot,144.0,Microsoft Corporation Inc.,Application,,C:\Program Files (x86)\Microsoft\EdgeWebView\Application\144.0.3719.115,3.0
17543,Copilot Update,1.3,Microsoft Corporation Inc.,Application,,C:\Program Files (x86)\Microsoft\EdgeUpdate,2.0
17543,Credential Dialog Host,10.0,Microsoft Corporation Inc.,Application,,C:\Windows\SystemApps\microsoft.creddialoghost_cw5n1h2txyewy,1.0
17543,CrowdStrike Device Control,7.29,CrowdStrike Inc.,Add/Remove Programs,"November 14, 2025 12:00:00 AM",,
17543,CrowdStrike Device Control Support Tool,7.29,CrowdStrike Inc.,Application,,C:\Program Files\CrowdStrike,1.0
17543,CrowdStrike Falcon Connector,7.32,CrowdStrike Inc.,Application,,C:\Program Files\CrowdStrike,1.0
17543,CrowdStrike Falcon Sensor,7.32,CrowdStrike Inc.,Application,,C:\Program Files\CrowdStrike,1.0
17543,CrowdStrike Falcon Sensor Controller,7.32,CrowdStrike Inc.,Application,,C:\Program Files\CrowdStrike,1.0
17543,CrowdStrike Falcon Sensor Service,7.32,CrowdStrike Inc.,Application,,C:\Program Files\CrowdStrike,1.0
17543,CrowdStrike Falcon Sensor Servlet Container,7.32,CrowdStrike Inc.,Application,,C:\Program Files\CrowdStrike,1.0
17543,CrowdStrike Falcon Sensor Settings Tool,7.32,CrowdStrike Inc.,Application,,C:\Program Files\CrowdStrike,1.0
17543,CrowdStrike Falcon Sensor System Tray Application,7.32,CrowdStrike Inc.,Application,,C:\Program Files\CrowdStrike,2.0
17543,CrowdStrike Firmware Analysis,7.14,CrowdStrike Inc.,Add/Remove Programs,"November 07, 2025 12:00:00 AM",,
17543,CrowdStrike Firmware Analysis Support Tool,7.14,CrowdStrike Inc.,Application,,C:\Program Files\CrowdStrike,1.0
17543,CrowdStrike On-Demand Scan Command-line Tool,7.32,CrowdStrike Inc.,Application,,C:\Program Files\CrowdStrike,1.0
17543,CrowdStrike On-Demand Scan Tool,7.32,CrowdStrike Inc.,Application,,C:\Program Files\CrowdStrike,1.0
17543,CrowdStrike Sensor Platform,7.32,CrowdStrike Inc.,Add/Remove Programs,"January 14, 2026 12:00:00 AM",,
17543,CrowdStrike Windows Sensor,7.32,CrowdStrike Inc.,Add/Remove Programs,"January 14, 2026 12:00:00 AM",,
7961,.NET Runtime Optimization Service,4.8,Microsoft Corporation Inc.,Application,,C:\Windows\Microsoft.NET\Framework64\v4.0.30319,2.0
7961,64Bit MAPI Mail Agent,1.0,Foxit Software Inc.,Application,,C:\Program Files (x86)\Foxit Software\Foxit PDF Reader,1.0
7961,7-Zip 24.08 (x64 edition),24.08,Igor Pavlov,Add/Remove Programs,"November 27, 2024 12:00:00 AM",,
7961,7-Zip Console,24.08,Igor Pavlov,Application,,C:\Program Files\7-Zip,1.0
7961,7-Zip File Manager,24.08,Igor Pavlov,Application,,C:\Program Files\7-Zip,1.0
7961,7-Zip GUI,24.08,Igor Pavlov,Application,,C:\Program Files\7-Zip,1.0
7961,Accounts Control Host,10.0,Microsoft Corporation Inc.,Application,,C:\Windows\SystemApps\Microsoft.AccountsControl_cw5n1h2txyewy,1.0
7961,AddSuggestedFoldersToLibraryDialog,10.0,Microsoft Corporation Inc.,Application,,C:\Windows\SystemApps\Microsoft.Windows.AddSuggestedFoldersToLibraryDialog_cw5n1h2txyewy,1.0
7961,Antimalware Core Service,4.18,Microsoft Corporation Inc.,Application,,C:\Program Files\Windows Defender,1.0
7961,Antimalware Service Executable,4.18,Microsoft Corporation Inc.,Application,,C:\Program Files\Windows Defender,1.0
7961,AppResolverUX,10.0,Microsoft Corporation Inc.,Application,,C:\Windows\SystemApps\Microsoft.Windows.AppResolverUX_cw5n1h2txyewy,1.0
7961,AsyncTextService,10.0,Microsoft Corporation Inc.,Application,,C:\Windows\SystemApps\Microsoft.AsyncTextService_8wekyb3d8bbwe,1.0
7961,Biometric Enrollment Host,10.0,Microsoft Corporation Inc.,Application,,C:\Windows\SystemApps\Microsoft.BioEnrollment_cw5n1h2txyewy,1.0
7961,BMC Client Management Agent,24.1.01.240624,BMC Software Inc.,Application,,C:\Program Files\BMC Software\Client Management\Client\bin,1.0
7961,BMC Client Management Certificate Generator,24.1.01.240624,BMC Software Inc.,Application,,C:\Program Files\BMC Software\Client Management\Client\bin,1.0
7961,BMC Client Management Chilli Interpreter,24.1.01.240624,BMC Software Inc.,Application,,C:\Program Files\BMC Software\Client Management\Client\bin,1.0
7961,BMC Client Management Direct Access Proxy Agent,24.1.01.240624,BMC Software Inc.,Application,,C:\Program Files\BMC Software\Client Management\Client\bin,1.0
7961,BMC Client Management Opswat Proxy Agent,24.1.01.240624,BMC Software Inc.,Application,,C:\Program Files\BMC Software\Client Management\Client\bin,1.0
7961,BMC Client Management Package Viewer,24.1.01.240624,BMC Software Inc.,Application,,C:\Program Files\BMC Software\Client Management\Client\bin,1.0
7961,BMC Client Management Patch Broker,24.1.01.240624,BMC Software Inc.,Application,,C:\Program Files\BMC Software\Client Management\Client\bin,1.0
7961,BMC Client Management Proxy Agent,24.1.01.240624,BMC Software Inc.,Application,,C:\Program Files\BMC Software\Client Management\Client\bin,1.0
7961,BMC Client Management Remote Control proxy,24.1.01.240624,BMC Software Inc.,Application,,C:\Program Files\BMC Software\Client Management\Client\bin,1.0
7961,BMC Client Management SCAP,24.1.01.240624,BMC Software Inc.,Application,,C:\Program Files\BMC Software\Client Management\Client\bin,1.0
7961,BMC Client Management Video Proxy Agent,24.1.01.240624,BMC Software Inc.,Application,,C:\Program Files\BMC Software\Client Management\Client\bin,1.0
7961,Boot File Servicing Utility,10.0,Microsoft Corporation Inc.,Application,,C:\Windows,1.0
7961,Browser Protection Native Messaging Host,4.18,Microsoft Corporation Inc.,Application,,C:\Program Files\Windows Defender,1.0
7961,BrowserCore,10.0,Microsoft Corporation Inc.,Application,,C:\Windows\BrowserCore,1.0
7961,CameraBarcodeScannerPreview,10.0,Microsoft Corporation Inc.,Application,,C:\Windows\SystemApps\Windows.CBSPreview_cw5n1h2txyewy,1.0
7961,ChromeEnterpriseCompanion,143.0,Google LLC,Application,,C:\Windows\SystemTemp\scoped_dir13460_281764215\scoped_dir13460_602243369,1.0
7961,CL5,9.6,Ivanti,Application,,C:\Program Files\BMC Software\Client Management\Client\data\PatchManagementPremium\workspace,5.0
7961,ClickOnce,4.8,Microsoft Corporation Inc.,Application,,C:\Windows\Microsoft.NET\Framework64\v4.0.30319,3.0
7961,Common User Interface,5.8,Musarubra US LLC.,Application,,C:\Program Files\McAfee\Agent\x86,1.0
7961,Copilot,144.0,Microsoft Corporation Inc.,Application,,C:\Program Files (x86)\Microsoft\EdgeWebView\Application\144.0.3719.115,3.0
7961,Copilot Update,1.3,Microsoft Corporation Inc.,Application,,C:\Program Files (x86)\Microsoft\EdgeUpdate,2.0
7961,Create a self-signed digital certificate,15.0,Microsoft Corporation Inc.,Application,,C:\Program Files\Microsoft Office\Office15,1.0
7961,Credential Dialog Host,10.0,Microsoft Corporation Inc.,Application,,C:\Windows\SystemApps\microsoft.creddialoghost_cw5n1h2txyewy,1.0
7961,CrowdStrike Device Control,7.29,CrowdStrike Inc.,Add/Remove Programs,"November 15, 2025 12:00:00 AM",,
7961,CrowdStrike Device Control Support Tool,7.29,CrowdStrike Inc.,Application,,C:\Program Files\CrowdStrike,1.0
7961,CrowdStrike Falcon Connector,7.32,CrowdStrike Inc.,Application,,C:\Program Files\CrowdStrike,1.0
7961,CrowdStrike Falcon Sensor,7.32,CrowdStrike Inc.,Application,,C:\Program Files\CrowdStrike,1.0
7961,CrowdStrike Falcon Sensor Controller,7.32,CrowdStrike Inc.,Application,,C:\Program Files\CrowdStrike,1.0
7961,CrowdStrike Falcon Sensor Service,7.32,CrowdStrike Inc.,Application,,C:\Program Files\CrowdStrike,1.0
7961,CrowdStrike Falcon Sensor Servlet Container,7.32,CrowdStrike Inc.,Application,,C:\Program Files\CrowdStrike,1.0
7961,CrowdStrike Falcon Sensor Settings Tool,7.32,CrowdStrike Inc.,Application,,C:\Program Files\CrowdStrike,1.0
7961,CrowdStrike Falcon Sensor System Tray Application,7.32,CrowdStrike Inc.,Application,,C:\Program Files\CrowdStrike,2.0
7961,CrowdStrike Firmware Analysis,7.14,CrowdStrike Inc.,Add/Remove Programs,"July 24, 2025 12:00:00 AM",,
7961,CrowdStrike Firmware Analysis Support Tool,7.14,CrowdStrike Inc.,Application,,C:\Program Files\CrowdStrike,1.0
7961,CrowdStrike On-Demand Scan Command-line Tool,7.32,CrowdStrike Inc.,Application,,C:\Program Files\CrowdStrike,1.0
7961,CrowdStrike On-Demand Scan Tool,7.32,CrowdStrike Inc.,Application,,C:\Program Files\CrowdStrike,1.0
7961,CrowdStrike Sensor Platform,7.32,CrowdStrike Inc.,Add/Remove Programs,"January 14, 2026 12:00:00 AM",,
6436,.NET Runtime Optimization Service,4.8,Microsoft Corporation Inc.,Application,,C:\Windows\Microsoft.NET\Framework64\v4.0.30319,2.0
6436,64Bit MAPI Mail Agent,1.0,Foxit Software Inc.,Application,,C:\Program Files (x86)\Foxit Software\Foxit PDF Reader,1.0
6436,7-Zip 24.08 (x64),24.08,Igor Pavlov,Add/Remove Programs,,C:\Program Files\7-Zip\,
6436,7-Zip Console,24.08,Igor Pavlov,Application,,C:\Program Files\7-Zip,1.0
6436,7-Zip File Manager,24.08,Igor Pavlov,Application,,C:\Program Files\7-Zip,1.0
6436,7-Zip GUI,24.08,Igor Pavlov,Application,,C:\Program Files\7-Zip,1.0
6436,Accounts Control Host,10.0,Microsoft Corporation Inc.,Application,,C:\Windows\SystemApps\Microsoft.AccountsControl_cw5n1h2txyewy,1.0
6436,ActionFXRuntimeExe,2124.35306,Microsoft Corporation Inc.,Application,,C:\Windows\SystemApps\MicrosoftWindows.Client.CBS_cw5n1h2txyewy,1.0
6436,AddSuggestedFoldersToLibraryDialog,10.0,Microsoft Corporation Inc.,Application,,C:\Windows\SystemApps\Microsoft.Windows.AddSuggestedFoldersToLibraryDialog_cw5n1h2txyewy,1.0
6436,Antimalware Core Service,4.18,Microsoft Corporation Inc.,Application,,C:\Program Files\Windows Defender,1.0
6436,Antimalware Service Executable,4.18,Microsoft Corporation Inc.,Application,,C:\Program Files\Windows Defender,1.0
6436,AppResolverUX,10.0,Microsoft Corporation Inc.,Application,,C:\Windows\SystemApps\Microsoft.Windows.AppResolverUX_cw5n1h2txyewy,1.0
6436,AsyncTextService,10.0,Microsoft Corporation Inc.,Application,,C:\Windows\SystemApps\Microsoft.AsyncTextService_8wekyb3d8bbwe,1.0
6436,Biometric Enrollment Host,10.0,Microsoft Corporation Inc.,Application,,C:\Windows\SystemApps\Microsoft.BioEnrollment_cw5n1h2txyewy,1.0
6436,BMC Client Management Agent,24.1.01.240624,BMC Software Inc.,Application,,C:\Program Files\BMC Software\Client Management\Client\bin,1.0
6436,BMC Client Management Certificate Generator,24.1.01.240624,BMC Software Inc.,Application,,C:\Program Files\BMC Software\Client Management\Client\bin,1.0
6436,BMC Client Management Chilli Interpreter,24.1.01.240624,BMC Software Inc.,Application,,C:\Program Files\BMC Software\Client Management\Client\bin,1.0
6436,BMC Client Management Direct Access Proxy Agent,24.1.01.240624,BMC Software Inc.,Application,,C:\Program Files\BMC Software\Client Management\Client\bin,1.0
6436,BMC Client Management Opswat Proxy Agent,24.1.01.240624,BMC Software Inc.,Application,,C:\Program Files\BMC Software\Client Management\Client\bin,1.0
6436,BMC Client Management Package Viewer,24.1.01.240624,BMC Software Inc.,Application,,C:\Program Files\BMC Software\Client Management\Client\bin,1.0
6436,BMC Client Management Patch Broker,24.1.01.240624,BMC Software Inc.,Application,,C:\Program Files\BMC Software\Client Management\Client\bin,1.0
6436,BMC Client Management Proxy Agent,24.1.01.240624,BMC Software Inc.,Application,,C:\Program Files\BMC Software\Client Management\Client\bin,1.0
6436,BMC Client Management Remote Control proxy,24.1.01.240624,BMC Software Inc.,Application,,C:\Program Files\BMC Software\Client Management\Client\bin,1.0
6436,BMC Client Management SCAP,24.1.01.240624,BMC Software Inc.,Application,,C:\Program Files\BMC Software\Client Management\Client\bin,1.0
6436,BMC Client Management Video Proxy Agent,24.1.01.240624,BMC Software Inc.,Application,,C:\Program Files\BMC Software\Client Management\Client\bin,1.0
6436,Boot File Servicing Utility,10.0,Microsoft Corporation Inc.,Application,,C:\Windows,1.0
6436,Browser Protection Native Messaging Host,4.18,Microsoft Corporation Inc.,Application,,C:\Program Files\Windows Defender,1.0
6436,BrowserCore,10.0,Microsoft Corporation Inc.,Application,,C:\Windows\BrowserCore,1.0
6436,CameraBarcodeScannerPreview,10.0,Microsoft Corporation Inc.,Application,,C:\Windows\SystemApps\Windows.CBSPreview_cw5n1h2txyewy,1.0
6436,CL5,9.6,Ivanti,Application,,C:\Program Files\BMC Software\Client Management\Client\data\PatchManagementPremium\workspace,1.0
6436,ClickOnce,4.8,Microsoft Corporation Inc.,Application,,C:\Windows\Microsoft.NET\Framework64\v4.0.30319,3.0
6436,Common User Interface,5.8,Musarubra US LLC.,Application,,C:\Program Files\McAfee\Agent\x86,1.0
6436,Credential Dialog Host,10.0,Microsoft Corporation Inc.,Application,,C:\Windows\SystemApps\microsoft.creddialoghost_cw5n1h2txyewy,1.0
6436,CrowdStrike Device Control,7.29,CrowdStrike Inc.,Add/Remove Programs,"November 14, 2025 12:00:00 AM",,
6436,CrowdStrike Device Control Support Tool,7.29,CrowdStrike Inc.,Application,,C:\Program Files\CrowdStrike,1.0
6436,CrowdStrike Falcon Connector,7.32,CrowdStrike Inc.,Application,,C:\Program Files\CrowdStrike,1.0
6436,CrowdStrike Falcon Sensor,7.32,CrowdStrike Inc.,Application,,C:\Program Files\CrowdStrike,1.0
6436,CrowdStrike Falcon Sensor Controller,7.32,CrowdStrike Inc.,Application,,C:\Program Files\CrowdStrike,1.0
6436,CrowdStrike Falcon Sensor Service,7.32,CrowdStrike Inc.,Application,,C:\Program Files\CrowdStrike,1.0
6436,CrowdStrike Falcon Sensor Servlet Container,7.32,CrowdStrike Inc.,Application,,C:\Program Files\CrowdStrike,1.0
6436,CrowdStrike Falcon Sensor Settings Tool,7.32,CrowdStrike Inc.,Application,,C:\Program Files\CrowdStrike,1.0
6436,CrowdStrike Falcon Sensor System Tray Application,7.32,CrowdStrike Inc.,Application,,C:\Program Files\CrowdStrike,2.0
6436,CrowdStrike Firmware Analysis,7.14,CrowdStrike Inc.,Add/Remove Programs,"July 24, 2025 12:00:00 AM",,
6436,CrowdStrike Firmware Analysis Support Tool,7.14,CrowdStrike Inc.,Application,,C:\Program Files\CrowdStrike,1.0
6436,CrowdStrike On-Demand Scan Command-line Tool,7.32,CrowdStrike Inc.,Application,,C:\Program Files\CrowdStrike,1.0
6436,CrowdStrike On-Demand Scan Tool,7.32,CrowdStrike Inc.,Application,,C:\Program Files\CrowdStrike,1.0
6436,CrowdStrike Sensor Platform,7.32,CrowdStrike Inc.,Add/Remove Programs,"January 14, 2026 12:00:00 AM",,
6436,CrowdStrike Windows Sensor,7.32,CrowdStrike Inc.,Add/Remove Programs,"January 14, 2026 12:00:00 AM",,
6436,CxAudioSvc,1.0,Conexant Systems LLC.,Application,,C:\Windows\CxSvc,1.0
6436,EC App,10.0,Microsoft Corporation Inc.,Application,,C:\Windows\SystemApps\Microsoft.ECApp_8wekyb3d8bbwe,1.0
17670,.NET Runtime Optimization Service,4.8,Microsoft Corporation Inc.,Application,,C:\Windows\Microsoft.NET\Framework64\v4.0.30319,2.0
17670,64Bit MAPI Mail Agent,1.0,Foxit Software Inc.,Application,,C:\Program Files (x86)\Foxit Software\Foxit PDF Reader,1.0
17670,7-Zip 24.08 (x64),24.08,Igor Pavlov,Add/Remove Programs,,C:\Program Files\7-Zip\,
17670,7-Zip Console,24.08,Igor Pavlov,Application,,C:\Program Files\7-Zip,1.0
17670,7-Zip File Manager,24.08,Igor Pavlov,Application,,C:\Program Files\7-Zip,1.0
17670,7-Zip GUI,24.08,Igor Pavlov,Application,,C:\Program Files\7-Zip,1.0
17670,Accounts Control Host,10.0,Microsoft Corporation Inc.,Application,,C:\Windows\SystemApps\Microsoft.AccountsControl_cw5n1h2txyewy,1.0
17670,ActionFXRuntimeExe,2124.35306,Microsoft Corporation Inc.,Application,,C:\Windows\SystemApps\MicrosoftWindows.Client.CBS_cw5n1h2txyewy,1.0
17670,AddSuggestedFoldersToLibraryDialog,10.0,Microsoft Corporation Inc.,Application,,C:\Windows\SystemApps\Microsoft.Windows.AddSuggestedFoldersToLibraryDialog_cw5n1h2txyewy,1.0
17670,Antimalware Core Service,4.18,Microsoft Corporation Inc.,Application,,C:\Program Files\Windows Defender,1.0
17670,Antimalware Service Executable,4.18,Microsoft Corporation Inc.,Application,,C:\Program Files\Windows Defender,1.0
17670,AppResolverUX,10.0,Microsoft Corporation Inc.,Application,,C:\Windows\SystemApps\Microsoft.Windows.AppResolverUX_cw5n1h2txyewy,1.0
17670,AsyncTextService,10.0,Microsoft Corporation Inc.,Application,,C:\Windows\SystemApps\Microsoft.AsyncTextService_8wekyb3d8bbwe,1.0
17670,Biometric Enrollment Host,10.0,Microsoft Corporation Inc.,Application,,C:\Windows\SystemApps\Microsoft.BioEnrollment_cw5n1h2txyewy,1.0
17670,BMC Client Management Agent,24.1.01.240624,BMC Software Inc.,Application,,C:\Program Files\BMC Software\Client Management\Client\bin,1.0
17670,BMC Client Management Certificate Generator,24.1.01.240624,BMC Software Inc.,Application,,C:\Program Files\BMC Software\Client Management\Client\bin,1.0
17670,BMC Client Management Chilli Interpreter,24.1.01.240624,BMC Software Inc.,Application,,C:\Program Files\BMC Software\Client Management\Client\bin,1.0
17670,BMC Client Management Direct Access Proxy Agent,24.1.01.240624,BMC Software Inc.,Application,,C:\Program Files\BMC Software\Client Management\Client\bin,1.0
17670,BMC Client Management Opswat Proxy Agent,24.1.01.240624,BMC Software Inc.,Application,,C:\Program Files\BMC Software\Client Management\Client\bin,1.0
17670,BMC Client Management Package Viewer,24.1.01.240624,BMC Software Inc.,Application,,C:\Program Files\BMC Software\Client Management\Client\bin,1.0
17670,BMC Client Management Patch Broker,24.1.01.240624,BMC Software Inc.,Application,,C:\Program Files\BMC Software\Client Management\Client\bin,1.0
17670,BMC Client Management Proxy Agent,24.1.01.240624,BMC Software Inc.,Application,,C:\Program Files\BMC Software\Client Management\Client\bin,1.0
17670,BMC Client Management Remote Control proxy,24.1.01.240624,BMC Software Inc.,Application,,C:\Program Files\BMC Software\Client Management\Client\bin,1.0
17670,BMC Client Management SCAP,24.1.01.240624,BMC Software Inc.,Application,,C:\Program Files\BMC Software\Client Management\Client\bin,1.0
17670,BMC Client Management Video Proxy Agent,24.1.01.240624,BMC Software Inc.,Application,,C:\Program Files\BMC Software\Client Management\Client\bin,1.0
17670,Boot File Servicing Utility,10.0,Microsoft Corporation Inc.,Application,,C:\Windows,1.0
17670,Browser Protection Native Messaging Host,4.18,Microsoft Corporation Inc.,Application,,C:\Program Files\Windows Defender,1.0
17670,BrowserCore,10.0,Microsoft Corporation Inc.,Application,,C:\Windows\BrowserCore,1.0
17670,CameraBarcodeScannerPreview,10.0,Microsoft Corporation Inc.,Application,,C:\Windows\SystemApps\Windows.CBSPreview_cw5n1h2txyewy,1.0
17670,ChromeEnterpriseCompanion,143.0,Google LLC,Application,,C:\Windows\SystemTemp\scoped_dir9696_1123949369\scoped_dir9696_650733442,1.0
17670,ClickOnce,4.8,Microsoft Corporation Inc.,Application,,C:\Windows\Microsoft.NET\Framework64\v4.0.30319,3.0
17670,Common User Interface,5.8,Musarubra US LLC.,Application,,C:\Program Files\McAfee\Agent\x86,1.0
17670,Credential Dialog Host,10.0,Microsoft Corporation Inc.,Application,,C:\Windows\SystemApps\microsoft.creddialoghost_cw5n1h2txyewy,1.0
17670,CrowdStrike Device Control,7.29,CrowdStrike Inc.,Add/Remove Programs,"November 14, 2025 12:00:00 AM",,
17670,CrowdStrike Device Control Support Tool,7.29,CrowdStrike Inc.,Application,,C:\Program Files\CrowdStrike,1.0
17670,CrowdStrike Falcon Connector,7.32,CrowdStrike Inc.,Application,,C:\Program Files\CrowdStrike,1.0
17670,CrowdStrike Falcon Sensor,7.32,CrowdStrike Inc.,Application,,C:\Program Files\CrowdStrike,1.0
17670,CrowdStrike Falcon Sensor Controller,7.32,CrowdStrike Inc.,Application,,C:\Program Files\CrowdStrike,1.0
17670,CrowdStrike Falcon Sensor Service,7.32,CrowdStrike Inc.,Application,,C:\Program Files\CrowdStrike,1.0
17670,CrowdStrike Falcon Sensor Servlet Container,7.32,CrowdStrike Inc.,Application,,C:\Program Files\CrowdStrike,1.0
17670,CrowdStrike Falcon Sensor Settings Tool,7.32,CrowdStrike Inc.,Application,,C:\Program Files\CrowdStrike,1.0
17670,CrowdStrike Falcon Sensor System Tray Application,7.32,CrowdStrike Inc.,Application,,C:\Program Files\CrowdStrike,2.0
17670,CrowdStrike Firmware Analysis,7.14,CrowdStrike Inc.,Add/Remove Programs,"July 10, 2025 12:00:00 AM",,
17670,CrowdStrike Firmware Analysis Support Tool,7.14,CrowdStrike Inc.,Application,,C:\Program Files\CrowdStrike,1.0
17670,CrowdStrike On-Demand Scan Command-line Tool,7.32,CrowdStrike Inc.,Application,,C:\Program Files\CrowdStrike,1.0
17670,CrowdStrike On-Demand Scan Tool,7.32,CrowdStrike Inc.,Application,,C:\Program Files\CrowdStrike,1.0
17670,CrowdStrike Sensor Platform,7.32,CrowdStrike Inc.,Add/Remove Programs,"January 14, 2026 12:00:00 AM",,
17670,CrowdStrike Windows Sensor,7.32,CrowdStrike Inc.,Add/Remove Programs,"January 14, 2026 12:00:00 AM",,
17670,CxAudioSvc,1.0,Conexant Systems LLC.,Application,,C:\Windows\CxSvc,1.0
17670,EC App,10.0,Microsoft Corporation Inc.,Application,,C:\Windows\SystemApps\Microsoft.ECApp_8wekyb3d8bbwe,1.0
8177,.NET Runtime Optimization Service,4.8,Microsoft Corporation Inc.,Application,,C:\Windows\Microsoft.NET\Framework64\v4.0.30319,2.0
8177,64Bit MAPI Mail Agent,1.0,Foxit Software Inc.,Application,,C:\Program Files (x86)\Foxit Software\Foxit PDF Reader,1.0
8177,7-Zip 19.00 (x64),19.0,Igor Pavlov,Add/Remove Programs,,C:\Program Files\7-Zip\,
8177,7-Zip Console,19.0,Igor Pavlov,Application,,C:\Program Files\7-Zip,1.0
8177,7-Zip File Manager,19.0,Igor Pavlov,Application,,C:\Program Files\7-Zip,1.0
8177,7-Zip GUI,19.0,Igor Pavlov,Application,,C:\Program Files\7-Zip,1.0
8177,AAD token broker plugin,10.0,Microsoft Corporation Inc.,Application,,C:\Windows\SystemApps\Microsoft.AAD.BrokerPlugin_cw5n1h2txyewy,1.0
8177,Accounts Control Host,10.0,Microsoft Corporation Inc.,Application,,C:\Windows\SystemApps\Microsoft.AccountsControl_cw5n1h2txyewy,1.0
8177,AddSuggestedFoldersToLibraryDialog,10.0,Microsoft Corporation Inc.,Application,,C:\Windows\SystemApps\Microsoft.Windows.AddSuggestedFoldersToLibraryDialog_cw5n1h2txyewy,1.0
8177,Antimalware Service Executable,4.18,Microsoft Corporation Inc.,Application,,C:\Program Files\Windows Defender,1.0
8177,AppResolverUX,10.0,Microsoft Corporation Inc.,Application,,C:\Windows\SystemApps\Microsoft.Windows.AppResolverUX_cw5n1h2txyewy,1.0
8177,AsyncTextService,10.0,Microsoft Corporation Inc.,Application,,C:\Windows\SystemApps\Microsoft.AsyncTextService_8wekyb3d8bbwe,1.0
8177,Biometric Enrollment Host,10.0,Microsoft Corporation Inc.,Application,,C:\Windows\SystemApps\Microsoft.BioEnrollment_cw5n1h2txyewy,1.0
8177,BMC Client Management Agent,24.1.01.240624,BMC Software Inc.,Application,,C:\Program Files\BMC Software\Client Management\Client\bin,1.0
8177,BMC Client Management Certificate Generator,24.1.01.240624,BMC Software Inc.,Application,,C:\Program Files\BMC Software\Client Management\Client\bin,1.0
8177,BMC Client Management Chilli Interpreter,24.1.01.240624,BMC Software Inc.,Application,,C:\Program Files\BMC Software\Client Management\Client\bin,1.0
8177,BMC Client Management Direct Access Proxy Agent,24.1.01.240624,BMC Software Inc.,Application,,C:\Program Files\BMC Software\Client Management\Client\bin,1.0
8177,BMC Client Management Opswat Proxy Agent,24.1.01.240624,BMC Software Inc.,Application,,C:\Program Files\BMC Software\Client Management\Client\bin,1.0
8177,BMC Client Management Package Viewer,24.1.01.240624,BMC Software Inc.,Application,,C:\Program Files\BMC Software\Client Management\Client\bin,1.0
8177,BMC Client Management Patch Broker,24.1.01.240624,BMC Software Inc.,Application,,C:\Program Files\BMC Software\Client Management\Client\bin,1.0
8177,BMC Client Management Proxy Agent,24.1.01.240624,BMC Software Inc.,Application,,C:\Program Files\BMC Software\Client Management\Client\bin,1.0
8177,BMC Client Management Remote Control proxy,24.1.01.240624,BMC Software Inc.,Application,,C:\Program Files\BMC Software\Client Management\Client\bin,1.0
8177,BMC Client Management SCAP,24.1.01.240624,BMC Software Inc.,Application,,C:\Program Files\BMC Software\Client Management\Client\bin,1.0
8177,BMC Client Management Video Proxy Agent,24.1.01.240624,BMC Software Inc.,Application,,C:\Program Files\BMC Software\Client Management\Client\bin,1.0
8177,Boot File Servicing Utility,10.0,Microsoft Corporation Inc.,Application,,C:\Windows,1.0
8177,BrowserCore,10.0,Microsoft Corporation Inc.,Application,,C:\Windows\BrowserCore,1.0
8177,Calling App to host call progress on shell,10.0,Microsoft Corporation Inc.,Application,,C:\Windows\SystemApps\Microsoft.Windows.CallingShellApp_cw5n1h2txyewy,1.0
8177,CameraBarcodeScannerPreview,10.0,Microsoft Corporation Inc.,Application,,C:\Windows\SystemApps\Windows.CBSPreview_cw5n1h2txyewy,1.0
8177,ChromeEnterpriseCompanion,143.0,Google LLC,Application,,C:\Windows\SystemTemp\scoped_dir1840_1625269965\scoped_dir1840_13664215,1.0
8177,CL5,9.6,Ivanti,Application,,C:\Program Files\BMC Software\Client Management\Client\data\PatchManagementPremium\workspace,4.0
8177,ClickOnce,4.8,Microsoft Corporation Inc.,Application,,C:\Windows\Microsoft.NET\Framework64\v4.0.30319,3.0
8177,Common User Interface,5.8,Musarubra US LLC.,Application,,C:\Program Files\McAfee\Agent\x86,1.0
8177,Credential Dialog Host,10.0,Microsoft Corporation Inc.,Application,,C:\Windows\SystemApps\microsoft.creddialoghost_cw5n1h2txyewy,1.0
8177,CrowdStrike Device Control,7.29,CrowdStrike Inc.,Add/Remove Programs,"November 14, 2025 12:00:00 AM",,
8177,CrowdStrike Device Control Support Tool,7.29,CrowdStrike Inc.,Application,,C:\Program Files\CrowdStrike,1.0
8177,CrowdStrike Falcon Connector,7.32,CrowdStrike Inc.,Application,,C:\Program Files\CrowdStrike,1.0
8177,CrowdStrike Falcon Sensor,7.32,CrowdStrike Inc.,Application,,C:\Program Files\CrowdStrike,1.0
8177,CrowdStrike Falcon Sensor Controller,7.32,CrowdStrike Inc.,Application,,C:\Program Files\CrowdStrike,1.0
8177,CrowdStrike Falcon Sensor Service,7.32,CrowdStrike Inc.,Application,,C:\Program Files\CrowdStrike,1.0
8177,CrowdStrike Falcon Sensor Servlet Container,7.32,CrowdStrike Inc.,Application,,C:\Program Files\CrowdStrike,1.0
8177,CrowdStrike Falcon Sensor Settings Tool,7.32,CrowdStrike Inc.,Application,,C:\Program Files\CrowdStrike,1.0
8177,CrowdStrike Falcon Sensor System Tray Application,7.32,CrowdStrike Inc.,Application,,C:\Program Files\CrowdStrike,2.0
8177,CrowdStrike Firmware Analysis,7.14,CrowdStrike Inc.,Add/Remove Programs,"April 17, 2025 12:00:00 AM",,
8177,CrowdStrike Firmware Analysis Support Tool,7.14,CrowdStrike Inc.,Application,,C:\Program Files\CrowdStrike,1.0
8177,CrowdStrike Forensic Data Collection Tool,1.0,CrowdStrike Inc.,Application,,C:,2.0
8177,CrowdStrike On-Demand Scan Command-line Tool,7.32,CrowdStrike Inc.,Application,,C:\Program Files\CrowdStrike,1.0
8177,CrowdStrike On-Demand Scan Tool,7.32,CrowdStrike Inc.,Application,,C:\Program Files\CrowdStrike,1.0
8177,CrowdStrike Sensor Platform,7.32,CrowdStrike Inc.,Add/Remove Programs,"January 14, 2026 12:00:00 AM",,
8177,CrowdStrike Windows Sensor,7.32,CrowdStrike Inc.,Add/Remove Programs,"January 14, 2026 12:00:00 AM",,
8177,CrowdStrike Windows Sensor,6.54,CrowdStrike Inc.,Application,,C:\login\crowdstrike,1.0
8149,.NET Runtime Optimization Service,4.8,Microsoft Corporation Inc.,Application,,C:\Windows\Microsoft.NET\Framework64\v4.0.30319,2.0
8149,64Bit MAPI Mail Agent,1.0,Foxit Software Inc.,Application,,C:\Program Files (x86)\Foxit Software\Foxit Reader,1.0
8149,7-Zip 24.08,24.08,Igor Pavlov,Add/Remove Programs,"December 06, 2024 12:00:00 AM",,
8149,7-Zip Console,24.08,Igor Pavlov,Application,,C:\Program Files (x86)\7-Zip,1.0
8149,7-Zip File Manager,24.08,Igor Pavlov,Application,,C:\Program Files (x86)\7-Zip,1.0
8149,7-Zip GUI,24.08,Igor Pavlov,Application,,C:\Program Files (x86)\7-Zip,1.0
8149,AAD token broker plugin,10.0,Microsoft Corporation Inc.,Application,,C:\Windows\SystemApps\Microsoft.AAD.BrokerPlugin_cw5n1h2txyewy,1.0
8149,Accounts Control Host,10.0,Microsoft Corporation Inc.,Application,,C:\Windows\SystemApps\Microsoft.AccountsControl_cw5n1h2txyewy,1.0
8149,AddSuggestedFoldersToLibraryDialog,10.0,Microsoft Corporation Inc.,Application,,C:\Windows\SystemApps\Microsoft.Windows.AddSuggestedFoldersToLibraryDialog_cw5n1h2txyewy,1.0
8149,Antimalware Service Executable,4.18,Microsoft Corporation Inc.,Application,,C:\Program Files\Windows Defender,1.0
8149,AppResolverUX,10.0,Microsoft Corporation Inc.,Application,,C:\Windows\SystemApps\Microsoft.Windows.AppResolverUX_cw5n1h2txyewy,1.0
8149,AsyncTextService,10.0,Microsoft Corporation Inc.,Application,,C:\Windows\SystemApps\Microsoft.AsyncTextService_8wekyb3d8bbwe,1.0
8149,Biometric Enrollment Host,10.0,Microsoft Corporation Inc.,Application,,C:\Windows\SystemApps\Microsoft.BioEnrollment_cw5n1h2txyewy,1.0
8149,BMC Client Management Agent,24.1.01.240624,BMC Software Inc.,Application,,C:\Program Files\BMC Software\Client Management\Client\bin,1.0
8149,BMC Client Management Certificate Generator,24.1.01.240624,BMC Software Inc.,Application,,C:\Program Files\BMC Software\Client Management\Client\bin,1.0
8149,BMC Client Management Chilli Interpreter,24.1.01.240624,BMC Software Inc.,Application,,C:\Program Files\BMC Software\Client Management\Client\bin,1.0
8149,BMC Client Management Direct Access Proxy Agent,24.1.01.240624,BMC Software Inc.,Application,,C:\Program Files\BMC Software\Client Management\Client\bin,1.0
8149,BMC Client Management Opswat Proxy Agent,24.1.01.240624,BMC Software Inc.,Application,,C:\Program Files\BMC Software\Client Management\Client\bin,1.0
8149,BMC Client Management Package Viewer,24.1.01.240624,BMC Software Inc.,Application,,C:\Program Files\BMC Software\Client Management\Client\bin,1.0
8149,BMC Client Management Patch Broker,24.1.01.240624,BMC Software Inc.,Application,,C:\Program Files\BMC Software\Client Management\Client\bin,1.0
8149,BMC Client Management Proxy Agent,24.1.01.240624,BMC Software Inc.,Application,,C:\Program Files\BMC Software\Client Management\Client\bin,1.0
8149,BMC Client Management Remote Control proxy,24.1.01.240624,BMC Software Inc.,Application,,C:\Program Files\BMC Software\Client Management\Client\bin,1.0
8149,BMC Client Management SCAP,24.1.01.240624,BMC Software Inc.,Application,,C:\Program Files\BMC Software\Client Management\Client\bin,1.0
8149,BMC Client Management Video Proxy Agent,24.1.01.240624,BMC Software Inc.,Application,,C:\Program Files\BMC Software\Client Management\Client\bin,1.0
8149,Boot File Servicing Utility,10.0,Microsoft Corporation Inc.,Application,,C:\Windows,1.0
8149,BrowserCore,10.0,Microsoft Corporation Inc.,Application,,C:\Windows\BrowserCore,1.0
8149,Calling App to host call progress on shell,10.0,Microsoft Corporation Inc.,Application,,C:\Windows\SystemApps\Microsoft.Windows.CallingShellApp_cw5n1h2txyewy,1.0
8149,CameraBarcodeScannerPreview,10.0,Microsoft Corporation Inc.,Application,,C:\Windows\SystemApps\Windows.CBSPreview_cw5n1h2txyewy,1.0
8149,CL5,9.6,Ivanti,Application,,C:\Program Files\BMC Software\Client Management\Client\data\PatchManagementPremium\workspace,3.0
8149,ClickOnce,4.8,Microsoft Corporation Inc.,Application,,C:\Windows\Microsoft.NET\Framework64\v4.0.30319,3.0
8149,Common User Interface,5.8,Musarubra US LLC.,Application,,C:\Program Files\McAfee\Agent\x86,1.0
8149,Credential Dialog Host,10.0,Microsoft Corporation Inc.,Application,,C:\Windows\SystemApps\microsoft.creddialoghost_cw5n1h2txyewy,1.0
8149,CrowdStrike Device Control,7.29,CrowdStrike Inc.,Add/Remove Programs,"November 14, 2025 12:00:00 AM",,
8149,CrowdStrike Device Control Support Tool,7.29,CrowdStrike Inc.,Application,,C:\Program Files\CrowdStrike,1.0
8149,CrowdStrike Falcon Connector,7.32,CrowdStrike Inc.,Application,,C:\Program Files\CrowdStrike,1.0
8149,CrowdStrike Falcon Sensor,7.32,CrowdStrike Inc.,Application,,C:\Program Files\CrowdStrike,1.0
8149,CrowdStrike Falcon Sensor Controller,7.32,CrowdStrike Inc.,Application,,C:\Program Files\CrowdStrike,1.0
8149,CrowdStrike Falcon Sensor Service,7.32,CrowdStrike Inc.,Application,,C:\Program Files\CrowdStrike,1.0
8149,CrowdStrike Falcon Sensor Servlet Container,7.32,CrowdStrike Inc.,Application,,C:\Program Files\CrowdStrike,1.0
8149,CrowdStrike Falcon Sensor Settings Tool,7.32,CrowdStrike Inc.,Application,,C:\Program Files\CrowdStrike,1.0
8149,CrowdStrike Falcon Sensor System Tray Application,7.32,CrowdStrike Inc.,Application,,C:\Program Files\CrowdStrike,2.0
8149,CrowdStrike Firmware Analysis,7.14,CrowdStrike Inc.,Add/Remove Programs,"July 24, 2025 12:00:00 AM",,
8149,CrowdStrike Firmware Analysis Support Tool,7.14,CrowdStrike Inc.,Application,,C:\Program Files\CrowdStrike,1.0
8149,CrowdStrike On-Demand Scan Command-line Tool,7.32,CrowdStrike Inc.,Application,,C:\Program Files\CrowdStrike,1.0
8149,CrowdStrike On-Demand Scan Tool,7.32,CrowdStrike Inc.,Application,,C:\Program Files\CrowdStrike,1.0
8149,CrowdStrike Sensor Platform,7.32,CrowdStrike Inc.,Add/Remove Programs,"January 14, 2026 12:00:00 AM",,
8149,CrowdStrike Windows Sensor,7.32,CrowdStrike Inc.,Add/Remove Programs,"January 14, 2026 12:00:00 AM",,
8149,CrowdStrike Windows Sensor,6.54,CrowdStrike Inc.,Application,,D:\login\crowdstrike,1.0
8149,EC App,10.0,Microsoft Corporation Inc.,Application,,C:\Windows\SystemApps\Microsoft.ECApp_8wekyb3d8bbwe,1.0
8149,EPSON ´òÓ¡»úÇý¶¯³ÌÐò°²×°¹¤¾ß,5.0,SEIKO EPSON CORPORATION,Application,,D:\login\LX-300+II_Drv_Ver6\WINNT40\SC\SETUP,4.0
7993,.NET Runtime Optimization Service,4.8,Microsoft Corporation Inc.,Application,,C:\Windows\Microsoft.NET\Framework64\v4.0.30319,2.0
7993,64Bit MAPI Mail Agent,1.0,Foxit Software Inc.,Application,,C:\Program Files (x86)\Foxit Software\Foxit PDF Reader,1.0
7993,7-Zip 24.08 (x64),24.08,Igor Pavlov,Add/Remove Programs,,C:\Program Files\7-Zip\,
7993,7-Zip Console,24.08,Igor Pavlov,Application,,C:\Program Files\7-Zip,1.0
7993,7-Zip File Manager,24.08,Igor Pavlov,Application,,C:\Program Files\7-Zip,1.0
7993,7-Zip GUI,24.08,Igor Pavlov,Application,,C:\Program Files\7-Zip,1.0
7993,Accounts Control Host,10.0,Microsoft Corporation Inc.,Application,,C:\Windows\SystemApps\Microsoft.AccountsControl_cw5n1h2txyewy,1.0
7993,AddSuggestedFoldersToLibraryDialog,10.0,Microsoft Corporation Inc.,Application,,C:\Windows\SystemApps\Microsoft.Windows.AddSuggestedFoldersToLibraryDialog_cw5n1h2txyewy,1.0
7993,Antimalware Core Service,4.18,Microsoft Corporation Inc.,Application,,C:\Program Files\Windows Defender,1.0
7993,Antimalware Service Executable,4.18,Microsoft Corporation Inc.,Application,,C:\Program Files\Windows Defender,1.0
7993,AppResolverUX,10.0,Microsoft Corporation Inc.,Application,,C:\Windows\SystemApps\Microsoft.Windows.AppResolverUX_cw5n1h2txyewy,1.0
7993,AsyncTextService,10.0,Microsoft Corporation Inc.,Application,,C:\Windows\SystemApps\Microsoft.AsyncTextService_8wekyb3d8bbwe,1.0
7993,Biometric Enrollment Host,10.0,Microsoft Corporation Inc.,Application,,C:\Windows\SystemApps\Microsoft.BioEnrollment_cw5n1h2txyewy,1.0
7993,BMC Client Management Agent,24.1.01.240624,BMC Software Inc.,Application,,C:\Program Files\BMC Software\Client Management\Client\bin,1.0
7993,BMC Client Management Certificate Generator,24.1.01.240624,BMC Software Inc.,Application,,C:\Program Files\BMC Software\Client Management\Client\bin,1.0
7993,BMC Client Management Chilli Interpreter,24.1.01.240624,BMC Software Inc.,Application,,C:\Program Files\BMC Software\Client Management\Client\bin,1.0
7993,BMC Client Management Direct Access Proxy Agent,24.1.01.240624,BMC Software Inc.,Application,,C:\Program Files\BMC Software\Client Management\Client\bin,1.0
7993,BMC Client Management Opswat Proxy Agent,24.1.01.240624,BMC Software Inc.,Application,,C:\Program Files\BMC Software\Client Management\Client\bin,1.0
7993,BMC Client Management Package Viewer,24.1.01.240624,BMC Software Inc.,Application,,C:\Program Files\BMC Software\Client Management\Client\bin,1.0
7993,BMC Client Management Patch Broker,24.1.01.240624,BMC Software Inc.,Application,,C:\Program Files\BMC Software\Client Management\Client\bin,1.0
7993,BMC Client Management Proxy Agent,24.1.01.240624,BMC Software Inc.,Application,,C:\Program Files\BMC Software\Client Management\Client\bin,1.0
7993,BMC Client Management Remote Control proxy,24.1.01.240624,BMC Software Inc.,Application,,C:\Program Files\BMC Software\Client Management\Client\bin,1.0
7993,BMC Client Management SCAP,24.1.01.240624,BMC Software Inc.,Application,,C:\Program Files\BMC Software\Client Management\Client\bin,1.0
7993,BMC Client Management Video Proxy Agent,24.1.01.240624,BMC Software Inc.,Application,,C:\Program Files\BMC Software\Client Management\Client\bin,1.0
7993,Boot File Servicing Utility,10.0,Microsoft Corporation Inc.,Application,,C:\Windows,1.0
7993,Browser Protection Native Messaging Host,4.18,Microsoft Corporation Inc.,Application,,C:\Program Files\Windows Defender,1.0
7993,BrowserCore,10.0,Microsoft Corporation Inc.,Application,,C:\Windows\BrowserCore,1.0
7993,CameraBarcodeScannerPreview,10.0,Microsoft Corporation Inc.,Application,,C:\Windows\SystemApps\Windows.CBSPreview_cw5n1h2txyewy,1.0
7993,CL5,9.6,Ivanti,Application,,C:\Program Files\BMC Software\Client Management\Client\data\PatchManagementPremium\workspace,1.0
7993,ClickOnce,4.8,Microsoft Corporation Inc.,Application,,C:\Windows\Microsoft.NET\Framework64\v4.0.30319,3.0
7993,Common User Interface,5.8,Musarubra US LLC.,Application,,C:\Program Files\McAfee\Agent\x86,1.0
7993,Copilot,144.0,Microsoft Corporation Inc.,Application,,C:\Program Files (x86)\Microsoft\EdgeWebView\Application\144.0.3719.115,3.0
7993,Copilot Update,1.3,Microsoft Corporation Inc.,Application,,C:\Program Files (x86)\Microsoft\EdgeUpdate,2.0
7993,Credential Dialog Host,10.0,Microsoft Corporation Inc.,Application,,C:\Windows\SystemApps\microsoft.creddialoghost_cw5n1h2txyewy,1.0
7993,CrowdStrike Device Control,7.29,CrowdStrike Inc.,Add/Remove Programs,"November 14, 2025 12:00:00 AM",,
7993,CrowdStrike Device Control Support Tool,7.29,CrowdStrike Inc.,Application,,C:\Program Files\CrowdStrike,1.0
7993,CrowdStrike Falcon Connector,7.32,CrowdStrike Inc.,Application,,C:\Program Files\CrowdStrike,1.0
7993,CrowdStrike Falcon Sensor,7.32,CrowdStrike Inc.,Application,,C:\Program Files\CrowdStrike,1.0
7993,CrowdStrike Falcon Sensor Controller,7.32,CrowdStrike Inc.,Application,,C:\Program Files\CrowdStrike,1.0
7993,CrowdStrike Falcon Sensor Service,7.32,CrowdStrike Inc.,Application,,C:\Program Files\CrowdStrike,1.0
7993,CrowdStrike Falcon Sensor Servlet Container,7.32,CrowdStrike Inc.,Application,,C:\Program Files\CrowdStrike,1.0
7993,CrowdStrike Falcon Sensor Settings Tool,7.32,CrowdStrike Inc.,Application,,C:\Program Files\CrowdStrike,1.0
7993,CrowdStrike Falcon Sensor System Tray Application,7.32,CrowdStrike Inc.,Application,,C:\Program Files\CrowdStrike,2.0
7993,CrowdStrike Firmware Analysis,7.14,CrowdStrike Inc.,Add/Remove Programs,"July 24, 2025 12:00:00 AM",,
7993,CrowdStrike Firmware Analysis Support Tool,7.14,CrowdStrike Inc.,Application,,C:\Program Files\CrowdStrike,1.0
7993,CrowdStrike On-Demand Scan Command-line Tool,7.32,CrowdStrike Inc.,Application,,C:\Program Files\CrowdStrike,1.0
7993,CrowdStrike On-Demand Scan Tool,7.32,CrowdStrike Inc.,Application,,C:\Program Files\CrowdStrike,1.0
7993,CrowdStrike Sensor Platform,7.32,CrowdStrike Inc.,Add/Remove Programs,"January 14, 2026 12:00:00 AM",,
7993,CrowdStrike Windows Sensor,7.32,CrowdStrike Inc.,Add/Remove Programs,"January 14, 2026 12:00:00 AM",,
7993,CxAudioSvc,1.0,Conexant Systems LLC.,Application,,C:\Windows\CxSvc,1.0
14789,.NET Runtime Optimization Service,4.8,Microsoft Corporation Inc.,Application,,C:\Windows\Microsoft.NET\Framework64\v4.0.30319,2.0
14789,64Bit MAPI Mail Agent,1.0,Foxit Software Inc.,Application,,C:\Program Files (x86)\Foxit Software\Foxit PDF Reader,1.0
14789,7-Zip 24.08 (x64),24.08,Igor Pavlov,Add/Remove Programs,,C:\Program Files\7-Zip\,
14789,7-Zip Console,24.08,Igor Pavlov,Application,,C:\Program Files\7-Zip,1.0
14789,7-Zip File Manager,24.08,Igor Pavlov,Application,,C:\Program Files\7-Zip,1.0
14789,7-Zip GUI,24.08,Igor Pavlov,Application,,C:\Program Files\7-Zip,1.0
14789,Accounts Control Host,10.0,Microsoft Corporation Inc.,Application,,C:\Windows\SystemApps\Microsoft.AccountsControl_cw5n1h2txyewy,1.0
14789,ActionFXRuntimeExe,2124.35306,Microsoft Corporation Inc.,Application,,C:\Windows\SystemApps\MicrosoftWindows.Client.CBS_cw5n1h2txyewy,1.0
14789,AddSuggestedFoldersToLibraryDialog,10.0,Microsoft Corporation Inc.,Application,,C:\Windows\SystemApps\Microsoft.Windows.AddSuggestedFoldersToLibraryDialog_cw5n1h2txyewy,1.0
14789,Antimalware Core Service,4.18,Microsoft Corporation Inc.,Application,,C:\Program Files\Windows Defender,1.0
14789,Antimalware Service Executable,4.18,Microsoft Corporation Inc.,Application,,C:\Program Files\Windows Defender,1.0
14789,AppResolverUX,10.0,Microsoft Corporation Inc.,Application,,C:\Windows\SystemApps\Microsoft.Windows.AppResolverUX_cw5n1h2txyewy,1.0
14789,AsyncTextService,10.0,Microsoft Corporation Inc.,Application,,C:\Windows\SystemApps\Microsoft.AsyncTextService_8wekyb3d8bbwe,1.0
14789,Biometric Enrollment Host,10.0,Microsoft Corporation Inc.,Application,,C:\Windows\SystemApps\Microsoft.BioEnrollment_cw5n1h2txyewy,1.0
14789,BMC Client Management Agent,24.1.01.240624,BMC Software Inc.,Application,,C:\Program Files\BMC Software\Client Management\Client\bin,1.0
14789,BMC Client Management Certificate Generator,24.1.01.240624,BMC Software Inc.,Application,,C:\Program Files\BMC Software\Client Management\Client\bin,1.0
14789,BMC Client Management Chilli Interpreter,24.1.01.240624,BMC Software Inc.,Application,,C:\Program Files\BMC Software\Client Management\Client\bin,1.0
14789,BMC Client Management Direct Access Proxy Agent,24.1.01.240624,BMC Software Inc.,Application,,C:\Program Files\BMC Software\Client Management\Client\bin,1.0
14789,BMC Client Management Opswat Proxy Agent,24.1.01.240624,BMC Software Inc.,Application,,C:\Program Files\BMC Software\Client Management\Client\bin,1.0
14789,BMC Client Management Package Viewer,24.1.01.240624,BMC Software Inc.,Application,,C:\Program Files\BMC Software\Client Management\Client\bin,1.0
14789,BMC Client Management Patch Broker,24.1.01.240624,BMC Software Inc.,Application,,C:\Program Files\BMC Software\Client Management\Client\bin,1.0
14789,BMC Client Management Proxy Agent,24.1.01.240624,BMC Software Inc.,Application,,C:\Program Files\BMC Software\Client Management\Client\bin,1.0
14789,BMC Client Management Remote Control proxy,24.1.01.240624,BMC Software Inc.,Application,,C:\Program Files\BMC Software\Client Management\Client\bin,1.0
14789,BMC Client Management SCAP,24.1.01.240624,BMC Software Inc.,Application,,C:\Program Files\BMC Software\Client Management\Client\bin,1.0
14789,BMC Client Management Video Proxy Agent,24.1.01.240624,BMC Software Inc.,Application,,C:\Program Files\BMC Software\Client Management\Client\bin,1.0
14789,Boot File Servicing Utility,10.0,Microsoft Corporation Inc.,Application,,C:\Windows,1.0
14789,Browser Protection Native Messaging Host,4.18,Microsoft Corporation Inc.,Application,,C:\Program Files\Windows Defender,1.0
14789,BrowserCore,10.0,Microsoft Corporation Inc.,Application,,C:\Windows\BrowserCore,1.0
14789,CameraBarcodeScannerPreview,10.0,Microsoft Corporation Inc.,Application,,C:\Windows\SystemApps\Windows.CBSPreview_cw5n1h2txyewy,1.0
14789,ChromeEnterpriseCompanion,143.0,Google LLC,Application,,C:\Windows\SystemTemp\scoped_dir3132_830032624\scoped_dir3132_1437786832,1.0
14789,CL5,9.6,Ivanti,Application,,C:\Program Files\BMC Software\Client Management\Client\data\PatchManagementPremium\workspace,1.0
14789,ClickOnce,4.8,Microsoft Corporation Inc.,Application,,C:\Windows\Microsoft.NET\Framework64\v4.0.30319,3.0
14789,Common User Interface,5.8,Musarubra US LLC.,Application,,C:\Program Files\McAfee\Agent\x86,1.0
14789,Credential Dialog Host,10.0,Microsoft Corporation Inc.,Application,,C:\Windows\SystemApps\microsoft.creddialoghost_cw5n1h2txyewy,1.0
14789,CrowdStrike Device Control,7.29,CrowdStrike Inc.,Add/Remove Programs,"November 14, 2025 12:00:00 AM",,
14789,CrowdStrike Device Control Support Tool,7.29,CrowdStrike Inc.,Application,,C:\Program Files\CrowdStrike,1.0
14789,CrowdStrike Falcon Connector,7.32,CrowdStrike Inc.,Application,,C:\Program Files\CrowdStrike,1.0
14789,CrowdStrike Falcon Sensor,7.32,CrowdStrike Inc.,Application,,C:\Program Files\CrowdStrike,1.0
14789,CrowdStrike Falcon Sensor Controller,7.32,CrowdStrike Inc.,Application,,C:\Program Files\CrowdStrike,1.0
14789,CrowdStrike Falcon Sensor Service,7.32,CrowdStrike Inc.,Application,,C:\Program Files\CrowdStrike,1.0
14789,CrowdStrike Falcon Sensor Servlet Container,7.32,CrowdStrike Inc.,Application,,C:\Program Files\CrowdStrike,1.0
14789,CrowdStrike Falcon Sensor Settings Tool,7.32,CrowdStrike Inc.,Application,,C:\Program Files\CrowdStrike,1.0
14789,CrowdStrike Falcon Sensor System Tray Application,7.32,CrowdStrike Inc.,Application,,C:\Program Files\CrowdStrike,2.0
14789,CrowdStrike Firmware Analysis,7.14,CrowdStrike Inc.,Add/Remove Programs,"March 28, 2025 12:00:00 AM",,
14789,CrowdStrike Firmware Analysis Support Tool,7.14,CrowdStrike Inc.,Application,,C:\Program Files\CrowdStrike,1.0
14789,CrowdStrike On-Demand Scan Command-line Tool,7.32,CrowdStrike Inc.,Application,,C:\Program Files\CrowdStrike,1.0
14789,CrowdStrike On-Demand Scan Tool,7.32,CrowdStrike Inc.,Application,,C:\Program Files\CrowdStrike,1.0
14789,CrowdStrike Sensor Platform,7.32,CrowdStrike Inc.,Add/Remove Programs,"January 14, 2026 12:00:00 AM",,
14789,CrowdStrike Windows Sensor,7.32,CrowdStrike Inc.,Add/Remove Programs,"January 14, 2026 12:00:00 AM",,
14789,CxAudioSvc,1.0,Conexant Systems LLC.,Application,,C:\Windows\CxSvc,1.0
14768,.NET Runtime Optimization Service,4.8,Microsoft Corporation Inc.,Application,,C:\Windows\Microsoft.NET\Framework64\v4.0.30319,2.0
14768,64Bit MAPI Mail Agent,1.0,Foxit Software Inc.,Application,,C:\Program Files (x86)\Foxit Software\Foxit PDF Reader,1.0
14768,7-Zip 24.09 (x64),24.09,Igor Pavlov,Add/Remove Programs,,C:\Program Files\7-Zip\,
14768,7-Zip Console,24.09,Igor Pavlov,Application,,C:\Program Files\7-Zip,1.0
14768,7-Zip File Manager,24.09,Igor Pavlov,Application,,C:\Program Files\7-Zip,1.0
14768,7-Zip GUI,24.09,Igor Pavlov,Application,,C:\Program Files\7-Zip,1.0
14768,Accounts Control Host,10.0,Microsoft Corporation Inc.,Application,,C:\Windows\SystemApps\Microsoft.AccountsControl_cw5n1h2txyewy,1.0
14768,AddSuggestedFoldersToLibraryDialog,10.0,Microsoft Corporation Inc.,Application,,C:\Windows\SystemApps\Microsoft.Windows.AddSuggestedFoldersToLibraryDialog_cw5n1h2txyewy,1.0
14768,Antimalware Core Service,4.18,Microsoft Corporation Inc.,Application,,C:\Program Files\Windows Defender,1.0
14768,Antimalware Service Executable,4.18,Microsoft Corporation Inc.,Application,,C:\Program Files\Windows Defender,1.0
14768,AppResolverUX,10.0,Microsoft Corporation Inc.,Application,,C:\Windows\SystemApps\Microsoft.Windows.AppResolverUX_cw5n1h2txyewy,1.0
14768,AsyncTextService,10.0,Microsoft Corporation Inc.,Application,,C:\Windows\SystemApps\Microsoft.AsyncTextService_8wekyb3d8bbwe,1.0
14768,Biometric Enrollment Host,10.0,Microsoft Corporation Inc.,Application,,C:\Windows\SystemApps\Microsoft.BioEnrollment_cw5n1h2txyewy,1.0
14768,BMC Client Management Agent,24.1.01.240624,BMC Software Inc.,Application,,C:\Program Files\BMC Software\Client Management\Client\bin,1.0
14768,BMC Client Management Certificate Generator,24.1.01.240624,BMC Software Inc.,Application,,C:\Program Files\BMC Software\Client Management\Client\bin,1.0
14768,BMC Client Management Chilli Interpreter,24.1.01.240624,BMC Software Inc.,Application,,C:\Program Files\BMC Software\Client Management\Client\bin,1.0
14768,BMC Client Management Direct Access Proxy Agent,24.1.01.240624,BMC Software Inc.,Application,,C:\Program Files\BMC Software\Client Management\Client\bin,1.0
14768,BMC Client Management Opswat Proxy Agent,24.1.01.240624,BMC Software Inc.,Application,,C:\Program Files\BMC Software\Client Management\Client\bin,1.0
14768,BMC Client Management Package Viewer,24.1.01.240624,BMC Software Inc.,Application,,C:\Program Files\BMC Software\Client Management\Client\bin,1.0
14768,BMC Client Management Patch Broker,24.1.01.240624,BMC Software Inc.,Application,,C:\Program Files\BMC Software\Client Management\Client\bin,1.0
14768,BMC Client Management Proxy Agent,24.1.01.240624,BMC Software Inc.,Application,,C:\Program Files\BMC Software\Client Management\Client\bin,1.0
14768,BMC Client Management Remote Control proxy,24.1.01.240624,BMC Software Inc.,Application,,C:\Program Files\BMC Software\Client Management\Client\bin,1.0
14768,BMC Client Management SCAP,24.1.01.240624,BMC Software Inc.,Application,,C:\Program Files\BMC Software\Client Management\Client\bin,1.0
14768,BMC Client Management SFX,24.1.01.240624,BMC Software Inc.,Application,,D:,1.0
14768,BMC Client Management Video Proxy Agent,24.1.01.240624,BMC Software Inc.,Application,,C:\Program Files\BMC Software\Client Management\Client\bin,1.0
14768,Boot File Servicing Utility,10.0,Microsoft Corporation Inc.,Application,,C:\Windows,1.0
14768,Browser Protection Native Messaging Host,4.18,Microsoft Corporation Inc.,Application,,C:\Program Files\Windows Defender,1.0
14768,BrowserCore,10.0,Microsoft Corporation Inc.,Application,,C:\Windows\BrowserCore,1.0
14768,CameraBarcodeScannerPreview,10.0,Microsoft Corporation Inc.,Application,,C:\Windows\SystemApps\Windows.CBSPreview_cw5n1h2txyewy,1.0
14768,CL5,9.6,Ivanti,Application,,C:\Program Files\BMC Software\Client Management\Client\data\PatchManagementPremium\workspace,1.0
14768,ClickOnce,4.8,Microsoft Corporation Inc.,Application,,C:\Windows\Microsoft.NET\Framework64\v4.0.30319,3.0
14768,Common User Interface,5.8,Musarubra US LLC.,Application,,C:\Program Files\McAfee\Agent\x86,1.0
14768,Credential Dialog Host,10.0,Microsoft Corporation Inc.,Application,,C:\Windows\SystemApps\microsoft.creddialoghost_cw5n1h2txyewy,1.0
14768,CrowdStrike Device Control,7.29,CrowdStrike Inc.,Add/Remove Programs,"November 14, 2025 12:00:00 AM",,
14768,CrowdStrike Device Control Support Tool,7.29,CrowdStrike Inc.,Application,,C:\Program Files\CrowdStrike,1.0
14768,CrowdStrike Falcon Connector,7.32,CrowdStrike Inc.,Application,,C:\Program Files\CrowdStrike,1.0
14768,CrowdStrike Falcon Sensor,7.32,CrowdStrike Inc.,Application,,C:\Program Files\CrowdStrike,1.0
14768,CrowdStrike Falcon Sensor Controller,7.32,CrowdStrike Inc.,Application,,C:\Program Files\CrowdStrike,1.0
14768,CrowdStrike Falcon Sensor Service,7.32,CrowdStrike Inc.,Application,,C:\Program Files\CrowdStrike,1.0
14768,CrowdStrike Falcon Sensor Servlet Container,7.32,CrowdStrike Inc.,Application,,C:\Program Files\CrowdStrike,1.0
14768,CrowdStrike Falcon Sensor Settings Tool,7.32,CrowdStrike Inc.,Application,,C:\Program Files\CrowdStrike,1.0
14768,CrowdStrike Falcon Sensor System Tray Application,7.32,CrowdStrike Inc.,Application,,C:\Program Files\CrowdStrike,2.0
14768,CrowdStrike Firmware Analysis,7.14,CrowdStrike Inc.,Add/Remove Programs,"October 24, 2025 12:00:00 AM",,
14768,CrowdStrike Firmware Analysis Support Tool,7.14,CrowdStrike Inc.,Application,,C:\Program Files\CrowdStrike,1.0
14768,CrowdStrike On-Demand Scan Command-line Tool,7.32,CrowdStrike Inc.,Application,,C:\Program Files\CrowdStrike,1.0
14768,CrowdStrike On-Demand Scan Tool,7.32,CrowdStrike Inc.,Application,,C:\Program Files\CrowdStrike,1.0
14768,CrowdStrike Sensor Platform,7.32,CrowdStrike Inc.,Add/Remove Programs,"January 15, 2026 12:00:00 AM",,
14768,CrowdStrike Windows Sensor,7.32,CrowdStrike Inc.,Add/Remove Programs,"January 15, 2026 12:00:00 AM",,
14768,CrowdStrike Windows Sensor,7.12,CrowdStrike Inc.,Application,,D:\crowdstrike,1.0
14768,CrowdStrike Windows Sensor,6.58,CrowdStrike Inc.,Application,,D:\crowdstrike,1.0
14775,.NET Runtime Optimization Service,4.8,Microsoft Corporation Inc.,Application,,C:\Windows\Microsoft.NET\Framework64\v4.0.30319,2.0
14775,64Bit MAPI Mail Agent,1.0,Foxit Software Inc.,Application,,C:\Program Files (x86)\Foxit Software\Foxit PDF Reader,1.0
14775,7-Zip 24.08 (x64),24.08,Igor Pavlov,Add/Remove Programs,,C:\Program Files\7-Zip\,
14775,7-Zip Console,24.08,Igor Pavlov,Application,,C:\Program Files\7-Zip,1.0
14775,7-Zip File Manager,24.08,Igor Pavlov,Application,,C:\Program Files\7-Zip,1.0
14775,7-Zip GUI,24.08,Igor Pavlov,Application,,C:\Program Files\7-Zip,1.0
14775,Accounts Control Host,10.0,Microsoft Corporation Inc.,Application,,C:\Windows\SystemApps\Microsoft.AccountsControl_cw5n1h2txyewy,1.0
14775,AddSuggestedFoldersToLibraryDialog,10.0,Microsoft Corporation Inc.,Application,,C:\Windows\SystemApps\Microsoft.Windows.AddSuggestedFoldersToLibraryDialog_cw5n1h2txyewy,1.0
14775,Antimalware Core Service,4.18,Microsoft Corporation Inc.,Application,,C:\Program Files\Windows Defender,1.0
14775,Antimalware Service Executable,4.18,Microsoft Corporation Inc.,Application,,C:\Program Files\Windows Defender,1.0
14775,AppResolverUX,10.0,Microsoft Corporation Inc.,Application,,C:\Windows\SystemApps\Microsoft.Windows.AppResolverUX_cw5n1h2txyewy,1.0
14775,AsyncTextService,10.0,Microsoft Corporation Inc.,Application,,C:\Windows\SystemApps\Microsoft.AsyncTextService_8wekyb3d8bbwe,1.0
14775,Biometric Enrollment Host,10.0,Microsoft Corporation Inc.,Application,,C:\Windows\SystemApps\Microsoft.BioEnrollment_cw5n1h2txyewy,1.0
14775,BMC Client Management Agent,24.1.01.240624,BMC Software Inc.,Application,,C:\Program Files\BMC Software\Client Management\Client\bin,1.0
14775,BMC Client Management Certificate Generator,24.1.01.240624,BMC Software Inc.,Application,,C:\Program Files\BMC Software\Client Management\Client\bin,1.0
14775,BMC Client Management Chilli Interpreter,24.1.01.240624,BMC Software Inc.,Application,,C:\Program Files\BMC Software\Client Management\Client\bin,1.0
14775,BMC Client Management Direct Access Proxy Agent,24.1.01.240624,BMC Software Inc.,Application,,C:\Program Files\BMC Software\Client Management\Client\bin,1.0
14775,BMC Client Management Opswat Proxy Agent,24.1.01.240624,BMC Software Inc.,Application,,C:\Program Files\BMC Software\Client Management\Client\bin,1.0
14775,BMC Client Management Package Viewer,24.1.01.240624,BMC Software Inc.,Application,,C:\Program Files\BMC Software\Client Management\Client\bin,1.0
14775,BMC Client Management Patch Broker,24.1.01.240624,BMC Software Inc.,Application,,C:\Program Files\BMC Software\Client Management\Client\bin,1.0
14775,BMC Client Management Proxy Agent,24.1.01.240624,BMC Software Inc.,Application,,C:\Program Files\BMC Software\Client Management\Client\bin,1.0
14775,BMC Client Management Remote Control proxy,24.1.01.240624,BMC Software Inc.,Application,,C:\Program Files\BMC Software\Client Management\Client\bin,1.0
14775,BMC Client Management SCAP,24.1.01.240624,BMC Software Inc.,Application,,C:\Program Files\BMC Software\Client Management\Client\bin,1.0
14775,BMC Client Management Video Proxy Agent,24.1.01.240624,BMC Software Inc.,Application,,C:\Program Files\BMC Software\Client Management\Client\bin,1.0
14775,Boot File Servicing Utility,10.0,Microsoft Corporation Inc.,Application,,C:\Windows,1.0
14775,Browser Protection Native Messaging Host,4.18,Microsoft Corporation Inc.,Application,,C:\Program Files\Windows Defender,1.0
14775,BrowserCore,10.0,Microsoft Corporation Inc.,Application,,C:\Windows\BrowserCore,1.0
14775,CameraBarcodeScannerPreview,10.0,Microsoft Corporation Inc.,Application,,C:\Windows\SystemApps\Windows.CBSPreview_cw5n1h2txyewy,1.0
14775,ChromeEnterpriseCompanion,143.0,Google LLC,Application,,C:\Windows\SystemTemp\scoped_dir12600_1195324317\scoped_dir12600_1633705803,1.0
14775,CL5,9.6,Ivanti,Application,,C:\Program Files\BMC Software\Client Management\Client\data\PatchManagementPremium\workspace,3.0
14775,ClickOnce,4.8,Microsoft Corporation Inc.,Application,,C:\Windows\Microsoft.NET\Framework64\v4.0.30319,3.0
14775,Common User Interface,5.8,Musarubra US LLC.,Application,,C:\Program Files\McAfee\Agent\x86,1.0
14775,Copilot,144.0,Microsoft Corporation Inc.,Application,,C:\Program Files (x86)\Microsoft\EdgeWebView\Application\144.0.3719.115,5.0
14775,Copilot Update,1.3,Microsoft Corporation Inc.,Application,,C:\Program Files (x86)\Microsoft\EdgeUpdate,2.0
14775,Create a self-signed digital certificate,15.0,Microsoft Corporation Inc.,Application,,C:\Program Files\Microsoft Office\Office15,1.0
14775,Credential Dialog Host,10.0,Microsoft Corporation Inc.,Application,,C:\Windows\SystemApps\microsoft.creddialoghost_cw5n1h2txyewy,1.0
14775,CrowdStrike Device Control,7.29,CrowdStrike Inc.,Add/Remove Programs,"November 14, 2025 12:00:00 AM",,
14775,CrowdStrike Device Control Support Tool,7.29,CrowdStrike Inc.,Application,,C:\Program Files\CrowdStrike,1.0
14775,CrowdStrike Falcon Connector,7.32,CrowdStrike Inc.,Application,,C:\Program Files\CrowdStrike,1.0
14775,CrowdStrike Falcon Sensor,7.32,CrowdStrike Inc.,Application,,C:\Program Files\CrowdStrike,1.0
14775,CrowdStrike Falcon Sensor Controller,7.32,CrowdStrike Inc.,Application,,C:\Program Files\CrowdStrike,1.0
14775,CrowdStrike Falcon Sensor Service,7.32,CrowdStrike Inc.,Application,,C:\Program Files\CrowdStrike,1.0
14775,CrowdStrike Falcon Sensor Servlet Container,7.32,CrowdStrike Inc.,Application,,C:\Program Files\CrowdStrike,1.0
14775,CrowdStrike Falcon Sensor Settings Tool,7.32,CrowdStrike Inc.,Application,,C:\Program Files\CrowdStrike,1.0
14775,CrowdStrike Falcon Sensor System Tray Application,7.32,CrowdStrike Inc.,Application,,C:\Program Files\CrowdStrike,2.0
14775,CrowdStrike Firmware Analysis,7.14,CrowdStrike Inc.,Add/Remove Programs,"March 10, 2025 12:00:00 AM",,
14775,CrowdStrike Firmware Analysis Support Tool,7.14,CrowdStrike Inc.,Application,,C:\Program Files\CrowdStrike,1.0
14775,CrowdStrike On-Demand Scan Command-line Tool,7.32,CrowdStrike Inc.,Application,,C:\Program Files\CrowdStrike,1.0
14775,CrowdStrike On-Demand Scan Tool,7.32,CrowdStrike Inc.,Application,,C:\Program Files\CrowdStrike,1.0
14775,CrowdStrike Sensor Platform,7.32,CrowdStrike Inc.,Add/Remove Programs,"January 14, 2026 12:00:00 AM",,
10391,.NET Framework,3.0,Microsoft Corporation Inc.,Application,,C:\Windows\Microsoft.NET\Framework64\v3.0\Windows Communication Foundation,2.0
10391,.NET Runtime Optimization Service,4.8,Microsoft Corporation Inc.,Application,,C:\Windows\Microsoft.NET\Framework64\v4.0.30319,2.0
10391,.NET Runtime Optimization Service,2.0,Microsoft Corporation Inc.,Application,,C:\Windows\Microsoft.NET\Framework64\v2.0.50727,2.0
10391,64Bit MAPI Mail Agent,1.0,Foxit Software Inc.,Application,,C:\Program Files (x86)\Foxit Software\Foxit Reader,1.0
10391,7-Zip 24.08 (x64 edition),24.08,Igor Pavlov,Add/Remove Programs,"November 26, 2024 12:00:00 AM",,
10391,7-Zip Console,24.08,Igor Pavlov,Application,,C:\Program Files\7-Zip,1.0
10391,7-Zip File Manager,24.08,Igor Pavlov,Application,,C:\Program Files\7-Zip,1.0
10391,7-Zip GUI,24.08,Igor Pavlov,Application,,C:\Program Files\7-Zip,1.0
10391,Accounts Control Host,10.0,Microsoft Corporation Inc.,Application,,C:\Windows\SystemApps\Microsoft.AccountsControl_cw5n1h2txyewy,1.0
10391,AddSuggestedFoldersToLibraryDialog,10.0,Microsoft Corporation Inc.,Application,,C:\Windows\SystemApps\Microsoft.Windows.AddSuggestedFoldersToLibraryDialog_cw5n1h2txyewy,1.0
10391,Antimalware Core Service,4.18,Microsoft Corporation Inc.,Application,,C:\Program Files\Windows Defender,1.0
10391,Antimalware Service Executable,4.18,Microsoft Corporation Inc.,Application,,C:\Program Files\Windows Defender,1.0
10391,AppResolverUX,10.0,Microsoft Corporation Inc.,Application,,C:\Windows\SystemApps\Microsoft.Windows.AppResolverUX_cw5n1h2txyewy,1.0
10391,AsyncTextService,10.0,Microsoft Corporation Inc.,Application,,C:\Windows\SystemApps\Microsoft.AsyncTextService_8wekyb3d8bbwe,1.0
10391,Biometric Enrollment Host,10.0,Microsoft Corporation Inc.,Application,,C:\Windows\SystemApps\Microsoft.BioEnrollment_cw5n1h2txyewy,1.0
10391,BMC Client Management Agent,24.1.01.240624,BMC Software Inc.,Application,,C:\Program Files\BMC Software\Client Management\Client\bin,1.0
10391,BMC Client Management Certificate Generator,24.1.01.240624,BMC Software Inc.,Application,,C:\Program Files\BMC Software\Client Management\Client\bin,1.0
10391,BMC Client Management Chilli Interpreter,24.1.01.240624,BMC Software Inc.,Application,,C:\Program Files\BMC Software\Client Management\Client\bin,1.0
10391,BMC Client Management Direct Access Proxy Agent,24.1.01.240624,BMC Software Inc.,Application,,C:\Program Files\BMC Software\Client Management\Client\bin,1.0
10391,BMC Client Management Opswat Proxy Agent,24.1.01.240624,BMC Software Inc.,Application,,C:\Program Files\BMC Software\Client Management\Client\bin,1.0
10391,BMC Client Management Package Viewer,24.1.01.240624,BMC Software Inc.,Application,,C:\Program Files\BMC Software\Client Management\Client\bin,1.0
10391,BMC Client Management Patch Broker,24.1.01.240624,BMC Software Inc.,Application,,C:\Program Files\BMC Software\Client Management\Client\bin,1.0
10391,BMC Client Management Proxy Agent,24.1.01.240624,BMC Software Inc.,Application,,C:\Program Files\BMC Software\Client Management\Client\bin,1.0
10391,BMC Client Management Remote Control proxy,24.1.01.240624,BMC Software Inc.,Application,,C:\Program Files\BMC Software\Client Management\Client\bin,1.0
10391,BMC Client Management SCAP,24.1.01.240624,BMC Software Inc.,Application,,C:\Program Files\BMC Software\Client Management\Client\bin,1.0
10391,BMC Client Management Video Proxy Agent,24.1.01.240624,BMC Software Inc.,Application,,C:\Program Files\BMC Software\Client Management\Client\bin,1.0
10391,Boot File Servicing Utility,10.0,Microsoft Corporation Inc.,Application,,C:\Windows,1.0
10391,Browser Protection Native Messaging Host,4.18,Microsoft Corporation Inc.,Application,,C:\Program Files\Windows Defender,1.0
10391,BrowserCore,10.0,Microsoft Corporation Inc.,Application,,C:\Windows\BrowserCore,1.0
10391,CameraBarcodeScannerPreview,10.0,Microsoft Corporation Inc.,Application,,C:\Windows\SystemApps\Windows.CBSPreview_cw5n1h2txyewy,1.0
10391,Canon LBP6000/LBP6018,,,Add/Remove Programs,,,
10391,CL5,9.6,Ivanti,Application,,C:\Program Files\BMC Software\Client Management\Client\data\PatchManagementPremium\workspace,1.0
10391,ClickOnce,4.8,Microsoft Corporation Inc.,Application,,C:\Windows\Microsoft.NET\Framework64\v4.0.30319,3.0
10391,Common User Interface,5.8,Musarubra US LLC.,Application,,C:\Program Files\McAfee\Agent\x86,1.0
10391,Copilot,144.0,Microsoft Corporation Inc.,Application,,C:\Program Files (x86)\Microsoft\EdgeWebView\Application\144.0.3719.115,5.0
10391,Copilot Update,1.3,Microsoft Corporation Inc.,Application,,C:\Program Files (x86)\Microsoft\EdgeUpdate,2.0
10391,Create Virtual Machine,10.0,Microsoft Corporation Inc.,Application,,C:\Program Files\Hyper-V,1.0
10391,Credential Dialog Host,10.0,Microsoft Corporation Inc.,Application,,C:\Windows\SystemApps\microsoft.creddialoghost_cw5n1h2txyewy,1.0
10391,CrowdStrike Device Control,7.29,CrowdStrike Inc.,Add/Remove Programs,"November 14, 2025 12:00:00 AM",,
10391,CrowdStrike Device Control Support Tool,7.29,CrowdStrike Inc.,Application,,C:\Program Files\CrowdStrike,1.0
10391,CrowdStrike Falcon Connector,7.32,CrowdStrike Inc.,Application,,C:\Program Files\CrowdStrike,1.0
10391,CrowdStrike Falcon Sensor,7.32,CrowdStrike Inc.,Application,,C:\Program Files\CrowdStrike,1.0
10391,CrowdStrike Falcon Sensor Controller,7.32,CrowdStrike Inc.,Application,,C:\Program Files\CrowdStrike,1.0
10391,CrowdStrike Falcon Sensor Service,7.32,CrowdStrike Inc.,Application,,C:\Program Files\CrowdStrike,1.0
10391,CrowdStrike Falcon Sensor Servlet Container,7.32,CrowdStrike Inc.,Application,,C:\Program Files\CrowdStrike,1.0
10391,CrowdStrike Falcon Sensor Settings Tool,7.32,CrowdStrike Inc.,Application,,C:\Program Files\CrowdStrike,1.0
10391,CrowdStrike Falcon Sensor System Tray Application,7.32,CrowdStrike Inc.,Application,,C:\Program Files\CrowdStrike,2.0
10391,CrowdStrike Firmware Analysis,7.14,CrowdStrike Inc.,Add/Remove Programs,"June 23, 2025 12:00:00 AM",,
10391,CrowdStrike Firmware Analysis Support Tool,7.14,CrowdStrike Inc.,Application,,C:\Program Files\CrowdStrike,1.0
10391,CrowdStrike On-Demand Scan Command-line Tool,7.32,CrowdStrike Inc.,Application,,C:\Program Files\CrowdStrike,1.0
13520,.NET Framework,3.0,Microsoft Corporation Inc.,Application,,C:\Windows\Microsoft.NET\Framework64\v3.0\Windows Communication Foundation,2.0
13520,.NET Runtime Optimization Service,4.8,Microsoft Corporation Inc.,Application,,C:\Windows\Microsoft.NET\Framework64\v4.0.30319,2.0
13520,.NET Runtime Optimization Service,2.0,Microsoft Corporation Inc.,Application,,C:\Windows\Microsoft.NET\Framework64\v2.0.50727,2.0
13520,64Bit MAPI Mail Agent,1.0,Foxit Software Inc.,Application,,C:\Program Files (x86)\Foxit Software\Foxit PDF Reader,1.0
13520,7-Zip 24.08 (x64 edition),24.08,Igor Pavlov,Add/Remove Programs,"November 28, 2024 12:00:00 AM",,
13520,7-Zip Console,24.08,Igor Pavlov,Application,,C:\Program Files\7-Zip,1.0
13520,7-Zip File Manager,24.08,Igor Pavlov,Application,,C:\Program Files\7-Zip,1.0
13520,7-Zip GUI,24.08,Igor Pavlov,Application,,C:\Program Files\7-Zip,1.0
13520,AAD token broker plugin,10.0,Microsoft Corporation Inc.,Application,,C:\Windows\SystemApps\Microsoft.AAD.BrokerPlugin_cw5n1h2txyewy,1.0
13520,Accounts Control Host,10.0,Microsoft Corporation Inc.,Application,,C:\Windows\SystemApps\Microsoft.AccountsControl_cw5n1h2txyewy,1.0
13520,AddSuggestedFoldersToLibraryDialog,10.0,Microsoft Corporation Inc.,Application,,C:\Windows\SystemApps\Microsoft.Windows.AddSuggestedFoldersToLibraryDialog_cw5n1h2txyewy,1.0
13520,Antimalware Service Executable,4.18,Microsoft Corporation Inc.,Application,,C:\Program Files\Windows Defender,1.0
13520,AppResolverUX,10.0,Microsoft Corporation Inc.,Application,,C:\Windows\SystemApps\Microsoft.Windows.AppResolverUX_cw5n1h2txyewy,1.0
13520,AsyncTextService,10.0,Microsoft Corporation Inc.,Application,,C:\Windows\SystemApps\Microsoft.AsyncTextService_8wekyb3d8bbwe,1.0
13520,Biometric Enrollment Host,10.0,Microsoft Corporation Inc.,Application,,C:\Windows\SystemApps\Microsoft.BioEnrollment_cw5n1h2txyewy,1.0
13520,BMC Client Management Agent,24.1.01.240624,BMC Software Inc.,Application,,C:\Program Files\BMC Software\Client Management\Client\bin,1.0
13520,BMC Client Management Certificate Generator,24.1.01.240624,BMC Software Inc.,Application,,C:\Program Files\BMC Software\Client Management\Client\bin,1.0
13520,BMC Client Management Chilli Interpreter,24.1.01.240624,BMC Software Inc.,Application,,C:\Program Files\BMC Software\Client Management\Client\bin,1.0
13520,BMC Client Management Direct Access Proxy Agent,24.1.01.240624,BMC Software Inc.,Application,,C:\Program Files\BMC Software\Client Management\Client\bin,1.0
13520,BMC Client Management Opswat Proxy Agent,24.1.01.240624,BMC Software Inc.,Application,,C:\Program Files\BMC Software\Client Management\Client\bin,1.0
13520,BMC Client Management Package Viewer,24.1.01.240624,BMC Software Inc.,Application,,C:\Program Files\BMC Software\Client Management\Client\bin,1.0
13520,BMC Client Management Patch Broker,24.1.01.240624,BMC Software Inc.,Application,,C:\Program Files\BMC Software\Client Management\Client\bin,1.0
13520,BMC Client Management Proxy Agent,24.1.01.240624,BMC Software Inc.,Application,,C:\Program Files\BMC Software\Client Management\Client\bin,1.0
13520,BMC Client Management Remote Control proxy,24.1.01.240624,BMC Software Inc.,Application,,C:\Program Files\BMC Software\Client Management\Client\bin,1.0
13520,BMC Client Management SCAP,24.1.01.240624,BMC Software Inc.,Application,,C:\Program Files\BMC Software\Client Management\Client\bin,1.0
13520,BMC Client Management Video Proxy Agent,24.1.01.240624,BMC Software Inc.,Application,,C:\Program Files\BMC Software\Client Management\Client\bin,1.0
13520,Boot File Servicing Utility,10.0,Microsoft Corporation Inc.,Application,,C:\Windows,1.0
13520,BrowserCore,10.0,Microsoft Corporation Inc.,Application,,C:\Windows\BrowserCore,1.0
13520,Calling App to host call progress on shell,10.0,Microsoft Corporation Inc.,Application,,C:\Windows\SystemApps\Microsoft.Windows.CallingShellApp_cw5n1h2txyewy,1.0
13520,CameraBarcodeScannerPreview,10.0,Microsoft Corporation Inc.,Application,,C:\Windows\SystemApps\Windows.CBSPreview_cw5n1h2txyewy,1.0
13520,Canon LBP6000/LBP6018,,,Add/Remove Programs,,,
13520,CL5,9.6,Ivanti,Application,,C:\Program Files\BMC Software\Client Management\Client\data\PatchManagementPremium\workspace,5.0
13520,ClickOnce,4.8,Microsoft Corporation Inc.,Application,,C:\Windows\Microsoft.NET\Framework64\v4.0.30319,3.0
13520,Common User Interface,5.8,Musarubra US LLC.,Application,,C:\Program Files\McAfee\Agent\x86,1.0
13520,Credential Dialog Host,10.0,Microsoft Corporation Inc.,Application,,C:\Windows\SystemApps\microsoft.creddialoghost_cw5n1h2txyewy,1.0
13520,CrowdStrike Device Control,7.29,CrowdStrike Inc.,Add/Remove Programs,"November 15, 2025 12:00:00 AM",,
13520,CrowdStrike Device Control Support Tool,7.29,CrowdStrike Inc.,Application,,C:\Program Files\CrowdStrike,1.0
13520,CrowdStrike Falcon Connector,7.32,CrowdStrike Inc.,Application,,C:\Program Files\CrowdStrike,1.0
13520,CrowdStrike Falcon Sensor,7.32,CrowdStrike Inc.,Application,,C:\Program Files\CrowdStrike,1.0
13520,CrowdStrike Falcon Sensor Controller,7.32,CrowdStrike Inc.,Application,,C:\Program Files\CrowdStrike,1.0
13520,CrowdStrike Falcon Sensor Service,7.32,CrowdStrike Inc.,Application,,C:\Program Files\CrowdStrike,1.0
13520,CrowdStrike Falcon Sensor Servlet Container,7.32,CrowdStrike Inc.,Application,,C:\Program Files\CrowdStrike,1.0
13520,CrowdStrike Falcon Sensor Settings Tool,7.32,CrowdStrike Inc.,Application,,C:\Program Files\CrowdStrike,1.0
13520,CrowdStrike Falcon Sensor System Tray Application,7.32,CrowdStrike Inc.,Application,,C:\Program Files\CrowdStrike,2.0
13520,CrowdStrike Firmware Analysis,7.14,CrowdStrike Inc.,Add/Remove Programs,"May 22, 2025 12:00:00 AM",,
13520,CrowdStrike Firmware Analysis Support Tool,7.14,CrowdStrike Inc.,Application,,C:\Program Files\CrowdStrike,1.0
13520,CrowdStrike On-Demand Scan Command-line Tool,7.32,CrowdStrike Inc.,Application,,C:\Program Files\CrowdStrike,1.0
13520,CrowdStrike On-Demand Scan Tool,7.32,CrowdStrike Inc.,Application,,C:\Program Files\CrowdStrike,1.0
13520,CrowdStrike Sensor Platform,7.32,CrowdStrike Inc.,Add/Remove Programs,"January 14, 2026 12:00:00 AM",,
13520,CrowdStrike Windows Sensor,7.32,CrowdStrike Inc.,Add/Remove Programs,"January 14, 2026 12:00:00 AM",,
10440,.NET Runtime Optimization Service,4.8,Microsoft Corporation Inc.,Application,,C:\Windows\Microsoft.NET\Framework64\v4.0.30319,2.0
10440,64Bit MAPI Mail Agent,1.0,Foxit Software Inc.,Application,,C:\Program Files (x86)\Foxit Software\Foxit PDF Reader,1.0
10440,7-Zip 24.08 (x64 edition),24.08,Igor Pavlov,Add/Remove Programs,"November 26, 2024 12:00:00 AM",,
10440,7-Zip Console,24.08,Igor Pavlov,Application,,C:\Program Files\7-Zip,1.0
10440,7-Zip File Manager,24.08,Igor Pavlov,Application,,C:\Program Files\7-Zip,1.0
10440,7-Zip GUI,24.08,Igor Pavlov,Application,,C:\Program Files\7-Zip,1.0
10440,Accounts Control Host,10.0,Microsoft Corporation Inc.,Application,,C:\Windows\SystemApps\Microsoft.AccountsControl_cw5n1h2txyewy,1.0
10440,AddSuggestedFoldersToLibraryDialog,10.0,Microsoft Corporation Inc.,Application,,C:\Windows\SystemApps\Microsoft.Windows.AddSuggestedFoldersToLibraryDialog_cw5n1h2txyewy,1.0
10440,Antimalware Core Service,4.18,Microsoft Corporation Inc.,Application,,C:\Program Files\Windows Defender,1.0
10440,Antimalware Service Executable,4.18,Microsoft Corporation Inc.,Application,,C:\Program Files\Windows Defender,1.0
10440,AppResolverUX,10.0,Microsoft Corporation Inc.,Application,,C:\Windows\SystemApps\Microsoft.Windows.AppResolverUX_cw5n1h2txyewy,1.0
10440,AsyncTextService,10.0,Microsoft Corporation Inc.,Application,,C:\Windows\SystemApps\Microsoft.AsyncTextService_8wekyb3d8bbwe,1.0
10440,Biometric Enrollment Host,10.0,Microsoft Corporation Inc.,Application,,C:\Windows\SystemApps\Microsoft.BioEnrollment_cw5n1h2txyewy,1.0
10440,BMC Client Management Agent,24.1.01.240624,BMC Software Inc.,Application,,C:\Program Files\BMC Software\Client Management\Client\bin,1.0
10440,BMC Client Management Certificate Generator,24.1.01.240624,BMC Software Inc.,Application,,C:\Program Files\BMC Software\Client Management\Client\bin,1.0
10440,BMC Client Management Chilli Interpreter,24.1.01.240624,BMC Software Inc.,Application,,C:\Program Files\BMC Software\Client Management\Client\bin,1.0
10440,BMC Client Management Direct Access Proxy Agent,24.1.01.240624,BMC Software Inc.,Application,,C:\Program Files\BMC Software\Client Management\Client\bin,1.0
10440,BMC Client Management Opswat Proxy Agent,24.1.01.240624,BMC Software Inc.,Application,,C:\Program Files\BMC Software\Client Management\Client\bin,1.0
10440,BMC Client Management Package Viewer,24.1.01.240624,BMC Software Inc.,Application,,C:\Program Files\BMC Software\Client Management\Client\bin,1.0
10440,BMC Client Management Patch Broker,24.1.01.240624,BMC Software Inc.,Application,,C:\Program Files\BMC Software\Client Management\Client\bin,1.0
10440,BMC Client Management Proxy Agent,24.1.01.240624,BMC Software Inc.,Application,,C:\Program Files\BMC Software\Client Management\Client\bin,1.0
10440,BMC Client Management Remote Control proxy,24.1.01.240624,BMC Software Inc.,Application,,C:\Program Files\BMC Software\Client Management\Client\bin,1.0
10440,BMC Client Management SCAP,24.1.01.240624,BMC Software Inc.,Application,,C:\Program Files\BMC Software\Client Management\Client\bin,1.0
10440,BMC Client Management Video Proxy Agent,24.1.01.240624,BMC Software Inc.,Application,,C:\Program Files\BMC Software\Client Management\Client\bin,1.0
10440,Boot File Servicing Utility,10.0,Microsoft Corporation Inc.,Application,,C:\Windows,1.0
10440,Browser Protection Native Messaging Host,4.18,Microsoft Corporation Inc.,Application,,C:\Program Files\Windows Defender,1.0
10440,BrowserCore,10.0,Microsoft Corporation Inc.,Application,,C:\Windows\BrowserCore,1.0
10440,CameraBarcodeScannerPreview,10.0,Microsoft Corporation Inc.,Application,,C:\Windows\SystemApps\Windows.CBSPreview_cw5n1h2txyewy,1.0
10440,Canon Advanced Printing Technology Windows Firewall Utility,1.0,CANON INC.,Application,,D:\D komp BOSH\MASTER IT\PRINTER\LBP2900_R150_V330_W64_uk_EN_2\x64\WF_UTIL,1.0
10440,Canon LBP6000/LBP6018,,,Add/Remove Programs,,,
10440,ChromeEnterpriseCompanion,143.0,Google LLC,Application,,C:\Windows\SystemTemp\scoped_dir3228_1587392386\scoped_dir3228_960280491,1.0
10440,CL5,9.6,Ivanti,Application,,C:\Program Files\BMC Software\Client Management\Client\data\PatchManagementPremium\workspace,2.0
10440,ClickOnce,4.8,Microsoft Corporation Inc.,Application,,C:\Windows\Microsoft.NET\Framework64\v4.0.30319,3.0
10440,Common User Interface,5.8,Musarubra US LLC.,Application,,C:\Program Files\McAfee\Agent\x86,1.0
10440,Credential Dialog Host,10.0,Microsoft Corporation Inc.,Application,,C:\Windows\SystemApps\microsoft.creddialoghost_cw5n1h2txyewy,1.0
10440,CrowdStrike Device Control,7.29,CrowdStrike Inc.,Add/Remove Programs,"November 14, 2025 12:00:00 AM",,
10440,CrowdStrike Device Control Support Tool,7.29,CrowdStrike Inc.,Application,,C:\Program Files\CrowdStrike,1.0
10440,CrowdStrike Falcon Connector,7.32,CrowdStrike Inc.,Application,,C:\Program Files\CrowdStrike,1.0
10440,CrowdStrike Falcon Sensor,7.32,CrowdStrike Inc.,Application,,C:\Program Files\CrowdStrike,1.0
10440,CrowdStrike Falcon Sensor Controller,7.32,CrowdStrike Inc.,Application,,C:\Program Files\CrowdStrike,1.0
10440,CrowdStrike Falcon Sensor Service,7.32,CrowdStrike Inc.,Application,,C:\Program Files\CrowdStrike,1.0
10440,CrowdStrike Falcon Sensor Servlet Container,7.32,CrowdStrike Inc.,Application,,C:\Program Files\CrowdStrike,1.0
10440,CrowdStrike Falcon Sensor Settings Tool,7.32,CrowdStrike Inc.,Application,,C:\Program Files\CrowdStrike,1.0
10440,CrowdStrike Falcon Sensor System Tray Application,7.32,CrowdStrike Inc.,Application,,C:\Program Files\CrowdStrike,2.0
10440,CrowdStrike Firmware Analysis,7.14,CrowdStrike Inc.,Add/Remove Programs,"July 24, 2025 12:00:00 AM",,
10440,CrowdStrike Firmware Analysis Support Tool,7.14,CrowdStrike Inc.,Application,,C:\Program Files\CrowdStrike,1.0
10440,CrowdStrike Forensic Data Collection Tool,1.0,CrowdStrike Inc.,Application,,C:,2.0
10440,CrowdStrike On-Demand Scan Command-line Tool,7.32,CrowdStrike Inc.,Application,,C:\Program Files\CrowdStrike,1.0
10440,CrowdStrike On-Demand Scan Tool,7.32,CrowdStrike Inc.,Application,,C:\Program Files\CrowdStrike,1.0
10440,CrowdStrike Sensor Platform,7.32,CrowdStrike Inc.,Add/Remove Programs,"January 14, 2026 12:00:00 AM",,
8715,.NET Framework,3.0,Microsoft Corporation Inc.,Application,,C:\Windows\Microsoft.NET\Framework64\v3.0\Windows Communication Foundation,2.0
8715,.NET Runtime Optimization Service,2.0,Microsoft Corporation Inc.,Application,,C:\Windows\Microsoft.NET\Framework64\v2.0.50727,2.0
8715,.NET Runtime Optimization Service,4.8,Microsoft Corporation Inc.,Application,,C:\Windows\Microsoft.NET\Framework64\v4.0.30319,2.0
8715,64Bit MAPI Mail Agent,1.0,Foxit Software Inc.,Application,,C:\Program Files (x86)\Foxit Software\Foxit PDF Reader,1.0
8715,7-Zip 24.08 (x64 edition),24.08,Igor Pavlov,Add/Remove Programs,"November 28, 2024 12:00:00 AM",,
8715,7-Zip Console,24.08,Igor Pavlov,Application,,C:\Program Files\7-Zip,1.0
8715,7-Zip File Manager,24.08,Igor Pavlov,Application,,C:\Program Files\7-Zip,1.0
8715,7-Zip GUI,24.08,Igor Pavlov,Application,,C:\Program Files\7-Zip,1.0
8715,Accounts Control Host,10.0,Microsoft Corporation Inc.,Application,,C:\Windows\SystemApps\Microsoft.AccountsControl_cw5n1h2txyewy,1.0
8715,AddSuggestedFoldersToLibraryDialog,10.0,Microsoft Corporation Inc.,Application,,C:\Windows\SystemApps\Microsoft.Windows.AddSuggestedFoldersToLibraryDialog_cw5n1h2txyewy,1.0
8715,Antimalware Core Service,4.18,Microsoft Corporation Inc.,Application,,C:\Program Files\Windows Defender,1.0
8715,Antimalware Service Executable,4.18,Microsoft Corporation Inc.,Application,,C:\Program Files\Windows Defender,1.0
8715,AppResolverUX,10.0,Microsoft Corporation Inc.,Application,,C:\Windows\SystemApps\Microsoft.Windows.AppResolverUX_cw5n1h2txyewy,1.0
8715,AsyncTextService,10.0,Microsoft Corporation Inc.,Application,,C:\Windows\SystemApps\Microsoft.AsyncTextService_8wekyb3d8bbwe,1.0
8715,Biometric Enrollment Host,10.0,Microsoft Corporation Inc.,Application,,C:\Windows\SystemApps\Microsoft.BioEnrollment_cw5n1h2txyewy,1.0
8715,BMC Client Management Agent,24.1.01.240624,BMC Software Inc.,Application,,C:\Program Files\BMC Software\Client Management\Client\bin,1.0
8715,BMC Client Management Certificate Generator,24.1.01.240624,BMC Software Inc.,Application,,C:\Program Files\BMC Software\Client Management\Client\bin,1.0
8715,BMC Client Management Chilli Interpreter,24.1.01.240624,BMC Software Inc.,Application,,C:\Program Files\BMC Software\Client Management\Client\bin,1.0
8715,BMC Client Management Direct Access Proxy Agent,24.1.01.240624,BMC Software Inc.,Application,,C:\Program Files\BMC Software\Client Management\Client\bin,1.0
8715,BMC Client Management Opswat Proxy Agent,24.1.01.240624,BMC Software Inc.,Application,,C:\Program Files\BMC Software\Client Management\Client\bin,1.0
8715,BMC Client Management Package Viewer,24.1.01.240624,BMC Software Inc.,Application,,C:\Program Files\BMC Software\Client Management\Client\bin,1.0
8715,BMC Client Management Patch Broker,24.1.01.240624,BMC Software Inc.,Application,,C:\Program Files\BMC Software\Client Management\Client\bin,1.0
8715,BMC Client Management Proxy Agent,24.1.01.240624,BMC Software Inc.,Application,,C:\Program Files\BMC Software\Client Management\Client\bin,1.0
8715,BMC Client Management Remote Control proxy,24.1.01.240624,BMC Software Inc.,Application,,C:\Program Files\BMC Software\Client Management\Client\bin,1.0
8715,BMC Client Management SCAP,24.1.01.240624,BMC Software Inc.,Application,,C:\Program Files\BMC Software\Client Management\Client\bin,1.0
8715,BMC Client Management Video Proxy Agent,24.1.01.240624,BMC Software Inc.,Application,,C:\Program Files\BMC Software\Client Management\Client\bin,1.0
8715,Boot File Servicing Utility,10.0,Microsoft Corporation Inc.,Application,,C:\Windows,1.0
8715,Browser Protection Native Messaging Host,4.18,Microsoft Corporation Inc.,Application,,C:\Program Files\Windows Defender,1.0
8715,BrowserCore,10.0,Microsoft Corporation Inc.,Application,,C:\Windows\BrowserCore,1.0
8715,CameraBarcodeScannerPreview,10.0,Microsoft Corporation Inc.,Application,,C:\Windows\SystemApps\Windows.CBSPreview_cw5n1h2txyewy,1.0
8715,Canon LBP6000/LBP6018,,,Add/Remove Programs,,,
8715,CL5,9.6,Ivanti,Application,,C:\Program Files\BMC Software\Client Management\Client\data\PatchManagementPremium\workspace,1.0
8715,ClickOnce,4.8,Microsoft Corporation Inc.,Application,,C:\Windows\Microsoft.NET\Framework64\v4.0.30319,3.0
8715,Common User Interface,5.8,Musarubra US LLC.,Application,,C:\Program Files\McAfee\Agent\x86,1.0
8715,Copilot,144.0,Microsoft Corporation Inc.,Application,,C:\Program Files (x86)\Microsoft\EdgeWebView\Application\144.0.3719.115,3.0
8715,Copilot Update,1.3,Microsoft Corporation Inc.,Application,,C:\Program Files (x86)\Microsoft\EdgeUpdate,2.0
8715,Create a self-signed digital certificate,15.0,Microsoft Corporation Inc.,Application,,C:\Program Files\Microsoft Office\Office15,1.0
8715,Credential Dialog Host,10.0,Microsoft Corporation Inc.,Application,,C:\Windows\SystemApps\microsoft.creddialoghost_cw5n1h2txyewy,1.0
8715,CrowdStrike Device Control,7.29,CrowdStrike Inc.,Add/Remove Programs,"November 14, 2025 12:00:00 AM",,
8715,CrowdStrike Device Control Support Tool,7.29,CrowdStrike Inc.,Application,,C:\Program Files\CrowdStrike,1.0
8715,CrowdStrike Falcon Connector,7.32,CrowdStrike Inc.,Application,,C:\Program Files\CrowdStrike,1.0
8715,CrowdStrike Falcon Sensor,7.32,CrowdStrike Inc.,Application,,C:\Program Files\CrowdStrike,1.0
8715,CrowdStrike Falcon Sensor Controller,7.32,CrowdStrike Inc.,Application,,C:\Program Files\CrowdStrike,1.0
8715,CrowdStrike Falcon Sensor Service,7.32,CrowdStrike Inc.,Application,,C:\Program Files\CrowdStrike,1.0
8715,CrowdStrike Falcon Sensor Servlet Container,7.32,CrowdStrike Inc.,Application,,C:\Program Files\CrowdStrike,1.0
8715,CrowdStrike Falcon Sensor Settings Tool,7.32,CrowdStrike Inc.,Application,,C:\Program Files\CrowdStrike,1.0
8715,CrowdStrike Falcon Sensor System Tray Application,7.32,CrowdStrike Inc.,Application,,C:\Program Files\CrowdStrike,2.0
8715,CrowdStrike Firmware Analysis,7.14,CrowdStrike Inc.,Add/Remove Programs,"March 28, 2025 12:00:00 AM",,
8715,CrowdStrike Firmware Analysis Support Tool,7.14,CrowdStrike Inc.,Application,,C:\Program Files\CrowdStrike,1.0
8715,CrowdStrike On-Demand Scan Command-line Tool,7.32,CrowdStrike Inc.,Application,,C:\Program Files\CrowdStrike,1.0
8711,.NET Framework,3.0,Microsoft Corporation Inc.,Application,,C:\Windows\Microsoft.NET\Framework64\v3.0\Windows Communication Foundation,2.0
8711,.NET Runtime Optimization Service,2.0,Microsoft Corporation Inc.,Application,,C:\Windows\Microsoft.NET\Framework64\v2.0.50727,2.0
8711,.NET Runtime Optimization Service,4.8,Microsoft Corporation Inc.,Application,,C:\Windows\Microsoft.NET\Framework64\v4.0.30319,2.0
8711,64Bit MAPI Mail Agent,1.0,Foxit Software Inc.,Application,,C:\Program Files (x86)\Foxit Software\Foxit PDF Reader,1.0
8711,7-Zip 24.08 (x64 edition),24.08,Igor Pavlov,Add/Remove Programs,"November 26, 2024 12:00:00 AM",,
8711,7-Zip Console,24.08,Igor Pavlov,Application,,C:\Program Files\7-Zip,1.0
8711,7-Zip File Manager,24.08,Igor Pavlov,Application,,C:\Program Files\7-Zip,1.0
8711,7-Zip GUI,24.08,Igor Pavlov,Application,,C:\Program Files\7-Zip,1.0
8711,AAD token broker plugin,10.0,Microsoft Corporation Inc.,Application,,C:\Windows\SystemApps\Microsoft.AAD.BrokerPlugin_cw5n1h2txyewy,1.0
8711,Accounts Control Host,10.0,Microsoft Corporation Inc.,Application,,C:\Windows\SystemApps\Microsoft.AccountsControl_cw5n1h2txyewy,1.0
8711,AddSuggestedFoldersToLibraryDialog,10.0,Microsoft Corporation Inc.,Application,,C:\Windows\SystemApps\Microsoft.Windows.AddSuggestedFoldersToLibraryDialog_cw5n1h2txyewy,1.0
8711,AntiMalware Platform Update (amd64fre),4.18,Microsoft Corporation Inc.,Application,,C:\Windows\SystemTemp,1.0
8711,Antimalware Service Executable,4.18,Microsoft Corporation Inc.,Application,,C:\Program Files\Windows Defender,1.0
8711,AppResolverUX,10.0,Microsoft Corporation Inc.,Application,,C:\Windows\SystemApps\Microsoft.Windows.AppResolverUX_cw5n1h2txyewy,1.0
8711,AsyncTextService,10.0,Microsoft Corporation Inc.,Application,,C:\Windows\SystemApps\Microsoft.AsyncTextService_8wekyb3d8bbwe,1.0
8711,Biometric Enrollment Host,10.0,Microsoft Corporation Inc.,Application,,C:\Windows\SystemApps\Microsoft.BioEnrollment_cw5n1h2txyewy,1.0
8711,BMC Client Management Agent,24.1.01.240624,BMC Software Inc.,Application,,C:\Program Files\BMC Software\Client Management\Client\bin,1.0
8711,BMC Client Management Certificate Generator,24.1.01.240624,BMC Software Inc.,Application,,C:\Program Files\BMC Software\Client Management\Client\bin,1.0
8711,BMC Client Management Chilli Interpreter,24.1.01.240624,BMC Software Inc.,Application,,C:\Program Files\BMC Software\Client Management\Client\bin,1.0
8711,BMC Client Management Direct Access Proxy Agent,24.1.01.240624,BMC Software Inc.,Application,,C:\Program Files\BMC Software\Client Management\Client\bin,1.0
8711,BMC Client Management Opswat Proxy Agent,24.1.01.240624,BMC Software Inc.,Application,,C:\Program Files\BMC Software\Client Management\Client\bin,1.0
8711,BMC Client Management Package Viewer,24.1.01.240624,BMC Software Inc.,Application,,C:\Program Files\BMC Software\Client Management\Client\bin,1.0
8711,BMC Client Management Patch Broker,24.1.01.240624,BMC Software Inc.,Application,,C:\Program Files\BMC Software\Client Management\Client\bin,1.0
8711,BMC Client Management Proxy Agent,24.1.01.240624,BMC Software Inc.,Application,,C:\Program Files\BMC Software\Client Management\Client\bin,1.0
8711,BMC Client Management Remote Control proxy,24.1.01.240624,BMC Software Inc.,Application,,C:\Program Files\BMC Software\Client Management\Client\bin,1.0
8711,BMC Client Management SCAP,24.1.01.240624,BMC Software Inc.,Application,,C:\Program Files\BMC Software\Client Management\Client\bin,1.0
8711,BMC Client Management Video Proxy Agent,24.1.01.240624,BMC Software Inc.,Application,,C:\Program Files\BMC Software\Client Management\Client\bin,1.0
8711,Boot File Servicing Utility,10.0,Microsoft Corporation Inc.,Application,,C:\Windows,1.0
8711,BrowserCore,10.0,Microsoft Corporation Inc.,Application,,C:\Windows\BrowserCore,1.0
8711,Calling App to host call progress on shell,10.0,Microsoft Corporation Inc.,Application,,C:\Windows\SystemApps\Microsoft.Windows.CallingShellApp_cw5n1h2txyewy,1.0
8711,CameraBarcodeScannerPreview,10.0,Microsoft Corporation Inc.,Application,,C:\Windows\SystemApps\Windows.CBSPreview_cw5n1h2txyewy,1.0
8711,Canon LBP6000/LBP6018,,,Add/Remove Programs,,,
8711,ChromeEnterpriseCompanion,143.0,Google LLC,Application,,C:\Windows\SystemTemp\scoped_dir15584_16875253\scoped_dir15584_593113480,1.0
8711,CL5,9.6,Ivanti,Application,,C:\Program Files\BMC Software\Client Management\Client\data\PatchManagementPremium\workspace,3.0
8711,ClickOnce,4.8,Microsoft Corporation Inc.,Application,,C:\Windows\Microsoft.NET\Framework64\v4.0.30319,3.0
8711,Common User Interface,5.8,Musarubra US LLC.,Application,,C:\Program Files\McAfee\Agent\x86,1.0
8711,Copilot Update,1.3,Microsoft Corporation Inc.,Application,,C:\Program Files (x86)\Microsoft\EdgeUpdate,2.0
8711,Create a self-signed digital certificate,15.0,Microsoft Corporation Inc.,Application,,C:\Program Files\Microsoft Office\Office15,1.0
8711,Credential Dialog Host,10.0,Microsoft Corporation Inc.,Application,,C:\Windows\SystemApps\microsoft.creddialoghost_cw5n1h2txyewy,1.0
8711,CrowdStrike Device Control,7.29,CrowdStrike Inc.,Add/Remove Programs,"November 14, 2025 12:00:00 AM",,
8711,CrowdStrike Device Control Support Tool,7.29,CrowdStrike Inc.,Application,,C:\Program Files\CrowdStrike,1.0
8711,CrowdStrike Falcon Connector,7.32,CrowdStrike Inc.,Application,,C:\Program Files\CrowdStrike,1.0
8711,CrowdStrike Falcon Sensor,7.32,CrowdStrike Inc.,Application,,C:\Program Files\CrowdStrike,1.0
8711,CrowdStrike Falcon Sensor Controller,7.32,CrowdStrike Inc.,Application,,C:\Program Files\CrowdStrike,1.0
8711,CrowdStrike Falcon Sensor Service,7.32,CrowdStrike Inc.,Application,,C:\Program Files\CrowdStrike,1.0
8711,CrowdStrike Falcon Sensor Servlet Container,7.32,CrowdStrike Inc.,Application,,C:\Program Files\CrowdStrike,1.0
8711,CrowdStrike Falcon Sensor Settings Tool,7.32,CrowdStrike Inc.,Application,,C:\Program Files\CrowdStrike,1.0
8711,CrowdStrike Falcon Sensor System Tray Application,7.32,CrowdStrike Inc.,Application,,C:\Program Files\CrowdStrike,2.0
8711,CrowdStrike Firmware Analysis,7.14,CrowdStrike Inc.,Add/Remove Programs,"April 29, 2025 12:00:00 AM",,
8711,CrowdStrike Firmware Analysis Support Tool,7.14,CrowdStrike Inc.,Application,,C:\Program Files\CrowdStrike,1.0
8701,.NET Framework,3.0,Microsoft Corporation Inc.,Application,,C:\Windows\Microsoft.NET\Framework64\v3.0\Windows Communication Foundation,2.0
8701,.NET Runtime Optimization Service,4.8,Microsoft Corporation Inc.,Application,,C:\Windows\Microsoft.NET\Framework64\v4.0.30319,2.0
8701,.NET Runtime Optimization Service,2.0,Microsoft Corporation Inc.,Application,,C:\Windows\Microsoft.NET\Framework64\v2.0.50727,2.0
8701,64Bit MAPI Mail Agent,1.0,Foxit Software Inc.,Application,,C:\Program Files (x86)\Foxit Software\Foxit PDF Reader,1.0
8701,7-Zip 24.08 (x64 edition),24.08,Igor Pavlov,Add/Remove Programs,"November 26, 2024 12:00:00 AM",,
8701,7-Zip Console,24.08,Igor Pavlov,Application,,C:\Program Files\7-Zip,1.0
8701,7-Zip File Manager,24.08,Igor Pavlov,Application,,C:\Program Files\7-Zip,1.0
8701,7-Zip GUI,24.08,Igor Pavlov,Application,,C:\Program Files\7-Zip,1.0
8701,AAD token broker plugin,10.0,Microsoft Corporation Inc.,Application,,C:\Windows\SystemApps\Microsoft.AAD.BrokerPlugin_cw5n1h2txyewy,1.0
8701,Accounts Control Host,10.0,Microsoft Corporation Inc.,Application,,C:\Windows\SystemApps\Microsoft.AccountsControl_cw5n1h2txyewy,1.0
8701,AddSuggestedFoldersToLibraryDialog,10.0,Microsoft Corporation Inc.,Application,,C:\Windows\SystemApps\Microsoft.Windows.AddSuggestedFoldersToLibraryDialog_cw5n1h2txyewy,1.0
8701,Antimalware Service Executable,4.18,Microsoft Corporation Inc.,Application,,C:\Program Files\Windows Defender,1.0
8701,AppResolverUX,10.0,Microsoft Corporation Inc.,Application,,C:\Windows\SystemApps\Microsoft.Windows.AppResolverUX_cw5n1h2txyewy,1.0
8701,AsyncTextService,10.0,Microsoft Corporation Inc.,Application,,C:\Windows\SystemApps\Microsoft.AsyncTextService_8wekyb3d8bbwe,1.0
8701,Biometric Enrollment Host,10.0,Microsoft Corporation Inc.,Application,,C:\Windows\SystemApps\Microsoft.BioEnrollment_cw5n1h2txyewy,1.0
8701,BMC Client Management Agent,24.1.01.240624,BMC Software Inc.,Application,,C:\Program Files\BMC Software\Client Management\Client\bin,1.0
8701,BMC Client Management Certificate Generator,24.1.01.240624,BMC Software Inc.,Application,,C:\Program Files\BMC Software\Client Management\Client\bin,1.0
8701,BMC Client Management Chilli Interpreter,24.1.01.240624,BMC Software Inc.,Application,,C:\Program Files\BMC Software\Client Management\Client\bin,1.0
8701,BMC Client Management Direct Access Proxy Agent,24.1.01.240624,BMC Software Inc.,Application,,C:\Program Files\BMC Software\Client Management\Client\bin,1.0
8701,BMC Client Management Opswat Proxy Agent,24.1.01.240624,BMC Software Inc.,Application,,C:\Program Files\BMC Software\Client Management\Client\bin,1.0
8701,BMC Client Management Package Viewer,24.1.01.240624,BMC Software Inc.,Application,,C:\Program Files\BMC Software\Client Management\Client\bin,1.0
8701,BMC Client Management Patch Broker,24.1.01.240624,BMC Software Inc.,Application,,C:\Program Files\BMC Software\Client Management\Client\bin,1.0
8701,BMC Client Management Proxy Agent,24.1.01.240624,BMC Software Inc.,Application,,C:\Program Files\BMC Software\Client Management\Client\bin,1.0
8701,BMC Client Management Remote Control proxy,24.1.01.240624,BMC Software Inc.,Application,,C:\Program Files\BMC Software\Client Management\Client\bin,1.0
8701,BMC Client Management SCAP,24.1.01.240624,BMC Software Inc.,Application,,C:\Program Files\BMC Software\Client Management\Client\bin,1.0
8701,BMC Client Management Video Proxy Agent,24.1.01.240624,BMC Software Inc.,Application,,C:\Program Files\BMC Software\Client Management\Client\bin,1.0
8701,Boot File Servicing Utility,10.0,Microsoft Corporation Inc.,Application,,C:\Windows,1.0
8701,BrowserCore,10.0,Microsoft Corporation Inc.,Application,,C:\Windows\BrowserCore,1.0
8701,Calling App to host call progress on shell,10.0,Microsoft Corporation Inc.,Application,,C:\Windows\SystemApps\Microsoft.Windows.CallingShellApp_cw5n1h2txyewy,1.0
8701,CameraBarcodeScannerPreview,10.0,Microsoft Corporation Inc.,Application,,C:\Windows\SystemApps\Windows.CBSPreview_cw5n1h2txyewy,1.0
8701,Canon LBP2900,,,Add/Remove Programs,,,
8701,CL5,9.6,Ivanti,Application,,C:\Program Files\BMC Software\Client Management\Client\data\PatchManagementPremium\workspace,1.0
8701,ClickOnce,4.8,Microsoft Corporation Inc.,Application,,C:\Windows\Microsoft.NET\Framework64\v4.0.30319,3.0
8701,Common User Interface,5.8,Musarubra US LLC.,Application,,C:\Program Files\McAfee\Agent\x86,1.0
8701,Credential Dialog Host,10.0,Microsoft Corporation Inc.,Application,,C:\Windows\SystemApps\microsoft.creddialoghost_cw5n1h2txyewy,1.0
8701,CrowdStrike Device Control,7.29,CrowdStrike Inc.,Add/Remove Programs,"November 14, 2025 12:00:00 AM",,
8701,CrowdStrike Device Control Support Tool,7.29,CrowdStrike Inc.,Application,,C:\Program Files\CrowdStrike,1.0
8701,CrowdStrike Falcon Connector,7.32,CrowdStrike Inc.,Application,,C:\Program Files\CrowdStrike,1.0
8701,CrowdStrike Falcon Sensor,7.32,CrowdStrike Inc.,Application,,C:\Program Files\CrowdStrike,1.0
8701,CrowdStrike Falcon Sensor Controller,7.32,CrowdStrike Inc.,Application,,C:\Program Files\CrowdStrike,1.0
8701,CrowdStrike Falcon Sensor Service,7.32,CrowdStrike Inc.,Application,,C:\Program Files\CrowdStrike,1.0
8701,CrowdStrike Falcon Sensor Servlet Container,7.32,CrowdStrike Inc.,Application,,C:\Program Files\CrowdStrike,1.0
8701,CrowdStrike Falcon Sensor Settings Tool,7.32,CrowdStrike Inc.,Application,,C:\Program Files\CrowdStrike,1.0
8701,CrowdStrike Falcon Sensor System Tray Application,7.32,CrowdStrike Inc.,Application,,C:\Program Files\CrowdStrike,2.0
8701,CrowdStrike Firmware Analysis,7.14,CrowdStrike Inc.,Add/Remove Programs,"July 24, 2025 12:00:00 AM",,
8701,CrowdStrike Firmware Analysis Support Tool,7.14,CrowdStrike Inc.,Application,,C:\Program Files\CrowdStrike,1.0
8701,CrowdStrike On-Demand Scan Command-line Tool,7.32,CrowdStrike Inc.,Application,,C:\Program Files\CrowdStrike,1.0
8701,CrowdStrike On-Demand Scan Tool,7.32,CrowdStrike Inc.,Application,,C:\Program Files\CrowdStrike,1.0
8701,CrowdStrike Sensor Platform,7.32,CrowdStrike Inc.,Add/Remove Programs,"January 14, 2026 12:00:00 AM",,
8701,CrowdStrike Windows Sensor,7.32,CrowdStrike Inc.,Add/Remove Programs,"January 14, 2026 12:00:00 AM",,
8719,.NET Framework,3.0,Microsoft Corporation Inc.,Application,,C:\Windows\Microsoft.NET\Framework64\v3.0\Windows Communication Foundation,2.0
8719,.NET Runtime Optimization Service,2.0,Microsoft Corporation Inc.,Application,,C:\Windows\Microsoft.NET\Framework64\v2.0.50727,2.0
8719,.NET Runtime Optimization Service,4.8,Microsoft Corporation Inc.,Application,,C:\Windows\Microsoft.NET\Framework64\v4.0.30319,2.0
8719,64Bit MAPI Mail Agent,1.0,Foxit Software Inc.,Application,,C:\Program Files (x86)\Foxit Software\Foxit PDF Reader,1.0
8719,7-Zip 24.08 (x64 edition),24.08,Igor Pavlov,Add/Remove Programs,"November 28, 2024 12:00:00 AM",,
8719,7-Zip Console,24.08,Igor Pavlov,Application,,C:\Program Files\7-Zip,1.0
8719,7-Zip File Manager,24.08,Igor Pavlov,Application,,C:\Program Files\7-Zip,1.0
8719,7-Zip GUI,24.08,Igor Pavlov,Application,,C:\Program Files\7-Zip,1.0
8719,Accounts Control Host,10.0,Microsoft Corporation Inc.,Application,,C:\Windows\SystemApps\Microsoft.AccountsControl_cw5n1h2txyewy,1.0
8719,AddSuggestedFoldersToLibraryDialog,10.0,Microsoft Corporation Inc.,Application,,C:\Windows\SystemApps\Microsoft.Windows.AddSuggestedFoldersToLibraryDialog_cw5n1h2txyewy,1.0
8719,Antimalware Core Service,4.18,Microsoft Corporation Inc.,Application,,C:\Program Files\Windows Defender,1.0
8719,Antimalware Service Executable,4.18,Microsoft Corporation Inc.,Application,,C:\Program Files\Windows Defender,1.0
8719,AppResolverUX,10.0,Microsoft Corporation Inc.,Application,,C:\Windows\SystemApps\Microsoft.Windows.AppResolverUX_cw5n1h2txyewy,1.0
8719,AsyncTextService,10.0,Microsoft Corporation Inc.,Application,,C:\Windows\SystemApps\Microsoft.AsyncTextService_8wekyb3d8bbwe,1.0
8719,Biometric Enrollment Host,10.0,Microsoft Corporation Inc.,Application,,C:\Windows\SystemApps\Microsoft.BioEnrollment_cw5n1h2txyewy,1.0
8719,BMC Client Management Agent,24.1.01.240624,BMC Software Inc.,Application,,C:\Program Files\BMC Software\Client Management\Client\bin,1.0
8719,BMC Client Management Certificate Generator,24.1.01.240624,BMC Software Inc.,Application,,C:\Program Files\BMC Software\Client Management\Client\bin,1.0
8719,BMC Client Management Chilli Interpreter,24.1.01.240624,BMC Software Inc.,Application,,C:\Program Files\BMC Software\Client Management\Client\bin,1.0
8719,BMC Client Management Direct Access Proxy Agent,24.1.01.240624,BMC Software Inc.,Application,,C:\Program Files\BMC Software\Client Management\Client\bin,1.0
8719,BMC Client Management Opswat Proxy Agent,24.1.01.240624,BMC Software Inc.,Application,,C:\Program Files\BMC Software\Client Management\Client\bin,1.0
8719,BMC Client Management Package Viewer,24.1.01.240624,BMC Software Inc.,Application,,C:\Program Files\BMC Software\Client Management\Client\bin,1.0
8719,BMC Client Management Patch Broker,24.1.01.240624,BMC Software Inc.,Application,,C:\Program Files\BMC Software\Client Management\Client\bin,1.0
8719,BMC Client Management Proxy Agent,24.1.01.240624,BMC Software Inc.,Application,,C:\Program Files\BMC Software\Client Management\Client\bin,1.0
8719,BMC Client Management Remote Control proxy,24.1.01.240624,BMC Software Inc.,Application,,C:\Program Files\BMC Software\Client Management\Client\bin,1.0
8719,BMC Client Management SCAP,24.1.01.240624,BMC Software Inc.,Application,,C:\Program Files\BMC Software\Client Management\Client\bin,1.0
8719,BMC Client Management Video Proxy Agent,24.1.01.240624,BMC Software Inc.,Application,,C:\Program Files\BMC Software\Client Management\Client\bin,1.0
8719,Boot File Servicing Utility,10.0,Microsoft Corporation Inc.,Application,,C:\Windows,1.0
8719,Browser Protection Native Messaging Host,4.18,Microsoft Corporation Inc.,Application,,C:\Program Files\Windows Defender,1.0
8719,BrowserCore,10.0,Microsoft Corporation Inc.,Application,,C:\Windows\BrowserCore,1.0
8719,build 20171008,1.0,,Application,,C:\Program Files (x86)\iVMS-4200 Site\Drivers,1.0
8719,Build20200511,2.0,Hikvision,Application,,C:\Program Files (x86)\iVMS-4200 Site\iVMS-4200 Client\Client,1.0
8719,CameraBarcodeScannerPreview,10.0,Microsoft Corporation Inc.,Application,,C:\Windows\SystemApps\Windows.CBSPreview_cw5n1h2txyewy,1.0
8719,ChromeEnterpriseCompanion,143.0,Google LLC,Application,,C:\Windows\SystemTemp\scoped_dir21568_1584859696\scoped_dir21568_1447501925,1.0
8719,CL5,9.6,Ivanti,Application,,C:\Program Files\BMC Software\Client Management\Client\data\PatchManagementPremium\workspace,3.0
8719,ClickOnce,4.8,Microsoft Corporation Inc.,Application,,C:\Windows\Microsoft.NET\Framework64\v4.0.30319,3.0
8719,Common User Interface,5.8,Musarubra US LLC.,Application,,C:\Program Files\McAfee\Agent\x86,1.0
8719,Copilot,144.0,Microsoft Corporation Inc.,Application,,C:\Program Files (x86)\Microsoft\EdgeWebView\Application\144.0.3719.115,5.0
8719,Copilot Update,1.3,Microsoft Corporation Inc.,Application,,C:\Program Files (x86)\Microsoft\EdgeUpdate,2.0
8719,Create a self-signed digital certificate,15.0,Microsoft Corporation Inc.,Application,,C:\Program Files\Microsoft Office\Office15,1.0
8719,Credential Dialog Host,10.0,Microsoft Corporation Inc.,Application,,C:\Windows\SystemApps\microsoft.creddialoghost_cw5n1h2txyewy,1.0
8719,CrowdStrike Device Control,7.29,CrowdStrike Inc.,Add/Remove Programs,"November 14, 2025 12:00:00 AM",,
8719,CrowdStrike Device Control Support Tool,7.29,CrowdStrike Inc.,Application,,C:\Program Files\CrowdStrike,1.0
8719,CrowdStrike Falcon Connector,7.32,CrowdStrike Inc.,Application,,C:\Program Files\CrowdStrike,1.0
8719,CrowdStrike Falcon Sensor,7.32,CrowdStrike Inc.,Application,,C:\Program Files\CrowdStrike,1.0
8719,CrowdStrike Falcon Sensor Controller,7.32,CrowdStrike Inc.,Application,,C:\Program Files\CrowdStrike,1.0
8719,CrowdStrike Falcon Sensor Service,7.32,CrowdStrike Inc.,Application,,C:\Program Files\CrowdStrike,1.0
8719,CrowdStrike Falcon Sensor Servlet Container,7.32,CrowdStrike Inc.,Application,,C:\Program Files\CrowdStrike,1.0
8719,CrowdStrike Falcon Sensor Settings Tool,7.32,CrowdStrike Inc.,Application,,C:\Program Files\CrowdStrike,1.0
8719,CrowdStrike Falcon Sensor System Tray Application,7.32,CrowdStrike Inc.,Application,,C:\Program Files\CrowdStrike,2.0
8719,CrowdStrike Firmware Analysis,7.14,CrowdStrike Inc.,Add/Remove Programs,"February 26, 2025 12:00:00 AM",,
10331,.NET Framework,3.0,Microsoft Corporation Inc.,Application,,C:\Windows\Microsoft.NET\Framework64\v3.0\Windows Communication Foundation,2.0
10331,.NET Runtime Optimization Service,4.8,Microsoft Corporation Inc.,Application,,C:\Windows\Microsoft.NET\Framework64\v4.0.30319,2.0
10331,.NET Runtime Optimization Service,2.0,Microsoft Corporation Inc.,Application,,C:\Windows\Microsoft.NET\Framework64\v2.0.50727,2.0
10331,64Bit MAPI Mail Agent,1.0,Foxit Software Inc.,Application,,C:\Program Files (x86)\Foxit Software\Foxit PDF Reader,1.0
10331,7-Zip 24.08 (x64 edition),24.08,Igor Pavlov,Add/Remove Programs,"November 26, 2024 12:00:00 AM",,
10331,7-Zip Console,24.08,Igor Pavlov,Application,,C:\Program Files\7-Zip,1.0
10331,7-Zip File Manager,24.08,Igor Pavlov,Application,,C:\Program Files\7-Zip,1.0
10331,7-Zip GUI,24.08,Igor Pavlov,Application,,C:\Program Files\7-Zip,1.0
10331,AAD token broker plugin,10.0,Microsoft Corporation Inc.,Application,,C:\Windows\SystemApps\Microsoft.AAD.BrokerPlugin_cw5n1h2txyewy,1.0
10331,Accounts Control Host,10.0,Microsoft Corporation Inc.,Application,,C:\Windows\SystemApps\Microsoft.AccountsControl_cw5n1h2txyewy,1.0
10331,AddSuggestedFoldersToLibraryDialog,10.0,Microsoft Corporation Inc.,Application,,C:\Windows\SystemApps\Microsoft.Windows.AddSuggestedFoldersToLibraryDialog_cw5n1h2txyewy,1.0
10331,Antimalware Service Executable,4.18,Microsoft Corporation Inc.,Application,,C:\Program Files\Windows Defender,1.0
10331,AppResolverUX,10.0,Microsoft Corporation Inc.,Application,,C:\Windows\SystemApps\Microsoft.Windows.AppResolverUX_cw5n1h2txyewy,1.0
10331,AsyncTextService,10.0,Microsoft Corporation Inc.,Application,,C:\Windows\SystemApps\Microsoft.AsyncTextService_8wekyb3d8bbwe,1.0
10331,Biometric Enrollment Host,10.0,Microsoft Corporation Inc.,Application,,C:\Windows\SystemApps\Microsoft.BioEnrollment_cw5n1h2txyewy,1.0
10331,BMC Client Management Agent,24.1.01.240624,BMC Software Inc.,Application,,C:\Program Files\BMC Software\Client Management\Client\bin,1.0
10331,BMC Client Management Certificate Generator,24.1.01.240624,BMC Software Inc.,Application,,C:\Program Files\BMC Software\Client Management\Client\bin,1.0
10331,BMC Client Management Chilli Interpreter,24.1.01.240624,BMC Software Inc.,Application,,C:\Program Files\BMC Software\Client Management\Client\bin,1.0
10331,BMC Client Management Direct Access Proxy Agent,24.1.01.240624,BMC Software Inc.,Application,,C:\Program Files\BMC Software\Client Management\Client\bin,1.0
10331,BMC Client Management Opswat Proxy Agent,24.1.01.240624,BMC Software Inc.,Application,,C:\Program Files\BMC Software\Client Management\Client\bin,1.0
10331,BMC Client Management Package Viewer,24.1.01.240624,BMC Software Inc.,Application,,C:\Program Files\BMC Software\Client Management\Client\bin,1.0
10331,BMC Client Management Patch Broker,24.1.01.240624,BMC Software Inc.,Application,,C:\Program Files\BMC Software\Client Management\Client\bin,1.0
10331,BMC Client Management Proxy Agent,24.1.01.240624,BMC Software Inc.,Application,,C:\Program Files\BMC Software\Client Management\Client\bin,1.0
10331,BMC Client Management Remote Control proxy,24.1.01.240624,BMC Software Inc.,Application,,C:\Program Files\BMC Software\Client Management\Client\bin,1.0
10331,BMC Client Management SCAP,24.1.01.240624,BMC Software Inc.,Application,,C:\Program Files\BMC Software\Client Management\Client\bin,1.0
10331,BMC Client Management SFX,24.1.01.240624,BMC Software Inc.,Application,,C:\Users\joinuser.roland\Downloads,1.0
10331,BMC Client Management Video Proxy Agent,24.1.01.240624,BMC Software Inc.,Application,,C:\Program Files\BMC Software\Client Management\Client\bin,1.0
10331,Boot File Servicing Utility,10.0,Microsoft Corporation Inc.,Application,,C:\Windows,1.0
10331,BrowserCore,10.0,Microsoft Corporation Inc.,Application,,C:\Windows\BrowserCore,1.0
10331,Calling App to host call progress on shell,10.0,Microsoft Corporation Inc.,Application,,C:\Windows\SystemApps\Microsoft.Windows.CallingShellApp_cw5n1h2txyewy,1.0
10331,CameraBarcodeScannerPreview,10.0,Microsoft Corporation Inc.,Application,,C:\Windows\SystemApps\Windows.CBSPreview_cw5n1h2txyewy,1.0
10331,CancelEventHandler,52.01,HP Inc.,Application,,C:\Program Files (x86)\HP\HP LaserJet MFP M232-M237\bin,1.0
10331,Canon LBP2900,,,Add/Remove Programs,,,
10331,CL5,9.6,Ivanti,Application,,C:\Program Files\BMC Software\Client Management\Client\data\PatchManagementPremium\workspace,1.0
10331,ClickOnce,4.8,Microsoft Corporation Inc.,Application,,C:\Windows\Microsoft.NET\Framework64\v4.0.30319,3.0
10331,Common User Interface,5.8,Musarubra US LLC.,Application,,C:\Program Files\McAfee\Agent\x86,1.0
10331,Credential Dialog Host,10.0,Microsoft Corporation Inc.,Application,,C:\Windows\SystemApps\microsoft.creddialoghost_cw5n1h2txyewy,1.0
10331,CrowdStrike Device Control,7.29,CrowdStrike Inc.,Add/Remove Programs,"November 14, 2025 12:00:00 AM",,
10331,CrowdStrike Device Control Support Tool,7.29,CrowdStrike Inc.,Application,,C:\Program Files\CrowdStrike,1.0
10331,CrowdStrike Falcon Connector,7.32,CrowdStrike Inc.,Application,,C:\Program Files\CrowdStrike,1.0
10331,CrowdStrike Falcon Sensor,7.32,CrowdStrike Inc.,Application,,C:\Program Files\CrowdStrike,1.0
10331,CrowdStrike Falcon Sensor Controller,7.32,CrowdStrike Inc.,Application,,C:\Program Files\CrowdStrike,1.0
10331,CrowdStrike Falcon Sensor Service,7.32,CrowdStrike Inc.,Application,,C:\Program Files\CrowdStrike,1.0
10331,CrowdStrike Falcon Sensor Servlet Container,7.32,CrowdStrike Inc.,Application,,C:\Program Files\CrowdStrike,1.0
10331,CrowdStrike Falcon Sensor Settings Tool,7.32,CrowdStrike Inc.,Application,,C:\Program Files\CrowdStrike,1.0
10331,CrowdStrike Falcon Sensor System Tray Application,7.32,CrowdStrike Inc.,Application,,C:\Program Files\CrowdStrike,2.0
10331,CrowdStrike Firmware Analysis,7.14,CrowdStrike Inc.,Add/Remove Programs,"April 29, 2025 12:00:00 AM",,
10331,CrowdStrike Firmware Analysis Support Tool,7.14,CrowdStrike Inc.,Application,,C:\Program Files\CrowdStrike,1.0
10331,CrowdStrike On-Demand Scan Command-line Tool,7.32,CrowdStrike Inc.,Application,,C:\Program Files\CrowdStrike,1.0
10331,CrowdStrike On-Demand Scan Tool,7.32,CrowdStrike Inc.,Application,,C:\Program Files\CrowdStrike,1.0
9783,.NET Framework,3.0,Microsoft Corporation Inc.,Application,,C:\Windows\Microsoft.NET\Framework64\v3.0\Windows Communication Foundation,2.0
9783,.NET Runtime Optimization Service,4.8,Microsoft Corporation Inc.,Application,,C:\Windows\Microsoft.NET\Framework64\v4.0.30319,2.0
9783,.NET Runtime Optimization Service,2.0,Microsoft Corporation Inc.,Application,,C:\Windows\Microsoft.NET\Framework64\v2.0.50727,2.0
9783,64Bit MAPI Mail Agent,1.0,Foxit Software Inc.,Application,,C:\Program Files (x86)\Foxit Software\Foxit Reader,1.0
9783,7-Zip 24.08 (x64 edition),24.08,Igor Pavlov,Add/Remove Programs,"November 26, 2024 12:00:00 AM",,
9783,7-Zip Console,24.08,Igor Pavlov,Application,,C:\Program Files\7-Zip,1.0
9783,7-Zip File Manager,24.08,Igor Pavlov,Application,,C:\Program Files\7-Zip,1.0
9783,7-Zip GUI,24.08,Igor Pavlov,Application,,C:\Program Files\7-Zip,1.0
9783,AAD token broker plugin,10.0,Microsoft Corporation Inc.,Application,,C:\Windows\SystemApps\Microsoft.AAD.BrokerPlugin_cw5n1h2txyewy,1.0
9783,Accounts Control Host,10.0,Microsoft Corporation Inc.,Application,,C:\Windows\SystemApps\Microsoft.AccountsControl_cw5n1h2txyewy,1.0
9783,AddSuggestedFoldersToLibraryDialog,10.0,Microsoft Corporation Inc.,Application,,C:\Windows\SystemApps\Microsoft.Windows.AddSuggestedFoldersToLibraryDialog_cw5n1h2txyewy,1.0
9783,Antimalware Service Executable,4.18,Microsoft Corporation Inc.,Application,,C:\Program Files\Windows Defender,1.0
9783,AppResolverUX,10.0,Microsoft Corporation Inc.,Application,,C:\Windows\SystemApps\Microsoft.Windows.AppResolverUX_cw5n1h2txyewy,1.0
9783,AsyncTextService,10.0,Microsoft Corporation Inc.,Application,,C:\Windows\SystemApps\Microsoft.AsyncTextService_8wekyb3d8bbwe,1.0
9783,Biometric Enrollment Host,10.0,Microsoft Corporation Inc.,Application,,C:\Windows\SystemApps\Microsoft.BioEnrollment_cw5n1h2txyewy,1.0
9783,BMC Client Management Agent,24.1.01.240624,BMC Software Inc.,Application,,C:\Program Files\BMC Software\Client Management\Client\bin,1.0
9783,BMC Client Management Certificate Generator,24.1.01.240624,BMC Software Inc.,Application,,C:\Program Files\BMC Software\Client Management\Client\bin,1.0
9783,BMC Client Management Chilli Interpreter,24.1.01.240624,BMC Software Inc.,Application,,C:\Program Files\BMC Software\Client Management\Client\bin,1.0
9783,BMC Client Management Direct Access Proxy Agent,24.1.01.240624,BMC Software Inc.,Application,,C:\Program Files\BMC Software\Client Management\Client\bin,1.0
9783,BMC Client Management Opswat Proxy Agent,24.1.01.240624,BMC Software Inc.,Application,,C:\Program Files\BMC Software\Client Management\Client\bin,1.0
9783,BMC Client Management Package Viewer,24.1.01.240624,BMC Software Inc.,Application,,C:\Program Files\BMC Software\Client Management\Client\bin,1.0
9783,BMC Client Management Patch Broker,24.1.01.240624,BMC Software Inc.,Application,,C:\Program Files\BMC Software\Client Management\Client\bin,1.0
9783,BMC Client Management Proxy Agent,24.1.01.240624,BMC Software Inc.,Application,,C:\Program Files\BMC Software\Client Management\Client\bin,1.0
9783,BMC Client Management Remote Control proxy,24.1.01.240624,BMC Software Inc.,Application,,C:\Program Files\BMC Software\Client Management\Client\bin,1.0
9783,BMC Client Management SCAP,24.1.01.240624,BMC Software Inc.,Application,,C:\Program Files\BMC Software\Client Management\Client\bin,1.0
9783,BMC Client Management Video Proxy Agent,24.1.01.240624,BMC Software Inc.,Application,,C:\Program Files\BMC Software\Client Management\Client\bin,1.0
9783,Boot File Servicing Utility,10.0,Microsoft Corporation Inc.,Application,,C:\Windows,1.0
9783,BrowserCore,10.0,Microsoft Corporation Inc.,Application,,C:\Windows\BrowserCore,1.0
9783,Calling App to host call progress on shell,10.0,Microsoft Corporation Inc.,Application,,C:\Windows\SystemApps\Microsoft.Windows.CallingShellApp_cw5n1h2txyewy,1.0
9783,CameraBarcodeScannerPreview,10.0,Microsoft Corporation Inc.,Application,,C:\Windows\SystemApps\Windows.CBSPreview_cw5n1h2txyewy,1.0
9783,Canon IJ Scan Utility,1.1,CANON INC.,Application,,C:\Program Files (x86)\Canon\IJ Scan Utility,1.0
9783,Canon IJ Scan Utility MAPI,1.1,CANON INC.,Application,,C:\Program Files (x86)\Canon\IJ Scan Utility,1.0
9783,Canon IJ Scan Utility SETEVENT,1.1,CANON INC.,Application,,C:\Program Files (x86)\Canon\IJ Scan Utility,3.0
9783,CanoScan LiDE 120 Scanner Driver,1.02,Canon Inc.,Add/Remove Programs,,,
9783,CL5,9.6,Ivanti,Application,,C:\Program Files\BMC Software\Client Management\Client\data\PatchManagementPremium\workspace,1.0
9783,ClickOnce,4.8,Microsoft Corporation Inc.,Application,,C:\Windows\Microsoft.NET\Framework64\v4.0.30319,3.0
9783,Common User Interface,5.8,Musarubra US LLC.,Application,,C:\Program Files\McAfee\Agent\x86,1.0
9783,Create Virtual Machine,10.0,Microsoft Corporation Inc.,Application,,C:\Program Files\Hyper-V,1.0
9783,Credential Dialog Host,10.0,Microsoft Corporation Inc.,Application,,C:\Windows\SystemApps\microsoft.creddialoghost_cw5n1h2txyewy,1.0
9783,CrowdStrike Device Control,7.29,CrowdStrike Inc.,Add/Remove Programs,"November 14, 2025 12:00:00 AM",,
9783,CrowdStrike Device Control Support Tool,7.29,CrowdStrike Inc.,Application,,C:\Program Files\CrowdStrike,1.0
9783,CrowdStrike Falcon Connector,7.32,CrowdStrike Inc.,Application,,C:\Program Files\CrowdStrike,1.0
9783,CrowdStrike Falcon Sensor,7.32,CrowdStrike Inc.,Application,,C:\Program Files\CrowdStrike,1.0
9783,CrowdStrike Falcon Sensor Controller,7.32,CrowdStrike Inc.,Application,,C:\Program Files\CrowdStrike,1.0
9783,CrowdStrike Falcon Sensor Service,7.32,CrowdStrike Inc.,Application,,C:\Program Files\CrowdStrike,1.0
9783,CrowdStrike Falcon Sensor Servlet Container,7.32,CrowdStrike Inc.,Application,,C:\Program Files\CrowdStrike,1.0
9783,CrowdStrike Falcon Sensor Settings Tool,7.32,CrowdStrike Inc.,Application,,C:\Program Files\CrowdStrike,1.0
9783,CrowdStrike Falcon Sensor System Tray Application,7.32,CrowdStrike Inc.,Application,,C:\Program Files\CrowdStrike,2.0
9783,CrowdStrike Firmware Analysis,7.14,CrowdStrike Inc.,Add/Remove Programs,"January 23, 2025 12:00:00 AM",,
9783,CrowdStrike Firmware Analysis Support Tool,7.14,CrowdStrike Inc.,Application,,C:\Program Files\CrowdStrike,1.0
10305,.NET Framework,3.0,Microsoft Corporation Inc.,Application,,C:\Windows\Microsoft.NET\Framework64\v3.0\Windows Communication Foundation,2.0
10305,.NET Runtime Optimization Service,4.8,Microsoft Corporation Inc.,Application,,C:\Windows\Microsoft.NET\Framework64\v4.0.30319,2.0
10305,.NET Runtime Optimization Service,2.0,Microsoft Corporation Inc.,Application,,C:\Windows\Microsoft.NET\Framework64\v2.0.50727,2.0
10305,64Bit MAPI Mail Agent,1.0,Foxit Software Inc.,Application,,C:\Program Files (x86)\Foxit Software\Foxit PDF Reader,1.0
10305,7-Zip 24.08 (x64 edition),24.08,Igor Pavlov,Add/Remove Programs,"November 26, 2024 12:00:00 AM",,
10305,7-Zip Console,24.08,Igor Pavlov,Application,,C:\Program Files\7-Zip,1.0
10305,7-Zip File Manager,24.08,Igor Pavlov,Application,,C:\Program Files\7-Zip,1.0
10305,7-Zip GUI,24.08,Igor Pavlov,Application,,C:\Program Files\7-Zip,1.0
10305,AAD token broker plugin,10.0,Microsoft Corporation Inc.,Application,,C:\Windows\SystemApps\Microsoft.AAD.BrokerPlugin_cw5n1h2txyewy,1.0
10305,Accounts Control Host,10.0,Microsoft Corporation Inc.,Application,,C:\Windows\SystemApps\Microsoft.AccountsControl_cw5n1h2txyewy,1.0
10305,AddSuggestedFoldersToLibraryDialog,10.0,Microsoft Corporation Inc.,Application,,C:\Windows\SystemApps\Microsoft.Windows.AddSuggestedFoldersToLibraryDialog_cw5n1h2txyewy,1.0
10305,AntiMalware Platform Update (amd64fre),4.18,Microsoft Corporation Inc.,Application,,C:\Windows\SystemTemp,1.0
10305,Antimalware Service Executable,4.18,Microsoft Corporation Inc.,Application,,C:\Program Files\Windows Defender,1.0
10305,AppResolverUX,10.0,Microsoft Corporation Inc.,Application,,C:\Windows\SystemApps\Microsoft.Windows.AppResolverUX_cw5n1h2txyewy,1.0
10305,AsyncTextService,10.0,Microsoft Corporation Inc.,Application,,C:\Windows\SystemApps\Microsoft.AsyncTextService_8wekyb3d8bbwe,1.0
10305,Biometric Enrollment Host,10.0,Microsoft Corporation Inc.,Application,,C:\Windows\SystemApps\Microsoft.BioEnrollment_cw5n1h2txyewy,1.0
10305,BMC Client Management Agent,24.1.01.240624,BMC Software Inc.,Application,,C:\Program Files\BMC Software\Client Management\Client\bin,1.0
10305,BMC Client Management Certificate Generator,24.1.01.240624,BMC Software Inc.,Application,,C:\Program Files\BMC Software\Client Management\Client\bin,1.0
10305,BMC Client Management Chilli Interpreter,24.1.01.240624,BMC Software Inc.,Application,,C:\Program Files\BMC Software\Client Management\Client\bin,1.0
10305,BMC Client Management Direct Access Proxy Agent,24.1.01.240624,BMC Software Inc.,Application,,C:\Program Files\BMC Software\Client Management\Client\bin,1.0
10305,BMC Client Management Opswat Proxy Agent,24.1.01.240624,BMC Software Inc.,Application,,C:\Program Files\BMC Software\Client Management\Client\bin,1.0
10305,BMC Client Management Package Viewer,24.1.01.240624,BMC Software Inc.,Application,,C:\Program Files\BMC Software\Client Management\Client\bin,1.0
10305,BMC Client Management Patch Broker,24.1.01.240624,BMC Software Inc.,Application,,C:\Program Files\BMC Software\Client Management\Client\bin,1.0
10305,BMC Client Management Proxy Agent,24.1.01.240624,BMC Software Inc.,Application,,C:\Program Files\BMC Software\Client Management\Client\bin,1.0
10305,BMC Client Management Remote Control proxy,24.1.01.240624,BMC Software Inc.,Application,,C:\Program Files\BMC Software\Client Management\Client\bin,1.0
10305,BMC Client Management SCAP,24.1.01.240624,BMC Software Inc.,Application,,C:\Program Files\BMC Software\Client Management\Client\bin,1.0
10305,BMC Client Management Video Proxy Agent,24.1.01.240624,BMC Software Inc.,Application,,C:\Program Files\BMC Software\Client Management\Client\bin,1.0
10305,Boot File Servicing Utility,10.0,Microsoft Corporation Inc.,Application,,C:\Windows,1.0
10305,BrowserCore,10.0,Microsoft Corporation Inc.,Application,,C:\Windows\BrowserCore,1.0
10305,Calling App to host call progress on shell,10.0,Microsoft Corporation Inc.,Application,,C:\Windows\SystemApps\Microsoft.Windows.CallingShellApp_cw5n1h2txyewy,1.0
10305,CameraBarcodeScannerPreview,10.0,Microsoft Corporation Inc.,Application,,C:\Windows\SystemApps\Windows.CBSPreview_cw5n1h2txyewy,1.0
10305,Canon LBP6000/LBP6018,,,Add/Remove Programs,,,
10305,CL5,9.6,Ivanti,Application,,C:\Program Files\BMC Software\Client Management\Client\data\PatchManagementPremium\workspace,3.0
10305,ClickOnce,4.8,Microsoft Corporation Inc.,Application,,C:\Windows\Microsoft.NET\Framework64\v4.0.30319,3.0
10305,Common User Interface,5.8,Musarubra US LLC.,Application,,C:\Program Files\McAfee\Agent\x86,1.0
10305,Credential Dialog Host,10.0,Microsoft Corporation Inc.,Application,,C:\Windows\SystemApps\microsoft.creddialoghost_cw5n1h2txyewy,1.0
10305,CrowdStrike Device Control,7.29,CrowdStrike Inc.,Add/Remove Programs,"November 14, 2025 12:00:00 AM",,
10305,CrowdStrike Device Control Support Tool,7.29,CrowdStrike Inc.,Application,,C:\Program Files\CrowdStrike,1.0
10305,CrowdStrike Falcon Connector,7.32,CrowdStrike Inc.,Application,,C:\Program Files\CrowdStrike,1.0
10305,CrowdStrike Falcon Sensor,7.32,CrowdStrike Inc.,Application,,C:\Program Files\CrowdStrike,1.0
10305,CrowdStrike Falcon Sensor Controller,7.32,CrowdStrike Inc.,Application,,C:\Program Files\CrowdStrike,1.0
10305,CrowdStrike Falcon Sensor Service,7.32,CrowdStrike Inc.,Application,,C:\Program Files\CrowdStrike,1.0
10305,CrowdStrike Falcon Sensor Servlet Container,7.32,CrowdStrike Inc.,Application,,C:\Program Files\CrowdStrike,1.0
10305,CrowdStrike Falcon Sensor Settings Tool,7.32,CrowdStrike Inc.,Application,,C:\Program Files\CrowdStrike,1.0
10305,CrowdStrike Falcon Sensor System Tray Application,7.32,CrowdStrike Inc.,Application,,C:\Program Files\CrowdStrike,2.0
10305,CrowdStrike Firmware Analysis,7.14,CrowdStrike Inc.,Add/Remove Programs,"July 24, 2025 12:00:00 AM",,
10305,CrowdStrike Firmware Analysis Support Tool,7.14,CrowdStrike Inc.,Application,,C:\Program Files\CrowdStrike,1.0
10305,CrowdStrike On-Demand Scan Command-line Tool,7.32,CrowdStrike Inc.,Application,,C:\Program Files\CrowdStrike,1.0
10305,CrowdStrike On-Demand Scan Tool,7.32,CrowdStrike Inc.,Application,,C:\Program Files\CrowdStrike,1.0
10305,CrowdStrike Sensor Platform,7.32,CrowdStrike Inc.,Add/Remove Programs,"January 14, 2026 12:00:00 AM",,
10306,.NET Framework,3.0,Microsoft Corporation Inc.,Application,,C:\Windows\Microsoft.NET\Framework64\v3.0\Windows Communication Foundation,2.0
10306,.NET Runtime Optimization Service,4.8,Microsoft Corporation Inc.,Application,,C:\Windows\Microsoft.NET\Framework64\v4.0.30319,2.0
10306,.NET Runtime Optimization Service,2.0,Microsoft Corporation Inc.,Application,,C:\Windows\Microsoft.NET\Framework64\v2.0.50727,2.0
10306,64Bit MAPI Mail Agent,1.0,Foxit Software Inc.,Application,,C:\Program Files (x86)\Foxit Software\Foxit PDF Reader,1.0
10306,7-Zip 24.08 (x64 edition),24.08,Igor Pavlov,Add/Remove Programs,"November 26, 2024 12:00:00 AM",,
10306,7-Zip Console,24.08,Igor Pavlov,Application,,C:\Program Files\7-Zip,1.0
10306,7-Zip File Manager,24.08,Igor Pavlov,Application,,C:\Program Files\7-Zip,1.0
10306,7-Zip GUI,24.08,Igor Pavlov,Application,,C:\Program Files\7-Zip,1.0
10306,AAD token broker plugin,10.0,Microsoft Corporation Inc.,Application,,C:\Windows\SystemApps\Microsoft.AAD.BrokerPlugin_cw5n1h2txyewy,1.0
10306,Accounts Control Host,10.0,Microsoft Corporation Inc.,Application,,C:\Windows\SystemApps\Microsoft.AccountsControl_cw5n1h2txyewy,1.0
10306,AddSuggestedFoldersToLibraryDialog,10.0,Microsoft Corporation Inc.,Application,,C:\Windows\SystemApps\Microsoft.Windows.AddSuggestedFoldersToLibraryDialog_cw5n1h2txyewy,1.0
10306,Antimalware Service Executable,4.18,Microsoft Corporation Inc.,Application,,C:\Program Files\Windows Defender,1.0
10306,AppResolverUX,10.0,Microsoft Corporation Inc.,Application,,C:\Windows\SystemApps\Microsoft.Windows.AppResolverUX_cw5n1h2txyewy,1.0
10306,AsyncTextService,10.0,Microsoft Corporation Inc.,Application,,C:\Windows\SystemApps\Microsoft.AsyncTextService_8wekyb3d8bbwe,1.0
10306,Biometric Enrollment Host,10.0,Microsoft Corporation Inc.,Application,,C:\Windows\SystemApps\Microsoft.BioEnrollment_cw5n1h2txyewy,1.0
10306,BMC Client Management Agent,24.1.01.240624,BMC Software Inc.,Application,,C:\Program Files\BMC Software\Client Management\Client\bin,1.0
10306,BMC Client Management Certificate Generator,24.1.01.240624,BMC Software Inc.,Application,,C:\Program Files\BMC Software\Client Management\Client\bin,1.0
10306,BMC Client Management Chilli Interpreter,24.1.01.240624,BMC Software Inc.,Application,,C:\Program Files\BMC Software\Client Management\Client\bin,1.0
10306,BMC Client Management Direct Access Proxy Agent,24.1.01.240624,BMC Software Inc.,Application,,C:\Program Files\BMC Software\Client Management\Client\bin,1.0
10306,BMC Client Management Opswat Proxy Agent,24.1.01.240624,BMC Software Inc.,Application,,C:\Program Files\BMC Software\Client Management\Client\bin,1.0
10306,BMC Client Management Package Viewer,24.1.01.240624,BMC Software Inc.,Application,,C:\Program Files\BMC Software\Client Management\Client\bin,1.0
10306,BMC Client Management Patch Broker,24.1.01.240624,BMC Software Inc.,Application,,C:\Program Files\BMC Software\Client Management\Client\bin,1.0
10306,BMC Client Management Proxy Agent,24.1.01.240624,BMC Software Inc.,Application,,C:\Program Files\BMC Software\Client Management\Client\bin,1.0
10306,BMC Client Management Remote Control proxy,24.1.01.240624,BMC Software Inc.,Application,,C:\Program Files\BMC Software\Client Management\Client\bin,1.0
10306,BMC Client Management SCAP,24.1.01.240624,BMC Software Inc.,Application,,C:\Program Files\BMC Software\Client Management\Client\bin,1.0
10306,BMC Client Management Video Proxy Agent,24.1.01.240624,BMC Software Inc.,Application,,C:\Program Files\BMC Software\Client Management\Client\bin,1.0
10306,Boot File Servicing Utility,10.0,Microsoft Corporation Inc.,Application,,C:\Windows,1.0
10306,BrowserCore,10.0,Microsoft Corporation Inc.,Application,,C:\Windows\BrowserCore,1.0
10306,Calling App to host call progress on shell,10.0,Microsoft Corporation Inc.,Application,,C:\Windows\SystemApps\Microsoft.Windows.CallingShellApp_cw5n1h2txyewy,1.0
10306,CameraBarcodeScannerPreview,10.0,Microsoft Corporation Inc.,Application,,C:\Windows\SystemApps\Windows.CBSPreview_cw5n1h2txyewy,1.0
10306,Canon IJ Scan Utility SETEVENT,1.1,CANON INC.,Application,,D:\D3VINE\New folder (5)\MASTER IT\sc68-win-lide120-1_02-ea33_3\SCNUTIL\ScanUtility\SetEvent,1.0
10306,Canon LBP6000/LBP6018,,,Add/Remove Programs,,,
10306,CL5,9.6,Ivanti,Application,,C:\Program Files\BMC Software\Client Management\Client\data\PatchManagementPremium\workspace,2.0
10306,ClickOnce,4.8,Microsoft Corporation Inc.,Application,,C:\Windows\Microsoft.NET\Framework64\v4.0.30319,3.0
10306,Common User Interface,5.8,Musarubra US LLC.,Application,,C:\Program Files\McAfee\Agent\x86,1.0
10306,Credential Dialog Host,10.0,Microsoft Corporation Inc.,Application,,C:\Windows\SystemApps\microsoft.creddialoghost_cw5n1h2txyewy,1.0
10306,CrowdStrike Device Control,7.29,CrowdStrike Inc.,Add/Remove Programs,"November 14, 2025 12:00:00 AM",,
10306,CrowdStrike Device Control Support Tool,7.29,CrowdStrike Inc.,Application,,C:\Program Files\CrowdStrike,1.0
10306,CrowdStrike Falcon Connector,7.32,CrowdStrike Inc.,Application,,C:\Program Files\CrowdStrike,1.0
10306,CrowdStrike Falcon Sensor,7.32,CrowdStrike Inc.,Application,,C:\Program Files\CrowdStrike,1.0
10306,CrowdStrike Falcon Sensor Controller,7.32,CrowdStrike Inc.,Application,,C:\Program Files\CrowdStrike,1.0
10306,CrowdStrike Falcon Sensor Service,7.32,CrowdStrike Inc.,Application,,C:\Program Files\CrowdStrike,1.0
10306,CrowdStrike Falcon Sensor Servlet Container,7.32,CrowdStrike Inc.,Application,,C:\Program Files\CrowdStrike,1.0
10306,CrowdStrike Falcon Sensor Settings Tool,7.32,CrowdStrike Inc.,Application,,C:\Program Files\CrowdStrike,1.0
10306,CrowdStrike Falcon Sensor System Tray Application,7.32,CrowdStrike Inc.,Application,,C:\Program Files\CrowdStrike,2.0
10306,CrowdStrike Firmware Analysis,7.14,CrowdStrike Inc.,Add/Remove Programs,"July 24, 2025 12:00:00 AM",,
10306,CrowdStrike Firmware Analysis Support Tool,7.14,CrowdStrike Inc.,Application,,C:\Program Files\CrowdStrike,1.0
10306,CrowdStrike On-Demand Scan Command-line Tool,7.32,CrowdStrike Inc.,Application,,C:\Program Files\CrowdStrike,1.0
10306,CrowdStrike On-Demand Scan Tool,7.32,CrowdStrike Inc.,Application,,C:\Program Files\CrowdStrike,1.0
10306,CrowdStrike Sensor Platform,7.32,CrowdStrike Inc.,Add/Remove Programs,"January 14, 2026 12:00:00 AM",,
10351,.NET Framework,3.0,Microsoft Corporation Inc.,Application,,C:\Windows\Microsoft.NET\Framework64\v3.0\Windows Communication Foundation,2.0
10351,.NET Runtime Optimization Service,4.8,Microsoft Corporation Inc.,Application,,C:\Windows\Microsoft.NET\Framework64\v4.0.30319,2.0
10351,.NET Runtime Optimization Service,2.0,Microsoft Corporation Inc.,Application,,C:\Windows\Microsoft.NET\Framework64\v2.0.50727,2.0
10351,64Bit MAPI Mail Agent,1.0,Foxit Software Inc.,Application,,C:\Program Files (x86)\Foxit Software\Foxit Reader,1.0
10351,7-Zip 24.08 (x64 edition),24.08,Igor Pavlov,Add/Remove Programs,"November 26, 2024 12:00:00 AM",,
10351,7-Zip Console,24.08,Igor Pavlov,Application,,C:\Program Files\7-Zip,1.0
10351,7-Zip File Manager,24.08,Igor Pavlov,Application,,C:\Program Files\7-Zip,1.0
10351,7-Zip GUI,24.08,Igor Pavlov,Application,,C:\Program Files\7-Zip,1.0
10351,AAD token broker plugin,10.0,Microsoft Corporation Inc.,Application,,C:\Windows\SystemApps\Microsoft.AAD.BrokerPlugin_cw5n1h2txyewy,1.0
10351,Accounts Control Host,10.0,Microsoft Corporation Inc.,Application,,C:\Windows\SystemApps\Microsoft.AccountsControl_cw5n1h2txyewy,1.0
10351,AddSuggestedFoldersToLibraryDialog,10.0,Microsoft Corporation Inc.,Application,,C:\Windows\SystemApps\Microsoft.Windows.AddSuggestedFoldersToLibraryDialog_cw5n1h2txyewy,1.0
10351,Antimalware Service Executable,4.18,Microsoft Corporation Inc.,Application,,C:\Program Files\Windows Defender,1.0
10351,AppResolverUX,10.0,Microsoft Corporation Inc.,Application,,C:\Windows\SystemApps\Microsoft.Windows.AppResolverUX_cw5n1h2txyewy,1.0
10351,AsyncTextService,10.0,Microsoft Corporation Inc.,Application,,C:\Windows\SystemApps\Microsoft.AsyncTextService_8wekyb3d8bbwe,1.0
10351,Biometric Enrollment Host,10.0,Microsoft Corporation Inc.,Application,,C:\Windows\SystemApps\Microsoft.BioEnrollment_cw5n1h2txyewy,1.0
10351,BMC Client Management Agent,24.1.01.240624,BMC Software Inc.,Application,,C:\Program Files\BMC Software\Client Management\Client\bin,1.0
10351,BMC Client Management Certificate Generator,24.1.01.240624,BMC Software Inc.,Application,,C:\Program Files\BMC Software\Client Management\Client\bin,1.0
10351,BMC Client Management Chilli Interpreter,24.1.01.240624,BMC Software Inc.,Application,,C:\Program Files\BMC Software\Client Management\Client\bin,1.0
10351,BMC Client Management Direct Access Proxy Agent,24.1.01.240624,BMC Software Inc.,Application,,C:\Program Files\BMC Software\Client Management\Client\bin,1.0
10351,BMC Client Management Opswat Proxy Agent,24.1.01.240624,BMC Software Inc.,Application,,C:\Program Files\BMC Software\Client Management\Client\bin,1.0
10351,BMC Client Management Package Viewer,24.1.01.240624,BMC Software Inc.,Application,,C:\Program Files\BMC Software\Client Management\Client\bin,1.0
10351,BMC Client Management Patch Broker,24.1.01.240624,BMC Software Inc.,Application,,C:\Program Files\BMC Software\Client Management\Client\bin,1.0
10351,BMC Client Management Proxy Agent,24.1.01.240624,BMC Software Inc.,Application,,C:\Program Files\BMC Software\Client Management\Client\bin,1.0
10351,BMC Client Management Remote Control proxy,24.1.01.240624,BMC Software Inc.,Application,,C:\Program Files\BMC Software\Client Management\Client\bin,1.0
10351,BMC Client Management SCAP,24.1.01.240624,BMC Software Inc.,Application,,C:\Program Files\BMC Software\Client Management\Client\bin,1.0
10351,BMC Client Management Video Proxy Agent,24.1.01.240624,BMC Software Inc.,Application,,C:\Program Files\BMC Software\Client Management\Client\bin,1.0
10351,Boot File Servicing Utility,10.0,Microsoft Corporation Inc.,Application,,C:\Windows,1.0
10351,BrowserCore,10.0,Microsoft Corporation Inc.,Application,,C:\Windows\BrowserCore,1.0
10351,Calling App to host call progress on shell,10.0,Microsoft Corporation Inc.,Application,,C:\Windows\SystemApps\Microsoft.Windows.CallingShellApp_cw5n1h2txyewy,1.0
10351,CameraBarcodeScannerPreview,10.0,Microsoft Corporation Inc.,Application,,C:\Windows\SystemApps\Windows.CBSPreview_cw5n1h2txyewy,1.0
10351,Canon IJ Scan Utility,1.1,CANON INC.,Application,,C:\Program Files (x86)\Canon\IJ Scan Utility,1.0
10351,Canon IJ Scan Utility MAPI,1.1,CANON INC.,Application,,C:\Program Files (x86)\Canon\IJ Scan Utility,1.0
10351,Canon IJ Scan Utility SETEVENT,1.1,CANON INC.,Application,,C:\Program Files (x86)\Canon\IJ Scan Utility,2.0
10351,CanoScan LiDE 120 Scanner Driver,1.02,Canon Inc.,Add/Remove Programs,,,
10351,CL5,9.6,Ivanti,Application,,C:\Program Files\BMC Software\Client Management\Client\data\PatchManagementPremium\workspace,3.0
10351,ClickOnce,4.8,Microsoft Corporation Inc.,Application,,C:\Windows\Microsoft.NET\Framework64\v4.0.30319,3.0
10351,Common User Interface,5.8,Musarubra US LLC.,Application,,C:\Program Files\McAfee\Agent\x86,1.0
10351,Create Virtual Machine,10.0,Microsoft Corporation Inc.,Application,,C:\Program Files\Hyper-V,1.0
10351,Credential Dialog Host,10.0,Microsoft Corporation Inc.,Application,,C:\Windows\SystemApps\microsoft.creddialoghost_cw5n1h2txyewy,1.0
10351,CrowdStrike Device Control,7.29,CrowdStrike Inc.,Add/Remove Programs,"November 14, 2025 12:00:00 AM",,
10351,CrowdStrike Device Control Support Tool,7.29,CrowdStrike Inc.,Application,,C:\Program Files\CrowdStrike,1.0
10351,CrowdStrike Falcon Connector,7.32,CrowdStrike Inc.,Application,,C:\Program Files\CrowdStrike,1.0
10351,CrowdStrike Falcon Sensor,7.32,CrowdStrike Inc.,Application,,C:\Program Files\CrowdStrike,1.0
10351,CrowdStrike Falcon Sensor Controller,7.32,CrowdStrike Inc.,Application,,C:\Program Files\CrowdStrike,1.0
10351,CrowdStrike Falcon Sensor Service,7.32,CrowdStrike Inc.,Application,,C:\Program Files\CrowdStrike,1.0
10351,CrowdStrike Falcon Sensor Servlet Container,7.32,CrowdStrike Inc.,Application,,C:\Program Files\CrowdStrike,1.0
10351,CrowdStrike Falcon Sensor Settings Tool,7.32,CrowdStrike Inc.,Application,,C:\Program Files\CrowdStrike,1.0
10351,CrowdStrike Falcon Sensor System Tray Application,7.32,CrowdStrike Inc.,Application,,C:\Program Files\CrowdStrike,2.0
10351,CrowdStrike Firmware Analysis,7.14,CrowdStrike Inc.,Add/Remove Programs,"June 18, 2025 12:00:00 AM",,
10351,CrowdStrike Firmware Analysis Support Tool,7.14,CrowdStrike Inc.,Application,,C:\Program Files\CrowdStrike,1.0
14708,.NET Framework,3.0,Microsoft Corporation Inc.,Application,,C:\Windows\Microsoft.NET\Framework64\v3.0\Windows Communication Foundation,2.0
14708,.NET Runtime Optimization Service,2.0,Microsoft Corporation Inc.,Application,,C:\Windows\Microsoft.NET\Framework64\v2.0.50727,2.0
14708,.NET Runtime Optimization Service,4.8,Microsoft Corporation Inc.,Application,,C:\Windows\Microsoft.NET\Framework64\v4.0.30319,2.0
14708,64Bit MAPI Mail Agent,1.0,Foxit Software Inc.,Application,,C:\Program Files (x86)\Foxit Software\Foxit PDF Reader,1.0
14708,7-Zip 24.08 (x64 edition),24.08,Igor Pavlov,Add/Remove Programs,"November 26, 2024 12:00:00 AM",,
14708,7-Zip Console,24.08,Igor Pavlov,Application,,C:\Program Files\7-Zip,1.0
14708,7-Zip File Manager,24.08,Igor Pavlov,Application,,C:\Program Files\7-Zip,1.0
14708,7-Zip GUI,24.08,Igor Pavlov,Application,,C:\Program Files\7-Zip,1.0
14708,Accounts Control Host,10.0,Microsoft Corporation Inc.,Application,,C:\Windows\SystemApps\Microsoft.AccountsControl_cw5n1h2txyewy,1.0
14708,AddSuggestedFoldersToLibraryDialog,10.0,Microsoft Corporation Inc.,Application,,C:\Windows\SystemApps\Microsoft.Windows.AddSuggestedFoldersToLibraryDialog_cw5n1h2txyewy,1.0
14708,Antimalware Core Service,4.18,Microsoft Corporation Inc.,Application,,C:\Program Files\Windows Defender,1.0
14708,AntiMalware Platform Update (amd64fre),4.18,Microsoft Corporation Inc.,Application,,C:\Windows\SystemTemp,1.0
14708,Antimalware Service Executable,4.18,Microsoft Corporation Inc.,Application,,C:\Program Files\Windows Defender,1.0
14708,AppResolverUX,10.0,Microsoft Corporation Inc.,Application,,C:\Windows\SystemApps\Microsoft.Windows.AppResolverUX_cw5n1h2txyewy,1.0
14708,AsyncTextService,10.0,Microsoft Corporation Inc.,Application,,C:\Windows\SystemApps\Microsoft.AsyncTextService_8wekyb3d8bbwe,1.0
14708,Biometric Enrollment Host,10.0,Microsoft Corporation Inc.,Application,,C:\Windows\SystemApps\Microsoft.BioEnrollment_cw5n1h2txyewy,1.0
14708,BMC Client Management Agent,24.1.01.240624,BMC Software Inc.,Application,,C:\Program Files\BMC Software\Client Management\Client\bin,1.0
14708,BMC Client Management Certificate Generator,24.1.01.240624,BMC Software Inc.,Application,,C:\Program Files\BMC Software\Client Management\Client\bin,1.0
14708,BMC Client Management Chilli Interpreter,24.1.01.240624,BMC Software Inc.,Application,,C:\Program Files\BMC Software\Client Management\Client\bin,1.0
14708,BMC Client Management Direct Access Proxy Agent,24.1.01.240624,BMC Software Inc.,Application,,C:\Program Files\BMC Software\Client Management\Client\bin,1.0
14708,BMC Client Management Opswat Proxy Agent,24.1.01.240624,BMC Software Inc.,Application,,C:\Program Files\BMC Software\Client Management\Client\bin,1.0
14708,BMC Client Management Package Viewer,24.1.01.240624,BMC Software Inc.,Application,,C:\Program Files\BMC Software\Client Management\Client\bin,1.0
14708,BMC Client Management Patch Broker,24.1.01.240624,BMC Software Inc.,Application,,C:\Program Files\BMC Software\Client Management\Client\bin,1.0
14708,BMC Client Management Proxy Agent,24.1.01.240624,BMC Software Inc.,Application,,C:\Program Files\BMC Software\Client Management\Client\bin,1.0
14708,BMC Client Management Remote Control proxy,24.1.01.240624,BMC Software Inc.,Application,,C:\Program Files\BMC Software\Client Management\Client\bin,1.0
14708,BMC Client Management SCAP,24.1.01.240624,BMC Software Inc.,Application,,C:\Program Files\BMC Software\Client Management\Client\bin,1.0
14708,BMC Client Management Video Proxy Agent,24.1.01.240624,BMC Software Inc.,Application,,C:\Program Files\BMC Software\Client Management\Client\bin,1.0
14708,Boot File Servicing Utility,10.0,Microsoft Corporation Inc.,Application,,C:\Windows,1.0
14708,Browser Protection Native Messaging Host,4.18,Microsoft Corporation Inc.,Application,,C:\Program Files\Windows Defender,1.0
14708,BrowserCore,10.0,Microsoft Corporation Inc.,Application,,C:\Windows\BrowserCore,1.0
14708,build 20171008,1.0,,Application,,C:\Program Files (x86)\iVMS-4200 Site\Drivers,1.0
14708,Build20200511,2.0,Hikvision,Application,,C:\Program Files (x86)\iVMS-4200 Site\iVMS-4200 Client\Client,1.0
14708,CameraBarcodeScannerPreview,10.0,Microsoft Corporation Inc.,Application,,C:\Windows\SystemApps\Windows.CBSPreview_cw5n1h2txyewy,1.0
14708,ChromeEnterpriseCompanion,143.0,Google LLC,Application,,C:\Windows\SystemTemp\scoped_dir7612_2115060880\scoped_dir7612_89645834,1.0
14708,CL5,9.6,Ivanti,Application,,C:\Program Files\BMC Software\Client Management\Client\data\PatchManagementPremium\workspace,3.0
14708,ClickOnce,4.8,Microsoft Corporation Inc.,Application,,C:\Windows\Microsoft.NET\Framework64\v4.0.30319,3.0
14708,Common User Interface,5.8,Musarubra US LLC.,Application,,C:\Program Files\McAfee\Agent\x86,1.0
14708,Copilot,144.0,Microsoft Corporation Inc.,Application,,C:\Program Files (x86)\Microsoft\EdgeWebView\Application\144.0.3719.115,5.0
14708,Copilot Update,1.3,Microsoft Corporation Inc.,Application,,C:\Program Files (x86)\Microsoft\EdgeUpdate,2.0
14708,Create a self-signed digital certificate,15.0,Microsoft Corporation Inc.,Application,,C:\Program Files\Microsoft Office\Office15,1.0
14708,Credential Dialog Host,10.0,Microsoft Corporation Inc.,Application,,C:\Windows\SystemApps\microsoft.creddialoghost_cw5n1h2txyewy,1.0
14708,CrowdStrike Device Control,7.29,CrowdStrike Inc.,Add/Remove Programs,"November 14, 2025 12:00:00 AM",,
14708,CrowdStrike Device Control Support Tool,7.29,CrowdStrike Inc.,Application,,C:\Program Files\CrowdStrike,1.0
14708,CrowdStrike Falcon Connector,7.32,CrowdStrike Inc.,Application,,C:\Program Files\CrowdStrike,1.0
14708,CrowdStrike Falcon Sensor,7.32,CrowdStrike Inc.,Application,,C:\Program Files\CrowdStrike,1.0
14708,CrowdStrike Falcon Sensor Controller,7.32,CrowdStrike Inc.,Application,,C:\Program Files\CrowdStrike,1.0
14708,CrowdStrike Falcon Sensor Service,7.32,CrowdStrike Inc.,Application,,C:\Program Files\CrowdStrike,1.0
14708,CrowdStrike Falcon Sensor Servlet Container,7.32,CrowdStrike Inc.,Application,,C:\Program Files\CrowdStrike,1.0
14708,CrowdStrike Falcon Sensor Settings Tool,7.32,CrowdStrike Inc.,Application,,C:\Program Files\CrowdStrike,1.0
14708,CrowdStrike Falcon Sensor System Tray Application,7.32,CrowdStrike Inc.,Application,,C:\Program Files\CrowdStrike,2.0
8705,.NET Framework,3.0,Microsoft Corporation Inc.,Application,,C:\Windows\Microsoft.NET\Framework64\v3.0\Windows Communication Foundation,2.0
8705,.NET Runtime Optimization Service,4.8,Microsoft Corporation Inc.,Application,,C:\Windows\Microsoft.NET\Framework64\v4.0.30319,2.0
8705,.NET Runtime Optimization Service,2.0,Microsoft Corporation Inc.,Application,,C:\Windows\Microsoft.NET\Framework64\v2.0.50727,2.0
8705,64Bit MAPI Mail Agent,1.0,Foxit Software Inc.,Application,,C:\Program Files (x86)\Foxit Software\Foxit PDF Reader,1.0
8705,7-Zip 24.08 (x64 edition),24.08,Igor Pavlov,Add/Remove Programs,"November 26, 2024 12:00:00 AM",,
8705,7-Zip Console,24.08,Igor Pavlov,Application,,C:\Program Files\7-Zip,1.0
8705,7-Zip File Manager,24.08,Igor Pavlov,Application,,C:\Program Files\7-Zip,1.0
8705,7-Zip GUI,24.08,Igor Pavlov,Application,,C:\Program Files\7-Zip,1.0
8705,AAD token broker plugin,10.0,Microsoft Corporation Inc.,Application,,C:\Windows\SystemApps\Microsoft.AAD.BrokerPlugin_cw5n1h2txyewy,1.0
8705,Accounts Control Host,10.0,Microsoft Corporation Inc.,Application,,C:\Windows\SystemApps\Microsoft.AccountsControl_cw5n1h2txyewy,1.0
8705,AddSuggestedFoldersToLibraryDialog,10.0,Microsoft Corporation Inc.,Application,,C:\Windows\SystemApps\Microsoft.Windows.AddSuggestedFoldersToLibraryDialog_cw5n1h2txyewy,1.0
8705,AntiMalware Platform Update (amd64fre),4.18,Microsoft Corporation Inc.,Application,,C:\Windows\SystemTemp,1.0
8705,Antimalware Service Executable,4.18,Microsoft Corporation Inc.,Application,,C:\Program Files\Windows Defender,1.0
8705,AppResolverUX,10.0,Microsoft Corporation Inc.,Application,,C:\Windows\SystemApps\Microsoft.Windows.AppResolverUX_cw5n1h2txyewy,1.0
8705,AsyncTextService,10.0,Microsoft Corporation Inc.,Application,,C:\Windows\SystemApps\Microsoft.AsyncTextService_8wekyb3d8bbwe,1.0
8705,Biometric Enrollment Host,10.0,Microsoft Corporation Inc.,Application,,C:\Windows\SystemApps\Microsoft.BioEnrollment_cw5n1h2txyewy,1.0
8705,BMC Client Management Agent,24.1.01.240624,BMC Software Inc.,Application,,C:\Program Files\BMC Software\Client Management\Client\bin,1.0
8705,BMC Client Management Certificate Generator,24.1.01.240624,BMC Software Inc.,Application,,C:\Program Files\BMC Software\Client Management\Client\bin,1.0
8705,BMC Client Management Chilli Interpreter,24.1.01.240624,BMC Software Inc.,Application,,C:\Program Files\BMC Software\Client Management\Client\bin,1.0
8705,BMC Client Management Direct Access Proxy Agent,24.1.01.240624,BMC Software Inc.,Application,,C:\Program Files\BMC Software\Client Management\Client\bin,1.0
8705,BMC Client Management Opswat Proxy Agent,24.1.01.240624,BMC Software Inc.,Application,,C:\Program Files\BMC Software\Client Management\Client\bin,1.0
8705,BMC Client Management Package Viewer,24.1.01.240624,BMC Software Inc.,Application,,C:\Program Files\BMC Software\Client Management\Client\bin,1.0
8705,BMC Client Management Patch Broker,24.1.01.240624,BMC Software Inc.,Application,,C:\Program Files\BMC Software\Client Management\Client\bin,1.0
8705,BMC Client Management Proxy Agent,24.1.01.240624,BMC Software Inc.,Application,,C:\Program Files\BMC Software\Client Management\Client\bin,1.0
8705,BMC Client Management Remote Control proxy,24.1.01.240624,BMC Software Inc.,Application,,C:\Program Files\BMC Software\Client Management\Client\bin,1.0
8705,BMC Client Management SCAP,24.1.01.240624,BMC Software Inc.,Application,,C:\Program Files\BMC Software\Client Management\Client\bin,1.0
8705,BMC Client Management Video Proxy Agent,24.1.01.240624,BMC Software Inc.,Application,,C:\Program Files\BMC Software\Client Management\Client\bin,1.0
8705,Boot File Servicing Utility,10.0,Microsoft Corporation Inc.,Application,,C:\Windows,1.0
8705,BrowserCore,10.0,Microsoft Corporation Inc.,Application,,C:\Windows\BrowserCore,1.0
8705,Calling App to host call progress on shell,10.0,Microsoft Corporation Inc.,Application,,C:\Windows\SystemApps\Microsoft.Windows.CallingShellApp_cw5n1h2txyewy,1.0
8705,CameraBarcodeScannerPreview,10.0,Microsoft Corporation Inc.,Application,,C:\Windows\SystemApps\Windows.CBSPreview_cw5n1h2txyewy,1.0
8705,CL5,9.6,Ivanti,Application,,C:\Program Files\BMC Software\Client Management\Client\data\PatchManagementPremium\workspace,3.0
8705,ClickOnce,4.8,Microsoft Corporation Inc.,Application,,C:\Windows\Microsoft.NET\Framework64\v4.0.30319,3.0
8705,Common User Interface,5.8,Musarubra US LLC.,Application,,C:\Program Files\McAfee\Agent\x86,1.0
8705,Credential Dialog Host,10.0,Microsoft Corporation Inc.,Application,,C:\Windows\SystemApps\microsoft.creddialoghost_cw5n1h2txyewy,1.0
8705,CrowdStrike Device Control,7.29,CrowdStrike Inc.,Add/Remove Programs,"November 17, 2025 12:00:00 AM",,
8705,CrowdStrike Device Control Support Tool,7.29,CrowdStrike Inc.,Application,,C:\Program Files\CrowdStrike,1.0
8705,CrowdStrike Falcon Connector,7.32,CrowdStrike Inc.,Application,,C:\Program Files\CrowdStrike,1.0
8705,CrowdStrike Falcon Sensor,7.32,CrowdStrike Inc.,Application,,C:\Program Files\CrowdStrike,1.0
8705,CrowdStrike Falcon Sensor Controller,7.32,CrowdStrike Inc.,Application,,C:\Program Files\CrowdStrike,1.0
8705,CrowdStrike Falcon Sensor Service,7.32,CrowdStrike Inc.,Application,,C:\Program Files\CrowdStrike,1.0
8705,CrowdStrike Falcon Sensor Servlet Container,7.32,CrowdStrike Inc.,Application,,C:\Program Files\CrowdStrike,1.0
8705,CrowdStrike Falcon Sensor Settings Tool,7.32,CrowdStrike Inc.,Application,,C:\Program Files\CrowdStrike,1.0
8705,CrowdStrike Falcon Sensor System Tray Application,7.32,CrowdStrike Inc.,Application,,C:\Program Files\CrowdStrike,2.0
8705,CrowdStrike Firmware Analysis,7.14,CrowdStrike Inc.,Add/Remove Programs,"June 18, 2025 12:00:00 AM",,
8705,CrowdStrike Firmware Analysis Support Tool,7.14,CrowdStrike Inc.,Application,,C:\Program Files\CrowdStrike,1.0
8705,CrowdStrike On-Demand Scan Command-line Tool,7.32,CrowdStrike Inc.,Application,,C:\Program Files\CrowdStrike,1.0
8705,CrowdStrike On-Demand Scan Tool,7.32,CrowdStrike Inc.,Application,,C:\Program Files\CrowdStrike,1.0
8705,CrowdStrike Sensor Platform,7.32,CrowdStrike Inc.,Add/Remove Programs,"January 14, 2026 12:00:00 AM",,
8705,CrowdStrike Windows Sensor,7.32,CrowdStrike Inc.,Add/Remove Programs,"January 14, 2026 12:00:00 AM",,
8708,.NET Framework,3.0,Microsoft Corporation Inc.,Application,,C:\Windows\Microsoft.NET\Framework64\v3.0\Windows Communication Foundation,2.0
8708,.NET Runtime Optimization Service,4.8,Microsoft Corporation Inc.,Application,,C:\Windows\Microsoft.NET\Framework64\v4.0.30319,2.0
8708,.NET Runtime Optimization Service,2.0,Microsoft Corporation Inc.,Application,,C:\Windows\Microsoft.NET\Framework64\v2.0.50727,2.0
8708,64Bit MAPI Mail Agent,1.0,Foxit Software Inc.,Application,,C:\Program Files (x86)\Foxit Software\Foxit PDF Reader,1.0
8708,7-Zip 24.08 (x64 edition),24.08,Igor Pavlov,Add/Remove Programs,"November 26, 2024 12:00:00 AM",,
8708,7-Zip Console,24.08,Igor Pavlov,Application,,C:\Program Files\7-Zip,1.0
8708,7-Zip File Manager,24.08,Igor Pavlov,Application,,C:\Program Files\7-Zip,1.0
8708,7-Zip GUI,24.08,Igor Pavlov,Application,,C:\Program Files\7-Zip,1.0
8708,Accounts Control Host,10.0,Microsoft Corporation Inc.,Application,,C:\Windows\SystemApps\Microsoft.AccountsControl_cw5n1h2txyewy,1.0
8708,AddSuggestedFoldersToLibraryDialog,10.0,Microsoft Corporation Inc.,Application,,C:\Windows\SystemApps\Microsoft.Windows.AddSuggestedFoldersToLibraryDialog_cw5n1h2txyewy,1.0
8708,Antimalware Core Service,4.18,Microsoft Corporation Inc.,Application,,C:\Program Files\Windows Defender,1.0
8708,Antimalware Service Executable,4.18,Microsoft Corporation Inc.,Application,,C:\Program Files\Windows Defender,1.0
8708,AppResolverUX,10.0,Microsoft Corporation Inc.,Application,,C:\Windows\SystemApps\Microsoft.Windows.AppResolverUX_cw5n1h2txyewy,1.0
8708,AsyncTextService,10.0,Microsoft Corporation Inc.,Application,,C:\Windows\SystemApps\Microsoft.AsyncTextService_8wekyb3d8bbwe,1.0
8708,Biometric Enrollment Host,10.0,Microsoft Corporation Inc.,Application,,C:\Windows\SystemApps\Microsoft.BioEnrollment_cw5n1h2txyewy,1.0
8708,BMC Client Management Agent,24.1.01.240624,BMC Software Inc.,Application,,C:\Program Files\BMC Software\Client Management\Client\bin,1.0
8708,BMC Client Management Certificate Generator,24.1.01.240624,BMC Software Inc.,Application,,C:\Program Files\BMC Software\Client Management\Client\bin,1.0
8708,BMC Client Management Chilli Interpreter,24.1.01.240624,BMC Software Inc.,Application,,C:\Program Files\BMC Software\Client Management\Client\bin,1.0
8708,BMC Client Management Direct Access Proxy Agent,24.1.01.240624,BMC Software Inc.,Application,,C:\Program Files\BMC Software\Client Management\Client\bin,1.0
8708,BMC Client Management Opswat Proxy Agent,24.1.01.240624,BMC Software Inc.,Application,,C:\Program Files\BMC Software\Client Management\Client\bin,1.0
8708,BMC Client Management Package Viewer,24.1.01.240624,BMC Software Inc.,Application,,C:\Program Files\BMC Software\Client Management\Client\bin,1.0
8708,BMC Client Management Patch Broker,24.1.01.240624,BMC Software Inc.,Application,,C:\Program Files\BMC Software\Client Management\Client\bin,1.0
8708,BMC Client Management Proxy Agent,24.1.01.240624,BMC Software Inc.,Application,,C:\Program Files\BMC Software\Client Management\Client\bin,1.0
8708,BMC Client Management Remote Control proxy,24.1.01.240624,BMC Software Inc.,Application,,C:\Program Files\BMC Software\Client Management\Client\bin,1.0
8708,BMC Client Management SCAP,24.1.01.240624,BMC Software Inc.,Application,,C:\Program Files\BMC Software\Client Management\Client\bin,1.0
8708,BMC Client Management Video Proxy Agent,24.1.01.240624,BMC Software Inc.,Application,,C:\Program Files\BMC Software\Client Management\Client\bin,1.0
8708,Boot File Servicing Utility,10.0,Microsoft Corporation Inc.,Application,,C:\Windows,1.0
8708,Browser Protection Native Messaging Host,4.18,Microsoft Corporation Inc.,Application,,C:\Program Files\Windows Defender,1.0
8708,BrowserCore,10.0,Microsoft Corporation Inc.,Application,,C:\Windows\BrowserCore,1.0
8708,CameraBarcodeScannerPreview,10.0,Microsoft Corporation Inc.,Application,,C:\Windows\SystemApps\Windows.CBSPreview_cw5n1h2txyewy,1.0
8708,Canon LBP6000/LBP6018,,,Add/Remove Programs,,,
8708,CL5,9.6,Ivanti,Application,,C:\Program Files\BMC Software\Client Management\Client\data\PatchManagementPremium\workspace,1.0
8708,ClickOnce,4.8,Microsoft Corporation Inc.,Application,,C:\Windows\Microsoft.NET\Framework64\v4.0.30319,3.0
8708,Common User Interface,5.8,Musarubra US LLC.,Application,,C:\Program Files\McAfee\Agent\x86,1.0
8708,Copilot,144.0,Microsoft Corporation Inc.,Application,,C:\Program Files (x86)\Microsoft\EdgeWebView\Application\144.0.3719.115,5.0
8708,Copilot Update,1.3,Microsoft Corporation Inc.,Application,,C:\Program Files (x86)\Microsoft\EdgeUpdate,2.0
8708,Credential Dialog Host,10.0,Microsoft Corporation Inc.,Application,,C:\Windows\SystemApps\microsoft.creddialoghost_cw5n1h2txyewy,1.0
8708,CrowdStrike Device Control,7.29,CrowdStrike Inc.,Add/Remove Programs,"November 14, 2025 12:00:00 AM",,
8708,CrowdStrike Device Control Support Tool,7.29,CrowdStrike Inc.,Application,,C:\Program Files\CrowdStrike,1.0
8708,CrowdStrike Falcon Connector,7.32,CrowdStrike Inc.,Application,,C:\Program Files\CrowdStrike,1.0
8708,CrowdStrike Falcon Sensor,7.32,CrowdStrike Inc.,Application,,C:\Program Files\CrowdStrike,1.0
8708,CrowdStrike Falcon Sensor Controller,7.32,CrowdStrike Inc.,Application,,C:\Program Files\CrowdStrike,1.0
8708,CrowdStrike Falcon Sensor Service,7.32,CrowdStrike Inc.,Application,,C:\Program Files\CrowdStrike,1.0
8708,CrowdStrike Falcon Sensor Servlet Container,7.32,CrowdStrike Inc.,Application,,C:\Program Files\CrowdStrike,1.0
8708,CrowdStrike Falcon Sensor Settings Tool,7.32,CrowdStrike Inc.,Application,,C:\Program Files\CrowdStrike,1.0
8708,CrowdStrike Falcon Sensor System Tray Application,7.32,CrowdStrike Inc.,Application,,C:\Program Files\CrowdStrike,2.0
8708,CrowdStrike Firmware Analysis,7.14,CrowdStrike Inc.,Add/Remove Programs,"April 29, 2025 12:00:00 AM",,
8708,CrowdStrike Firmware Analysis Support Tool,7.14,CrowdStrike Inc.,Application,,C:\Program Files\CrowdStrike,1.0
8708,CrowdStrike On-Demand Scan Command-line Tool,7.32,CrowdStrike Inc.,Application,,C:\Program Files\CrowdStrike,1.0
8708,CrowdStrike On-Demand Scan Tool,7.32,CrowdStrike Inc.,Application,,C:\Program Files\CrowdStrike,1.0
