Asset_ID,Name Sort Not sorted  Name,Version Sort Not sorted  Version,Software Manufacturer Sort Not sorted  Software Manufacturer,Type Sort Not sorted  Type,Installation Date Sort Not sorted  Installation Date,Installation Directory Sort Not sorted  Installation Directory,File Count Sort Not sorted  File Count,0,1
7085,.NET Runtime Optimization Service,4.8,Microsoft Corporation Inc.,Application,,C:\Windows\Microsoft.NET\Framework64\v4.0.30319,2.0,,
7085,64Bit MAPI Mail Agent,1.0,Foxit Software Inc.,Application,,C:\Program Files (x86)\Foxit Software\Foxit PDF Reader,1.0,,
7085,7-Zip 23.01 (x64),23.01,Igor Pavlov,Add/Remove Programs,,C:\Program Files\7-Zip\,,,
7085,7-Zip Console,23.01,Igor Pavlov,Application,,C:\Program Files\7-Zip,1.0,,
7085,7-Zip File Manager,23.01,Igor Pavlov,Application,,C:\Program Files\7-Zip,1.0,,
7085,7-Zip GUI,23.01,Igor Pavlov,Application,,C:\Program Files\7-Zip,1.0,,
7085,Accounts Control Host,10.0,Microsoft Corporation Inc.,Application,,C:\Windows\SystemApps\Microsoft.AccountsControl_cw5n1h2txyewy,1.0,,
7085,AddSuggestedFoldersToLibraryDialog,10.0,Microsoft Corporation Inc.,Application,,C:\Windows\SystemApps\Microsoft.Windows.AddSuggestedFoldersToLibraryDialog_cw5n1h2txyewy,1.0,,
7085,Antimalware Core Service,4.18,Microsoft Corporation Inc.,Application,,C:\Program Files\Windows Defender,1.0,,
7085,Antimalware Service Executable,4.18,Microsoft Corporation Inc.,Application,,C:\Program Files\Windows Defender,1.0,,
7085,AppFollower,1.3,Conexant Systems Inc.,Application,,C:\Program Files\CONEXANT\Flow,1.0,,
7085,AppResolverUX,10.0,Microsoft Corporation Inc.,Application,,C:\Windows\SystemApps\Microsoft.Windows.AppResolverUX_cw5n1h2txyewy,1.0,,
7085,AsyncTextService,10.0,Microsoft Corporation Inc.,Application,,C:\Windows\SystemApps\Microsoft.AsyncTextService_8wekyb3d8bbwe,1.0,,
7085,Audio Control,4.0,Conexant Systems LLC.,Application,,C:\Program Files\CONEXANT\Install\Audio\SA3\SA3\Dyson,2.0,,
7085,Audio Controls Control Panel,4.0,Conexant Systems LLC.,Application,,C:\Program Files\CONEXANT\SA3\HP-NB-AIO,3.0,,
7085,Bang & Olufsen,4.0,Conexant Systems LLC.,Application,,C:\Program Files\CONEXANT\Install\Audio\SA3\SA3\BandO,2.0,,
7085,Biometric Enrollment Host,10.0,Microsoft Corporation Inc.,Application,,C:\Windows\SystemApps\Microsoft.BioEnrollment_cw5n1h2txyewy,1.0,,
7085,BMC Client Management Agent,24.1.01.240624,BMC Software Inc.,Application,,C:\Program Files\BMC Software\Client Management\Client\bin,1.0,,
7085,BMC Client Management Certificate Generator,24.1.01.240624,BMC Software Inc.,Application,,C:\Program Files\BMC Software\Client Management\Client\bin,1.0,,
7085,BMC Client Management Chilli Interpreter,24.1.01.240624,BMC Software Inc.,Application,,C:\Program Files\BMC Software\Client Management\Client\bin,1.0,,
7085,BMC Client Management Direct Access Proxy Agent,24.1.01.240624,BMC Software Inc.,Application,,C:\Program Files\BMC Software\Client Management\Client\bin,1.0,,
7085,BMC Client Management Opswat Proxy Agent,24.1.01.240624,BMC Software Inc.,Application,,C:\Program Files\BMC Software\Client Management\Client\bin,1.0,,
7085,BMC Client Management Package Viewer,24.1.01.240624,BMC Software Inc.,Application,,C:\Program Files\BMC Software\Client Management\Client\bin,1.0,,
7085,BMC Client Management Patch Broker,24.1.01.240624,BMC Software Inc.,Application,,C:\Program Files\BMC Software\Client Management\Client\bin,1.0,,
7085,BMC Client Management Proxy Agent,24.1.01.240624,BMC Software Inc.,Application,,C:\Program Files\BMC Software\Client Management\Client\bin,1.0,,
7085,BMC Client Management Remote Control proxy,24.1.01.240624,BMC Software Inc.,Application,,C:\Program Files\BMC Software\Client Management\Client\bin,1.0,,
7085,BMC Client Management SCAP,24.1.01.240624,BMC Software Inc.,Application,,C:\Program Files\BMC Software\Client Management\Client\bin,1.0,,
7085,BMC Client Management Video Proxy Agent,24.1.01.240624,BMC Software Inc.,Application,,C:\Program Files\BMC Software\Client Management\Client\bin,1.0,,
7085,Boot File Servicing Utility,10.0,Microsoft Corporation Inc.,Application,,C:\Windows,1.0,,
7085,Browser Protection Native Messaging Host,4.18,Microsoft Corporation Inc.,Application,,C:\Program Files\Windows Defender,1.0,,
7085,BrowserCore,10.0,Microsoft Corporation Inc.,Application,,C:\Windows\BrowserCore,1.0,,
7085,CameraBarcodeScannerPreview,10.0,Microsoft Corporation Inc.,Application,,C:\Windows\SystemApps\Windows.CBSPreview_cw5n1h2txyewy,1.0,,
7085,CL5,9.6,Ivanti,Application,,C:\Program Files\BMC Software\Client Management\Client\data\PatchManagementPremium\workspace,1.0,,
7085,ClickOnce,4.8,Microsoft Corporation Inc.,Application,,C:\Windows\Microsoft.NET\Framework64\v4.0.30319,3.0,,
7085,CnxtNotify,1.0,Conexant Systems Inc.,Application,,C:\Program Files\CONEXANT\SA3\HP-NB-AIO,1.0,,
7085,Common User Interface,5.8,Musarubra US LLC.,Application,,C:\Program Files\McAfee\Agent\x86,1.0,,
7085,Credential Dialog Host,10.0,Microsoft Corporation Inc.,Application,,C:\Windows\SystemApps\microsoft.creddialoghost_cw5n1h2txyewy,1.0,,
7085,CrowdStrike Device Control,7.29,CrowdStrike Inc.,Add/Remove Programs,"November 14, 2025 12:00:00 AM",,,,
7085,CrowdStrike Device Control Support Tool,7.29,CrowdStrike Inc.,Application,,C:\Program Files\CrowdStrike,1.0,,
7085,CrowdStrike Falcon Connector,7.32,CrowdStrike Inc.,Application,,C:\Program Files\CrowdStrike,1.0,,
7085,CrowdStrike Falcon Sensor,7.32,CrowdStrike Inc.,Application,,C:\Program Files\CrowdStrike,1.0,,
7085,CrowdStrike Falcon Sensor Controller,7.32,CrowdStrike Inc.,Application,,C:\Program Files\CrowdStrike,1.0,,
7085,CrowdStrike Falcon Sensor Service,7.32,CrowdStrike Inc.,Application,,C:\Program Files\CrowdStrike,1.0,,
7085,CrowdStrike Falcon Sensor Servlet Container,7.32,CrowdStrike Inc.,Application,,C:\Program Files\CrowdStrike,1.0,,
7085,CrowdStrike Falcon Sensor Settings Tool,7.32,CrowdStrike Inc.,Application,,C:\Program Files\CrowdStrike,1.0,,
7085,CrowdStrike Falcon Sensor System Tray Application,7.32,CrowdStrike Inc.,Application,,C:\Program Files\CrowdStrike,2.0,,
7085,CrowdStrike Firmware Analysis,7.14,CrowdStrike Inc.,Add/Remove Programs,"July 18, 2025 12:00:00 AM",,,,
7085,CrowdStrike Firmware Analysis Support Tool,7.14,CrowdStrike Inc.,Application,,C:\Program Files\CrowdStrike,1.0,,
7085,CrowdStrike On-Demand Scan Command-line Tool,7.32,CrowdStrike Inc.,Application,,C:\Program Files\CrowdStrike,1.0,,
7085,CrowdStrike On-Demand Scan Tool,7.32,CrowdStrike Inc.,Application,,C:\Program Files\CrowdStrike,1.0,,
16519,.NET Runtime Crash Dump Generator,8.0,Microsoft Corporation Inc.,Application,,C:\Program Files (x86)\Trend Micro\Endpoint Basecamp\modules\vom\modules\UiBridgeModule\VOneAgentConsole,1.0,,
16519,.NET Runtime Optimization Service,4.8,Microsoft Corporation Inc.,Application,,C:\Windows\Microsoft.NET\Framework64\v4.0.30319,2.0,,
16519,64Bit MAPI Mail Agent,1.0,Foxit Software Inc.,Application,,C:\Program Files (x86)\Foxit Software\Foxit PDF Reader,1.0,,
16519,7-Zip 19.00 (x64),19.0,Igor Pavlov,Add/Remove Programs,,C:\Program Files\7-Zip\,,,
16519,7-Zip Console,19.0,Igor Pavlov,Application,,C:\Program Files\7-Zip,1.0,,
16519,7-Zip Console,25.01,Igor Pavlov,Application,,C:\Program Files (x86)\Trend Micro\Security Agent,4.0,,
16519,7-Zip File Manager,19.0,Igor Pavlov,Application,,C:\Program Files\7-Zip,1.0,,
16519,7-Zip GUI,19.0,Igor Pavlov,Application,,C:\Program Files\7-Zip,1.0,,
16519,Accounts Control Host,10.0,Microsoft Corporation Inc.,Application,,C:\Windows\SystemApps\Microsoft.AccountsControl_cw5n1h2txyewy,1.0,,
16519,ActiveUpdate module.,2.88,Trend Micro Inc.,Application,,C:\Program Files (x86)\Trend Micro\Security Agent,2.0,,
16519,AddSuggestedFoldersToLibraryDialog,10.0,Microsoft Corporation Inc.,Application,,C:\Windows\SystemApps\Microsoft.Windows.AddSuggestedFoldersToLibraryDialog_cw5n1h2txyewy,1.0,,
16519,Antimalware Core Service,4.18,Microsoft Corporation Inc.,Application,,C:\Program Files\Windows Defender,1.0,,
16519,Antimalware Service Executable,4.18,Microsoft Corporation Inc.,Application,,C:\Program Files\Windows Defender,1.0,,
16519,AppResolverUX,10.0,Microsoft Corporation Inc.,Application,,C:\Windows\SystemApps\Microsoft.Windows.AppResolverUX_cw5n1h2txyewy,1.0,,
16519,AsyncTextService,10.0,Microsoft Corporation Inc.,Application,,C:\Windows\SystemApps\Microsoft.AsyncTextService_8wekyb3d8bbwe,1.0,,
16519,Biometric Enrollment Host,10.0,Microsoft Corporation Inc.,Application,,C:\Windows\SystemApps\Microsoft.BioEnrollment_cw5n1h2txyewy,1.0,,
16519,BMC Client Management Agent,24.1.01.240624,BMC Software Inc.,Application,,C:\Program Files\BMC Software\Client Management\Client\bin,1.0,,
16519,BMC Client Management Certificate Generator,24.1.01.240624,BMC Software Inc.,Application,,C:\Program Files\BMC Software\Client Management\Client\bin,1.0,,
16519,BMC Client Management Chilli Interpreter,24.1.01.240624,BMC Software Inc.,Application,,C:\Program Files\BMC Software\Client Management\Client\bin,1.0,,
16519,BMC Client Management Direct Access Proxy Agent,24.1.01.240624,BMC Software Inc.,Application,,C:\Program Files\BMC Software\Client Management\Client\bin,1.0,,
16519,BMC Client Management Opswat Proxy Agent,24.1.01.240624,BMC Software Inc.,Application,,C:\Program Files\BMC Software\Client Management\Client\bin,1.0,,
16519,BMC Client Management Package Viewer,24.1.01.240624,BMC Software Inc.,Application,,C:\Program Files\BMC Software\Client Management\Client\bin,1.0,,
16519,BMC Client Management Patch Broker,24.1.01.240624,BMC Software Inc.,Application,,C:\Program Files\BMC Software\Client Management\Client\bin,1.0,,
16519,BMC Client Management Proxy Agent,24.1.01.240624,BMC Software Inc.,Application,,C:\Program Files\BMC Software\Client Management\Client\bin,1.0,,
16519,BMC Client Management Remote Control proxy,24.1.01.240624,BMC Software Inc.,Application,,C:\Program Files\BMC Software\Client Management\Client\bin,1.0,,
16519,BMC Client Management SCAP,24.1.01.240624,BMC Software Inc.,Application,,C:\Program Files\BMC Software\Client Management\Client\bin,1.0,,
16519,BMC Client Management Video Proxy Agent,24.1.01.240624,BMC Software Inc.,Application,,C:\Program Files\BMC Software\Client Management\Client\bin,1.0,,
16519,Boot File Servicing Utility,10.0,Microsoft Corporation Inc.,Application,,C:\Windows,1.0,,
16519,Browser Protection Native Messaging Host,4.18,Microsoft Corporation Inc.,Application,,C:\Program Files\Windows Defender,1.0,,
16519,BrowserCore,10.0,Microsoft Corporation Inc.,Application,,C:\Windows\BrowserCore,1.0,,
16519,CameraBarcodeScannerPreview,10.0,Microsoft Corporation Inc.,Application,,C:\Windows\SystemApps\Windows.CBSPreview_cw5n1h2txyewy,1.0,,
16519,ChromeEnterpriseCompanion,143.0,Google LLC,Application,,C:\Windows\SystemTemp\scoped_dir29484_1311006756\scoped_dir29484_653691804,1.0,,
16519,CL5,9.6,Ivanti,Application,,C:\Program Files\BMC Software\Client Management\Client\data\PatchManagementPremium\workspace,5.0,,
16519,ClickOnce,4.8,Microsoft Corporation Inc.,Application,,C:\Windows\Microsoft.NET\Framework64\v4.0.30319,3.0,,
16519,Common User Interface,5.8,Musarubra US LLC.,Application,,C:\Program Files\McAfee\Agent\x86,1.0,,
16519,Copilot,144.0,Microsoft Corporation Inc.,Application,,C:\Program Files (x86)\Microsoft\EdgeWebView\Application\144.0.3719.93,5.0,,
16519,Copilot Update,1.3,Microsoft Corporation Inc.,Application,,C:\Program Files (x86)\Microsoft\EdgeUpdate,2.0,,
16519,Create a self-signed digital certificate,15.0,Microsoft Corporation Inc.,Application,,C:\Program Files\Microsoft Office\Office15,1.0,,
16519,Credential Dialog Host,10.0,Microsoft Corporation Inc.,Application,,C:\Windows\SystemApps\microsoft.creddialoghost_cw5n1h2txyewy,1.0,,
16519,CrowdStrike Windows Sensor,6.58,CrowdStrike Inc.,Application,,D:\login\crowdstrike,1.0,,
16519,Deep Security Agent Configuration Compiler,12.0,Trend Micro Inc.,Application,,C:\Program Files (x86)\Trend Micro\iService\iVP,1.0,,
16519,DREBoot,2.0,Trend Micro Inc.,Application,,C:\Program Files (x86)\Trend Micro\Security Agent\CCSF\module\DRE,1.0,,
16519,dtoop Application,6.2,Trend Micro Inc.,Application,,C:\Program Files (x86)\Trend Micro\Security Agent\dlplite\update\x64\system32\dgagent,3.0,,
16519,EC App,10.0,Microsoft Corporation Inc.,Application,,C:\Windows\SystemApps\Microsoft.ECApp_8wekyb3d8bbwe,1.0,,
16519,EPSON ´òÓ¡»úÇý¶¯³ÌÐò°²×°¹¤¾ß,5.0,SEIKO EPSON CORPORATION,Application,,D:\login\LX-300+II_Drv_Ver6\WINNT40\SC\SETUP,4.0,,
16519,EPSON Device Port Operation Utility,2.0,SEIKO EPSON CORPORATION,Application,,D:\login\LX-300+II_Drv_Ver6\WINME\SC\SETUP,36.0,,
16519,EPSON Device Port Operation Utility for Win32,2.0,SEIKO EPSON CORPORATION,Application,,D:\login\LX-300+II_Drv_Ver6\WINXP\SC\SETUP,24.0,,
16519,EPSON Device Port Operation Utility for x64,2.0,SEIKO EPSON CORPORATION,Application,,D:\login\LX-300+II_Drv_Ver6\WINVISTA_XP64\SC\SETUP,12.0,,
16519,EPSON nyomtatóillesztõ-program telepítõje,5.0,SEIKO EPSON CORPORATION,Application,,D:\login\LX-300+II_Drv_Ver6\WINNT40\HU\SETUP,4.0,,
16519,expediteupdater,10.0,Microsoft Corporation Inc.,Application,,C:\Program Files\Microsoft Update Health Tools,1.0,,
16564,.NET Framework,3.0,Microsoft Corporation Inc.,Application,,C:\Windows\Microsoft.NET\Framework64\v3.0\Windows Communication Foundation,2.0,,
16564,.NET Runtime Crash Dump Generator,8.0,Microsoft Corporation Inc.,Application,,C:\Program Files (x86)\Trend Micro\Endpoint Basecamp\modules\vom\modules\UiBridgeModule\VOneAgentConsole,2.0,,
16564,.NET Runtime Optimization Service,4.8,Microsoft Corporation Inc.,Application,,C:\Windows\Microsoft.NET\Framework64\v4.0.30319,2.0,,
16564,.NET Runtime Optimization Service,2.0,Microsoft Corporation Inc.,Application,,C:\Windows\Microsoft.NET\Framework64\v2.0.50727,2.0,,
16564,64Bit MAPI Mail Agent,1.0,Foxit Software Inc.,Application,,C:\Program Files (x86)\Foxit Software\Foxit Reader,1.0,,
16564,7-Zip 19.00,19.0,Igor Pavlov,Add/Remove Programs,,C:\Program Files (x86)\7-Zip\,,,
16564,7-Zip Console,25.01,Igor Pavlov,Application,,C:\Program Files (x86)\Trend Micro\Security Agent,4.0,,
16564,7-Zip Console,19.0,Igor Pavlov,Application,,C:\Program Files (x86)\7-Zip,1.0,,
16564,7-Zip File Manager,19.0,Igor Pavlov,Application,,C:\Program Files (x86)\7-Zip,1.0,,
16564,7-Zip GUI,19.0,Igor Pavlov,Application,,C:\Program Files (x86)\7-Zip,1.0,,
16564,Accounts Control Host,10.0,Microsoft Corporation Inc.,Application,,C:\Windows\SystemApps\Microsoft.AccountsControl_cw5n1h2txyewy,1.0,,
16564,ActiveUpdate module.,2.88,Trend Micro Inc.,Application,,C:\Program Files (x86)\Trend Micro\Security Agent,2.0,,
16564,AddSuggestedFoldersToLibraryDialog,10.0,Microsoft Corporation Inc.,Application,,C:\Windows\SystemApps\Microsoft.Windows.AddSuggestedFoldersToLibraryDialog_cw5n1h2txyewy,1.0,,
16564,Antimalware Core Service,4.18,Microsoft Corporation Inc.,Application,,C:\Program Files\Windows Defender,1.0,,
16564,Antimalware Service Executable,4.18,Microsoft Corporation Inc.,Application,,C:\Program Files\Windows Defender,1.0,,
16564,AppResolverUX,10.0,Microsoft Corporation Inc.,Application,,C:\Windows\SystemApps\Microsoft.Windows.AppResolverUX_cw5n1h2txyewy,1.0,,
16564,AsyncTextService,10.0,Microsoft Corporation Inc.,Application,,C:\Windows\SystemApps\Microsoft.AsyncTextService_8wekyb3d8bbwe,1.0,,
16564,Biometric Enrollment Host,10.0,Microsoft Corporation Inc.,Application,,C:\Windows\SystemApps\Microsoft.BioEnrollment_cw5n1h2txyewy,1.0,,
16564,BMC Client Management Agent,24.1.01.240624,BMC Software Inc.,Application,,C:\Program Files\BMC Software\Client Management\Client\bin,1.0,,
16564,BMC Client Management Certificate Generator,24.1.01.240624,BMC Software Inc.,Application,,C:\Program Files\BMC Software\Client Management\Client\bin,1.0,,
16564,BMC Client Management Chilli Interpreter,24.1.01.240624,BMC Software Inc.,Application,,C:\Program Files\BMC Software\Client Management\Client\bin,1.0,,
16564,BMC Client Management Direct Access Proxy Agent,24.1.01.240624,BMC Software Inc.,Application,,C:\Program Files\BMC Software\Client Management\Client\bin,1.0,,
16564,BMC Client Management Opswat Proxy Agent,24.1.01.240624,BMC Software Inc.,Application,,C:\Program Files\BMC Software\Client Management\Client\bin,1.0,,
16564,BMC Client Management Package Viewer,24.1.01.240624,BMC Software Inc.,Application,,C:\Program Files\BMC Software\Client Management\Client\bin,1.0,,
16564,BMC Client Management Patch Broker,24.1.01.240624,BMC Software Inc.,Application,,C:\Program Files\BMC Software\Client Management\Client\bin,1.0,,
16564,BMC Client Management Proxy Agent,24.1.01.240624,BMC Software Inc.,Application,,C:\Program Files\BMC Software\Client Management\Client\bin,1.0,,
16564,BMC Client Management Remote Control proxy,24.1.01.240624,BMC Software Inc.,Application,,C:\Program Files\BMC Software\Client Management\Client\bin,1.0,,
16564,BMC Client Management SCAP,24.1.01.240624,BMC Software Inc.,Application,,C:\Program Files\BMC Software\Client Management\Client\bin,1.0,,
16564,BMC Client Management Video Proxy Agent,24.1.01.240624,BMC Software Inc.,Application,,C:\Program Files\BMC Software\Client Management\Client\bin,1.0,,
16564,Boot File Servicing Utility,10.0,Microsoft Corporation Inc.,Application,,C:\Windows,1.0,,
16564,Browser Protection Native Messaging Host,4.18,Microsoft Corporation Inc.,Application,,C:\Program Files\Windows Defender,1.0,,
16564,BrowserCore,10.0,Microsoft Corporation Inc.,Application,,C:\Windows\BrowserCore,1.0,,
16564,CameraBarcodeScannerPreview,10.0,Microsoft Corporation Inc.,Application,,C:\Windows\SystemApps\Windows.CBSPreview_cw5n1h2txyewy,1.0,,
16564,ChromeEnterpriseCompanion,143.0,Google LLC,Application,,C:\Windows\SystemTemp\scoped_dir10876_596875313\scoped_dir10876_528283323,1.0,,
16564,CL5,9.6,Ivanti,Application,,C:\Program Files\BMC Software\Client Management\Client\data\PatchManagementPremium\workspace,1.0,,
16564,ClickOnce,4.8,Microsoft Corporation Inc.,Application,,C:\Windows\Microsoft.NET\Framework64\v4.0.30319,3.0,,
16564,Common User Interface,5.8,Musarubra US LLC.,Application,,C:\Program Files\McAfee\Agent\x86,1.0,,
16564,Copilot,144.0,Microsoft Corporation Inc.,Application,,C:\Program Files (x86)\Microsoft\EdgeWebView\Application\144.0.3719.115,5.0,,
16564,Copilot Update,1.3,Microsoft Corporation Inc.,Application,,C:\Program Files (x86)\Microsoft\EdgeUpdate,2.0,,
16564,Create a self-signed digital certificate,16.0,Microsoft Corporation Inc.,Application,,C:\Program Files\Microsoft Office\Office16,1.0,,
16564,Create Virtual Machine,10.0,Microsoft Corporation Inc.,Application,,C:\Program Files\Hyper-V,1.0,,
16564,Credential Dialog Host,10.0,Microsoft Corporation Inc.,Application,,C:\Windows\SystemApps\microsoft.creddialoghost_cw5n1h2txyewy,1.0,,
16564,Deep Security Agent Configuration Compiler,12.0,Trend Micro Inc.,Application,,C:\Program Files (x86)\Trend Micro\iService\iVP,1.0,,
16564,DREBoot,2.0,Trend Micro Inc.,Application,,C:\Program Files (x86)\Trend Micro\Security Agent\CCSF\module\DRE,1.0,,
16564,dtoop Application,6.2,Trend Micro Inc.,Application,,C:\Program Files (x86)\Trend Micro\Security Agent\dlplite\update\x64\system32\dgagent,3.0,,
16564,EC App,10.0,Microsoft Corporation Inc.,Application,,C:\Windows\SystemApps\Microsoft.ECApp_8wekyb3d8bbwe,1.0,,
16564,expediteupdater,10.0,Microsoft Corporation Inc.,Application,,C:\Program Files\Microsoft Update Health Tools,1.0,,
16564,FE Commander,6.0,Trend Micro Inc.,Application,,C:\Program Files (x86)\Trend Micro\Security Agent\dlplite\update\x64\system32\dgagent,3.0,,
16564,File Explorer,10.0,Microsoft Corporation Inc.,Application,,C:\Windows\SystemApps\Microsoft.Windows.FileExplorer_cw5n1h2txyewy,1.0,,
16564,File Picker,10.0,Microsoft Corporation Inc.,Application,,C:\Windows\SystemApps\Microsoft.Windows.FilePicker_cw5n1h2txyewy,1.0,,
15170,.NET Runtime Crash Dump Generator,8.0,Microsoft Corporation Inc.,Application,,C:\Program Files (x86)\Trend Micro\Endpoint Basecamp\modules\vom\modules\UiBridgeModule\VOneAgentConsole,1.0,,
15170,.NET Runtime Optimization Service,4.8,Microsoft Corporation Inc.,Application,,C:\Windows\Microsoft.NET\Framework64\v4.0.30319,2.0,,
15170,64Bit MAPI Mail Agent,1.0,Foxit Software Inc.,Application,,C:\Program Files (x86)\Foxit Software\Foxit PDF Reader,1.0,,
15170,7-Zip 24.08 (x64),24.08,Igor Pavlov,Add/Remove Programs,,C:\Program Files\7-Zip\,,,
15170,7-Zip Console,24.08,Igor Pavlov,Application,,C:\Program Files\7-Zip,1.0,,
15170,7-Zip Console,25.01,Igor Pavlov,Application,,C:\Program Files (x86)\Trend Micro\Security Agent,4.0,,
15170,7-Zip File Manager,24.08,Igor Pavlov,Application,,C:\Program Files\7-Zip,1.0,,
15170,7-Zip GUI,24.08,Igor Pavlov,Application,,C:\Program Files\7-Zip,1.0,,
15170,Accounts Control Host,10.0,Microsoft Corporation Inc.,Application,,C:\Windows\SystemApps\Microsoft.AccountsControl_cw5n1h2txyewy,1.0,,
15170,ActionFXRuntimeExe,2125.2910,Microsoft Corporation Inc.,Application,,C:\Windows\SystemApps\MicrosoftWindows.Client.CBS_cw5n1h2txyewy,1.0,,
15170,ActiveUpdate module.,2.88,Trend Micro Inc.,Application,,C:\Program Files (x86)\Trend Micro\Security Agent,2.0,,
15170,AddSuggestedFoldersToLibraryDialog,10.0,Microsoft Corporation Inc.,Application,,C:\Windows\SystemApps\Microsoft.Windows.AddSuggestedFoldersToLibraryDialog_cw5n1h2txyewy,1.0,,
15170,Antimalware Core Service,4.18,Microsoft Corporation Inc.,Application,,C:\Program Files\Windows Defender,1.0,,
15170,Antimalware Service Executable,4.18,Microsoft Corporation Inc.,Application,,C:\Program Files\Windows Defender,1.0,,
15170,AppResolverUX,10.0,Microsoft Corporation Inc.,Application,,C:\Windows\SystemApps\Microsoft.Windows.AppResolverUX_cw5n1h2txyewy,1.0,,
15170,AsyncTextService,10.0,Microsoft Corporation Inc.,Application,,C:\Windows\SystemApps\Microsoft.AsyncTextService_8wekyb3d8bbwe,1.0,,
15170,Biometric Enrollment Host,10.0,Microsoft Corporation Inc.,Application,,C:\Windows\SystemApps\Microsoft.BioEnrollment_cw5n1h2txyewy,1.0,,
15170,BMC Client Management Agent,24.1.01.240624,BMC Software Inc.,Application,,C:\Program Files\BMC Software\Client Management\Client\bin,1.0,,
15170,BMC Client Management Certificate Generator,24.1.01.240624,BMC Software Inc.,Application,,C:\Program Files\BMC Software\Client Management\Client\bin,1.0,,
15170,BMC Client Management Chilli Interpreter,24.1.01.240624,BMC Software Inc.,Application,,C:\Program Files\BMC Software\Client Management\Client\bin,1.0,,
15170,BMC Client Management Direct Access Proxy Agent,24.1.01.240624,BMC Software Inc.,Application,,C:\Program Files\BMC Software\Client Management\Client\bin,1.0,,
15170,BMC Client Management Opswat Proxy Agent,24.1.01.240624,BMC Software Inc.,Application,,C:\Program Files\BMC Software\Client Management\Client\bin,1.0,,
15170,BMC Client Management Package Viewer,24.1.01.240624,BMC Software Inc.,Application,,C:\Program Files\BMC Software\Client Management\Client\bin,1.0,,
15170,BMC Client Management Patch Broker,24.1.01.240624,BMC Software Inc.,Application,,C:\Program Files\BMC Software\Client Management\Client\bin,1.0,,
15170,BMC Client Management Proxy Agent,24.1.01.240624,BMC Software Inc.,Application,,C:\Program Files\BMC Software\Client Management\Client\bin,1.0,,
15170,BMC Client Management Remote Control proxy,24.1.01.240624,BMC Software Inc.,Application,,C:\Program Files\BMC Software\Client Management\Client\bin,1.0,,
15170,BMC Client Management SCAP,24.1.01.240624,BMC Software Inc.,Application,,C:\Program Files\BMC Software\Client Management\Client\bin,1.0,,
15170,BMC Client Management Video Proxy Agent,24.1.01.240624,BMC Software Inc.,Application,,C:\Program Files\BMC Software\Client Management\Client\bin,1.0,,
15170,Boot File Servicing Utility,10.0,Microsoft Corporation Inc.,Application,,C:\Windows,1.0,,
15170,Browser Protection Native Messaging Host,4.18,Microsoft Corporation Inc.,Application,,C:\Program Files\Windows Defender,1.0,,
15170,BrowserCore,10.0,Microsoft Corporation Inc.,Application,,C:\Windows\BrowserCore,1.0,,
15170,CameraBarcodeScannerPreview,10.0,Microsoft Corporation Inc.,Application,,C:\Windows\SystemApps\Windows.CBSPreview_cw5n1h2txyewy,1.0,,
15170,ChromeEnterpriseCompanion,143.0,Google LLC,Application,,C:\Windows\SystemTemp\scoped_dir15544_909414109\scoped_dir15544_1781595925,1.0,,
15170,CL5,9.6,Ivanti,Application,,C:\Program Files\BMC Software\Client Management\Client\data\PatchManagementPremium\workspace,1.0,,
15170,ClickOnce,4.8,Microsoft Corporation Inc.,Application,,C:\Windows\Microsoft.NET\Framework64\v4.0.30319,3.0,,
15170,Common User Interface,5.8,Musarubra US LLC.,Application,,C:\Program Files\McAfee\Agent\x86,1.0,,
15170,Copilot Update,1.3,Microsoft Corporation Inc.,Application,,C:\Program Files (x86)\Microsoft\EdgeUpdate,2.0,,
15170,Credential Dialog Host,10.0,Microsoft Corporation Inc.,Application,,C:\Windows\SystemApps\microsoft.creddialoghost_cw5n1h2txyewy,1.0,,
15170,Deep Security Agent Configuration Compiler,12.0,Trend Micro Inc.,Application,,C:\Program Files (x86)\Trend Micro\iService\iVP,1.0,,
15170,DREBoot,2.0,Trend Micro Inc.,Application,,C:\Program Files (x86)\Trend Micro\Security Agent\CCSF\module\DRE,1.0,,
15170,dtoop Application,6.2,Trend Micro Inc.,Application,,C:\Program Files (x86)\Trend Micro\Security Agent\dlplite\update\x64\system32\dgagent,3.0,,
15170,EC App,10.0,Microsoft Corporation Inc.,Application,,C:\Windows\SystemApps\Microsoft.ECApp_8wekyb3d8bbwe,1.0,,
15170,FE Commander,6.0,Trend Micro Inc.,Application,,C:\Program Files (x86)\Trend Micro\Security Agent\dlplite\update\x64\system32\dgagent,3.0,,
15170,File Explorer,10.0,Microsoft Corporation Inc.,Application,,C:\Windows\SystemApps\Microsoft.Windows.FileExplorer_cw5n1h2txyewy,1.0,,
15170,File Picker,10.0,Microsoft Corporation Inc.,Application,,C:\Windows\SystemApps\Microsoft.Windows.FilePicker_cw5n1h2txyewy,1.0,,
15170,Foxit PDF Preview Handler Host,12.1,Foxit Corporation,Application,,C:\Program Files (x86)\Foxit Software\Foxit PDF Reader\Shell Extensions,1.0,,
15170,Foxit PDF Reader,2024.4,Foxit Software Inc.,Application,"March 21, 2025 12:00:00 AM",C:\Program Files (x86)\Foxit Software\Foxit PDF Reader,1.0,,
15170,Foxit PDF Reader Update Service,2.0,Foxit Software Inc.,Application,,C:\Program Files (x86)\Common Files\Foxit\Foxit PDF Reader,1.0,,
15170,Foxit Updater,2024.4,Foxit Corporation,Application,,C:\Program Files (x86)\Foxit Software\Foxit PDF Reader,1.0,,
15170,Google Chrome,144.0,Google LLC,Web Browser,"February 07, 2026 12:00:00 AM",C:\Program Files\Google\Chrome\Application,19.0,,
17295,.NET Runtime Optimization Service,4.8,Microsoft Corporation Inc.,Application,,C:\Windows\Microsoft.NET\Framework64\v4.0.30319,2.0,,
17295,64Bit MAPI Mail Agent,1.0,Foxit Software Inc.,Application,,C:\Program Files (x86)\Foxit Software\Foxit PDF Reader,1.0,,
17295,7-Zip 24.08 (x64 edition),24.08,Igor Pavlov,Add/Remove Programs,"November 29, 2024 12:00:00 AM",,,,
17295,7-Zip Console,24.08,Igor Pavlov,Application,,C:\Program Files\7-Zip,1.0,,
17295,7-Zip File Manager,24.08,Igor Pavlov,Application,,C:\Program Files\7-Zip,1.0,,
17295,7-Zip GUI,24.08,Igor Pavlov,Application,,C:\Program Files\7-Zip,1.0,,
17295,AAD token broker plugin,10.0,Microsoft Corporation Inc.,Application,,C:\Windows\SystemApps\Microsoft.AAD.BrokerPlugin_cw5n1h2txyewy,1.0,,
17295,Accounts Control Host,10.0,Microsoft Corporation Inc.,Application,,C:\Windows\SystemApps\Microsoft.AccountsControl_cw5n1h2txyewy,1.0,,
17295,AddSuggestedFoldersToLibraryDialog,10.0,Microsoft Corporation Inc.,Application,,C:\Windows\SystemApps\Microsoft.Windows.AddSuggestedFoldersToLibraryDialog_cw5n1h2txyewy,1.0,,
17295,Antimalware Service Executable,4.18,Microsoft Corporation Inc.,Application,,C:\Program Files\Windows Defender,1.0,,
17295,AppResolverUX,10.0,Microsoft Corporation Inc.,Application,,C:\Windows\SystemApps\Microsoft.Windows.AppResolverUX_cw5n1h2txyewy,1.0,,
17295,AsyncTextService,10.0,Microsoft Corporation Inc.,Application,,C:\Windows\SystemApps\Microsoft.AsyncTextService_8wekyb3d8bbwe,1.0,,
17295,Biometric Enrollment Host,10.0,Microsoft Corporation Inc.,Application,,C:\Windows\SystemApps\Microsoft.BioEnrollment_cw5n1h2txyewy,1.0,,
17295,BMC Client Management Agent,24.1.01.240624,BMC Software Inc.,Application,,C:\Program Files\BMC Software\Client Management\Client\bin,1.0,,
17295,BMC Client Management Certificate Generator,24.1.01.240624,BMC Software Inc.,Application,,C:\Program Files\BMC Software\Client Management\Client\bin,1.0,,
17295,BMC Client Management Chilli Interpreter,24.1.01.240624,BMC Software Inc.,Application,,C:\Program Files\BMC Software\Client Management\Client\bin,1.0,,
17295,BMC Client Management Direct Access Proxy Agent,24.1.01.240624,BMC Software Inc.,Application,,C:\Program Files\BMC Software\Client Management\Client\bin,1.0,,
17295,BMC Client Management Opswat Proxy Agent,24.1.01.240624,BMC Software Inc.,Application,,C:\Program Files\BMC Software\Client Management\Client\bin,1.0,,
17295,BMC Client Management Package Viewer,24.1.01.240624,BMC Software Inc.,Application,,C:\Program Files\BMC Software\Client Management\Client\bin,1.0,,
17295,BMC Client Management Patch Broker,24.1.01.240624,BMC Software Inc.,Application,,C:\Program Files\BMC Software\Client Management\Client\bin,1.0,,
17295,BMC Client Management Proxy Agent,24.1.01.240624,BMC Software Inc.,Application,,C:\Program Files\BMC Software\Client Management\Client\bin,1.0,,
17295,BMC Client Management Remote Control proxy,24.1.01.240624,BMC Software Inc.,Application,,C:\Program Files\BMC Software\Client Management\Client\bin,1.0,,
17295,BMC Client Management SCAP,24.1.01.240624,BMC Software Inc.,Application,,C:\Program Files\BMC Software\Client Management\Client\bin,1.0,,
17295,BMC Client Management Video Proxy Agent,24.1.01.240624,BMC Software Inc.,Application,,C:\Program Files\BMC Software\Client Management\Client\bin,1.0,,
17295,Boot File Servicing Utility,10.0,Microsoft Corporation Inc.,Application,,C:\Windows,1.0,,
17295,Boot Sector Manipulation Tool,10.0,Microsoft Corporation Inc.,Application,,D:\win 11 skip req\boot,1.0,,
17295,BrowserCore,10.0,Microsoft Corporation Inc.,Application,,C:\Windows\BrowserCore,1.0,,
17295,Calling App to host call progress on shell,10.0,Microsoft Corporation Inc.,Application,,C:\Windows\SystemApps\Microsoft.Windows.CallingShellApp_cw5n1h2txyewy,1.0,,
17295,CameraBarcodeScannerPreview,10.0,Microsoft Corporation Inc.,Application,,C:\Windows\SystemApps\Windows.CBSPreview_cw5n1h2txyewy,1.0,,
17295,ChromeEnterpriseCompanion,143.0,Google LLC,Application,,C:\Windows\SystemTemp\scoped_dir6164_266751085\scoped_dir6164_720074849,1.0,,
17295,CL5,9.6,Ivanti,Application,,C:\Program Files\BMC Software\Client Management\Client\data\PatchManagementPremium\workspace,3.0,,
17295,ClickOnce,4.8,Microsoft Corporation Inc.,Application,,C:\Windows\Microsoft.NET\Framework64\v4.0.30319,3.0,,
17295,Common User Interface,5.8,Musarubra US LLC.,Application,,C:\Program Files\McAfee\Agent\x86,1.0,,
17295,Credential Dialog Host,10.0,Microsoft Corporation Inc.,Application,,C:\Windows\SystemApps\microsoft.creddialoghost_cw5n1h2txyewy,1.0,,
17295,CrowdStrike Device Control,7.29,CrowdStrike Inc.,Add/Remove Programs,"November 15, 2025 12:00:00 AM",,,,
17295,CrowdStrike Device Control Support Tool,7.29,CrowdStrike Inc.,Application,,C:\Program Files\CrowdStrike,1.0,,
17295,CrowdStrike Falcon Connector,7.32,CrowdStrike Inc.,Application,,C:\Program Files\CrowdStrike,1.0,,
17295,CrowdStrike Falcon Sensor,7.32,CrowdStrike Inc.,Application,,C:\Program Files\CrowdStrike,1.0,,
17295,CrowdStrike Falcon Sensor Controller,7.32,CrowdStrike Inc.,Application,,C:\Program Files\CrowdStrike,1.0,,
17295,CrowdStrike Falcon Sensor Service,7.32,CrowdStrike Inc.,Application,,C:\Program Files\CrowdStrike,1.0,,
17295,CrowdStrike Falcon Sensor Servlet Container,7.32,CrowdStrike Inc.,Application,,C:\Program Files\CrowdStrike,1.0,,
17295,CrowdStrike Falcon Sensor Settings Tool,7.32,CrowdStrike Inc.,Application,,C:\Program Files\CrowdStrike,1.0,,
17295,CrowdStrike Falcon Sensor System Tray Application,7.32,CrowdStrike Inc.,Application,,C:\Program Files\CrowdStrike,2.0,,
17295,CrowdStrike Firmware Analysis,7.14,CrowdStrike Inc.,Add/Remove Programs,"April 29, 2025 12:00:00 AM",,,,
17295,CrowdStrike Firmware Analysis Support Tool,7.14,CrowdStrike Inc.,Application,,C:\Program Files\CrowdStrike,1.0,,
17295,CrowdStrike Forensic Data Collection Tool,1.0,CrowdStrike Inc.,Application,,C:,2.0,,
17295,CrowdStrike On-Demand Scan Command-line Tool,7.32,CrowdStrike Inc.,Application,,C:\Program Files\CrowdStrike,1.0,,
17295,CrowdStrike On-Demand Scan Tool,7.32,CrowdStrike Inc.,Application,,C:\Program Files\CrowdStrike,1.0,,
17295,CrowdStrike Sensor Platform,7.32,CrowdStrike Inc.,Add/Remove Programs,"January 15, 2026 12:00:00 AM",,,,
17295,CrowdStrike Windows Sensor,7.32,CrowdStrike Inc.,Add/Remove Programs,"January 15, 2026 12:00:00 AM",,,,
18016,.NET Framework,3.0,Microsoft Corporation Inc.,Application,,C:\Windows\Microsoft.NET\Framework64\v3.0\Windows Communication Foundation,2.0,,
18016,.NET Runtime Optimization Service,2.0,Microsoft Corporation Inc.,Application,,C:\Windows\Microsoft.NET\Framework64\v2.0.50727,2.0,,
18016,.NET Runtime Optimization Service,4.8,Microsoft Corporation Inc.,Application,,C:\Windows\Microsoft.NET\Framework64\v4.0.30319,2.0,,
18016,64Bit MAPI Mail Agent,1.0,Foxit Software Inc.,Application,,C:\Program Files (x86)\Foxit Software\Foxit PDF Reader,1.0,,
18016,7-Zip 23.01 (x64),23.01,Igor Pavlov,Add/Remove Programs,,C:\Program Files\7-Zip\,,,
18016,7-Zip Console,23.01,Igor Pavlov,Application,,C:\Program Files\7-Zip,1.0,,
18016,7-Zip File Manager,23.01,Igor Pavlov,Application,,C:\Program Files\7-Zip,1.0,,
18016,7-Zip GUI,23.01,Igor Pavlov,Application,,C:\Program Files\7-Zip,1.0,,
18016,AAD token broker plugin,10.0,Microsoft Corporation Inc.,Application,,C:\Windows\SystemApps\Microsoft.AAD.BrokerPlugin_cw5n1h2txyewy,1.0,,
18016,Accounts Control Host,10.0,Microsoft Corporation Inc.,Application,,C:\Windows\SystemApps\Microsoft.AccountsControl_cw5n1h2txyewy,1.0,,
18016,AddSuggestedFoldersToLibraryDialog,10.0,Microsoft Corporation Inc.,Application,,C:\Windows\SystemApps\Microsoft.Windows.AddSuggestedFoldersToLibraryDialog_cw5n1h2txyewy,1.0,,
18016,Antimalware Service Executable,4.18,Microsoft Corporation Inc.,Application,,C:\Program Files\Windows Defender,1.0,,
18016,AppResolverUX,10.0,Microsoft Corporation Inc.,Application,,C:\Windows\SystemApps\Microsoft.Windows.AppResolverUX_cw5n1h2txyewy,1.0,,
18016,AsyncTextService,10.0,Microsoft Corporation Inc.,Application,,C:\Windows\SystemApps\Microsoft.AsyncTextService_8wekyb3d8bbwe,1.0,,
18016,Biometric Enrollment Host,10.0,Microsoft Corporation Inc.,Application,,C:\Windows\SystemApps\Microsoft.BioEnrollment_cw5n1h2txyewy,1.0,,
18016,BMC Client Management Agent,24.1.01.240624,BMC Software Inc.,Application,,C:\Program Files\BMC Software\Client Management\Client\bin,1.0,,
18016,BMC Client Management Certificate Generator,24.1.01.240624,BMC Software Inc.,Application,,C:\Program Files\BMC Software\Client Management\Client\bin,1.0,,
18016,BMC Client Management Chilli Interpreter,24.1.01.240624,BMC Software Inc.,Application,,C:\Program Files\BMC Software\Client Management\Client\bin,1.0,,
18016,BMC Client Management Direct Access Proxy Agent,24.1.01.240624,BMC Software Inc.,Application,,C:\Program Files\BMC Software\Client Management\Client\bin,1.0,,
18016,BMC Client Management Opswat Proxy Agent,24.1.01.240624,BMC Software Inc.,Application,,C:\Program Files\BMC Software\Client Management\Client\bin,1.0,,
18016,BMC Client Management Package Viewer,24.1.01.240624,BMC Software Inc.,Application,,C:\Program Files\BMC Software\Client Management\Client\bin,1.0,,
18016,BMC Client Management Patch Broker,24.1.01.240624,BMC Software Inc.,Application,,C:\Program Files\BMC Software\Client Management\Client\bin,1.0,,
18016,BMC Client Management Proxy Agent,24.1.01.240624,BMC Software Inc.,Application,,C:\Program Files\BMC Software\Client Management\Client\bin,1.0,,
18016,BMC Client Management Remote Control proxy,24.1.01.240624,BMC Software Inc.,Application,,C:\Program Files\BMC Software\Client Management\Client\bin,1.0,,
18016,BMC Client Management SCAP,24.1.01.240624,BMC Software Inc.,Application,,C:\Program Files\BMC Software\Client Management\Client\bin,1.0,,
18016,BMC Client Management SFX,24.1.01.240624,BMC Software Inc.,Application,,C:\Users\joinuser.maftuh\Downloads,1.0,,
18016,BMC Client Management Video Proxy Agent,24.1.01.240624,BMC Software Inc.,Application,,C:\Program Files\BMC Software\Client Management\Client\bin,1.0,,
18016,Boot File Servicing Utility,10.0,Microsoft Corporation Inc.,Application,,C:\Windows,1.0,,
18016,BrowserCore,10.0,Microsoft Corporation Inc.,Application,,C:\Windows\BrowserCore,1.0,,
18016,Calling App to host call progress on shell,10.0,Microsoft Corporation Inc.,Application,,C:\Windows\SystemApps\Microsoft.Windows.CallingShellApp_cw5n1h2txyewy,1.0,,
18016,CameraBarcodeScannerPreview,10.0,Microsoft Corporation Inc.,Application,,C:\Windows\SystemApps\Windows.CBSPreview_cw5n1h2txyewy,1.0,,
18016,ClickOnce,4.8,Microsoft Corporation Inc.,Application,,C:\Windows\Microsoft.NET\Framework64\v4.0.30319,3.0,,
18016,Common User Interface,5.8,Musarubra US LLC.,Application,,C:\Program Files\McAfee\Agent\x86,1.0,,
18016,Credential Dialog Host,10.0,Microsoft Corporation Inc.,Application,,C:\Windows\SystemApps\microsoft.creddialoghost_cw5n1h2txyewy,1.0,,
18016,CrowdStrike Device Control,7.29,CrowdStrike Inc.,Add/Remove Programs,"November 14, 2025 12:00:00 AM",,,,
18016,CrowdStrike Device Control Support Tool,7.29,CrowdStrike Inc.,Application,,C:\Program Files\CrowdStrike,1.0,,
18016,CrowdStrike Falcon Connector,7.32,CrowdStrike Inc.,Application,,C:\Program Files\CrowdStrike,1.0,,
18016,CrowdStrike Falcon Sensor,7.32,CrowdStrike Inc.,Application,,C:\Program Files\CrowdStrike,1.0,,
18016,CrowdStrike Falcon Sensor Controller,7.32,CrowdStrike Inc.,Application,,C:\Program Files\CrowdStrike,1.0,,
18016,CrowdStrike Falcon Sensor Service,7.32,CrowdStrike Inc.,Application,,C:\Program Files\CrowdStrike,1.0,,
18016,CrowdStrike Falcon Sensor Servlet Container,7.32,CrowdStrike Inc.,Application,,C:\Program Files\CrowdStrike,1.0,,
18016,CrowdStrike Falcon Sensor Settings Tool,7.32,CrowdStrike Inc.,Application,,C:\Program Files\CrowdStrike,1.0,,
18016,CrowdStrike Falcon Sensor System Tray Application,7.32,CrowdStrike Inc.,Application,,C:\Program Files\CrowdStrike,2.0,,
18016,CrowdStrike Firmware Analysis,7.14,CrowdStrike Inc.,Add/Remove Programs,"June 18, 2025 12:00:00 AM",,,,
18016,CrowdStrike Firmware Analysis Support Tool,7.14,CrowdStrike Inc.,Application,,C:\Program Files\CrowdStrike,1.0,,
18016,CrowdStrike On-Demand Scan Command-line Tool,7.32,CrowdStrike Inc.,Application,,C:\Program Files\CrowdStrike,1.0,,
18016,CrowdStrike On-Demand Scan Tool,7.32,CrowdStrike Inc.,Application,,C:\Program Files\CrowdStrike,1.0,,
18016,CrowdStrike Sensor Platform,7.32,CrowdStrike Inc.,Add/Remove Programs,"January 14, 2026 12:00:00 AM",,,,
18016,CrowdStrike Windows Sensor,7.32,CrowdStrike Inc.,Add/Remove Programs,"January 14, 2026 12:00:00 AM",,,,
18016,CxAudioSvc,1.0,Conexant Systems LLC.,Application,,C:\Windows\CxSvc,1.0,,
18363,.NET Runtime Optimization Service,4.8,Microsoft Corporation Inc.,Application,,C:\Windows\Microsoft.NET\Framework64\v4.0.30319,2.0,,
18363,64Bit MAPI Mail Agent,1.0,Foxit Software Inc.,Application,,C:\Program Files (x86)\Foxit Software\Foxit PDF Reader,1.0,,
18363,7-Zip 24.09 (x64),24.09,Igor Pavlov,Add/Remove Programs,,C:\Program Files\7-Zip\,,,
18363,7-Zip Console,24.09,Igor Pavlov,Application,,C:\Program Files\7-Zip,1.0,,
18363,7-Zip File Manager,24.09,Igor Pavlov,Application,,C:\Program Files\7-Zip,1.0,,
18363,7-Zip GUI,24.09,Igor Pavlov,Application,,C:\Program Files\7-Zip,1.0,,
18363,Accounts Control Host,10.0,Microsoft Corporation Inc.,Application,,C:\Windows\SystemApps\Microsoft.AccountsControl_cw5n1h2txyewy,1.0,,
18363,AddSuggestedFoldersToLibraryDialog,10.0,Microsoft Corporation Inc.,Application,,C:\Windows\SystemApps\Microsoft.Windows.AddSuggestedFoldersToLibraryDialog_cw5n1h2txyewy,1.0,,
18363,Antimalware Core Service,4.18,Microsoft Corporation Inc.,Application,,C:\Program Files\Windows Defender,1.0,,
18363,Antimalware Service Executable,4.18,Microsoft Corporation Inc.,Application,,C:\Program Files\Windows Defender,1.0,,
18363,AppResolverUX,10.0,Microsoft Corporation Inc.,Application,,C:\Windows\SystemApps\Microsoft.Windows.AppResolverUX_cw5n1h2txyewy,1.0,,
18363,AsyncTextService,10.0,Microsoft Corporation Inc.,Application,,C:\Windows\SystemApps\Microsoft.AsyncTextService_8wekyb3d8bbwe,1.0,,
18363,Biometric Enrollment Host,10.0,Microsoft Corporation Inc.,Application,,C:\Windows\SystemApps\Microsoft.BioEnrollment_cw5n1h2txyewy,1.0,,
18363,BMC Client Management Agent,24.1.01.240624,BMC Software Inc.,Application,,C:\Program Files\BMC Software\Client Management\Client\bin,1.0,,
18363,BMC Client Management Certificate Generator,24.1.01.240624,BMC Software Inc.,Application,,C:\Program Files\BMC Software\Client Management\Client\bin,1.0,,
18363,BMC Client Management Chilli Interpreter,24.1.01.240624,BMC Software Inc.,Application,,C:\Program Files\BMC Software\Client Management\Client\bin,1.0,,
18363,BMC Client Management Direct Access Proxy Agent,24.1.01.240624,BMC Software Inc.,Application,,C:\Program Files\BMC Software\Client Management\Client\bin,1.0,,
18363,BMC Client Management Opswat Proxy Agent,24.1.01.240624,BMC Software Inc.,Application,,C:\Program Files\BMC Software\Client Management\Client\bin,1.0,,
18363,BMC Client Management Package Viewer,24.1.01.240624,BMC Software Inc.,Application,,C:\Program Files\BMC Software\Client Management\Client\bin,1.0,,
18363,BMC Client Management Patch Broker,24.1.01.240624,BMC Software Inc.,Application,,C:\Program Files\BMC Software\Client Management\Client\bin,1.0,,
18363,BMC Client Management Proxy Agent,24.1.01.240624,BMC Software Inc.,Application,,C:\Program Files\BMC Software\Client Management\Client\bin,1.0,,
18363,BMC Client Management Remote Control proxy,24.1.01.240624,BMC Software Inc.,Application,,C:\Program Files\BMC Software\Client Management\Client\bin,1.0,,
18363,BMC Client Management SCAP,24.1.01.240624,BMC Software Inc.,Application,,C:\Program Files\BMC Software\Client Management\Client\bin,1.0,,
18363,BMC Client Management SFX,24.1.01.240624,BMC Software Inc.,Application,,D:\IT,1.0,,
18363,BMC Client Management Video Proxy Agent,24.1.01.240624,BMC Software Inc.,Application,,C:\Program Files\BMC Software\Client Management\Client\bin,1.0,,
18363,Boot File Servicing Utility,10.0,Microsoft Corporation Inc.,Application,,C:\Windows,1.0,,
18363,Boot Sector Manipulation Tool,10.0,Microsoft Corporation Inc.,Application,,D:\@Data Irvan\win 11\boot,1.0,,
18363,Browser Protection Native Messaging Host,4.18,Microsoft Corporation Inc.,Application,,C:\Program Files\Windows Defender,1.0,,
18363,BrowserCore,10.0,Microsoft Corporation Inc.,Application,,C:\Windows\BrowserCore,1.0,,
18363,CameraBarcodeScannerPreview,10.0,Microsoft Corporation Inc.,Application,,C:\Windows\SystemApps\Windows.CBSPreview_cw5n1h2txyewy,1.0,,
18363,ClickOnce,4.8,Microsoft Corporation Inc.,Application,,C:\Windows\Microsoft.NET\Framework64\v4.0.30319,3.0,,
18363,Create a self-signed digital certificate,15.0,Microsoft Corporation Inc.,Application,,C:\Program Files\Microsoft Office\Office15,1.0,,
18363,Credential Dialog Host,10.0,Microsoft Corporation Inc.,Application,,C:\Windows\SystemApps\microsoft.creddialoghost_cw5n1h2txyewy,1.0,,
18363,CrowdStrike Device Control,7.10,CrowdStrike Inc.,Add/Remove Programs,"February 09, 2026 12:00:00 AM",,,,
18363,CrowdStrike Device Control Support Tool,7.10,CrowdStrike Inc.,Application,,C:\Program Files\CrowdStrike,1.0,,
18363,CrowdStrike Falcon Connector,7.12,CrowdStrike Inc.,Application,,C:\Program Files\CrowdStrike,1.0,,
18363,CrowdStrike Falcon Sensor,7.12,CrowdStrike Inc.,Application,,C:\Program Files\CrowdStrike,1.0,,
18363,CrowdStrike Falcon Sensor Controller,7.12,CrowdStrike Inc.,Application,,C:\Program Files\CrowdStrike,1.0,,
18363,CrowdStrike Falcon Sensor Service,7.12,CrowdStrike Inc.,Application,,C:\Program Files\CrowdStrike,1.0,,
18363,CrowdStrike Falcon Sensor Servlet Container,7.12,CrowdStrike Inc.,Application,,C:\Program Files\CrowdStrike,1.0,,
18363,CrowdStrike Falcon Sensor Settings Tool,7.12,CrowdStrike Inc.,Application,,C:\Program Files\CrowdStrike,1.0,,
18363,CrowdStrike Falcon Sensor System Tray Application,7.12,CrowdStrike Inc.,Application,,C:\Program Files\CrowdStrike,2.0,,
18363,CrowdStrike Firmware Analysis,6.32,CrowdStrike Inc.,Add/Remove Programs,"February 09, 2026 12:00:00 AM",,,,
18363,CrowdStrike Firmware Analysis Support Tool,6.32,CrowdStrike Inc.,Application,,C:\Program Files\CrowdStrike,1.0,,
18363,CrowdStrike On-Demand Scan Command-line Tool,7.12,CrowdStrike Inc.,Application,,C:\Program Files\CrowdStrike,1.0,,
18363,CrowdStrike On-Demand Scan Tool,7.12,CrowdStrike Inc.,Application,,C:\Program Files\CrowdStrike,1.0,,
18363,CrowdStrike Sensor Platform,7.12,CrowdStrike Inc.,Add/Remove Programs,"February 09, 2026 12:00:00 AM",,,,
18363,CrowdStrike Windows Sensor,6.58,CrowdStrike Inc.,Application,,D:\IT\crowdstrike,1.0,,
18363,CrowdStrike Windows Sensor,7.12,CrowdStrike Inc.,Application,,C:\Program Files (x86)\CSInstallTemp{297A9F96-BEB7-453A-9DB0-02377E914FFC}\.be,3.0,,
18363,CxAudioSvc,1.0,Conexant Systems LLC.,Application,,C:\Windows\CxSvc,1.0,,
6866,.NET Runtime Optimization Service,4.8,Microsoft Corporation Inc.,Application,,C:\Windows\Microsoft.NET\Framework64\v4.0.30319,2.0,,
6866,64Bit MAPI Mail Agent,1.0,Foxit Software Inc.,Application,,C:\Program Files (x86)\Foxit Software\Foxit PDF Reader,1.0,,
6866,7-Zip 24.08 (x64 edition),24.08,Igor Pavlov,Add/Remove Programs,"November 30, 2024 12:00:00 AM",,,,
6866,7-Zip Console,24.08,Igor Pavlov,Application,,C:\Program Files\7-Zip,1.0,,
6866,7-Zip File Manager,24.08,Igor Pavlov,Application,,C:\Program Files\7-Zip,1.0,,
6866,7-Zip GUI,24.08,Igor Pavlov,Application,,C:\Program Files\7-Zip,1.0,,
6866,AAD token broker plugin,10.0,Microsoft Corporation Inc.,Application,,C:\Windows\SystemApps\Microsoft.AAD.BrokerPlugin_cw5n1h2txyewy,1.0,,
6866,Accounts Control Host,10.0,Microsoft Corporation Inc.,Application,,C:\Windows\SystemApps\Microsoft.AccountsControl_cw5n1h2txyewy,1.0,,
6866,AddSuggestedFoldersToLibraryDialog,10.0,Microsoft Corporation Inc.,Application,,C:\Windows\SystemApps\Microsoft.Windows.AddSuggestedFoldersToLibraryDialog_cw5n1h2txyewy,1.0,,
6866,Antimalware Service Executable,4.18,Microsoft Corporation Inc.,Application,,C:\Program Files\Windows Defender,1.0,,
6866,AppResolverUX,10.0,Microsoft Corporation Inc.,Application,,C:\Windows\SystemApps\Microsoft.Windows.AppResolverUX_cw5n1h2txyewy,1.0,,
6866,AsyncTextService,10.0,Microsoft Corporation Inc.,Application,,C:\Windows\SystemApps\Microsoft.AsyncTextService_8wekyb3d8bbwe,1.0,,
6866,Biometric Enrollment Host,10.0,Microsoft Corporation Inc.,Application,,C:\Windows\SystemApps\Microsoft.BioEnrollment_cw5n1h2txyewy,1.0,,
6866,BMC Client Management Agent,24.1.01.240624,BMC Software Inc.,Application,,C:\Program Files\BMC Software\Client Management\Client\bin,1.0,,
6866,BMC Client Management Certificate Generator,24.1.01.240624,BMC Software Inc.,Application,,C:\Program Files\BMC Software\Client Management\Client\bin,1.0,,
6866,BMC Client Management Chilli Interpreter,24.1.01.240624,BMC Software Inc.,Application,,C:\Program Files\BMC Software\Client Management\Client\bin,1.0,,
6866,BMC Client Management Direct Access Proxy Agent,24.1.01.240624,BMC Software Inc.,Application,,C:\Program Files\BMC Software\Client Management\Client\bin,1.0,,
6866,BMC Client Management Opswat Proxy Agent,24.1.01.240624,BMC Software Inc.,Application,,C:\Program Files\BMC Software\Client Management\Client\bin,1.0,,
6866,BMC Client Management Package Viewer,24.1.01.240624,BMC Software Inc.,Application,,C:\Program Files\BMC Software\Client Management\Client\bin,1.0,,
6866,BMC Client Management Patch Broker,24.1.01.240624,BMC Software Inc.,Application,,C:\Program Files\BMC Software\Client Management\Client\bin,1.0,,
6866,BMC Client Management Proxy Agent,24.1.01.240624,BMC Software Inc.,Application,,C:\Program Files\BMC Software\Client Management\Client\bin,1.0,,
6866,BMC Client Management Remote Control proxy,24.1.01.240624,BMC Software Inc.,Application,,C:\Program Files\BMC Software\Client Management\Client\bin,1.0,,
6866,BMC Client Management SCAP,24.1.01.240624,BMC Software Inc.,Application,,C:\Program Files\BMC Software\Client Management\Client\bin,1.0,,
6866,BMC Client Management Video Proxy Agent,24.1.01.240624,BMC Software Inc.,Application,,C:\Program Files\BMC Software\Client Management\Client\bin,1.0,,
6866,Boot File Servicing Utility,10.0,Microsoft Corporation Inc.,Application,,C:\Windows,1.0,,
6866,BrowserCore,10.0,Microsoft Corporation Inc.,Application,,C:\Windows\BrowserCore,1.0,,
6866,Calling App to host call progress on shell,10.0,Microsoft Corporation Inc.,Application,,C:\Windows\SystemApps\Microsoft.Windows.CallingShellApp_cw5n1h2txyewy,1.0,,
6866,CameraBarcodeScannerPreview,10.0,Microsoft Corporation Inc.,Application,,C:\Windows\SystemApps\Windows.CBSPreview_cw5n1h2txyewy,1.0,,
6866,ChromeEnterpriseCompanion,143.0,Google LLC,Application,,C:\Windows\SystemTemp\scoped_dir17508_1412800867\scoped_dir17508_1532717185,1.0,,
6866,CL5,9.6,Ivanti,Application,,C:\Program Files\BMC Software\Client Management\Client\data\PatchManagementPremium\workspace,1.0,,
6866,ClickOnce,4.8,Microsoft Corporation Inc.,Application,,C:\Windows\Microsoft.NET\Framework64\v4.0.30319,3.0,,
6866,Common User Interface,5.8,Musarubra US LLC.,Application,,C:\Program Files\McAfee\Agent\x86,1.0,,
6866,Credential Dialog Host,10.0,Microsoft Corporation Inc.,Application,,C:\Windows\SystemApps\microsoft.creddialoghost_cw5n1h2txyewy,1.0,,
6866,CrowdStrike Device Control,7.29,CrowdStrike Inc.,Add/Remove Programs,"November 14, 2025 12:00:00 AM",,,,
6866,CrowdStrike Device Control Support Tool,7.29,CrowdStrike Inc.,Application,,C:\Program Files\CrowdStrike,1.0,,
6866,CrowdStrike Falcon Connector,7.32,CrowdStrike Inc.,Application,,C:\Program Files\CrowdStrike,1.0,,
6866,CrowdStrike Falcon Sensor,7.32,CrowdStrike Inc.,Application,,C:\Program Files\CrowdStrike,1.0,,
6866,CrowdStrike Falcon Sensor Controller,7.32,CrowdStrike Inc.,Application,,C:\Program Files\CrowdStrike,1.0,,
6866,CrowdStrike Falcon Sensor Service,7.32,CrowdStrike Inc.,Application,,C:\Program Files\CrowdStrike,1.0,,
6866,CrowdStrike Falcon Sensor Servlet Container,7.32,CrowdStrike Inc.,Application,,C:\Program Files\CrowdStrike,1.0,,
6866,CrowdStrike Falcon Sensor Settings Tool,7.32,CrowdStrike Inc.,Application,,C:\Program Files\CrowdStrike,1.0,,
6866,CrowdStrike Falcon Sensor System Tray Application,7.32,CrowdStrike Inc.,Application,,C:\Program Files\CrowdStrike,2.0,,
6866,CrowdStrike Firmware Analysis,7.14,CrowdStrike Inc.,Add/Remove Programs,"July 24, 2025 12:00:00 AM",,,,
6866,CrowdStrike Firmware Analysis Support Tool,7.14,CrowdStrike Inc.,Application,,C:\Program Files\CrowdStrike,1.0,,
6866,CrowdStrike Forensic Data Collection Tool,1.0,CrowdStrike Inc.,Application,,C:,2.0,,
6866,CrowdStrike On-Demand Scan Command-line Tool,7.32,CrowdStrike Inc.,Application,,C:\Program Files\CrowdStrike,1.0,,
6866,CrowdStrike On-Demand Scan Tool,7.32,CrowdStrike Inc.,Application,,C:\Program Files\CrowdStrike,1.0,,
6866,CrowdStrike Sensor Platform,7.32,CrowdStrike Inc.,Add/Remove Programs,"January 14, 2026 12:00:00 AM",,,,
6866,CrowdStrike Windows Sensor,7.32,CrowdStrike Inc.,Add/Remove Programs,"January 14, 2026 12:00:00 AM",,,,
6866,CrowdStrike Windows Sensor,6.54,CrowdStrike Inc.,Application,,C:\login\crowdstrike,1.0,,
15626,.NET Runtime Optimization Service,4.8,Microsoft Corporation Inc.,Application,,C:\Windows\Microsoft.NET\Framework64\v4.0.30319,2.0,,
15626,64Bit MAPI Mail Agent,1.0,Foxit Software Inc.,Application,,C:\Program Files (x86)\Foxit Software\Foxit PDF Reader,1.0,,
15626,7-Zip 19.00 (x64),19.0,Igor Pavlov,Add/Remove Programs,,C:\Program Files\7-Zip\,,,
15626,7-Zip Console,19.0,Igor Pavlov,Application,,C:\Program Files\7-Zip,1.0,,
15626,7-Zip File Manager,19.0,Igor Pavlov,Application,,C:\Program Files\7-Zip,1.0,,
15626,7-Zip GUI,19.0,Igor Pavlov,Application,,C:\Program Files\7-Zip,1.0,,
15626,AAD token broker plugin,10.0,Microsoft Corporation Inc.,Application,,C:\Windows\SystemApps\Microsoft.AAD.BrokerPlugin_cw5n1h2txyewy,1.0,,
15626,Accounts Control Host,10.0,Microsoft Corporation Inc.,Application,,C:\Windows\SystemApps\Microsoft.AccountsControl_cw5n1h2txyewy,1.0,,
15626,AddSuggestedFoldersToLibraryDialog,10.0,Microsoft Corporation Inc.,Application,,C:\Windows\SystemApps\Microsoft.Windows.AddSuggestedFoldersToLibraryDialog_cw5n1h2txyewy,1.0,,
15626,Antimalware Service Executable,4.18,Microsoft Corporation Inc.,Application,,C:\Program Files\Windows Defender,1.0,,
15626,AppResolverUX,10.0,Microsoft Corporation Inc.,Application,,C:\Windows\SystemApps\Microsoft.Windows.AppResolverUX_cw5n1h2txyewy,1.0,,
15626,AsyncTextService,10.0,Microsoft Corporation Inc.,Application,,C:\Windows\SystemApps\Microsoft.AsyncTextService_8wekyb3d8bbwe,1.0,,
15626,Biometric Enrollment Host,10.0,Microsoft Corporation Inc.,Application,,C:\Windows\SystemApps\Microsoft.BioEnrollment_cw5n1h2txyewy,1.0,,
15626,BMC Client Management Agent,24.1.01.240624,BMC Software Inc.,Application,,C:\Program Files\BMC Software\Client Management\Client\bin,1.0,,
15626,BMC Client Management Certificate Generator,24.1.01.240624,BMC Software Inc.,Application,,C:\Program Files\BMC Software\Client Management\Client\bin,1.0,,
15626,BMC Client Management Chilli Interpreter,24.1.01.240624,BMC Software Inc.,Application,,C:\Program Files\BMC Software\Client Management\Client\bin,1.0,,
15626,BMC Client Management Direct Access Proxy Agent,24.1.01.240624,BMC Software Inc.,Application,,C:\Program Files\BMC Software\Client Management\Client\bin,1.0,,
15626,BMC Client Management Opswat Proxy Agent,24.1.01.240624,BMC Software Inc.,Application,,C:\Program Files\BMC Software\Client Management\Client\bin,1.0,,
15626,BMC Client Management Package Viewer,24.1.01.240624,BMC Software Inc.,Application,,C:\Program Files\BMC Software\Client Management\Client\bin,1.0,,
15626,BMC Client Management Patch Broker,24.1.01.240624,BMC Software Inc.,Application,,C:\Program Files\BMC Software\Client Management\Client\bin,1.0,,
15626,BMC Client Management Proxy Agent,24.1.01.240624,BMC Software Inc.,Application,,C:\Program Files\BMC Software\Client Management\Client\bin,1.0,,
15626,BMC Client Management Remote Control proxy,24.1.01.240624,BMC Software Inc.,Application,,C:\Program Files\BMC Software\Client Management\Client\bin,1.0,,
15626,BMC Client Management SCAP,24.1.01.240624,BMC Software Inc.,Application,,C:\Program Files\BMC Software\Client Management\Client\bin,1.0,,
15626,BMC Client Management Video Proxy Agent,24.1.01.240624,BMC Software Inc.,Application,,C:\Program Files\BMC Software\Client Management\Client\bin,1.0,,
15626,Boot File Servicing Utility,10.0,Microsoft Corporation Inc.,Application,,C:\Windows,1.0,,
15626,BrowserCore,10.0,Microsoft Corporation Inc.,Application,,C:\Windows\BrowserCore,1.0,,
15626,Calling App to host call progress on shell,10.0,Microsoft Corporation Inc.,Application,,C:\Windows\SystemApps\Microsoft.Windows.CallingShellApp_cw5n1h2txyewy,1.0,,
15626,CameraBarcodeScannerPreview,10.0,Microsoft Corporation Inc.,Application,,C:\Windows\SystemApps\Windows.CBSPreview_cw5n1h2txyewy,1.0,,
15626,ChromeEnterpriseCompanion,143.0,Google LLC,Application,,C:\Windows\SystemTemp\scoped_dir5612_997527860\scoped_dir5612_1472728045,1.0,,
15626,CL5,9.6,Ivanti,Application,,C:\Program Files\BMC Software\Client Management\Client\data\PatchManagementPremium\workspace,1.0,,
15626,ClickOnce,4.8,Microsoft Corporation Inc.,Application,,C:\Windows\Microsoft.NET\Framework64\v4.0.30319,3.0,,
15626,Common User Interface,5.8,Musarubra US LLC.,Application,,C:\Program Files\McAfee\Agent\x86,1.0,,
15626,Credential Dialog Host,10.0,Microsoft Corporation Inc.,Application,,C:\Windows\SystemApps\microsoft.creddialoghost_cw5n1h2txyewy,1.0,,
15626,CrowdStrike Device Control,7.29,CrowdStrike Inc.,Add/Remove Programs,"November 14, 2025 12:00:00 AM",,,,
15626,CrowdStrike Device Control Support Tool,7.29,CrowdStrike Inc.,Application,,C:\Program Files\CrowdStrike,1.0,,
15626,CrowdStrike Falcon Connector,7.32,CrowdStrike Inc.,Application,,C:\Program Files\CrowdStrike,1.0,,
15626,CrowdStrike Falcon Sensor,7.32,CrowdStrike Inc.,Application,,C:\Program Files\CrowdStrike,1.0,,
15626,CrowdStrike Falcon Sensor Controller,7.32,CrowdStrike Inc.,Application,,C:\Program Files\CrowdStrike,1.0,,
15626,CrowdStrike Falcon Sensor Service,7.32,CrowdStrike Inc.,Application,,C:\Program Files\CrowdStrike,1.0,,
15626,CrowdStrike Falcon Sensor Servlet Container,7.32,CrowdStrike Inc.,Application,,C:\Program Files\CrowdStrike,1.0,,
15626,CrowdStrike Falcon Sensor Settings Tool,7.32,CrowdStrike Inc.,Application,,C:\Program Files\CrowdStrike,1.0,,
15626,CrowdStrike Falcon Sensor System Tray Application,7.32,CrowdStrike Inc.,Application,,C:\Program Files\CrowdStrike,2.0,,
15626,CrowdStrike Firmware Analysis,7.14,CrowdStrike Inc.,Add/Remove Programs,"May 15, 2025 12:00:00 AM",,,,
15626,CrowdStrike Firmware Analysis Support Tool,7.14,CrowdStrike Inc.,Application,,C:\Program Files\CrowdStrike,1.0,,
15626,CrowdStrike On-Demand Scan Command-line Tool,7.32,CrowdStrike Inc.,Application,,C:\Program Files\CrowdStrike,1.0,,
15626,CrowdStrike On-Demand Scan Tool,7.32,CrowdStrike Inc.,Application,,C:\Program Files\CrowdStrike,1.0,,
15626,CrowdStrike Sensor Platform,7.32,CrowdStrike Inc.,Add/Remove Programs,"January 14, 2026 12:00:00 AM",,,,
15626,CrowdStrike Windows Sensor,7.32,CrowdStrike Inc.,Add/Remove Programs,"January 14, 2026 12:00:00 AM",,,,
15626,EC App,10.0,Microsoft Corporation Inc.,Application,,C:\Windows\SystemApps\Microsoft.ECApp_8wekyb3d8bbwe,1.0,,
15626,File Explorer,10.0,Microsoft Corporation Inc.,Application,,C:\Windows\SystemApps\Microsoft.Windows.FileExplorer_cw5n1h2txyewy,1.0,,
6774,.NET Runtime Optimization Service,4.8,Microsoft Corporation Inc.,Application,,C:\Windows\Microsoft.NET\Framework64\v4.0.30319,2.0,,
6774,64Bit MAPI Mail Agent,1.0,Foxit Software Inc.,Application,,C:\Program Files (x86)\Foxit Software\Foxit PDF Reader,1.0,,
6774,7-Zip 24.08 (x64 edition),24.08,Igor Pavlov,Add/Remove Programs,"November 28, 2024 12:00:00 AM",,,,
6774,7-Zip Console,24.08,Igor Pavlov,Application,,C:\Program Files\7-Zip,1.0,,
6774,7-Zip File Manager,24.08,Igor Pavlov,Application,,C:\Program Files\7-Zip,1.0,,
6774,7-Zip GUI,24.08,Igor Pavlov,Application,,C:\Program Files\7-Zip,1.0,,
6774,AAD token broker plugin,10.0,Microsoft Corporation Inc.,Application,,C:\Windows\SystemApps\Microsoft.AAD.BrokerPlugin_cw5n1h2txyewy,1.0,,
6774,Accounts Control Host,10.0,Microsoft Corporation Inc.,Application,,C:\Windows\SystemApps\Microsoft.AccountsControl_cw5n1h2txyewy,1.0,,
6774,AddSuggestedFoldersToLibraryDialog,10.0,Microsoft Corporation Inc.,Application,,C:\Windows\SystemApps\Microsoft.Windows.AddSuggestedFoldersToLibraryDialog_cw5n1h2txyewy,1.0,,
6774,Antimalware Service Executable,4.18,Microsoft Corporation Inc.,Application,,C:\Program Files\Windows Defender,1.0,,
6774,AppResolverUX,10.0,Microsoft Corporation Inc.,Application,,C:\Windows\SystemApps\Microsoft.Windows.AppResolverUX_cw5n1h2txyewy,1.0,,
6774,AsyncTextService,10.0,Microsoft Corporation Inc.,Application,,C:\Windows\SystemApps\Microsoft.AsyncTextService_8wekyb3d8bbwe,1.0,,
6774,Biometric Enrollment Host,10.0,Microsoft Corporation Inc.,Application,,C:\Windows\SystemApps\Microsoft.BioEnrollment_cw5n1h2txyewy,1.0,,
6774,BMC Client Management Agent,24.1.01.240624,BMC Software Inc.,Application,,C:\Program Files\BMC Software\Client Management\Client\bin,1.0,,
6774,BMC Client Management Certificate Generator,24.1.01.240624,BMC Software Inc.,Application,,C:\Program Files\BMC Software\Client Management\Client\bin,1.0,,
6774,BMC Client Management Chilli Interpreter,24.1.01.240624,BMC Software Inc.,Application,,C:\Program Files\BMC Software\Client Management\Client\bin,1.0,,
6774,BMC Client Management Direct Access Proxy Agent,24.1.01.240624,BMC Software Inc.,Application,,C:\Program Files\BMC Software\Client Management\Client\bin,1.0,,
6774,BMC Client Management Opswat Proxy Agent,24.1.01.240624,BMC Software Inc.,Application,,C:\Program Files\BMC Software\Client Management\Client\bin,1.0,,
6774,BMC Client Management Package Viewer,24.1.01.240624,BMC Software Inc.,Application,,C:\Program Files\BMC Software\Client Management\Client\bin,1.0,,
6774,BMC Client Management Patch Broker,24.1.01.240624,BMC Software Inc.,Application,,C:\Program Files\BMC Software\Client Management\Client\bin,1.0,,
6774,BMC Client Management Proxy Agent,24.1.01.240624,BMC Software Inc.,Application,,C:\Program Files\BMC Software\Client Management\Client\bin,1.0,,
6774,BMC Client Management Remote Control proxy,24.1.01.240624,BMC Software Inc.,Application,,C:\Program Files\BMC Software\Client Management\Client\bin,1.0,,
6774,BMC Client Management SCAP,24.1.01.240624,BMC Software Inc.,Application,,C:\Program Files\BMC Software\Client Management\Client\bin,1.0,,
6774,BMC Client Management Video Proxy Agent,24.1.01.240624,BMC Software Inc.,Application,,C:\Program Files\BMC Software\Client Management\Client\bin,1.0,,
6774,Boot File Servicing Utility,10.0,Microsoft Corporation Inc.,Application,,C:\Windows,1.0,,
6774,BrowserCore,10.0,Microsoft Corporation Inc.,Application,,C:\Windows\BrowserCore,1.0,,
6774,Calling App to host call progress on shell,10.0,Microsoft Corporation Inc.,Application,,C:\Windows\SystemApps\Microsoft.Windows.CallingShellApp_cw5n1h2txyewy,1.0,,
6774,CameraBarcodeScannerPreview,10.0,Microsoft Corporation Inc.,Application,,C:\Windows\SystemApps\Windows.CBSPreview_cw5n1h2txyewy,1.0,,
6774,ChromeEnterpriseCompanion,143.0,Google LLC,Application,,C:\Windows\SystemTemp\scoped_dir18388_670520146\scoped_dir18388_1907058295,1.0,,
6774,CL5,9.6,Ivanti,Application,,C:\Program Files\BMC Software\Client Management\Client\data\PatchManagementPremium\workspace,1.0,,
6774,ClickOnce,4.8,Microsoft Corporation Inc.,Application,,C:\Windows\Microsoft.NET\Framework64\v4.0.30319,3.0,,
6774,Common User Interface,5.8,Musarubra US LLC.,Application,,C:\Program Files\McAfee\Agent\x86,1.0,,
6774,Credential Dialog Host,10.0,Microsoft Corporation Inc.,Application,,C:\Windows\SystemApps\microsoft.creddialoghost_cw5n1h2txyewy,1.0,,
6774,CrowdStrike Device Control,7.29,CrowdStrike Inc.,Add/Remove Programs,"November 14, 2025 12:00:00 AM",,,,
6774,CrowdStrike Device Control Support Tool,7.29,CrowdStrike Inc.,Application,,C:\Program Files\CrowdStrike,1.0,,
6774,CrowdStrike Falcon Connector,7.32,CrowdStrike Inc.,Application,,C:\Program Files\CrowdStrike,1.0,,
6774,CrowdStrike Falcon Sensor,7.32,CrowdStrike Inc.,Application,,C:\Program Files\CrowdStrike,1.0,,
6774,CrowdStrike Falcon Sensor Controller,7.32,CrowdStrike Inc.,Application,,C:\Program Files\CrowdStrike,1.0,,
6774,CrowdStrike Falcon Sensor Service,7.32,CrowdStrike Inc.,Application,,C:\Program Files\CrowdStrike,1.0,,
6774,CrowdStrike Falcon Sensor Servlet Container,7.32,CrowdStrike Inc.,Application,,C:\Program Files\CrowdStrike,1.0,,
6774,CrowdStrike Falcon Sensor Settings Tool,7.32,CrowdStrike Inc.,Application,,C:\Program Files\CrowdStrike,1.0,,
6774,CrowdStrike Falcon Sensor System Tray Application,7.32,CrowdStrike Inc.,Application,,C:\Program Files\CrowdStrike,2.0,,
6774,CrowdStrike Firmware Analysis,7.14,CrowdStrike Inc.,Add/Remove Programs,"May 22, 2025 12:00:00 AM",,,,
6774,CrowdStrike Firmware Analysis Support Tool,7.14,CrowdStrike Inc.,Application,,C:\Program Files\CrowdStrike,1.0,,
6774,CrowdStrike On-Demand Scan Command-line Tool,7.32,CrowdStrike Inc.,Application,,C:\Program Files\CrowdStrike,1.0,,
6774,CrowdStrike On-Demand Scan Tool,7.32,CrowdStrike Inc.,Application,,C:\Program Files\CrowdStrike,1.0,,
6774,CrowdStrike Sensor Platform,7.32,CrowdStrike Inc.,Add/Remove Programs,"January 14, 2026 12:00:00 AM",,,,
6774,CrowdStrike Windows Sensor,7.32,CrowdStrike Inc.,Add/Remove Programs,"January 14, 2026 12:00:00 AM",,,,
6774,CrowdStrike Windows Sensor,6.54,CrowdStrike Inc.,Application,,C:\login\crowdstrike,1.0,,
6774,EC App,10.0,Microsoft Corporation Inc.,Application,,C:\Windows\SystemApps\Microsoft.ECApp_8wekyb3d8bbwe,1.0,,
17742,,,,,,,,,0
17742,,,,,,,,AdapterSerialNumber,
17742,,,,,,,,AllocatedSize,500107862016
17742,,,,,,,,BusType,11
17742,,,,,,,,CanPool,FALSE
17742,,,,,,,,CannotPoolReason,7
17742,,,,,,,,Description,
17742,,,,,,,,DeviceId,
17742,,,,,,,,EnclosureNumber,
17742,,,,,,,,FirmwareVersion,HPH4
17742,,,,,,,,FriendlyName,ST500DM002-1SB10A
17742,,,,,,,,FruId,ZA4A5LNT
17742,,,,,,,,HealthStatus,0
17742,,,,,,,,IsIndicationEnabled,FALSE
17742,,,,,,,,IsPartial,TRUE
17742,,,,,,,,LogicalSectorSize,512
17742,,,,,,,,Manufacturer,
17742,,,,,,,,Media Type,3
17742,,,,,,,,Model,ST500DM002-1SB10A
17742,,,,,,,,ObjectId,"{1}\\BKS2-NDT-047\root/Microsoft/Windows/Storage/Providers_v2\SPACES_PhysicalDisk.ObjectId=""{3ccac951-1151-11ee-b33b-806e6f6e6963}:PD:{8c73c26a-6c3c-d73d-150c-72f6e8572e21}"""
17742,,,,,,,,OperationalDetails,
17742,,,,,,,,OperationalStatus,2
17742,,,,,,,,OtherCannotPoolReasonDescription,
17742,,,,,,,,PartNumber,
17742,,,,,,,,PassThroughClass,
17742,,,,,,,,PassThroughIds,
17742,,,,,,,,PassThroughNamespace,
17742,,,,,,,,PassThroughServer,
17742,,,,,,,,PhysicalLocation,Integrated : Bus 0 : Device 23 : Function 0 : Adapter 0 : Port 0
17742,,,,,,,,PhysicalSectorSize,4096
17742,,,,,,,,Serial Number,ZA4A5LNT
17742,,,,,,,,Size,500107862016
17742,,,,,,,,SlotNumber,
17742,,,,,,,,SoftwareVersion,
17742,,,,,,,,SpindleSpeed,-1
17742,,,,,,,,StoragePoolUniqueId,
17742,,,,,,,,SupportedUsages,12345
17742,,,,,,,,Unique ID,5000C500B264D330
17742,,,,,,,,UniqueIdFormat,3
17742,,,,,,,,Usage,1
17742,,,,,,,,VirtualDiskFootprint,0
7913,.NET Runtime Optimization Service,4.8,Microsoft Corporation Inc.,Application,,C:\Windows\Microsoft.NET\Framework64\v4.0.30319,2.0,,
7913,64Bit MAPI Mail Agent,1.0,Foxit Software Inc.,Application,,C:\Program Files (x86)\Foxit Software\Foxit PDF Reader,1.0,,
7913,7-Zip 24.09 (x64),24.09,Igor Pavlov,Add/Remove Programs,,C:\Program Files\7-Zip\,,,
7913,7-Zip Console,24.09,Igor Pavlov,Application,,C:\Program Files\7-Zip,1.0,,
7913,7-Zip File Manager,24.09,Igor Pavlov,Application,,C:\Program Files\7-Zip,1.0,,
7913,7-Zip GUI,24.09,Igor Pavlov,Application,,C:\Program Files\7-Zip,1.0,,
7913,Accounts Control Host,10.0,Microsoft Corporation Inc.,Application,,C:\Windows\SystemApps\Microsoft.AccountsControl_cw5n1h2txyewy,1.0,,
7913,AddSuggestedFoldersToLibraryDialog,10.0,Microsoft Corporation Inc.,Application,,C:\Windows\SystemApps\Microsoft.Windows.AddSuggestedFoldersToLibraryDialog_cw5n1h2txyewy,1.0,,
7913,Antimalware Core Service,4.18,Microsoft Corporation Inc.,Application,,C:\Program Files\Windows Defender,1.0,,
7913,Antimalware Service Executable,4.18,Microsoft Corporation Inc.,Application,,C:\Program Files\Windows Defender,1.0,,
7913,AppResolverUX,10.0,Microsoft Corporation Inc.,Application,,C:\Windows\SystemApps\Microsoft.Windows.AppResolverUX_cw5n1h2txyewy,1.0,,
7913,AsyncTextService,10.0,Microsoft Corporation Inc.,Application,,C:\Windows\SystemApps\Microsoft.AsyncTextService_8wekyb3d8bbwe,1.0,,
7913,Biometric Enrollment Host,10.0,Microsoft Corporation Inc.,Application,,C:\Windows\SystemApps\Microsoft.BioEnrollment_cw5n1h2txyewy,1.0,,
7913,BMC Client Management Agent,24.1.01.240624,BMC Software Inc.,Application,,C:\Program Files\BMC Software\Client Management\Client\bin,1.0,,
7913,BMC Client Management Certificate Generator,24.1.01.240624,BMC Software Inc.,Application,,C:\Program Files\BMC Software\Client Management\Client\bin,1.0,,
7913,BMC Client Management Chilli Interpreter,24.1.01.240624,BMC Software Inc.,Application,,C:\Program Files\BMC Software\Client Management\Client\bin,1.0,,
7913,BMC Client Management Direct Access Proxy Agent,24.1.01.240624,BMC Software Inc.,Application,,C:\Program Files\BMC Software\Client Management\Client\bin,1.0,,
7913,BMC Client Management Opswat Proxy Agent,24.1.01.240624,BMC Software Inc.,Application,,C:\Program Files\BMC Software\Client Management\Client\bin,1.0,,
7913,BMC Client Management Package Viewer,24.1.01.240624,BMC Software Inc.,Application,,C:\Program Files\BMC Software\Client Management\Client\bin,1.0,,
7913,BMC Client Management Patch Broker,24.1.01.240624,BMC Software Inc.,Application,,C:\Program Files\BMC Software\Client Management\Client\bin,1.0,,
7913,BMC Client Management Proxy Agent,24.1.01.240624,BMC Software Inc.,Application,,C:\Program Files\BMC Software\Client Management\Client\bin,1.0,,
7913,BMC Client Management Remote Control proxy,24.1.01.240624,BMC Software Inc.,Application,,C:\Program Files\BMC Software\Client Management\Client\bin,1.0,,
7913,BMC Client Management SCAP,24.1.01.240624,BMC Software Inc.,Application,,C:\Program Files\BMC Software\Client Management\Client\bin,1.0,,
7913,BMC Client Management Video Proxy Agent,24.1.01.240624,BMC Software Inc.,Application,,C:\Program Files\BMC Software\Client Management\Client\bin,1.0,,
7913,Boot File Servicing Utility,10.0,Microsoft Corporation Inc.,Application,,C:\Windows,1.0,,
7913,Browser Protection Native Messaging Host,4.18,Microsoft Corporation Inc.,Application,,C:\Program Files\Windows Defender,1.0,,
7913,BrowserCore,10.0,Microsoft Corporation Inc.,Application,,C:\Windows\BrowserCore,1.0,,
7913,CameraBarcodeScannerPreview,10.0,Microsoft Corporation Inc.,Application,,C:\Windows\SystemApps\Windows.CBSPreview_cw5n1h2txyewy,1.0,,
7913,ChromeEnterpriseCompanion,143.0,Google LLC,Application,,C:\Windows\SystemTemp\scoped_dir5376_1194645079\scoped_dir5376_338349130,1.0,,
7913,CL5,9.6,Ivanti,Application,,C:\Program Files\BMC Software\Client Management\Client\data\PatchManagementPremium\workspace,1.0,,
7913,ClickOnce,4.8,Microsoft Corporation Inc.,Application,,C:\Windows\Microsoft.NET\Framework64\v4.0.30319,3.0,,
7913,Common User Interface,5.8,Musarubra US LLC.,Application,,C:\Program Files\McAfee\Agent\x86,1.0,,
7913,Credential Dialog Host,10.0,Microsoft Corporation Inc.,Application,,C:\Windows\SystemApps\microsoft.creddialoghost_cw5n1h2txyewy,1.0,,
7913,CrowdStrike Device Control,7.29,CrowdStrike Inc.,Add/Remove Programs,"November 14, 2025 12:00:00 AM",,,,
7913,CrowdStrike Device Control Support Tool,7.29,CrowdStrike Inc.,Application,,C:\Program Files\CrowdStrike,1.0,,
7913,CrowdStrike Falcon Connector,7.32,CrowdStrike Inc.,Application,,C:\Program Files\CrowdStrike,1.0,,
7913,CrowdStrike Falcon Sensor,7.32,CrowdStrike Inc.,Application,,C:\Program Files\CrowdStrike,1.0,,
7913,CrowdStrike Falcon Sensor Controller,7.32,CrowdStrike Inc.,Application,,C:\Program Files\CrowdStrike,1.0,,
7913,CrowdStrike Falcon Sensor Service,7.32,CrowdStrike Inc.,Application,,C:\Program Files\CrowdStrike,1.0,,
7913,CrowdStrike Falcon Sensor Servlet Container,7.32,CrowdStrike Inc.,Application,,C:\Program Files\CrowdStrike,1.0,,
7913,CrowdStrike Falcon Sensor Settings Tool,7.32,CrowdStrike Inc.,Application,,C:\Program Files\CrowdStrike,1.0,,
7913,CrowdStrike Falcon Sensor System Tray Application,7.32,CrowdStrike Inc.,Application,,C:\Program Files\CrowdStrike,2.0,,
7913,CrowdStrike Firmware Analysis,7.14,CrowdStrike Inc.,Add/Remove Programs,"July 24, 2025 12:00:00 AM",,,,
7913,CrowdStrike Firmware Analysis Support Tool,7.14,CrowdStrike Inc.,Application,,C:\Program Files\CrowdStrike,1.0,,
7913,CrowdStrike On-Demand Scan Command-line Tool,7.32,CrowdStrike Inc.,Application,,C:\Program Files\CrowdStrike,1.0,,
7913,CrowdStrike On-Demand Scan Tool,7.32,CrowdStrike Inc.,Application,,C:\Program Files\CrowdStrike,1.0,,
7913,CrowdStrike Sensor Platform,7.32,CrowdStrike Inc.,Add/Remove Programs,"January 14, 2026 12:00:00 AM",,,,
7913,CrowdStrike Windows Sensor,7.32,CrowdStrike Inc.,Add/Remove Programs,"January 14, 2026 12:00:00 AM",,,,
7913,CxAudioSvc,1.0,Conexant Systems LLC.,Application,,C:\Windows\CxSvc,1.0,,
7913,EC App,10.0,Microsoft Corporation Inc.,Application,,C:\Windows\SystemApps\Microsoft.ECApp_8wekyb3d8bbwe,1.0,,
6955,.NET Runtime Optimization Service,4.8,Microsoft Corporation Inc.,Application,,C:\Windows\Microsoft.NET\Framework64\v4.0.30319,2.0,,
6955,64Bit MAPI Mail Agent,1.0,Foxit Software Inc.,Application,,C:\Program Files (x86)\Foxit Software\Foxit PDF Reader,1.0,,
6955,7-Zip 24.09 (x64),24.09,Igor Pavlov,Add/Remove Programs,,C:\Program Files\7-Zip\,,,
6955,7-Zip Console,24.09,Igor Pavlov,Application,,C:\Program Files\7-Zip,1.0,,
6955,7-Zip File Manager,24.09,Igor Pavlov,Application,,C:\Program Files\7-Zip,1.0,,
6955,7-Zip GUI,24.09,Igor Pavlov,Application,,C:\Program Files\7-Zip,1.0,,
6955,Accounts Control Host,10.0,Microsoft Corporation Inc.,Application,,C:\Windows\SystemApps\Microsoft.AccountsControl_cw5n1h2txyewy,1.0,,
6955,AddSuggestedFoldersToLibraryDialog,10.0,Microsoft Corporation Inc.,Application,,C:\Windows\SystemApps\Microsoft.Windows.AddSuggestedFoldersToLibraryDialog_cw5n1h2txyewy,1.0,,
6955,Antimalware Core Service,4.18,Microsoft Corporation Inc.,Application,,C:\Program Files\Windows Defender,1.0,,
6955,Antimalware Service Executable,4.18,Microsoft Corporation Inc.,Application,,C:\Program Files\Windows Defender,1.0,,
6955,AppResolverUX,10.0,Microsoft Corporation Inc.,Application,,C:\Windows\SystemApps\Microsoft.Windows.AppResolverUX_cw5n1h2txyewy,1.0,,
6955,AsyncTextService,10.0,Microsoft Corporation Inc.,Application,,C:\Windows\SystemApps\Microsoft.AsyncTextService_8wekyb3d8bbwe,1.0,,
6955,Biometric Enrollment Host,10.0,Microsoft Corporation Inc.,Application,,C:\Windows\SystemApps\Microsoft.BioEnrollment_cw5n1h2txyewy,1.0,,
6955,BMC Client Management Agent,24.1.01.240624,BMC Software Inc.,Application,,C:\Program Files\BMC Software\Client Management\Client\bin,1.0,,
6955,BMC Client Management Certificate Generator,24.1.01.240624,BMC Software Inc.,Application,,C:\Program Files\BMC Software\Client Management\Client\bin,1.0,,
6955,BMC Client Management Chilli Interpreter,24.1.01.240624,BMC Software Inc.,Application,,C:\Program Files\BMC Software\Client Management\Client\bin,1.0,,
6955,BMC Client Management Direct Access Proxy Agent,24.1.01.240624,BMC Software Inc.,Application,,C:\Program Files\BMC Software\Client Management\Client\bin,1.0,,
6955,BMC Client Management Opswat Proxy Agent,24.1.01.240624,BMC Software Inc.,Application,,C:\Program Files\BMC Software\Client Management\Client\bin,1.0,,
6955,BMC Client Management Package Viewer,24.1.01.240624,BMC Software Inc.,Application,,C:\Program Files\BMC Software\Client Management\Client\bin,1.0,,
6955,BMC Client Management Patch Broker,24.1.01.240624,BMC Software Inc.,Application,,C:\Program Files\BMC Software\Client Management\Client\bin,1.0,,
6955,BMC Client Management Proxy Agent,24.1.01.240624,BMC Software Inc.,Application,,C:\Program Files\BMC Software\Client Management\Client\bin,1.0,,
6955,BMC Client Management Remote Control proxy,24.1.01.240624,BMC Software Inc.,Application,,C:\Program Files\BMC Software\Client Management\Client\bin,1.0,,
6955,BMC Client Management SCAP,24.1.01.240624,BMC Software Inc.,Application,,C:\Program Files\BMC Software\Client Management\Client\bin,1.0,,
6955,BMC Client Management Video Proxy Agent,24.1.01.240624,BMC Software Inc.,Application,,C:\Program Files\BMC Software\Client Management\Client\bin,1.0,,
6955,Boot File Servicing Utility,10.0,Microsoft Corporation Inc.,Application,,C:\Windows,1.0,,
6955,Browser Protection Native Messaging Host,4.18,Microsoft Corporation Inc.,Application,,C:\Program Files\Windows Defender,1.0,,
6955,BrowserCore,10.0,Microsoft Corporation Inc.,Application,,C:\Windows\BrowserCore,1.0,,
6955,CameraBarcodeScannerPreview,10.0,Microsoft Corporation Inc.,Application,,C:\Windows\SystemApps\Windows.CBSPreview_cw5n1h2txyewy,1.0,,
6955,CL5,9.6,Ivanti,Application,,C:\Program Files\BMC Software\Client Management\Client\data\PatchManagementPremium\workspace,1.0,,
6955,ClickOnce,4.8,Microsoft Corporation Inc.,Application,,C:\Windows\Microsoft.NET\Framework64\v4.0.30319,3.0,,
6955,Common User Interface,5.8,Musarubra US LLC.,Application,,C:\Program Files\McAfee\Agent\x86,1.0,,
6955,Credential Dialog Host,10.0,Microsoft Corporation Inc.,Application,,C:\Windows\SystemApps\microsoft.creddialoghost_cw5n1h2txyewy,1.0,,
6955,CrowdStrike Device Control,7.29,CrowdStrike Inc.,Add/Remove Programs,"November 14, 2025 12:00:00 AM",,,,
6955,CrowdStrike Device Control Support Tool,7.29,CrowdStrike Inc.,Application,,C:\Program Files\CrowdStrike,1.0,,
6955,CrowdStrike Falcon Connector,7.32,CrowdStrike Inc.,Application,,C:\Program Files\CrowdStrike,1.0,,
6955,CrowdStrike Falcon Sensor,7.32,CrowdStrike Inc.,Application,,C:\Program Files\CrowdStrike,1.0,,
6955,CrowdStrike Falcon Sensor Controller,7.32,CrowdStrike Inc.,Application,,C:\Program Files\CrowdStrike,1.0,,
6955,CrowdStrike Falcon Sensor Service,7.32,CrowdStrike Inc.,Application,,C:\Program Files\CrowdStrike,1.0,,
6955,CrowdStrike Falcon Sensor Servlet Container,7.32,CrowdStrike Inc.,Application,,C:\Program Files\CrowdStrike,1.0,,
6955,CrowdStrike Falcon Sensor Settings Tool,7.32,CrowdStrike Inc.,Application,,C:\Program Files\CrowdStrike,1.0,,
6955,CrowdStrike Falcon Sensor System Tray Application,7.32,CrowdStrike Inc.,Application,,C:\Program Files\CrowdStrike,2.0,,
6955,CrowdStrike Firmware Analysis,7.14,CrowdStrike Inc.,Add/Remove Programs,"July 17, 2025 12:00:00 AM",,,,
6955,CrowdStrike Firmware Analysis Support Tool,7.14,CrowdStrike Inc.,Application,,C:\Program Files\CrowdStrike,1.0,,
6955,CrowdStrike On-Demand Scan Command-line Tool,7.32,CrowdStrike Inc.,Application,,C:\Program Files\CrowdStrike,1.0,,
6955,CrowdStrike On-Demand Scan Tool,7.32,CrowdStrike Inc.,Application,,C:\Program Files\CrowdStrike,1.0,,
6955,CrowdStrike Sensor Platform,7.32,CrowdStrike Inc.,Add/Remove Programs,"January 14, 2026 12:00:00 AM",,,,
6955,CrowdStrike Windows Sensor,7.32,CrowdStrike Inc.,Add/Remove Programs,"January 14, 2026 12:00:00 AM",,,,
6955,CxAudioSvc,1.0,Conexant Systems LLC.,Application,,C:\Windows\CxSvc,1.0,,
6955,EC App,10.0,Microsoft Corporation Inc.,Application,,C:\Windows\SystemApps\Microsoft.ECApp_8wekyb3d8bbwe,1.0,,
6955,File Explorer,10.0,Microsoft Corporation Inc.,Application,,C:\Windows\SystemApps\Microsoft.Windows.FileExplorer_cw5n1h2txyewy,1.0,,
7041,.NET Framework,3.0,Microsoft Corporation Inc.,Application,,C:\Windows\Microsoft.NET\Framework64\v3.0\Windows Communication Foundation,2.0,,
7041,.NET Runtime Optimization Service,4.8,Microsoft Corporation Inc.,Application,,C:\Windows\Microsoft.NET\Framework64\v4.0.30319,2.0,,
7041,.NET Runtime Optimization Service,2.0,Microsoft Corporation Inc.,Application,,C:\Windows\Microsoft.NET\Framework64\v2.0.50727,2.0,,
7041,64Bit MAPI Mail Agent,1.0,Foxit Software Inc.,Application,,C:\Program Files (x86)\Foxit Software\Foxit PDF Reader,1.0,,
7041,7-Zip 24.08 (x64 edition),24.08,Igor Pavlov,Add/Remove Programs,"November 29, 2024 12:00:00 AM",,,,
7041,7-Zip Console,24.08,Igor Pavlov,Application,,C:\Program Files\7-Zip,1.0,,
7041,7-Zip File Manager,24.08,Igor Pavlov,Application,,C:\Program Files\7-Zip,1.0,,
7041,7-Zip GUI,24.08,Igor Pavlov,Application,,C:\Program Files\7-Zip,1.0,,
7041,AAD token broker plugin,10.0,Microsoft Corporation Inc.,Application,,C:\Windows\SystemApps\Microsoft.AAD.BrokerPlugin_cw5n1h2txyewy,1.0,,
7041,Accounts Control Host,10.0,Microsoft Corporation Inc.,Application,,C:\Windows\SystemApps\Microsoft.AccountsControl_cw5n1h2txyewy,1.0,,
7041,AddSuggestedFoldersToLibraryDialog,10.0,Microsoft Corporation Inc.,Application,,C:\Windows\SystemApps\Microsoft.Windows.AddSuggestedFoldersToLibraryDialog_cw5n1h2txyewy,1.0,,
7041,Antimalware Service Executable,4.18,Microsoft Corporation Inc.,Application,,C:\Program Files\Windows Defender,1.0,,
7041,AppResolverUX,10.0,Microsoft Corporation Inc.,Application,,C:\Windows\SystemApps\Microsoft.Windows.AppResolverUX_cw5n1h2txyewy,1.0,,
7041,AsyncTextService,10.0,Microsoft Corporation Inc.,Application,,C:\Windows\SystemApps\Microsoft.AsyncTextService_8wekyb3d8bbwe,1.0,,
7041,Biometric Enrollment Host,10.0,Microsoft Corporation Inc.,Application,,C:\Windows\SystemApps\Microsoft.BioEnrollment_cw5n1h2txyewy,1.0,,
7041,BMC Client Management Agent,24.1.01.240624,BMC Software Inc.,Application,,C:\Program Files\BMC Software\Client Management\Client\bin,1.0,,
7041,BMC Client Management Certificate Generator,24.1.01.240624,BMC Software Inc.,Application,,C:\Program Files\BMC Software\Client Management\Client\bin,1.0,,
7041,BMC Client Management Chilli Interpreter,24.1.01.240624,BMC Software Inc.,Application,,C:\Program Files\BMC Software\Client Management\Client\bin,1.0,,
7041,BMC Client Management Direct Access Proxy Agent,24.1.01.240624,BMC Software Inc.,Application,,C:\Program Files\BMC Software\Client Management\Client\bin,1.0,,
7041,BMC Client Management Opswat Proxy Agent,24.1.01.240624,BMC Software Inc.,Application,,C:\Program Files\BMC Software\Client Management\Client\bin,1.0,,
7041,BMC Client Management Package Viewer,24.1.01.240624,BMC Software Inc.,Application,,C:\Program Files\BMC Software\Client Management\Client\bin,1.0,,
7041,BMC Client Management Patch Broker,24.1.01.240624,BMC Software Inc.,Application,,C:\Program Files\BMC Software\Client Management\Client\bin,1.0,,
7041,BMC Client Management Proxy Agent,24.1.01.240624,BMC Software Inc.,Application,,C:\Program Files\BMC Software\Client Management\Client\bin,1.0,,
7041,BMC Client Management Remote Control proxy,24.1.01.240624,BMC Software Inc.,Application,,C:\Program Files\BMC Software\Client Management\Client\bin,1.0,,
7041,BMC Client Management SCAP,24.1.01.240624,BMC Software Inc.,Application,,C:\Program Files\BMC Software\Client Management\Client\bin,1.0,,
7041,BMC Client Management Video Proxy Agent,24.1.01.240624,BMC Software Inc.,Application,,C:\Program Files\BMC Software\Client Management\Client\bin,1.0,,
7041,Boot File Servicing Utility,10.0,Microsoft Corporation Inc.,Application,,C:\Windows,1.0,,
7041,BrowserCore,10.0,Microsoft Corporation Inc.,Application,,C:\Windows\BrowserCore,1.0,,
7041,Calling App to host call progress on shell,10.0,Microsoft Corporation Inc.,Application,,C:\Windows\SystemApps\Microsoft.Windows.CallingShellApp_cw5n1h2txyewy,1.0,,
7041,CameraBarcodeScannerPreview,10.0,Microsoft Corporation Inc.,Application,,C:\Windows\SystemApps\Windows.CBSPreview_cw5n1h2txyewy,1.0,,
7041,CL5,9.6,Ivanti,Application,,C:\Program Files\BMC Software\Client Management\Client\data\PatchManagementPremium\workspace,1.0,,
7041,ClickOnce,4.8,Microsoft Corporation Inc.,Application,,C:\Windows\Microsoft.NET\Framework64\v4.0.30319,3.0,,
7041,Common User Interface,5.8,Musarubra US LLC.,Application,,C:\Program Files\McAfee\Agent\x86,1.0,,
7041,Credential Dialog Host,10.0,Microsoft Corporation Inc.,Application,,C:\Windows\SystemApps\microsoft.creddialoghost_cw5n1h2txyewy,1.0,,
7041,CrowdStrike Device Control,7.29,CrowdStrike Inc.,Add/Remove Programs,"November 14, 2025 12:00:00 AM",,,,
7041,CrowdStrike Device Control Support Tool,7.29,CrowdStrike Inc.,Application,,C:\Program Files\CrowdStrike,1.0,,
7041,CrowdStrike Falcon Connector,7.32,CrowdStrike Inc.,Application,,C:\Program Files\CrowdStrike,1.0,,
7041,CrowdStrike Falcon Sensor,7.32,CrowdStrike Inc.,Application,,C:\Program Files\CrowdStrike,1.0,,
7041,CrowdStrike Falcon Sensor Controller,7.32,CrowdStrike Inc.,Application,,C:\Program Files\CrowdStrike,1.0,,
7041,CrowdStrike Falcon Sensor Service,7.32,CrowdStrike Inc.,Application,,C:\Program Files\CrowdStrike,1.0,,
7041,CrowdStrike Falcon Sensor Servlet Container,7.32,CrowdStrike Inc.,Application,,C:\Program Files\CrowdStrike,1.0,,
7041,CrowdStrike Falcon Sensor Settings Tool,7.32,CrowdStrike Inc.,Application,,C:\Program Files\CrowdStrike,1.0,,
7041,CrowdStrike Falcon Sensor System Tray Application,7.32,CrowdStrike Inc.,Application,,C:\Program Files\CrowdStrike,2.0,,
7041,CrowdStrike Firmware Analysis,7.14,CrowdStrike Inc.,Add/Remove Programs,"April 17, 2025 12:00:00 AM",,,,
7041,CrowdStrike Firmware Analysis Support Tool,7.14,CrowdStrike Inc.,Application,,C:\Program Files\CrowdStrike,1.0,,
7041,CrowdStrike On-Demand Scan Command-line Tool,7.32,CrowdStrike Inc.,Application,,C:\Program Files\CrowdStrike,1.0,,
7041,CrowdStrike On-Demand Scan Tool,7.32,CrowdStrike Inc.,Application,,C:\Program Files\CrowdStrike,1.0,,
7041,CrowdStrike Sensor Platform,7.32,CrowdStrike Inc.,Add/Remove Programs,"January 14, 2026 12:00:00 AM",,,,
7041,CrowdStrike Windows Sensor,7.32,CrowdStrike Inc.,Add/Remove Programs,"January 14, 2026 12:00:00 AM",,,,
7041,CxAudioSvc,1.0,Conexant Systems LLC.,Application,,C:\Windows\CxSvc,1.0,,
6962,.NET Framework,3.0,Microsoft Corporation Inc.,Application,,C:\Windows\Microsoft.NET\Framework64\v3.0\Windows Communication Foundation,2.0,,
6962,.NET Runtime Optimization Service,4.8,Microsoft Corporation Inc.,Application,,C:\Windows\Microsoft.NET\Framework64\v4.0.30319,2.0,,
6962,.NET Runtime Optimization Service,2.0,Microsoft Corporation Inc.,Application,,C:\Windows\Microsoft.NET\Framework64\v2.0.50727,2.0,,
6962,64Bit MAPI Mail Agent,1.0,Foxit Software Inc.,Application,,C:\Program Files (x86)\Foxit Software\Foxit PDF Reader,1.0,,
6962,7-Zip 24.08 (x64 edition),24.08,Igor Pavlov,Add/Remove Programs,"November 29, 2024 12:00:00 AM",,,,
6962,7-Zip Console,24.08,Igor Pavlov,Application,,C:\Program Files\7-Zip,1.0,,
6962,7-Zip File Manager,24.08,Igor Pavlov,Application,,C:\Program Files\7-Zip,1.0,,
6962,7-Zip GUI,24.08,Igor Pavlov,Application,,C:\Program Files\7-Zip,1.0,,
6962,AAD token broker plugin,10.0,Microsoft Corporation Inc.,Application,,C:\Windows\SystemApps\Microsoft.AAD.BrokerPlugin_cw5n1h2txyewy,1.0,,
6962,Accounts Control Host,10.0,Microsoft Corporation Inc.,Application,,C:\Windows\SystemApps\Microsoft.AccountsControl_cw5n1h2txyewy,1.0,,
6962,AddSuggestedFoldersToLibraryDialog,10.0,Microsoft Corporation Inc.,Application,,C:\Windows\SystemApps\Microsoft.Windows.AddSuggestedFoldersToLibraryDialog_cw5n1h2txyewy,1.0,,
6962,Antimalware Service Executable,4.18,Microsoft Corporation Inc.,Application,,C:\Program Files\Windows Defender,1.0,,
6962,AppResolverUX,10.0,Microsoft Corporation Inc.,Application,,C:\Windows\SystemApps\Microsoft.Windows.AppResolverUX_cw5n1h2txyewy,1.0,,
6962,AsyncTextService,10.0,Microsoft Corporation Inc.,Application,,C:\Windows\SystemApps\Microsoft.AsyncTextService_8wekyb3d8bbwe,1.0,,
6962,Biometric Enrollment Host,10.0,Microsoft Corporation Inc.,Application,,C:\Windows\SystemApps\Microsoft.BioEnrollment_cw5n1h2txyewy,1.0,,
6962,BMC Client Management Agent,24.1.01.240624,BMC Software Inc.,Application,,C:\Program Files\BMC Software\Client Management\Client\bin,1.0,,
6962,BMC Client Management Certificate Generator,24.1.01.240624,BMC Software Inc.,Application,,C:\Program Files\BMC Software\Client Management\Client\bin,1.0,,
6962,BMC Client Management Chilli Interpreter,24.1.01.240624,BMC Software Inc.,Application,,C:\Program Files\BMC Software\Client Management\Client\bin,1.0,,
6962,BMC Client Management Direct Access Proxy Agent,24.1.01.240624,BMC Software Inc.,Application,,C:\Program Files\BMC Software\Client Management\Client\bin,1.0,,
6962,BMC Client Management Opswat Proxy Agent,24.1.01.240624,BMC Software Inc.,Application,,C:\Program Files\BMC Software\Client Management\Client\bin,1.0,,
6962,BMC Client Management Package Viewer,24.1.01.240624,BMC Software Inc.,Application,,C:\Program Files\BMC Software\Client Management\Client\bin,1.0,,
6962,BMC Client Management Patch Broker,24.1.01.240624,BMC Software Inc.,Application,,C:\Program Files\BMC Software\Client Management\Client\bin,1.0,,
6962,BMC Client Management Proxy Agent,24.1.01.240624,BMC Software Inc.,Application,,C:\Program Files\BMC Software\Client Management\Client\bin,1.0,,
6962,BMC Client Management Remote Control proxy,24.1.01.240624,BMC Software Inc.,Application,,C:\Program Files\BMC Software\Client Management\Client\bin,1.0,,
6962,BMC Client Management SCAP,24.1.01.240624,BMC Software Inc.,Application,,C:\Program Files\BMC Software\Client Management\Client\bin,1.0,,
6962,BMC Client Management Video Proxy Agent,24.1.01.240624,BMC Software Inc.,Application,,C:\Program Files\BMC Software\Client Management\Client\bin,1.0,,
6962,Boot File Servicing Utility,10.0,Microsoft Corporation Inc.,Application,,C:\Windows,1.0,,
6962,BrowserCore,10.0,Microsoft Corporation Inc.,Application,,C:\Windows\BrowserCore,1.0,,
6962,Calling App to host call progress on shell,10.0,Microsoft Corporation Inc.,Application,,C:\Windows\SystemApps\Microsoft.Windows.CallingShellApp_cw5n1h2txyewy,1.0,,
6962,CameraBarcodeScannerPreview,10.0,Microsoft Corporation Inc.,Application,,C:\Windows\SystemApps\Windows.CBSPreview_cw5n1h2txyewy,1.0,,
6962,CL5,9.6,Ivanti,Application,,C:\Program Files\BMC Software\Client Management\Client\data\PatchManagementPremium\workspace,4.0,,
6962,ClickOnce,4.8,Microsoft Corporation Inc.,Application,,C:\Windows\Microsoft.NET\Framework64\v4.0.30319,3.0,,
6962,Common User Interface,5.8,Musarubra US LLC.,Application,,C:\Program Files\McAfee\Agent\x86,1.0,,
6962,Credential Dialog Host,10.0,Microsoft Corporation Inc.,Application,,C:\Windows\SystemApps\microsoft.creddialoghost_cw5n1h2txyewy,1.0,,
6962,CrowdStrike Device Control,7.29,CrowdStrike Inc.,Add/Remove Programs,"November 14, 2025 12:00:00 AM",,,,
6962,CrowdStrike Device Control Support Tool,7.29,CrowdStrike Inc.,Application,,C:\Program Files\CrowdStrike,1.0,,
6962,CrowdStrike Falcon Connector,7.32,CrowdStrike Inc.,Application,,C:\Program Files\CrowdStrike,1.0,,
6962,CrowdStrike Falcon Sensor,7.32,CrowdStrike Inc.,Application,,C:\Program Files\CrowdStrike,1.0,,
6962,CrowdStrike Falcon Sensor Controller,7.32,CrowdStrike Inc.,Application,,C:\Program Files\CrowdStrike,1.0,,
6962,CrowdStrike Falcon Sensor Service,7.32,CrowdStrike Inc.,Application,,C:\Program Files\CrowdStrike,1.0,,
6962,CrowdStrike Falcon Sensor Servlet Container,7.32,CrowdStrike Inc.,Application,,C:\Program Files\CrowdStrike,1.0,,
6962,CrowdStrike Falcon Sensor Settings Tool,7.32,CrowdStrike Inc.,Application,,C:\Program Files\CrowdStrike,1.0,,
6962,CrowdStrike Falcon Sensor System Tray Application,7.32,CrowdStrike Inc.,Application,,C:\Program Files\CrowdStrike,2.0,,
6962,CrowdStrike Firmware Analysis,7.14,CrowdStrike Inc.,Add/Remove Programs,"June 18, 2025 12:00:00 AM",,,,
6962,CrowdStrike Firmware Analysis Support Tool,7.14,CrowdStrike Inc.,Application,,C:\Program Files\CrowdStrike,1.0,,
6962,CrowdStrike On-Demand Scan Command-line Tool,7.32,CrowdStrike Inc.,Application,,C:\Program Files\CrowdStrike,1.0,,
6962,CrowdStrike On-Demand Scan Tool,7.32,CrowdStrike Inc.,Application,,C:\Program Files\CrowdStrike,1.0,,
6962,CrowdStrike Sensor Platform,7.32,CrowdStrike Inc.,Add/Remove Programs,"January 14, 2026 12:00:00 AM",,,,
6962,CrowdStrike Windows Sensor,7.32,CrowdStrike Inc.,Add/Remove Programs,"January 14, 2026 12:00:00 AM",,,,
6962,CxAudioSvc,1.0,Conexant Systems LLC.,Application,,C:\Windows\CxSvc,1.0,,
6951,.NET Framework,3.0,Microsoft Corporation Inc.,Application,,C:\Windows\Microsoft.NET\Framework64\v3.0\Windows Communication Foundation,2.0,,
6951,.NET Runtime Optimization Service,4.8,Microsoft Corporation Inc.,Application,,C:\Windows\Microsoft.NET\Framework64\v4.0.30319,2.0,,
6951,.NET Runtime Optimization Service,2.0,Microsoft Corporation Inc.,Application,,C:\Windows\Microsoft.NET\Framework64\v2.0.50727,2.0,,
6951,64Bit MAPI Mail Agent,1.0,Foxit Software Inc.,Application,,C:\Program Files (x86)\Foxit Software\Foxit PDF Reader,1.0,,
6951,7-Zip 24.08 (x64 edition),24.08,Igor Pavlov,Add/Remove Programs,"November 28, 2024 12:00:00 AM",,,,
6951,7-Zip Console,24.08,Igor Pavlov,Application,,C:\Program Files\7-Zip,1.0,,
6951,7-Zip File Manager,24.08,Igor Pavlov,Application,,C:\Program Files\7-Zip,1.0,,
6951,7-Zip GUI,24.08,Igor Pavlov,Application,,C:\Program Files\7-Zip,1.0,,
6951,AAD token broker plugin,10.0,Microsoft Corporation Inc.,Application,,C:\Windows\SystemApps\Microsoft.AAD.BrokerPlugin_cw5n1h2txyewy,1.0,,
6951,Accounts Control Host,10.0,Microsoft Corporation Inc.,Application,,C:\Windows\SystemApps\Microsoft.AccountsControl_cw5n1h2txyewy,1.0,,
6951,AddSuggestedFoldersToLibraryDialog,10.0,Microsoft Corporation Inc.,Application,,C:\Windows\SystemApps\Microsoft.Windows.AddSuggestedFoldersToLibraryDialog_cw5n1h2txyewy,1.0,,
6951,Antimalware Service Executable,4.18,Microsoft Corporation Inc.,Application,,C:\Program Files\Windows Defender,1.0,,
6951,AppResolverUX,10.0,Microsoft Corporation Inc.,Application,,C:\Windows\SystemApps\Microsoft.Windows.AppResolverUX_cw5n1h2txyewy,1.0,,
6951,AsyncTextService,10.0,Microsoft Corporation Inc.,Application,,C:\Windows\SystemApps\Microsoft.AsyncTextService_8wekyb3d8bbwe,1.0,,
6951,Biometric Enrollment Host,10.0,Microsoft Corporation Inc.,Application,,C:\Windows\SystemApps\Microsoft.BioEnrollment_cw5n1h2txyewy,1.0,,
6951,BMC Client Management Agent,24.1.01.240624,BMC Software Inc.,Application,,C:\Program Files\BMC Software\Client Management\Client\bin,1.0,,
6951,BMC Client Management Certificate Generator,24.1.01.240624,BMC Software Inc.,Application,,C:\Program Files\BMC Software\Client Management\Client\bin,1.0,,
6951,BMC Client Management Chilli Interpreter,24.1.01.240624,BMC Software Inc.,Application,,C:\Program Files\BMC Software\Client Management\Client\bin,1.0,,
6951,BMC Client Management Direct Access Proxy Agent,24.1.01.240624,BMC Software Inc.,Application,,C:\Program Files\BMC Software\Client Management\Client\bin,1.0,,
6951,BMC Client Management Opswat Proxy Agent,24.1.01.240624,BMC Software Inc.,Application,,C:\Program Files\BMC Software\Client Management\Client\bin,1.0,,
6951,BMC Client Management Package Viewer,24.1.01.240624,BMC Software Inc.,Application,,C:\Program Files\BMC Software\Client Management\Client\bin,1.0,,
6951,BMC Client Management Patch Broker,24.1.01.240624,BMC Software Inc.,Application,,C:\Program Files\BMC Software\Client Management\Client\bin,1.0,,
6951,BMC Client Management Proxy Agent,24.1.01.240624,BMC Software Inc.,Application,,C:\Program Files\BMC Software\Client Management\Client\bin,1.0,,
6951,BMC Client Management Remote Control proxy,24.1.01.240624,BMC Software Inc.,Application,,C:\Program Files\BMC Software\Client Management\Client\bin,1.0,,
6951,BMC Client Management SCAP,24.1.01.240624,BMC Software Inc.,Application,,C:\Program Files\BMC Software\Client Management\Client\bin,1.0,,
6951,BMC Client Management Video Proxy Agent,24.1.01.240624,BMC Software Inc.,Application,,C:\Program Files\BMC Software\Client Management\Client\bin,1.0,,
6951,Boot File Servicing Utility,10.0,Microsoft Corporation Inc.,Application,,C:\Windows,1.0,,
6951,BrowserCore,10.0,Microsoft Corporation Inc.,Application,,C:\Windows\BrowserCore,1.0,,
6951,Calling App to host call progress on shell,10.0,Microsoft Corporation Inc.,Application,,C:\Windows\SystemApps\Microsoft.Windows.CallingShellApp_cw5n1h2txyewy,1.0,,
6951,CameraBarcodeScannerPreview,10.0,Microsoft Corporation Inc.,Application,,C:\Windows\SystemApps\Windows.CBSPreview_cw5n1h2txyewy,1.0,,
6951,CL5,9.6,Ivanti,Application,,C:\Program Files\BMC Software\Client Management\Client\data\PatchManagementPremium\workspace,5.0,,
6951,ClickOnce,4.8,Microsoft Corporation Inc.,Application,,C:\Windows\Microsoft.NET\Framework64\v4.0.30319,3.0,,
6951,Common User Interface,5.8,Musarubra US LLC.,Application,,C:\Program Files\McAfee\Agent\x86,1.0,,
6951,Credential Dialog Host,10.0,Microsoft Corporation Inc.,Application,,C:\Windows\SystemApps\microsoft.creddialoghost_cw5n1h2txyewy,1.0,,
6951,CrowdStrike Device Control,7.29,CrowdStrike Inc.,Add/Remove Programs,"November 14, 2025 12:00:00 AM",,,,
6951,CrowdStrike Device Control Support Tool,7.29,CrowdStrike Inc.,Application,,C:\Program Files\CrowdStrike,1.0,,
6951,CrowdStrike Falcon Connector,7.32,CrowdStrike Inc.,Application,,C:\Program Files\CrowdStrike,1.0,,
6951,CrowdStrike Falcon Sensor,7.32,CrowdStrike Inc.,Application,,C:\Program Files\CrowdStrike,1.0,,
6951,CrowdStrike Falcon Sensor Controller,7.32,CrowdStrike Inc.,Application,,C:\Program Files\CrowdStrike,1.0,,
6951,CrowdStrike Falcon Sensor Service,7.32,CrowdStrike Inc.,Application,,C:\Program Files\CrowdStrike,1.0,,
6951,CrowdStrike Falcon Sensor Servlet Container,7.32,CrowdStrike Inc.,Application,,C:\Program Files\CrowdStrike,1.0,,
6951,CrowdStrike Falcon Sensor Settings Tool,7.32,CrowdStrike Inc.,Application,,C:\Program Files\CrowdStrike,1.0,,
6951,CrowdStrike Falcon Sensor System Tray Application,7.32,CrowdStrike Inc.,Application,,C:\Program Files\CrowdStrike,2.0,,
6951,CrowdStrike Firmware Analysis,7.14,CrowdStrike Inc.,Add/Remove Programs,"June 18, 2025 12:00:00 AM",,,,
6951,CrowdStrike Firmware Analysis Support Tool,7.14,CrowdStrike Inc.,Application,,C:\Program Files\CrowdStrike,1.0,,
6951,CrowdStrike On-Demand Scan Command-line Tool,7.32,CrowdStrike Inc.,Application,,C:\Program Files\CrowdStrike,1.0,,
6951,CrowdStrike On-Demand Scan Tool,7.32,CrowdStrike Inc.,Application,,C:\Program Files\CrowdStrike,1.0,,
6951,CrowdStrike Sensor Platform,7.32,CrowdStrike Inc.,Add/Remove Programs,"January 14, 2026 12:00:00 AM",,,,
6951,CrowdStrike Windows Sensor,7.32,CrowdStrike Inc.,Add/Remove Programs,"January 14, 2026 12:00:00 AM",,,,
6951,CxAudioSvc,1.0,Conexant Systems LLC.,Application,,C:\Windows\CxSvc,1.0,,
6642,.NET Runtime Optimization Service,4.8,Microsoft Corporation Inc.,Application,,C:\Windows\Microsoft.NET\Framework64\v4.0.30319,2.0,,
6642,64Bit MAPI Mail Agent,1.0,Foxit Software Inc.,Application,,C:\Program Files (x86)\Foxit Software\Foxit PDF Reader,1.0,,
6642,7-Zip 24.09 (x64),24.09,Igor Pavlov,Add/Remove Programs,,C:\Program Files\7-Zip\,,,
6642,7-Zip Console,24.09,Igor Pavlov,Application,,C:\Program Files\7-Zip,1.0,,
6642,7-Zip File Manager,24.09,Igor Pavlov,Application,,C:\Program Files\7-Zip,1.0,,
6642,7-Zip GUI,24.09,Igor Pavlov,Application,,C:\Program Files\7-Zip,1.0,,
6642,Accounts Control Host,10.0,Microsoft Corporation Inc.,Application,,C:\Windows\SystemApps\Microsoft.AccountsControl_cw5n1h2txyewy,1.0,,
6642,AddSuggestedFoldersToLibraryDialog,10.0,Microsoft Corporation Inc.,Application,,C:\Windows\SystemApps\Microsoft.Windows.AddSuggestedFoldersToLibraryDialog_cw5n1h2txyewy,1.0,,
6642,Antimalware Core Service,4.18,Microsoft Corporation Inc.,Application,,C:\Program Files\Windows Defender,1.0,,
6642,Antimalware Service Executable,4.18,Microsoft Corporation Inc.,Application,,C:\Program Files\Windows Defender,1.0,,
6642,AppResolverUX,10.0,Microsoft Corporation Inc.,Application,,C:\Windows\SystemApps\Microsoft.Windows.AppResolverUX_cw5n1h2txyewy,1.0,,
6642,AsyncTextService,10.0,Microsoft Corporation Inc.,Application,,C:\Windows\SystemApps\Microsoft.AsyncTextService_8wekyb3d8bbwe,1.0,,
6642,Biometric Enrollment Host,10.0,Microsoft Corporation Inc.,Application,,C:\Windows\SystemApps\Microsoft.BioEnrollment_cw5n1h2txyewy,1.0,,
6642,BMC Client Management Agent,24.1.01.240624,BMC Software Inc.,Application,,C:\Program Files\BMC Software\Client Management\Client\bin,1.0,,
6642,BMC Client Management Certificate Generator,24.1.01.240624,BMC Software Inc.,Application,,C:\Program Files\BMC Software\Client Management\Client\bin,1.0,,
6642,BMC Client Management Chilli Interpreter,24.1.01.240624,BMC Software Inc.,Application,,C:\Program Files\BMC Software\Client Management\Client\bin,1.0,,
6642,BMC Client Management Direct Access Proxy Agent,24.1.01.240624,BMC Software Inc.,Application,,C:\Program Files\BMC Software\Client Management\Client\bin,1.0,,
6642,BMC Client Management Opswat Proxy Agent,24.1.01.240624,BMC Software Inc.,Application,,C:\Program Files\BMC Software\Client Management\Client\bin,1.0,,
6642,BMC Client Management Package Viewer,24.1.01.240624,BMC Software Inc.,Application,,C:\Program Files\BMC Software\Client Management\Client\bin,1.0,,
6642,BMC Client Management Patch Broker,24.1.01.240624,BMC Software Inc.,Application,,C:\Program Files\BMC Software\Client Management\Client\bin,1.0,,
6642,BMC Client Management Proxy Agent,24.1.01.240624,BMC Software Inc.,Application,,C:\Program Files\BMC Software\Client Management\Client\bin,1.0,,
6642,BMC Client Management Remote Control proxy,24.1.01.240624,BMC Software Inc.,Application,,C:\Program Files\BMC Software\Client Management\Client\bin,1.0,,
6642,BMC Client Management SCAP,24.1.01.240624,BMC Software Inc.,Application,,C:\Program Files\BMC Software\Client Management\Client\bin,1.0,,
6642,BMC Client Management Video Proxy Agent,24.1.01.240624,BMC Software Inc.,Application,,C:\Program Files\BMC Software\Client Management\Client\bin,1.0,,
6642,Boot File Servicing Utility,10.0,Microsoft Corporation Inc.,Application,,C:\Windows,1.0,,
6642,Browser Protection Native Messaging Host,4.18,Microsoft Corporation Inc.,Application,,C:\Program Files\Windows Defender,1.0,,
6642,BrowserCore,10.0,Microsoft Corporation Inc.,Application,,C:\Windows\BrowserCore,1.0,,
6642,CameraBarcodeScannerPreview,10.0,Microsoft Corporation Inc.,Application,,C:\Windows\SystemApps\Windows.CBSPreview_cw5n1h2txyewy,1.0,,
6642,ChromeEnterpriseCompanion,143.0,Google LLC,Application,,C:\Windows\SystemTemp\scoped_dir8220_642259461\scoped_dir8220_1607911637,1.0,,
6642,CL5,9.6,Ivanti,Application,,C:\Program Files\BMC Software\Client Management\Client\data\PatchManagementPremium\workspace,1.0,,
6642,ClickOnce,4.8,Microsoft Corporation Inc.,Application,,C:\Windows\Microsoft.NET\Framework64\v4.0.30319,3.0,,
6642,Common User Interface,5.8,Musarubra US LLC.,Application,,C:\Program Files\McAfee\Agent\x86,1.0,,
6642,Credential Dialog Host,10.0,Microsoft Corporation Inc.,Application,,C:\Windows\SystemApps\microsoft.creddialoghost_cw5n1h2txyewy,1.0,,
6642,CrowdStrike Device Control,7.29,CrowdStrike Inc.,Add/Remove Programs,"November 14, 2025 12:00:00 AM",,,,
6642,CrowdStrike Device Control Support Tool,7.29,CrowdStrike Inc.,Application,,C:\Program Files\CrowdStrike,1.0,,
6642,CrowdStrike Falcon Connector,7.32,CrowdStrike Inc.,Application,,C:\Program Files\CrowdStrike,1.0,,
6642,CrowdStrike Falcon Sensor,7.32,CrowdStrike Inc.,Application,,C:\Program Files\CrowdStrike,1.0,,
6642,CrowdStrike Falcon Sensor Controller,7.32,CrowdStrike Inc.,Application,,C:\Program Files\CrowdStrike,1.0,,
6642,CrowdStrike Falcon Sensor Service,7.32,CrowdStrike Inc.,Application,,C:\Program Files\CrowdStrike,1.0,,
6642,CrowdStrike Falcon Sensor Servlet Container,7.32,CrowdStrike Inc.,Application,,C:\Program Files\CrowdStrike,1.0,,
6642,CrowdStrike Falcon Sensor Settings Tool,7.32,CrowdStrike Inc.,Application,,C:\Program Files\CrowdStrike,1.0,,
6642,CrowdStrike Falcon Sensor System Tray Application,7.32,CrowdStrike Inc.,Application,,C:\Program Files\CrowdStrike,2.0,,
6642,CrowdStrike Firmware Analysis,7.14,CrowdStrike Inc.,Add/Remove Programs,"July 15, 2025 12:00:00 AM",,,,
6642,CrowdStrike Firmware Analysis Support Tool,7.14,CrowdStrike Inc.,Application,,C:\Program Files\CrowdStrike,1.0,,
6642,CrowdStrike On-Demand Scan Command-line Tool,7.32,CrowdStrike Inc.,Application,,C:\Program Files\CrowdStrike,1.0,,
6642,CrowdStrike On-Demand Scan Tool,7.32,CrowdStrike Inc.,Application,,C:\Program Files\CrowdStrike,1.0,,
6642,CrowdStrike Sensor Platform,7.32,CrowdStrike Inc.,Add/Remove Programs,"January 14, 2026 12:00:00 AM",,,,
6642,CrowdStrike Windows Sensor,7.32,CrowdStrike Inc.,Add/Remove Programs,"January 14, 2026 12:00:00 AM",,,,
6642,CxAudioSvc,1.0,Conexant Systems LLC.,Application,,C:\Windows\CxSvc,1.0,,
6642,EC App,10.0,Microsoft Corporation Inc.,Application,,C:\Windows\SystemApps\Microsoft.ECApp_8wekyb3d8bbwe,1.0,,
16388,.NET Runtime Optimization Service,4.8,Microsoft Corporation Inc.,Application,,C:\Windows\Microsoft.NET\Framework64\v4.0.30319,2.0,,
16388,64Bit MAPI Mail Agent,1.0,Foxit Software Inc.,Application,,C:\Program Files (x86)\Foxit Software\Foxit PDF Reader,1.0,,
16388,7-Zip 24.09 (x64),24.09,Igor Pavlov,Add/Remove Programs,,C:\Program Files\7-Zip\,,,
16388,7-Zip Console,24.09,Igor Pavlov,Application,,C:\Program Files\7-Zip,1.0,,
16388,7-Zip File Manager,24.09,Igor Pavlov,Application,,C:\Program Files\7-Zip,1.0,,
16388,7-Zip GUI,24.09,Igor Pavlov,Application,,C:\Program Files\7-Zip,1.0,,
16388,Accounts Control Host,10.0,Microsoft Corporation Inc.,Application,,C:\Windows\SystemApps\Microsoft.AccountsControl_cw5n1h2txyewy,1.0,,
16388,AddSuggestedFoldersToLibraryDialog,10.0,Microsoft Corporation Inc.,Application,,C:\Windows\SystemApps\Microsoft.Windows.AddSuggestedFoldersToLibraryDialog_cw5n1h2txyewy,1.0,,
16388,Adobe Photoshop 14 CC Portable,2013.12,www.CWER.ws/portable,Application,,D:\IDB BEKASI 2\ACHIEVMENT 2024\IAN PW\yes,1.0,,
16388,Adobe Photoshop CC,,Adobe Systems Incorporated,Application,,D:\IDB BEKASI 2\ACHIEVMENT 2024\IAN PW\yes\App\Ps,1.0,,
16388,Adobe Photoshop Droplet,,Adobe Systems Incorporated,Application,,D:\IDB BEKASI 2\ACHIEVMENT 2024\IAN PW\yes\App\Ps\Required,1.0,,
16388,Adobe Photoshop GPU Sniffer,14.2,Adobe Systems Incorporated,Application,,D:\IDB BEKASI 2\ACHIEVMENT 2024\IAN PW\yes\App\Ps,1.0,,
16388,Antimalware Core Service,4.18,Microsoft Corporation Inc.,Application,,C:\Program Files\Windows Defender,1.0,,
16388,Antimalware Service Executable,4.18,Microsoft Corporation Inc.,Application,,C:\Program Files\Windows Defender,1.0,,
16388,AppResolverUX,10.0,Microsoft Corporation Inc.,Application,,C:\Windows\SystemApps\Microsoft.Windows.AppResolverUX_cw5n1h2txyewy,1.0,,
16388,AsyncTextService,10.0,Microsoft Corporation Inc.,Application,,C:\Windows\SystemApps\Microsoft.AsyncTextService_8wekyb3d8bbwe,1.0,,
16388,Biometric Enrollment Host,10.0,Microsoft Corporation Inc.,Application,,C:\Windows\SystemApps\Microsoft.BioEnrollment_cw5n1h2txyewy,1.0,,
16388,BMC Client Management Agent,24.1.01.240624,BMC Software Inc.,Application,,C:\Program Files\BMC Software\Client Management\Client\bin,1.0,,
16388,BMC Client Management Certificate Generator,24.1.01.240624,BMC Software Inc.,Application,,C:\Program Files\BMC Software\Client Management\Client\bin,1.0,,
16388,BMC Client Management Chilli Interpreter,24.1.01.240624,BMC Software Inc.,Application,,C:\Program Files\BMC Software\Client Management\Client\bin,1.0,,
16388,BMC Client Management Direct Access Proxy Agent,24.1.01.240624,BMC Software Inc.,Application,,C:\Program Files\BMC Software\Client Management\Client\bin,1.0,,
16388,BMC Client Management Opswat Proxy Agent,24.1.01.240624,BMC Software Inc.,Application,,C:\Program Files\BMC Software\Client Management\Client\bin,1.0,,
16388,BMC Client Management Package Viewer,24.1.01.240624,BMC Software Inc.,Application,,C:\Program Files\BMC Software\Client Management\Client\bin,1.0,,
16388,BMC Client Management Patch Broker,24.1.01.240624,BMC Software Inc.,Application,,C:\Program Files\BMC Software\Client Management\Client\bin,1.0,,
16388,BMC Client Management Proxy Agent,24.1.01.240624,BMC Software Inc.,Application,,C:\Program Files\BMC Software\Client Management\Client\bin,1.0,,
16388,BMC Client Management Remote Control proxy,24.1.01.240624,BMC Software Inc.,Application,,C:\Program Files\BMC Software\Client Management\Client\bin,1.0,,
16388,BMC Client Management SCAP,24.1.01.240624,BMC Software Inc.,Application,,C:\Program Files\BMC Software\Client Management\Client\bin,1.0,,
16388,BMC Client Management Video Proxy Agent,24.1.01.240624,BMC Software Inc.,Application,,C:\Program Files\BMC Software\Client Management\Client\bin,1.0,,
16388,Boot File Servicing Utility,10.0,Microsoft Corporation Inc.,Application,,C:\Windows,1.0,,
16388,Browser Protection Native Messaging Host,4.18,Microsoft Corporation Inc.,Application,,C:\Program Files\Windows Defender,1.0,,
16388,BrowserCore,10.0,Microsoft Corporation Inc.,Application,,C:\Windows\BrowserCore,1.0,,
16388,CameraBarcodeScannerPreview,10.0,Microsoft Corporation Inc.,Application,,C:\Windows\SystemApps\Windows.CBSPreview_cw5n1h2txyewy,1.0,,
16388,ChromeEnterpriseCompanion,143.0,Google LLC,Application,,C:\Windows\SystemTemp\scoped_dir20652_1972594953\scoped_dir20652_1893796667,1.0,,
16388,CL5,9.6,Ivanti,Application,,C:\Program Files\BMC Software\Client Management\Client\data\PatchManagementPremium\workspace,1.0,,
16388,ClickOnce,4.8,Microsoft Corporation Inc.,Application,,C:\Windows\Microsoft.NET\Framework64\v4.0.30319,3.0,,
16388,Common User Interface,5.8,Musarubra US LLC.,Application,,C:\Program Files\McAfee\Agent\x86,1.0,,
16388,Credential Dialog Host,10.0,Microsoft Corporation Inc.,Application,,C:\Windows\SystemApps\microsoft.creddialoghost_cw5n1h2txyewy,1.0,,
16388,CrowdStrike Device Control,7.29,CrowdStrike Inc.,Add/Remove Programs,"November 14, 2025 12:00:00 AM",,,,
16388,CrowdStrike Device Control Support Tool,7.29,CrowdStrike Inc.,Application,,C:\Program Files\CrowdStrike,1.0,,
16388,CrowdStrike Falcon Connector,7.32,CrowdStrike Inc.,Application,,C:\Program Files\CrowdStrike,1.0,,
16388,CrowdStrike Falcon Sensor,7.32,CrowdStrike Inc.,Application,,C:\Program Files\CrowdStrike,1.0,,
16388,CrowdStrike Falcon Sensor Controller,7.32,CrowdStrike Inc.,Application,,C:\Program Files\CrowdStrike,1.0,,
16388,CrowdStrike Falcon Sensor Service,7.32,CrowdStrike Inc.,Application,,C:\Program Files\CrowdStrike,1.0,,
16388,CrowdStrike Falcon Sensor Servlet Container,7.32,CrowdStrike Inc.,Application,,C:\Program Files\CrowdStrike,1.0,,
16388,CrowdStrike Falcon Sensor Settings Tool,7.32,CrowdStrike Inc.,Application,,C:\Program Files\CrowdStrike,1.0,,
16388,CrowdStrike Falcon Sensor System Tray Application,7.32,CrowdStrike Inc.,Application,,C:\Program Files\CrowdStrike,2.0,,
16388,CrowdStrike Firmware Analysis,7.14,CrowdStrike Inc.,Add/Remove Programs,"July 14, 2025 12:00:00 AM",,,,
16388,CrowdStrike Firmware Analysis Support Tool,7.14,CrowdStrike Inc.,Application,,C:\Program Files\CrowdStrike,1.0,,
16388,CrowdStrike On-Demand Scan Command-line Tool,7.32,CrowdStrike Inc.,Application,,C:\Program Files\CrowdStrike,1.0,,
16388,CrowdStrike On-Demand Scan Tool,7.32,CrowdStrike Inc.,Application,,C:\Program Files\CrowdStrike,1.0,,
6695,.NET Runtime Optimization Service,4.8,Microsoft Corporation Inc.,Application,,C:\Windows\Microsoft.NET\Framework64\v4.0.30319,2.0,,
6695,64Bit MAPI Mail Agent,1.0,Foxit Software Inc.,Application,,C:\Program Files (x86)\Foxit Software\Foxit PDF Reader,1.0,,
6695,7-Zip 24.08 (x64 edition),24.08,Igor Pavlov,Add/Remove Programs,"November 29, 2024 12:00:00 AM",,,,
6695,7-Zip Console,24.08,Igor Pavlov,Application,,C:\Program Files\7-Zip,1.0,,
6695,7-Zip File Manager,24.08,Igor Pavlov,Application,,C:\Program Files\7-Zip,1.0,,
6695,7-Zip GUI,24.08,Igor Pavlov,Application,,C:\Program Files\7-Zip,1.0,,
6695,AAD token broker plugin,10.0,Microsoft Corporation Inc.,Application,,C:\Windows\SystemApps\Microsoft.AAD.BrokerPlugin_cw5n1h2txyewy,1.0,,
6695,Accounts Control Host,10.0,Microsoft Corporation Inc.,Application,,C:\Windows\SystemApps\Microsoft.AccountsControl_cw5n1h2txyewy,1.0,,
6695,AddSuggestedFoldersToLibraryDialog,10.0,Microsoft Corporation Inc.,Application,,C:\Windows\SystemApps\Microsoft.Windows.AddSuggestedFoldersToLibraryDialog_cw5n1h2txyewy,1.0,,
6695,Antimalware Service Executable,4.18,Microsoft Corporation Inc.,Application,,C:\Program Files\Windows Defender,1.0,,
6695,AppResolverUX,10.0,Microsoft Corporation Inc.,Application,,C:\Windows\SystemApps\Microsoft.Windows.AppResolverUX_cw5n1h2txyewy,1.0,,
6695,AsyncTextService,10.0,Microsoft Corporation Inc.,Application,,C:\Windows\SystemApps\Microsoft.AsyncTextService_8wekyb3d8bbwe,1.0,,
6695,Biometric Enrollment Host,10.0,Microsoft Corporation Inc.,Application,,C:\Windows\SystemApps\Microsoft.BioEnrollment_cw5n1h2txyewy,1.0,,
6695,BMC Client Management Agent,24.1.01.240624,BMC Software Inc.,Application,,C:\Program Files\BMC Software\Client Management\Client\bin,1.0,,
6695,BMC Client Management Certificate Generator,24.1.01.240624,BMC Software Inc.,Application,,C:\Program Files\BMC Software\Client Management\Client\bin,1.0,,
6695,BMC Client Management Chilli Interpreter,24.1.01.240624,BMC Software Inc.,Application,,C:\Program Files\BMC Software\Client Management\Client\bin,1.0,,
6695,BMC Client Management Direct Access Proxy Agent,24.1.01.240624,BMC Software Inc.,Application,,C:\Program Files\BMC Software\Client Management\Client\bin,1.0,,
6695,BMC Client Management Opswat Proxy Agent,24.1.01.240624,BMC Software Inc.,Application,,C:\Program Files\BMC Software\Client Management\Client\bin,1.0,,
6695,BMC Client Management Package Viewer,24.1.01.240624,BMC Software Inc.,Application,,C:\Program Files\BMC Software\Client Management\Client\bin,1.0,,
6695,BMC Client Management Patch Broker,24.1.01.240624,BMC Software Inc.,Application,,C:\Program Files\BMC Software\Client Management\Client\bin,1.0,,
6695,BMC Client Management Proxy Agent,24.1.01.240624,BMC Software Inc.,Application,,C:\Program Files\BMC Software\Client Management\Client\bin,1.0,,
6695,BMC Client Management Remote Control proxy,24.1.01.240624,BMC Software Inc.,Application,,C:\Program Files\BMC Software\Client Management\Client\bin,1.0,,
6695,BMC Client Management SCAP,24.1.01.240624,BMC Software Inc.,Application,,C:\Program Files\BMC Software\Client Management\Client\bin,1.0,,
6695,BMC Client Management Video Proxy Agent,24.1.01.240624,BMC Software Inc.,Application,,C:\Program Files\BMC Software\Client Management\Client\bin,1.0,,
6695,Boot File Servicing Utility,10.0,Microsoft Corporation Inc.,Application,,C:\Windows,1.0,,
6695,Boot Sector Manipulation Tool,10.0,Microsoft Corporation Inc.,Application,,D:\win 11\boot,1.0,,
6695,BrowserCore,10.0,Microsoft Corporation Inc.,Application,,C:\Windows\BrowserCore,1.0,,
6695,Calling App to host call progress on shell,10.0,Microsoft Corporation Inc.,Application,,C:\Windows\SystemApps\Microsoft.Windows.CallingShellApp_cw5n1h2txyewy,1.0,,
6695,CameraBarcodeScannerPreview,10.0,Microsoft Corporation Inc.,Application,,C:\Windows\SystemApps\Windows.CBSPreview_cw5n1h2txyewy,1.0,,
6695,ChromeEnterpriseCompanion,143.0,Google LLC,Application,,C:\Windows\SystemTemp\scoped_dir13372_1287449104\scoped_dir13372_1655325754,1.0,,
6695,CL5,9.6,Ivanti,Application,,C:\Program Files\BMC Software\Client Management\Client\data\PatchManagementPremium\workspace,5.0,,
6695,ClickOnce,4.8,Microsoft Corporation Inc.,Application,,C:\Windows\Microsoft.NET\Framework64\v4.0.30319,3.0,,
6695,Common User Interface,5.8,Musarubra US LLC.,Application,,C:\Program Files\McAfee\Agent\x86,1.0,,
6695,Credential Dialog Host,10.0,Microsoft Corporation Inc.,Application,,C:\Windows\SystemApps\microsoft.creddialoghost_cw5n1h2txyewy,1.0,,
6695,CrowdStrike Device Control,7.29,CrowdStrike Inc.,Add/Remove Programs,"November 14, 2025 12:00:00 AM",,,,
6695,CrowdStrike Device Control Support Tool,7.29,CrowdStrike Inc.,Application,,C:\Program Files\CrowdStrike,1.0,,
6695,CrowdStrike Falcon Connector,7.32,CrowdStrike Inc.,Application,,C:\Program Files\CrowdStrike,1.0,,
6695,CrowdStrike Falcon Sensor,7.32,CrowdStrike Inc.,Application,,C:\Program Files\CrowdStrike,1.0,,
6695,CrowdStrike Falcon Sensor Controller,7.32,CrowdStrike Inc.,Application,,C:\Program Files\CrowdStrike,1.0,,
6695,CrowdStrike Falcon Sensor Service,7.32,CrowdStrike Inc.,Application,,C:\Program Files\CrowdStrike,1.0,,
6695,CrowdStrike Falcon Sensor Servlet Container,7.32,CrowdStrike Inc.,Application,,C:\Program Files\CrowdStrike,1.0,,
6695,CrowdStrike Falcon Sensor Settings Tool,7.32,CrowdStrike Inc.,Application,,C:\Program Files\CrowdStrike,1.0,,
6695,CrowdStrike Falcon Sensor System Tray Application,7.32,CrowdStrike Inc.,Application,,C:\Program Files\CrowdStrike,2.0,,
6695,CrowdStrike Firmware Analysis,7.14,CrowdStrike Inc.,Add/Remove Programs,"July 24, 2025 12:00:00 AM",,,,
6695,CrowdStrike Firmware Analysis Support Tool,7.14,CrowdStrike Inc.,Application,,C:\Program Files\CrowdStrike,1.0,,
6695,CrowdStrike Forensic Data Collection Tool,1.0,CrowdStrike Inc.,Application,,C:,2.0,,
6695,CrowdStrike On-Demand Scan Command-line Tool,7.32,CrowdStrike Inc.,Application,,C:\Program Files\CrowdStrike,1.0,,
6695,CrowdStrike On-Demand Scan Tool,7.32,CrowdStrike Inc.,Application,,C:\Program Files\CrowdStrike,1.0,,
6695,CrowdStrike Sensor Platform,7.32,CrowdStrike Inc.,Add/Remove Programs,"January 15, 2026 12:00:00 AM",,,,
6695,CrowdStrike Windows Sensor,7.32,CrowdStrike Inc.,Add/Remove Programs,"January 15, 2026 12:00:00 AM",,,,
6975,.NET Framework,3.0,Microsoft Corporation Inc.,Application,,C:\Windows\Microsoft.NET\Framework64\v3.0\Windows Communication Foundation,2.0,,
6975,.NET Runtime Optimization Service,4.8,Microsoft Corporation Inc.,Application,,C:\Windows\Microsoft.NET\Framework64\v4.0.30319,2.0,,
6975,.NET Runtime Optimization Service,2.0,Microsoft Corporation Inc.,Application,,C:\Windows\Microsoft.NET\Framework64\v2.0.50727,2.0,,
6975,64Bit MAPI Mail Agent,1.0,Foxit Software Inc.,Application,,C:\Program Files (x86)\Foxit Software\Foxit PDF Reader,1.0,,
6975,7-Zip 24.08 (x64 edition),24.08,Igor Pavlov,Add/Remove Programs,"December 04, 2024 12:00:00 AM",,,,
6975,7-Zip Console,24.08,Igor Pavlov,Application,,C:\Program Files\7-Zip,1.0,,
6975,7-Zip File Manager,24.08,Igor Pavlov,Application,,C:\Program Files\7-Zip,1.0,,
6975,7-Zip GUI,24.08,Igor Pavlov,Application,,C:\Program Files\7-Zip,1.0,,
6975,AAD token broker plugin,10.0,Microsoft Corporation Inc.,Application,,C:\Windows\SystemApps\Microsoft.AAD.BrokerPlugin_cw5n1h2txyewy,1.0,,
6975,Accounts Control Host,10.0,Microsoft Corporation Inc.,Application,,C:\Windows\SystemApps\Microsoft.AccountsControl_cw5n1h2txyewy,1.0,,
6975,AddSuggestedFoldersToLibraryDialog,10.0,Microsoft Corporation Inc.,Application,,C:\Windows\SystemApps\Microsoft.Windows.AddSuggestedFoldersToLibraryDialog_cw5n1h2txyewy,1.0,,
6975,Antimalware Service Executable,4.18,Microsoft Corporation Inc.,Application,,C:\Program Files\Windows Defender,1.0,,
6975,AppResolverUX,10.0,Microsoft Corporation Inc.,Application,,C:\Windows\SystemApps\Microsoft.Windows.AppResolverUX_cw5n1h2txyewy,1.0,,
6975,AsyncTextService,10.0,Microsoft Corporation Inc.,Application,,C:\Windows\SystemApps\Microsoft.AsyncTextService_8wekyb3d8bbwe,1.0,,
6975,Biometric Enrollment Host,10.0,Microsoft Corporation Inc.,Application,,C:\Windows\SystemApps\Microsoft.BioEnrollment_cw5n1h2txyewy,1.0,,
6975,BMC Client Management Agent,24.1.01.240624,BMC Software Inc.,Application,,C:\Program Files\BMC Software\Client Management\Client\bin,1.0,,
6975,BMC Client Management Certificate Generator,24.1.01.240624,BMC Software Inc.,Application,,C:\Program Files\BMC Software\Client Management\Client\bin,1.0,,
6975,BMC Client Management Chilli Interpreter,24.1.01.240624,BMC Software Inc.,Application,,C:\Program Files\BMC Software\Client Management\Client\bin,1.0,,
6975,BMC Client Management Direct Access Proxy Agent,24.1.01.240624,BMC Software Inc.,Application,,C:\Program Files\BMC Software\Client Management\Client\bin,1.0,,
6975,BMC Client Management Opswat Proxy Agent,24.1.01.240624,BMC Software Inc.,Application,,C:\Program Files\BMC Software\Client Management\Client\bin,1.0,,
6975,BMC Client Management Package Viewer,24.1.01.240624,BMC Software Inc.,Application,,C:\Program Files\BMC Software\Client Management\Client\bin,1.0,,
6975,BMC Client Management Patch Broker,24.1.01.240624,BMC Software Inc.,Application,,C:\Program Files\BMC Software\Client Management\Client\bin,1.0,,
6975,BMC Client Management Proxy Agent,24.1.01.240624,BMC Software Inc.,Application,,C:\Program Files\BMC Software\Client Management\Client\bin,1.0,,
6975,BMC Client Management Remote Control proxy,24.1.01.240624,BMC Software Inc.,Application,,C:\Program Files\BMC Software\Client Management\Client\bin,1.0,,
6975,BMC Client Management SCAP,24.1.01.240624,BMC Software Inc.,Application,,C:\Program Files\BMC Software\Client Management\Client\bin,1.0,,
6975,BMC Client Management Video Proxy Agent,24.1.01.240624,BMC Software Inc.,Application,,C:\Program Files\BMC Software\Client Management\Client\bin,1.0,,
6975,Boot File Servicing Utility,10.0,Microsoft Corporation Inc.,Application,,C:\Windows,1.0,,
6975,BrowserCore,10.0,Microsoft Corporation Inc.,Application,,C:\Windows\BrowserCore,1.0,,
6975,Calling App to host call progress on shell,10.0,Microsoft Corporation Inc.,Application,,C:\Windows\SystemApps\Microsoft.Windows.CallingShellApp_cw5n1h2txyewy,1.0,,
6975,CameraBarcodeScannerPreview,10.0,Microsoft Corporation Inc.,Application,,C:\Windows\SystemApps\Windows.CBSPreview_cw5n1h2txyewy,1.0,,
6975,ChromeEnterpriseCompanion,143.0,Google LLC,Application,,C:\Windows\SystemTemp\scoped_dir3848_1917842643\scoped_dir3848_1228697349,1.0,,
6975,CL5,9.6,Ivanti,Application,,C:\Program Files\BMC Software\Client Management\Client\data\PatchManagementPremium\workspace,3.0,,
6975,ClickOnce,4.8,Microsoft Corporation Inc.,Application,,C:\Windows\Microsoft.NET\Framework64\v4.0.30319,3.0,,
6975,Common User Interface,5.8,Musarubra US LLC.,Application,,C:\Program Files\McAfee\Agent\x86,1.0,,
6975,Credential Dialog Host,10.0,Microsoft Corporation Inc.,Application,,C:\Windows\SystemApps\microsoft.creddialoghost_cw5n1h2txyewy,1.0,,
6975,CrowdStrike Device Control,7.29,CrowdStrike Inc.,Add/Remove Programs,"November 14, 2025 12:00:00 AM",,,,
6975,CrowdStrike Device Control Support Tool,7.29,CrowdStrike Inc.,Application,,C:\Program Files\CrowdStrike,1.0,,
6975,CrowdStrike Falcon Connector,7.32,CrowdStrike Inc.,Application,,C:\Program Files\CrowdStrike,1.0,,
6975,CrowdStrike Falcon Sensor,7.32,CrowdStrike Inc.,Application,,C:\Program Files\CrowdStrike,1.0,,
6975,CrowdStrike Falcon Sensor Controller,7.32,CrowdStrike Inc.,Application,,C:\Program Files\CrowdStrike,1.0,,
6975,CrowdStrike Falcon Sensor Service,7.32,CrowdStrike Inc.,Application,,C:\Program Files\CrowdStrike,1.0,,
6975,CrowdStrike Falcon Sensor Servlet Container,7.32,CrowdStrike Inc.,Application,,C:\Program Files\CrowdStrike,1.0,,
6975,CrowdStrike Falcon Sensor Settings Tool,7.32,CrowdStrike Inc.,Application,,C:\Program Files\CrowdStrike,1.0,,
6975,CrowdStrike Falcon Sensor System Tray Application,7.32,CrowdStrike Inc.,Application,,C:\Program Files\CrowdStrike,2.0,,
6975,CrowdStrike Firmware Analysis,7.14,CrowdStrike Inc.,Add/Remove Programs,"June 18, 2025 12:00:00 AM",,,,
6975,CrowdStrike Firmware Analysis Support Tool,7.14,CrowdStrike Inc.,Application,,C:\Program Files\CrowdStrike,1.0,,
6975,CrowdStrike On-Demand Scan Command-line Tool,7.32,CrowdStrike Inc.,Application,,C:\Program Files\CrowdStrike,1.0,,
6975,CrowdStrike On-Demand Scan Tool,7.32,CrowdStrike Inc.,Application,,C:\Program Files\CrowdStrike,1.0,,
6975,CrowdStrike Sensor Platform,7.32,CrowdStrike Inc.,Add/Remove Programs,"January 14, 2026 12:00:00 AM",,,,
6975,CrowdStrike Windows Sensor,7.32,CrowdStrike Inc.,Add/Remove Programs,"January 14, 2026 12:00:00 AM",,,,
6713,.NET Runtime Optimization Service,4.8,Microsoft Corporation Inc.,Application,,C:\Windows\Microsoft.NET\Framework64\v4.0.30319,2.0,,
6713,64Bit MAPI Mail Agent,1.0,Foxit Software Inc.,Application,,C:\Program Files (x86)\Foxit Software\Foxit PDF Reader,1.0,,
6713,7-Zip 24.08 (x64 edition),24.08,Igor Pavlov,Add/Remove Programs,"November 29, 2024 12:00:00 AM",,,,
6713,7-Zip Console,24.08,Igor Pavlov,Application,,C:\Program Files\7-Zip,1.0,,
6713,7-Zip File Manager,24.08,Igor Pavlov,Application,,C:\Program Files\7-Zip,1.0,,
6713,7-Zip GUI,24.08,Igor Pavlov,Application,,C:\Program Files\7-Zip,1.0,,
6713,AAD token broker plugin,10.0,Microsoft Corporation Inc.,Application,,C:\Windows\SystemApps\Microsoft.AAD.BrokerPlugin_cw5n1h2txyewy,1.0,,
6713,Accounts Control Host,10.0,Microsoft Corporation Inc.,Application,,C:\Windows\SystemApps\Microsoft.AccountsControl_cw5n1h2txyewy,1.0,,
6713,AddSuggestedFoldersToLibraryDialog,10.0,Microsoft Corporation Inc.,Application,,C:\Windows\SystemApps\Microsoft.Windows.AddSuggestedFoldersToLibraryDialog_cw5n1h2txyewy,1.0,,
6713,Antimalware Service Executable,4.18,Microsoft Corporation Inc.,Application,,C:\Program Files\Windows Defender,1.0,,
6713,AppResolverUX,10.0,Microsoft Corporation Inc.,Application,,C:\Windows\SystemApps\Microsoft.Windows.AppResolverUX_cw5n1h2txyewy,1.0,,
6713,AsyncTextService,10.0,Microsoft Corporation Inc.,Application,,C:\Windows\SystemApps\Microsoft.AsyncTextService_8wekyb3d8bbwe,1.0,,
6713,Biometric Enrollment Host,10.0,Microsoft Corporation Inc.,Application,,C:\Windows\SystemApps\Microsoft.BioEnrollment_cw5n1h2txyewy,1.0,,
6713,BMC Client Management Agent,24.1.01.240624,BMC Software Inc.,Application,,C:\Program Files\BMC Software\Client Management\Client\bin,1.0,,
6713,BMC Client Management Certificate Generator,24.1.01.240624,BMC Software Inc.,Application,,C:\Program Files\BMC Software\Client Management\Client\bin,1.0,,
6713,BMC Client Management Chilli Interpreter,24.1.01.240624,BMC Software Inc.,Application,,C:\Program Files\BMC Software\Client Management\Client\bin,1.0,,
6713,BMC Client Management Direct Access Proxy Agent,24.1.01.240624,BMC Software Inc.,Application,,C:\Program Files\BMC Software\Client Management\Client\bin,1.0,,
6713,BMC Client Management Opswat Proxy Agent,24.1.01.240624,BMC Software Inc.,Application,,C:\Program Files\BMC Software\Client Management\Client\bin,1.0,,
6713,BMC Client Management Package Viewer,24.1.01.240624,BMC Software Inc.,Application,,C:\Program Files\BMC Software\Client Management\Client\bin,1.0,,
6713,BMC Client Management Patch Broker,24.1.01.240624,BMC Software Inc.,Application,,C:\Program Files\BMC Software\Client Management\Client\bin,1.0,,
6713,BMC Client Management Proxy Agent,24.1.01.240624,BMC Software Inc.,Application,,C:\Program Files\BMC Software\Client Management\Client\bin,1.0,,
6713,BMC Client Management Remote Control proxy,24.1.01.240624,BMC Software Inc.,Application,,C:\Program Files\BMC Software\Client Management\Client\bin,1.0,,
6713,BMC Client Management SCAP,24.1.01.240624,BMC Software Inc.,Application,,C:\Program Files\BMC Software\Client Management\Client\bin,1.0,,
6713,BMC Client Management Video Proxy Agent,24.1.01.240624,BMC Software Inc.,Application,,C:\Program Files\BMC Software\Client Management\Client\bin,1.0,,
6713,Boot File Servicing Utility,10.0,Microsoft Corporation Inc.,Application,,C:\Windows,1.0,,
6713,BrowserCore,10.0,Microsoft Corporation Inc.,Application,,C:\Windows\BrowserCore,1.0,,
6713,Calling App to host call progress on shell,10.0,Microsoft Corporation Inc.,Application,,C:\Windows\SystemApps\Microsoft.Windows.CallingShellApp_cw5n1h2txyewy,1.0,,
6713,CameraBarcodeScannerPreview,10.0,Microsoft Corporation Inc.,Application,,C:\Windows\SystemApps\Windows.CBSPreview_cw5n1h2txyewy,1.0,,
6713,CL5,9.6,Ivanti,Application,,C:\Program Files\BMC Software\Client Management\Client\data\PatchManagementPremium\workspace,3.0,,
6713,ClickOnce,4.8,Microsoft Corporation Inc.,Application,,C:\Windows\Microsoft.NET\Framework64\v4.0.30319,3.0,,
6713,Common User Interface,5.8,Musarubra US LLC.,Application,,C:\Program Files\McAfee\Agent\x86,1.0,,
6713,Credential Dialog Host,10.0,Microsoft Corporation Inc.,Application,,C:\Windows\SystemApps\microsoft.creddialoghost_cw5n1h2txyewy,1.0,,
6713,CrowdStrike Device Control,7.29,CrowdStrike Inc.,Add/Remove Programs,"November 14, 2025 12:00:00 AM",,,,
6713,CrowdStrike Device Control Support Tool,7.29,CrowdStrike Inc.,Application,,C:\Program Files\CrowdStrike,1.0,,
6713,CrowdStrike Falcon Connector,7.32,CrowdStrike Inc.,Application,,C:\Program Files\CrowdStrike,1.0,,
6713,CrowdStrike Falcon Sensor,7.32,CrowdStrike Inc.,Application,,C:\Program Files\CrowdStrike,1.0,,
6713,CrowdStrike Falcon Sensor Controller,7.32,CrowdStrike Inc.,Application,,C:\Program Files\CrowdStrike,1.0,,
6713,CrowdStrike Falcon Sensor Service,7.32,CrowdStrike Inc.,Application,,C:\Program Files\CrowdStrike,1.0,,
6713,CrowdStrike Falcon Sensor Servlet Container,7.32,CrowdStrike Inc.,Application,,C:\Program Files\CrowdStrike,1.0,,
6713,CrowdStrike Falcon Sensor Settings Tool,7.32,CrowdStrike Inc.,Application,,C:\Program Files\CrowdStrike,1.0,,
6713,CrowdStrike Falcon Sensor System Tray Application,7.32,CrowdStrike Inc.,Application,,C:\Program Files\CrowdStrike,2.0,,
6713,CrowdStrike Firmware Analysis,7.14,CrowdStrike Inc.,Add/Remove Programs,"May 22, 2025 12:00:00 AM",,,,
6713,CrowdStrike Firmware Analysis Support Tool,7.14,CrowdStrike Inc.,Application,,C:\Program Files\CrowdStrike,1.0,,
6713,CrowdStrike Forensic Data Collection Tool,1.0,CrowdStrike Inc.,Application,,C:,2.0,,
6713,CrowdStrike On-Demand Scan Command-line Tool,7.32,CrowdStrike Inc.,Application,,C:\Program Files\CrowdStrike,1.0,,
6713,CrowdStrike On-Demand Scan Tool,7.32,CrowdStrike Inc.,Application,,C:\Program Files\CrowdStrike,1.0,,
6713,CrowdStrike Sensor Platform,7.32,CrowdStrike Inc.,Add/Remove Programs,"January 14, 2026 12:00:00 AM",,,,
6713,CrowdStrike Windows Sensor,7.32,CrowdStrike Inc.,Add/Remove Programs,"January 14, 2026 12:00:00 AM",,,,
6713,CrowdStrike Windows Sensor,6.54,CrowdStrike Inc.,Application,,C:\login\crowdstrike,1.0,,
6713,EC App,10.0,Microsoft Corporation Inc.,Application,,C:\Windows\SystemApps\Microsoft.ECApp_8wekyb3d8bbwe,1.0,,
7332,.NET Runtime Optimization Service,4.8,Microsoft Corporation Inc.,Application,,C:\Windows\Microsoft.NET\Framework64\v4.0.30319,2.0,,
7332,64Bit MAPI Mail Agent,1.0,Foxit Software Inc.,Application,,C:\Program Files (x86)\Foxit Software\Foxit PDF Reader,1.0,,
7332,7-Zip 24.08 (x64 edition),24.08,Igor Pavlov,Add/Remove Programs,"November 29, 2024 12:00:00 AM",,,,
7332,7-Zip Console,24.08,Igor Pavlov,Application,,C:\Program Files\7-Zip,1.0,,
7332,7-Zip File Manager,24.08,Igor Pavlov,Application,,C:\Program Files\7-Zip,1.0,,
7332,7-Zip GUI,24.08,Igor Pavlov,Application,,C:\Program Files\7-Zip,1.0,,
7332,AAD token broker plugin,10.0,Microsoft Corporation Inc.,Application,,C:\Windows\SystemApps\Microsoft.AAD.BrokerPlugin_cw5n1h2txyewy,1.0,,
7332,Accounts Control Host,10.0,Microsoft Corporation Inc.,Application,,C:\Windows\SystemApps\Microsoft.AccountsControl_cw5n1h2txyewy,1.0,,
7332,AddSuggestedFoldersToLibraryDialog,10.0,Microsoft Corporation Inc.,Application,,C:\Windows\SystemApps\Microsoft.Windows.AddSuggestedFoldersToLibraryDialog_cw5n1h2txyewy,1.0,,
7332,Antimalware Service Executable,4.18,Microsoft Corporation Inc.,Application,,C:\Program Files\Windows Defender,1.0,,
7332,AppResolverUX,10.0,Microsoft Corporation Inc.,Application,,C:\Windows\SystemApps\Microsoft.Windows.AppResolverUX_cw5n1h2txyewy,1.0,,
7332,AsyncTextService,10.0,Microsoft Corporation Inc.,Application,,C:\Windows\SystemApps\Microsoft.AsyncTextService_8wekyb3d8bbwe,1.0,,
7332,Biometric Enrollment Host,10.0,Microsoft Corporation Inc.,Application,,C:\Windows\SystemApps\Microsoft.BioEnrollment_cw5n1h2txyewy,1.0,,
7332,BMC Client Management Agent,24.1.01.240624,BMC Software Inc.,Application,,C:\Program Files\BMC Software\Client Management\Client\bin,1.0,,
7332,BMC Client Management Certificate Generator,24.1.01.240624,BMC Software Inc.,Application,,C:\Program Files\BMC Software\Client Management\Client\bin,1.0,,
7332,BMC Client Management Chilli Interpreter,24.1.01.240624,BMC Software Inc.,Application,,C:\Program Files\BMC Software\Client Management\Client\bin,1.0,,
7332,BMC Client Management Direct Access Proxy Agent,24.1.01.240624,BMC Software Inc.,Application,,C:\Program Files\BMC Software\Client Management\Client\bin,1.0,,
7332,BMC Client Management Opswat Proxy Agent,24.1.01.240624,BMC Software Inc.,Application,,C:\Program Files\BMC Software\Client Management\Client\bin,1.0,,
7332,BMC Client Management Package Viewer,24.1.01.240624,BMC Software Inc.,Application,,C:\Program Files\BMC Software\Client Management\Client\bin,1.0,,
7332,BMC Client Management Patch Broker,24.1.01.240624,BMC Software Inc.,Application,,C:\Program Files\BMC Software\Client Management\Client\bin,1.0,,
7332,BMC Client Management Proxy Agent,24.1.01.240624,BMC Software Inc.,Application,,C:\Program Files\BMC Software\Client Management\Client\bin,1.0,,
7332,BMC Client Management Remote Control proxy,24.1.01.240624,BMC Software Inc.,Application,,C:\Program Files\BMC Software\Client Management\Client\bin,1.0,,
7332,BMC Client Management SCAP,24.1.01.240624,BMC Software Inc.,Application,,C:\Program Files\BMC Software\Client Management\Client\bin,1.0,,
7332,BMC Client Management Video Proxy Agent,24.1.01.240624,BMC Software Inc.,Application,,C:\Program Files\BMC Software\Client Management\Client\bin,1.0,,
7332,Boot File Servicing Utility,10.0,Microsoft Corporation Inc.,Application,,C:\Windows,1.0,,
7332,BrowserCore,10.0,Microsoft Corporation Inc.,Application,,C:\Windows\BrowserCore,1.0,,
7332,Calling App to host call progress on shell,10.0,Microsoft Corporation Inc.,Application,,C:\Windows\SystemApps\Microsoft.Windows.CallingShellApp_cw5n1h2txyewy,1.0,,
7332,CameraBarcodeScannerPreview,10.0,Microsoft Corporation Inc.,Application,,C:\Windows\SystemApps\Windows.CBSPreview_cw5n1h2txyewy,1.0,,
7332,CL5,9.6,Ivanti,Application,,C:\Program Files\BMC Software\Client Management\Client\data\PatchManagementPremium\workspace,4.0,,
7332,ClickOnce,4.8,Microsoft Corporation Inc.,Application,,C:\Windows\Microsoft.NET\Framework64\v4.0.30319,3.0,,
7332,Common User Interface,5.8,Musarubra US LLC.,Application,,C:\Program Files\McAfee\Agent\x86,1.0,,
7332,Credential Dialog Host,10.0,Microsoft Corporation Inc.,Application,,C:\Windows\SystemApps\microsoft.creddialoghost_cw5n1h2txyewy,1.0,,
7332,CrowdStrike Device Control,7.29,CrowdStrike Inc.,Add/Remove Programs,"November 14, 2025 12:00:00 AM",,,,
7332,CrowdStrike Device Control Support Tool,7.29,CrowdStrike Inc.,Application,,C:\Program Files\CrowdStrike,1.0,,
7332,CrowdStrike Falcon Connector,7.32,CrowdStrike Inc.,Application,,C:\Program Files\CrowdStrike,1.0,,
7332,CrowdStrike Falcon Sensor,7.32,CrowdStrike Inc.,Application,,C:\Program Files\CrowdStrike,1.0,,
7332,CrowdStrike Falcon Sensor Controller,7.32,CrowdStrike Inc.,Application,,C:\Program Files\CrowdStrike,1.0,,
7332,CrowdStrike Falcon Sensor Service,7.32,CrowdStrike Inc.,Application,,C:\Program Files\CrowdStrike,1.0,,
7332,CrowdStrike Falcon Sensor Servlet Container,7.32,CrowdStrike Inc.,Application,,C:\Program Files\CrowdStrike,1.0,,
7332,CrowdStrike Falcon Sensor Settings Tool,7.32,CrowdStrike Inc.,Application,,C:\Program Files\CrowdStrike,1.0,,
7332,CrowdStrike Falcon Sensor System Tray Application,7.32,CrowdStrike Inc.,Application,,C:\Program Files\CrowdStrike,2.0,,
7332,CrowdStrike Firmware Analysis,7.14,CrowdStrike Inc.,Add/Remove Programs,"May 22, 2025 12:00:00 AM",,,,
7332,CrowdStrike Firmware Analysis Support Tool,7.14,CrowdStrike Inc.,Application,,C:\Program Files\CrowdStrike,1.0,,
7332,CrowdStrike On-Demand Scan Command-line Tool,7.32,CrowdStrike Inc.,Application,,C:\Program Files\CrowdStrike,1.0,,
7332,CrowdStrike On-Demand Scan Tool,7.32,CrowdStrike Inc.,Application,,C:\Program Files\CrowdStrike,1.0,,
7332,CrowdStrike Sensor Platform,7.32,CrowdStrike Inc.,Add/Remove Programs,"January 14, 2026 12:00:00 AM",,,,
7332,CrowdStrike Windows Sensor,7.32,CrowdStrike Inc.,Add/Remove Programs,"January 14, 2026 12:00:00 AM",,,,
7332,CrowdStrike Windows Sensor,6.54,CrowdStrike Inc.,Application,,C:\login\crowdstrike,1.0,,
7332,EC App,10.0,Microsoft Corporation Inc.,Application,,C:\Windows\SystemApps\Microsoft.ECApp_8wekyb3d8bbwe,1.0,,
7332,EPSON ´òÓ¡»úÇý¶¯³ÌÐò°²×°¹¤¾ß,5.0,SEIKO EPSON CORPORATION,Application,,C:\login\LX-300+II_Drv_Ver6\WINNT40\SC\SETUP,4.0,,
7163,.NET Runtime Optimization Service,4.8,Microsoft Corporation Inc.,Application,,C:\Windows\Microsoft.NET\Framework64\v4.0.30319,2.0,,
7163,64Bit MAPI Mail Agent,1.0,Foxit Software Inc.,Application,,C:\Program Files (x86)\Foxit Software\Foxit PDF Reader,1.0,,
7163,7-Zip 24.08 (x64),24.08,Igor Pavlov,Add/Remove Programs,,C:\Program Files\7-Zip\,,,
7163,7-Zip Console,24.08,Igor Pavlov,Application,,C:\Program Files\7-Zip,1.0,,
7163,7-Zip File Manager,24.08,Igor Pavlov,Application,,C:\Program Files\7-Zip,1.0,,
7163,7-Zip GUI,24.08,Igor Pavlov,Application,,C:\Program Files\7-Zip,1.0,,
7163,Accounts Control Host,10.0,Microsoft Corporation Inc.,Application,,C:\Windows\SystemApps\Microsoft.AccountsControl_cw5n1h2txyewy,1.0,,
7163,AddSuggestedFoldersToLibraryDialog,10.0,Microsoft Corporation Inc.,Application,,C:\Windows\SystemApps\Microsoft.Windows.AddSuggestedFoldersToLibraryDialog_cw5n1h2txyewy,1.0,,
7163,Antimalware Core Service,4.18,Microsoft Corporation Inc.,Application,,C:\Program Files\Windows Defender,1.0,,
7163,Antimalware Service Executable,4.18,Microsoft Corporation Inc.,Application,,C:\Program Files\Windows Defender,1.0,,
7163,AppResolverUX,10.0,Microsoft Corporation Inc.,Application,,C:\Windows\SystemApps\Microsoft.Windows.AppResolverUX_cw5n1h2txyewy,1.0,,
7163,AsyncTextService,10.0,Microsoft Corporation Inc.,Application,,C:\Windows\SystemApps\Microsoft.AsyncTextService_8wekyb3d8bbwe,1.0,,
7163,Biometric Enrollment Host,10.0,Microsoft Corporation Inc.,Application,,C:\Windows\SystemApps\Microsoft.BioEnrollment_cw5n1h2txyewy,1.0,,
7163,BMC Client Management Agent,24.1.01.240624,BMC Software Inc.,Application,,C:\Program Files\BMC Software\Client Management\Client\bin,1.0,,
7163,BMC Client Management Certificate Generator,24.1.01.240624,BMC Software Inc.,Application,,C:\Program Files\BMC Software\Client Management\Client\bin,1.0,,
7163,BMC Client Management Chilli Interpreter,24.1.01.240624,BMC Software Inc.,Application,,C:\Program Files\BMC Software\Client Management\Client\bin,1.0,,
7163,BMC Client Management Direct Access Proxy Agent,24.1.01.240624,BMC Software Inc.,Application,,C:\Program Files\BMC Software\Client Management\Client\bin,1.0,,
7163,BMC Client Management Opswat Proxy Agent,24.1.01.240624,BMC Software Inc.,Application,,C:\Program Files\BMC Software\Client Management\Client\bin,1.0,,
7163,BMC Client Management Package Viewer,24.1.01.240624,BMC Software Inc.,Application,,C:\Program Files\BMC Software\Client Management\Client\bin,1.0,,
7163,BMC Client Management Patch Broker,24.1.01.240624,BMC Software Inc.,Application,,C:\Program Files\BMC Software\Client Management\Client\bin,1.0,,
7163,BMC Client Management Proxy Agent,24.1.01.240624,BMC Software Inc.,Application,,C:\Program Files\BMC Software\Client Management\Client\bin,1.0,,
7163,BMC Client Management Remote Control proxy,24.1.01.240624,BMC Software Inc.,Application,,C:\Program Files\BMC Software\Client Management\Client\bin,1.0,,
7163,BMC Client Management SCAP,24.1.01.240624,BMC Software Inc.,Application,,C:\Program Files\BMC Software\Client Management\Client\bin,1.0,,
7163,BMC Client Management Video Proxy Agent,24.1.01.240624,BMC Software Inc.,Application,,C:\Program Files\BMC Software\Client Management\Client\bin,1.0,,
7163,Boot File Servicing Utility,10.0,Microsoft Corporation Inc.,Application,,C:\Windows,1.0,,
7163,Browser Protection Native Messaging Host,4.18,Microsoft Corporation Inc.,Application,,C:\Program Files\Windows Defender,1.0,,
7163,BrowserCore,10.0,Microsoft Corporation Inc.,Application,,C:\Windows\BrowserCore,1.0,,
7163,Build20200511,2.0,Hikvision,Application,,C:\Program Files (x86)\iVMS-4200 Site\iVMS-4200 Client\Client,1.0,,
7163,Build20230908,3.0,Hikvision,Application,,C:\Program Files (x86)\iVMS-4200 Site\iVMS-4200 Client\Client,1.0,,
7163,CameraBarcodeScannerPreview,10.0,Microsoft Corporation Inc.,Application,,C:\Windows\SystemApps\Windows.CBSPreview_cw5n1h2txyewy,1.0,,
7163,ChromeEnterpriseCompanion,143.0,Google LLC,Application,,C:\Windows\SystemTemp\scoped_dir8236_1718279496\scoped_dir8236_13694126,1.0,,
7163,CL5,9.6,Ivanti,Application,,C:\Program Files\BMC Software\Client Management\Client\data\PatchManagementPremium\workspace,3.0,,
7163,ClickOnce,4.8,Microsoft Corporation Inc.,Application,,C:\Windows\Microsoft.NET\Framework64\v4.0.30319,3.0,,
7163,Common User Interface,5.8,Musarubra US LLC.,Application,,C:\Program Files\McAfee\Agent\x86,1.0,,
7163,ConfigBrowserEdge,1.0,,Application,,C:\Program Files (x86)\iVMS-4200 Site\iVMS-4200 Client\Client,1.0,,
7163,Copilot,144.0,Microsoft Corporation Inc.,Application,,C:\Program Files (x86)\Microsoft\EdgeWebView\Application\144.0.3719.115,4.0,,
7163,Copilot Update,1.3,Microsoft Corporation Inc.,Application,,C:\Program Files (x86)\Microsoft\EdgeUpdate,2.0,,
7163,Create a self-signed digital certificate,15.0,Microsoft Corporation Inc.,Application,,C:\Program Files\Microsoft Office\Office15,1.0,,
7163,Credential Dialog Host,10.0,Microsoft Corporation Inc.,Application,,C:\Windows\SystemApps\microsoft.creddialoghost_cw5n1h2txyewy,1.0,,
7163,CrowdStrike Device Control,7.29,CrowdStrike Inc.,Add/Remove Programs,"November 14, 2025 12:00:00 AM",,,,
7163,CrowdStrike Device Control Support Tool,7.29,CrowdStrike Inc.,Application,,C:\Program Files\CrowdStrike,1.0,,
7163,CrowdStrike Falcon Connector,7.32,CrowdStrike Inc.,Application,,C:\Program Files\CrowdStrike,1.0,,
7163,CrowdStrike Falcon Sensor,7.32,CrowdStrike Inc.,Application,,C:\Program Files\CrowdStrike,1.0,,
7163,CrowdStrike Falcon Sensor Controller,7.32,CrowdStrike Inc.,Application,,C:\Program Files\CrowdStrike,1.0,,
7163,CrowdStrike Falcon Sensor Service,7.32,CrowdStrike Inc.,Application,,C:\Program Files\CrowdStrike,1.0,,
7163,CrowdStrike Falcon Sensor Servlet Container,7.32,CrowdStrike Inc.,Application,,C:\Program Files\CrowdStrike,1.0,,
7163,CrowdStrike Falcon Sensor Settings Tool,7.32,CrowdStrike Inc.,Application,,C:\Program Files\CrowdStrike,1.0,,
7163,CrowdStrike Falcon Sensor System Tray Application,7.32,CrowdStrike Inc.,Application,,C:\Program Files\CrowdStrike,2.0,,
7163,CrowdStrike Firmware Analysis,7.14,CrowdStrike Inc.,Add/Remove Programs,"July 24, 2025 12:00:00 AM",,,,
7163,CrowdStrike Firmware Analysis Support Tool,7.14,CrowdStrike Inc.,Application,,C:\Program Files\CrowdStrike,1.0,,
6439,.NET Runtime Optimization Service,4.8,Microsoft Corporation Inc.,Application,,C:\Windows\Microsoft.NET\Framework64\v4.0.30319,2.0,,
6439,64Bit MAPI Mail Agent,1.0,Foxit Software Inc.,Application,,C:\Program Files (x86)\Foxit Software\Foxit PDF Reader,1.0,,
6439,7-Zip 24.08 (x64 edition),24.08,Igor Pavlov,Add/Remove Programs,"November 28, 2024 12:00:00 AM",,,,
6439,7-Zip Console,24.08,Igor Pavlov,Application,,C:\Program Files\7-Zip,1.0,,
6439,7-Zip File Manager,24.08,Igor Pavlov,Application,,C:\Program Files\7-Zip,1.0,,
6439,7-Zip GUI,24.08,Igor Pavlov,Application,,C:\Program Files\7-Zip,1.0,,
6439,Accounts Control Host,10.0,Microsoft Corporation Inc.,Application,,C:\Windows\SystemApps\Microsoft.AccountsControl_cw5n1h2txyewy,1.0,,
6439,AddSuggestedFoldersToLibraryDialog,10.0,Microsoft Corporation Inc.,Application,,C:\Windows\SystemApps\Microsoft.Windows.AddSuggestedFoldersToLibraryDialog_cw5n1h2txyewy,1.0,,
6439,Antimalware Core Service,4.18,Microsoft Corporation Inc.,Application,,C:\Program Files\Windows Defender,1.0,,
6439,Antimalware Service Executable,4.18,Microsoft Corporation Inc.,Application,,C:\Program Files\Windows Defender,1.0,,
6439,AppResolverUX,10.0,Microsoft Corporation Inc.,Application,,C:\Windows\SystemApps\Microsoft.Windows.AppResolverUX_cw5n1h2txyewy,1.0,,
6439,AsyncTextService,10.0,Microsoft Corporation Inc.,Application,,C:\Windows\SystemApps\Microsoft.AsyncTextService_8wekyb3d8bbwe,1.0,,
6439,Biometric Enrollment Host,10.0,Microsoft Corporation Inc.,Application,,C:\Windows\SystemApps\Microsoft.BioEnrollment_cw5n1h2txyewy,1.0,,
6439,BMC Client Management Agent,24.1.01.240624,BMC Software Inc.,Application,,C:\Program Files\BMC Software\Client Management\Client\bin,1.0,,
6439,BMC Client Management Certificate Generator,24.1.01.240624,BMC Software Inc.,Application,,C:\Program Files\BMC Software\Client Management\Client\bin,1.0,,
6439,BMC Client Management Chilli Interpreter,24.1.01.240624,BMC Software Inc.,Application,,C:\Program Files\BMC Software\Client Management\Client\bin,1.0,,
6439,BMC Client Management Direct Access Proxy Agent,24.1.01.240624,BMC Software Inc.,Application,,C:\Program Files\BMC Software\Client Management\Client\bin,1.0,,
6439,BMC Client Management Opswat Proxy Agent,24.1.01.240624,BMC Software Inc.,Application,,C:\Program Files\BMC Software\Client Management\Client\bin,1.0,,
6439,BMC Client Management Package Viewer,24.1.01.240624,BMC Software Inc.,Application,,C:\Program Files\BMC Software\Client Management\Client\bin,1.0,,
6439,BMC Client Management Patch Broker,24.1.01.240624,BMC Software Inc.,Application,,C:\Program Files\BMC Software\Client Management\Client\bin,1.0,,
6439,BMC Client Management Proxy Agent,24.1.01.240624,BMC Software Inc.,Application,,C:\Program Files\BMC Software\Client Management\Client\bin,1.0,,
6439,BMC Client Management Remote Control proxy,24.1.01.240624,BMC Software Inc.,Application,,C:\Program Files\BMC Software\Client Management\Client\bin,1.0,,
6439,BMC Client Management SCAP,24.1.01.240624,BMC Software Inc.,Application,,C:\Program Files\BMC Software\Client Management\Client\bin,1.0,,
6439,BMC Client Management Video Proxy Agent,24.1.01.240624,BMC Software Inc.,Application,,C:\Program Files\BMC Software\Client Management\Client\bin,1.0,,
6439,Boot File Servicing Utility,10.0,Microsoft Corporation Inc.,Application,,C:\Windows,1.0,,
6439,Browser Protection Native Messaging Host,4.18,Microsoft Corporation Inc.,Application,,C:\Program Files\Windows Defender,1.0,,
6439,BrowserCore,10.0,Microsoft Corporation Inc.,Application,,C:\Windows\BrowserCore,1.0,,
6439,Build20200511,2.0,Hikvision,Application,,C:\Program Files (x86)\iVMS-4200 Site\iVMS-4200 Client\Client,1.0,,
6439,Build20230908,3.0,Hikvision,Application,,C:\Program Files (x86)\iVMS-4200 Site\iVMS-4200 Client\Client,1.0,,
6439,CameraBarcodeScannerPreview,10.0,Microsoft Corporation Inc.,Application,,C:\Windows\SystemApps\Windows.CBSPreview_cw5n1h2txyewy,1.0,,
6439,ChromeEnterpriseCompanion,143.0,Google LLC,Application,,C:\Windows\SystemTemp\scoped_dir10616_2079244942\scoped_dir10616_1283244270,1.0,,
6439,CL5,9.6,Ivanti,Application,,C:\Program Files\BMC Software\Client Management\Client\data\PatchManagementPremium\workspace,1.0,,
6439,ClickOnce,4.8,Microsoft Corporation Inc.,Application,,C:\Windows\Microsoft.NET\Framework64\v4.0.30319,3.0,,
6439,Common User Interface,5.8,Musarubra US LLC.,Application,,C:\Program Files\McAfee\Agent\x86,1.0,,
6439,ConfigBrowserEdge,1.0,,Application,,C:\Program Files (x86)\iVMS-4200 Site\iVMS-4200 Client\Client,1.0,,
6439,Copilot,144.0,Microsoft Corporation Inc.,Application,,C:\Program Files (x86)\Microsoft\EdgeWebView\Application\144.0.3719.104,4.0,,
6439,Copilot Update,1.3,Microsoft Corporation Inc.,Application,,C:\Program Files (x86)\Microsoft\EdgeUpdate,2.0,,
6439,Create a self-signed digital certificate,15.0,Microsoft Corporation Inc.,Application,,C:\Program Files\Microsoft Office\Office15,1.0,,
6439,Credential Dialog Host,10.0,Microsoft Corporation Inc.,Application,,C:\Windows\SystemApps\microsoft.creddialoghost_cw5n1h2txyewy,1.0,,
6439,CrowdStrike Device Control,7.29,CrowdStrike Inc.,Add/Remove Programs,"November 14, 2025 12:00:00 AM",,,,
6439,CrowdStrike Device Control Support Tool,7.29,CrowdStrike Inc.,Application,,C:\Program Files\CrowdStrike,1.0,,
6439,CrowdStrike Falcon Connector,7.32,CrowdStrike Inc.,Application,,C:\Program Files\CrowdStrike,1.0,,
6439,CrowdStrike Falcon Sensor,7.32,CrowdStrike Inc.,Application,,C:\Program Files\CrowdStrike,1.0,,
6439,CrowdStrike Falcon Sensor Controller,7.32,CrowdStrike Inc.,Application,,C:\Program Files\CrowdStrike,1.0,,
6439,CrowdStrike Falcon Sensor Service,7.32,CrowdStrike Inc.,Application,,C:\Program Files\CrowdStrike,1.0,,
6439,CrowdStrike Falcon Sensor Servlet Container,7.32,CrowdStrike Inc.,Application,,C:\Program Files\CrowdStrike,1.0,,
6439,CrowdStrike Falcon Sensor Settings Tool,7.32,CrowdStrike Inc.,Application,,C:\Program Files\CrowdStrike,1.0,,
6439,CrowdStrike Falcon Sensor System Tray Application,7.32,CrowdStrike Inc.,Application,,C:\Program Files\CrowdStrike,2.0,,
6439,CrowdStrike Firmware Analysis,7.14,CrowdStrike Inc.,Add/Remove Programs,"June 18, 2025 12:00:00 AM",,,,
6439,CrowdStrike Firmware Analysis Support Tool,7.14,CrowdStrike Inc.,Application,,C:\Program Files\CrowdStrike,1.0,,
7278,.NET Runtime Optimization Service,4.8,Microsoft Corporation Inc.,Application,,C:\Windows\Microsoft.NET\Framework64\v4.0.30319,2.0,,
7278,64Bit MAPI Mail Agent,1.0,Foxit Software Inc.,Application,,C:\Program Files (x86)\Foxit Software\Foxit PDF Reader,1.0,,
7278,7-Zip 24.08 (x64 edition),24.08,Igor Pavlov,Add/Remove Programs,"November 29, 2024 12:00:00 AM",,,,
7278,7-Zip Console,24.08,Igor Pavlov,Application,,C:\Program Files\7-Zip,1.0,,
7278,7-Zip File Manager,24.08,Igor Pavlov,Application,,C:\Program Files\7-Zip,1.0,,
7278,7-Zip GUI,24.08,Igor Pavlov,Application,,C:\Program Files\7-Zip,1.0,,
7278,AAD token broker plugin,10.0,Microsoft Corporation Inc.,Application,,C:\Windows\SystemApps\Microsoft.AAD.BrokerPlugin_cw5n1h2txyewy,1.0,,
7278,Accounts Control Host,10.0,Microsoft Corporation Inc.,Application,,C:\Windows\SystemApps\Microsoft.AccountsControl_cw5n1h2txyewy,1.0,,
7278,AddSuggestedFoldersToLibraryDialog,10.0,Microsoft Corporation Inc.,Application,,C:\Windows\SystemApps\Microsoft.Windows.AddSuggestedFoldersToLibraryDialog_cw5n1h2txyewy,1.0,,
7278,Antimalware Service Executable,4.18,Microsoft Corporation Inc.,Application,,C:\Program Files\Windows Defender,1.0,,
7278,AppResolverUX,10.0,Microsoft Corporation Inc.,Application,,C:\Windows\SystemApps\Microsoft.Windows.AppResolverUX_cw5n1h2txyewy,1.0,,
7278,AsyncTextService,10.0,Microsoft Corporation Inc.,Application,,C:\Windows\SystemApps\Microsoft.AsyncTextService_8wekyb3d8bbwe,1.0,,
7278,Biometric Enrollment Host,10.0,Microsoft Corporation Inc.,Application,,C:\Windows\SystemApps\Microsoft.BioEnrollment_cw5n1h2txyewy,1.0,,
7278,BMC Client Management Agent,24.1.01.240624,BMC Software Inc.,Application,,C:\Program Files\BMC Software\Client Management\Client\bin,1.0,,
7278,BMC Client Management Certificate Generator,24.1.01.240624,BMC Software Inc.,Application,,C:\Program Files\BMC Software\Client Management\Client\bin,1.0,,
7278,BMC Client Management Chilli Interpreter,24.1.01.240624,BMC Software Inc.,Application,,C:\Program Files\BMC Software\Client Management\Client\bin,1.0,,
7278,BMC Client Management Direct Access Proxy Agent,24.1.01.240624,BMC Software Inc.,Application,,C:\Program Files\BMC Software\Client Management\Client\bin,1.0,,
7278,BMC Client Management Opswat Proxy Agent,24.1.01.240624,BMC Software Inc.,Application,,C:\Program Files\BMC Software\Client Management\Client\bin,1.0,,
7278,BMC Client Management Package Viewer,24.1.01.240624,BMC Software Inc.,Application,,C:\Program Files\BMC Software\Client Management\Client\bin,1.0,,
7278,BMC Client Management Patch Broker,24.1.01.240624,BMC Software Inc.,Application,,C:\Program Files\BMC Software\Client Management\Client\bin,1.0,,
7278,BMC Client Management Proxy Agent,24.1.01.240624,BMC Software Inc.,Application,,C:\Program Files\BMC Software\Client Management\Client\bin,1.0,,
7278,BMC Client Management Remote Control proxy,24.1.01.240624,BMC Software Inc.,Application,,C:\Program Files\BMC Software\Client Management\Client\bin,1.0,,
7278,BMC Client Management SCAP,24.1.01.240624,BMC Software Inc.,Application,,C:\Program Files\BMC Software\Client Management\Client\bin,1.0,,
7278,BMC Client Management Video Proxy Agent,24.1.01.240624,BMC Software Inc.,Application,,C:\Program Files\BMC Software\Client Management\Client\bin,1.0,,
7278,Boot File Servicing Utility,10.0,Microsoft Corporation Inc.,Application,,C:\Windows,1.0,,
7278,BrowserCore,10.0,Microsoft Corporation Inc.,Application,,C:\Windows\BrowserCore,1.0,,
7278,Calling App to host call progress on shell,10.0,Microsoft Corporation Inc.,Application,,C:\Windows\SystemApps\Microsoft.Windows.CallingShellApp_cw5n1h2txyewy,1.0,,
7278,CameraBarcodeScannerPreview,10.0,Microsoft Corporation Inc.,Application,,C:\Windows\SystemApps\Windows.CBSPreview_cw5n1h2txyewy,1.0,,
7278,ChromeEnterpriseCompanion,143.0,Google LLC,Application,,C:\Windows\SystemTemp\scoped_dir2184_1644057765\scoped_dir2184_318665307,1.0,,
7278,CL5,9.6,Ivanti,Application,,C:\Program Files\BMC Software\Client Management\Client\data\PatchManagementPremium\workspace,1.0,,
7278,ClickOnce,4.8,Microsoft Corporation Inc.,Application,,C:\Windows\Microsoft.NET\Framework64\v4.0.30319,3.0,,
7278,Common User Interface,5.8,Musarubra US LLC.,Application,,C:\Program Files\McAfee\Agent\x86,1.0,,
7278,Credential Dialog Host,10.0,Microsoft Corporation Inc.,Application,,C:\Windows\SystemApps\microsoft.creddialoghost_cw5n1h2txyewy,1.0,,
7278,CrowdStrike Device Control,7.29,CrowdStrike Inc.,Add/Remove Programs,"November 14, 2025 12:00:00 AM",,,,
7278,CrowdStrike Device Control Support Tool,7.29,CrowdStrike Inc.,Application,,C:\Program Files\CrowdStrike,1.0,,
7278,CrowdStrike Falcon Connector,7.32,CrowdStrike Inc.,Application,,C:\Program Files\CrowdStrike,1.0,,
7278,CrowdStrike Falcon Sensor,7.32,CrowdStrike Inc.,Application,,C:\Program Files\CrowdStrike,1.0,,
7278,CrowdStrike Falcon Sensor Controller,7.32,CrowdStrike Inc.,Application,,C:\Program Files\CrowdStrike,1.0,,
7278,CrowdStrike Falcon Sensor Service,7.32,CrowdStrike Inc.,Application,,C:\Program Files\CrowdStrike,1.0,,
7278,CrowdStrike Falcon Sensor Servlet Container,7.32,CrowdStrike Inc.,Application,,C:\Program Files\CrowdStrike,1.0,,
7278,CrowdStrike Falcon Sensor Settings Tool,7.32,CrowdStrike Inc.,Application,,C:\Program Files\CrowdStrike,1.0,,
7278,CrowdStrike Falcon Sensor System Tray Application,7.32,CrowdStrike Inc.,Application,,C:\Program Files\CrowdStrike,2.0,,
7278,CrowdStrike Firmware Analysis,7.14,CrowdStrike Inc.,Add/Remove Programs,"March 28, 2025 12:00:00 AM",,,,
7278,CrowdStrike Firmware Analysis Support Tool,7.14,CrowdStrike Inc.,Application,,C:\Program Files\CrowdStrike,1.0,,
7278,CrowdStrike On-Demand Scan Command-line Tool,7.32,CrowdStrike Inc.,Application,,C:\Program Files\CrowdStrike,1.0,,
7278,CrowdStrike On-Demand Scan Tool,7.32,CrowdStrike Inc.,Application,,C:\Program Files\CrowdStrike,1.0,,
7278,CrowdStrike Sensor Platform,7.32,CrowdStrike Inc.,Add/Remove Programs,"January 14, 2026 12:00:00 AM",,,,
7278,CrowdStrike Windows Sensor,7.32,CrowdStrike Inc.,Add/Remove Programs,"January 14, 2026 12:00:00 AM",,,,
7278,CxAudioSvc,1.0,Conexant Systems LLC.,Application,,C:\Windows\CxSvc,1.0,,
7278,EC App,10.0,Microsoft Corporation Inc.,Application,,C:\Windows\SystemApps\Microsoft.ECApp_8wekyb3d8bbwe,1.0,,
7232,.NET Runtime Optimization Service,4.8,Microsoft Corporation Inc.,Application,,C:\Windows\Microsoft.NET\Framework64\v4.0.30319,2.0,,
7232,64Bit MAPI Mail Agent,1.0,Foxit Software Inc.,Application,,C:\Program Files (x86)\Foxit Software\Foxit PDF Reader,1.0,,
7232,7-Zip 24.09 (x64),24.09,Igor Pavlov,Add/Remove Programs,,C:\Program Files\7-Zip\,,,
7232,7-Zip Console,24.09,Igor Pavlov,Application,,C:\Program Files\7-Zip,1.0,,
7232,7-Zip File Manager,24.09,Igor Pavlov,Application,,C:\Program Files\7-Zip,1.0,,
7232,7-Zip GUI,24.09,Igor Pavlov,Application,,C:\Program Files\7-Zip,1.0,,
7232,Accounts Control Host,10.0,Microsoft Corporation Inc.,Application,,C:\Windows\SystemApps\Microsoft.AccountsControl_cw5n1h2txyewy,1.0,,
7232,AddSuggestedFoldersToLibraryDialog,10.0,Microsoft Corporation Inc.,Application,,C:\Windows\SystemApps\Microsoft.Windows.AddSuggestedFoldersToLibraryDialog_cw5n1h2txyewy,1.0,,
7232,Antimalware Core Service,4.18,Microsoft Corporation Inc.,Application,,C:\Program Files\Windows Defender,1.0,,
7232,Antimalware Service Executable,4.18,Microsoft Corporation Inc.,Application,,C:\Program Files\Windows Defender,1.0,,
7232,AppResolverUX,10.0,Microsoft Corporation Inc.,Application,,C:\Windows\SystemApps\Microsoft.Windows.AppResolverUX_cw5n1h2txyewy,1.0,,
7232,AsyncTextService,10.0,Microsoft Corporation Inc.,Application,,C:\Windows\SystemApps\Microsoft.AsyncTextService_8wekyb3d8bbwe,1.0,,
7232,Biometric Enrollment Host,10.0,Microsoft Corporation Inc.,Application,,C:\Windows\SystemApps\Microsoft.BioEnrollment_cw5n1h2txyewy,1.0,,
7232,BMC Client Management Agent,24.1.01.240624,BMC Software Inc.,Application,,C:\Program Files\BMC Software\Client Management\Client\bin,1.0,,
7232,BMC Client Management Certificate Generator,24.1.01.240624,BMC Software Inc.,Application,,C:\Program Files\BMC Software\Client Management\Client\bin,1.0,,
7232,BMC Client Management Chilli Interpreter,24.1.01.240624,BMC Software Inc.,Application,,C:\Program Files\BMC Software\Client Management\Client\bin,1.0,,
7232,BMC Client Management Direct Access Proxy Agent,24.1.01.240624,BMC Software Inc.,Application,,C:\Program Files\BMC Software\Client Management\Client\bin,1.0,,
7232,BMC Client Management Opswat Proxy Agent,24.1.01.240624,BMC Software Inc.,Application,,C:\Program Files\BMC Software\Client Management\Client\bin,1.0,,
7232,BMC Client Management Package Viewer,24.1.01.240624,BMC Software Inc.,Application,,C:\Program Files\BMC Software\Client Management\Client\bin,1.0,,
7232,BMC Client Management Patch Broker,24.1.01.240624,BMC Software Inc.,Application,,C:\Program Files\BMC Software\Client Management\Client\bin,1.0,,
7232,BMC Client Management Proxy Agent,24.1.01.240624,BMC Software Inc.,Application,,C:\Program Files\BMC Software\Client Management\Client\bin,1.0,,
7232,BMC Client Management Remote Control proxy,24.1.01.240624,BMC Software Inc.,Application,,C:\Program Files\BMC Software\Client Management\Client\bin,1.0,,
7232,BMC Client Management SCAP,24.1.01.240624,BMC Software Inc.,Application,,C:\Program Files\BMC Software\Client Management\Client\bin,1.0,,
7232,BMC Client Management Video Proxy Agent,24.1.01.240624,BMC Software Inc.,Application,,C:\Program Files\BMC Software\Client Management\Client\bin,1.0,,
7232,Boot File Servicing Utility,10.0,Microsoft Corporation Inc.,Application,,C:\Windows,1.0,,
7232,Browser Protection Native Messaging Host,4.18,Microsoft Corporation Inc.,Application,,C:\Program Files\Windows Defender,1.0,,
7232,BrowserCore,10.0,Microsoft Corporation Inc.,Application,,C:\Windows\BrowserCore,1.0,,
7232,CameraBarcodeScannerPreview,10.0,Microsoft Corporation Inc.,Application,,C:\Windows\SystemApps\Windows.CBSPreview_cw5n1h2txyewy,1.0,,
7232,CL5,9.6,Ivanti,Application,,C:\Program Files\BMC Software\Client Management\Client\data\PatchManagementPremium\workspace,1.0,,
7232,ClickOnce,4.8,Microsoft Corporation Inc.,Application,,C:\Windows\Microsoft.NET\Framework64\v4.0.30319,3.0,,
7232,Common User Interface,5.8,Musarubra US LLC.,Application,,C:\Program Files\McAfee\Agent\x86,1.0,,
7232,Credential Dialog Host,10.0,Microsoft Corporation Inc.,Application,,C:\Windows\SystemApps\microsoft.creddialoghost_cw5n1h2txyewy,1.0,,
7232,CrowdStrike Device Control,7.29,CrowdStrike Inc.,Add/Remove Programs,"November 14, 2025 12:00:00 AM",,,,
7232,CrowdStrike Device Control Support Tool,7.29,CrowdStrike Inc.,Application,,C:\Program Files\CrowdStrike,1.0,,
7232,CrowdStrike Falcon Connector,7.32,CrowdStrike Inc.,Application,,C:\Program Files\CrowdStrike,1.0,,
7232,CrowdStrike Falcon Sensor,7.32,CrowdStrike Inc.,Application,,C:\Program Files\CrowdStrike,1.0,,
7232,CrowdStrike Falcon Sensor Controller,7.32,CrowdStrike Inc.,Application,,C:\Program Files\CrowdStrike,1.0,,
7232,CrowdStrike Falcon Sensor Service,7.32,CrowdStrike Inc.,Application,,C:\Program Files\CrowdStrike,1.0,,
7232,CrowdStrike Falcon Sensor Servlet Container,7.32,CrowdStrike Inc.,Application,,C:\Program Files\CrowdStrike,1.0,,
7232,CrowdStrike Falcon Sensor Settings Tool,7.32,CrowdStrike Inc.,Application,,C:\Program Files\CrowdStrike,1.0,,
7232,CrowdStrike Falcon Sensor System Tray Application,7.32,CrowdStrike Inc.,Application,,C:\Program Files\CrowdStrike,2.0,,
7232,CrowdStrike Firmware Analysis,7.14,CrowdStrike Inc.,Add/Remove Programs,"July 18, 2025 12:00:00 AM",,,,
7232,CrowdStrike Firmware Analysis Support Tool,7.14,CrowdStrike Inc.,Application,,C:\Program Files\CrowdStrike,1.0,,
7232,CrowdStrike On-Demand Scan Command-line Tool,7.32,CrowdStrike Inc.,Application,,C:\Program Files\CrowdStrike,1.0,,
7232,CrowdStrike On-Demand Scan Tool,7.32,CrowdStrike Inc.,Application,,C:\Program Files\CrowdStrike,1.0,,
7232,CrowdStrike Sensor Platform,7.32,CrowdStrike Inc.,Add/Remove Programs,"January 14, 2026 12:00:00 AM",,,,
7232,CrowdStrike Windows Sensor,7.32,CrowdStrike Inc.,Add/Remove Programs,"January 14, 2026 12:00:00 AM",,,,
7232,CxAudioSvc,1.0,Conexant Systems LLC.,Application,,C:\Windows\CxSvc,1.0,,
7232,EC App,10.0,Microsoft Corporation Inc.,Application,,C:\Windows\SystemApps\Microsoft.ECApp_8wekyb3d8bbwe,1.0,,
7232,File Explorer,10.0,Microsoft Corporation Inc.,Application,,C:\Windows\SystemApps\Microsoft.Windows.FileExplorer_cw5n1h2txyewy,1.0,,
15664,.NET Runtime Optimization Service,4.8,Microsoft Corporation Inc.,Application,,C:\Windows\Microsoft.NET\Framework64\v4.0.30319,2.0,,
15664,64Bit MAPI Mail Agent,1.0,Foxit Software Inc.,Application,,C:\Program Files (x86)\Foxit Software\Foxit PDF Reader,1.0,,
15664,7-Zip 24.09 (x64),24.09,Igor Pavlov,Add/Remove Programs,,C:\Program Files\7-Zip\,,,
15664,7-Zip Console,24.09,Igor Pavlov,Application,,C:\Program Files\7-Zip,1.0,,
15664,7-Zip File Manager,24.09,Igor Pavlov,Application,,C:\Program Files\7-Zip,1.0,,
15664,7-Zip GUI,24.09,Igor Pavlov,Application,,C:\Program Files\7-Zip,1.0,,
15664,Accounts Control Host,10.0,Microsoft Corporation Inc.,Application,,C:\Windows\SystemApps\Microsoft.AccountsControl_cw5n1h2txyewy,1.0,,
15664,AddSuggestedFoldersToLibraryDialog,10.0,Microsoft Corporation Inc.,Application,,C:\Windows\SystemApps\Microsoft.Windows.AddSuggestedFoldersToLibraryDialog_cw5n1h2txyewy,1.0,,
15664,Antimalware Core Service,4.18,Microsoft Corporation Inc.,Application,,C:\Program Files\Windows Defender,1.0,,
15664,Antimalware Service Executable,4.18,Microsoft Corporation Inc.,Application,,C:\Program Files\Windows Defender,1.0,,
15664,AppResolverUX,10.0,Microsoft Corporation Inc.,Application,,C:\Windows\SystemApps\Microsoft.Windows.AppResolverUX_cw5n1h2txyewy,1.0,,
15664,AsyncTextService,10.0,Microsoft Corporation Inc.,Application,,C:\Windows\SystemApps\Microsoft.AsyncTextService_8wekyb3d8bbwe,1.0,,
15664,Biometric Enrollment Host,10.0,Microsoft Corporation Inc.,Application,,C:\Windows\SystemApps\Microsoft.BioEnrollment_cw5n1h2txyewy,1.0,,
15664,BMC Client Management Agent,24.1.01.240624,BMC Software Inc.,Application,,C:\Program Files\BMC Software\Client Management\Client\bin,1.0,,
15664,BMC Client Management Certificate Generator,24.1.01.240624,BMC Software Inc.,Application,,C:\Program Files\BMC Software\Client Management\Client\bin,1.0,,
15664,BMC Client Management Chilli Interpreter,24.1.01.240624,BMC Software Inc.,Application,,C:\Program Files\BMC Software\Client Management\Client\bin,1.0,,
15664,BMC Client Management Direct Access Proxy Agent,24.1.01.240624,BMC Software Inc.,Application,,C:\Program Files\BMC Software\Client Management\Client\bin,1.0,,
15664,BMC Client Management Opswat Proxy Agent,24.1.01.240624,BMC Software Inc.,Application,,C:\Program Files\BMC Software\Client Management\Client\bin,1.0,,
15664,BMC Client Management Package Viewer,24.1.01.240624,BMC Software Inc.,Application,,C:\Program Files\BMC Software\Client Management\Client\bin,1.0,,
15664,BMC Client Management Patch Broker,24.1.01.240624,BMC Software Inc.,Application,,C:\Program Files\BMC Software\Client Management\Client\bin,1.0,,
15664,BMC Client Management Proxy Agent,24.1.01.240624,BMC Software Inc.,Application,,C:\Program Files\BMC Software\Client Management\Client\bin,1.0,,
15664,BMC Client Management Remote Control proxy,24.1.01.240624,BMC Software Inc.,Application,,C:\Program Files\BMC Software\Client Management\Client\bin,1.0,,
15664,BMC Client Management SCAP,24.1.01.240624,BMC Software Inc.,Application,,C:\Program Files\BMC Software\Client Management\Client\bin,1.0,,
15664,BMC Client Management SFX,24.1.01.240624,BMC Software Inc.,Application,,D:\IT,1.0,,
15664,BMC Client Management Video Proxy Agent,24.1.01.240624,BMC Software Inc.,Application,,C:\Program Files\BMC Software\Client Management\Client\bin,1.0,,
15664,Boot File Servicing Utility,10.0,Microsoft Corporation Inc.,Application,,C:\Windows,1.0,,
15664,Boot Sector Manipulation Tool,10.0,Microsoft Corporation Inc.,Application,,D:\win 11 skip req\boot,1.0,,
15664,Browser Protection Native Messaging Host,4.18,Microsoft Corporation Inc.,Application,,C:\Program Files\Windows Defender,1.0,,
15664,BrowserCore,10.0,Microsoft Corporation Inc.,Application,,C:\Windows\BrowserCore,1.0,,
15664,CameraBarcodeScannerPreview,10.0,Microsoft Corporation Inc.,Application,,C:\Windows\SystemApps\Windows.CBSPreview_cw5n1h2txyewy,1.0,,
15664,ClickOnce,4.8,Microsoft Corporation Inc.,Application,,C:\Windows\Microsoft.NET\Framework64\v4.0.30319,3.0,,
15664,Credential Dialog Host,10.0,Microsoft Corporation Inc.,Application,,C:\Windows\SystemApps\microsoft.creddialoghost_cw5n1h2txyewy,1.0,,
15664,CrowdStrike Device Control,7.29,CrowdStrike Inc.,Add/Remove Programs,"January 14, 2026 12:00:00 AM",,,,
15664,CrowdStrike Device Control Support Tool,7.29,CrowdStrike Inc.,Application,,C:\Program Files\CrowdStrike,1.0,,
15664,CrowdStrike Falcon Connector,7.32,CrowdStrike Inc.,Application,,C:\Program Files\CrowdStrike,1.0,,
15664,CrowdStrike Falcon Sensor,7.32,CrowdStrike Inc.,Application,,C:\Program Files\CrowdStrike,1.0,,
15664,CrowdStrike Falcon Sensor Controller,7.32,CrowdStrike Inc.,Application,,C:\Program Files\CrowdStrike,1.0,,
15664,CrowdStrike Falcon Sensor Service,7.32,CrowdStrike Inc.,Application,,C:\Program Files\CrowdStrike,1.0,,
15664,CrowdStrike Falcon Sensor Servlet Container,7.32,CrowdStrike Inc.,Application,,C:\Program Files\CrowdStrike,1.0,,
15664,CrowdStrike Falcon Sensor Settings Tool,7.32,CrowdStrike Inc.,Application,,C:\Program Files\CrowdStrike,1.0,,
15664,CrowdStrike Falcon Sensor System Tray Application,7.32,CrowdStrike Inc.,Application,,C:\Program Files\CrowdStrike,2.0,,
15664,CrowdStrike Firmware Analysis,7.14,CrowdStrike Inc.,Add/Remove Programs,"January 14, 2026 12:00:00 AM",,,,
15664,CrowdStrike Firmware Analysis Support Tool,7.14,CrowdStrike Inc.,Application,,C:\Program Files\CrowdStrike,1.0,,
15664,CrowdStrike On-Demand Scan Command-line Tool,7.32,CrowdStrike Inc.,Application,,C:\Program Files\CrowdStrike,1.0,,
15664,CrowdStrike On-Demand Scan Tool,7.32,CrowdStrike Inc.,Application,,C:\Program Files\CrowdStrike,1.0,,
15664,CrowdStrike Sensor Platform,7.32,CrowdStrike Inc.,Add/Remove Programs,"January 14, 2026 12:00:00 AM",,,,
15664,CrowdStrike Windows Sensor,7.32,CrowdStrike Inc.,Add/Remove Programs,"January 14, 2026 12:00:00 AM",,,,
15664,CrowdStrike Windows Sensor,6.58,CrowdStrike Inc.,Application,,D:\IT\crowdstrike,1.0,,
15664,CrowdStrike Windows Sensor,7.12,CrowdStrike Inc.,Application,,D:\IT\crowdstrike,1.0,,
15664,CxAudioSvc,1.0,Conexant Systems LLC.,Application,,C:\Windows\CxSvc,1.0,,
6665,.NET Runtime Optimization Service,4.8,Microsoft Corporation Inc.,Application,,C:\Windows\Microsoft.NET\Framework64\v4.0.30319,2.0,,
6665,64Bit MAPI Mail Agent,1.0,Foxit Software Inc.,Application,,C:\Program Files (x86)\Foxit Software\Foxit PDF Reader,1.0,,
6665,7-Zip 24.09 (x64),24.09,Igor Pavlov,Add/Remove Programs,,C:\Program Files\7-Zip\,,,
6665,7-Zip Console,24.09,Igor Pavlov,Application,,C:\Program Files\7-Zip,1.0,,
6665,7-Zip File Manager,24.09,Igor Pavlov,Application,,C:\Program Files\7-Zip,1.0,,
6665,7-Zip GUI,24.09,Igor Pavlov,Application,,C:\Program Files\7-Zip,1.0,,
6665,Accounts Control Host,10.0,Microsoft Corporation Inc.,Application,,C:\Windows\SystemApps\Microsoft.AccountsControl_cw5n1h2txyewy,1.0,,
6665,AddSuggestedFoldersToLibraryDialog,10.0,Microsoft Corporation Inc.,Application,,C:\Windows\SystemApps\Microsoft.Windows.AddSuggestedFoldersToLibraryDialog_cw5n1h2txyewy,1.0,,
6665,Antimalware Core Service,4.18,Microsoft Corporation Inc.,Application,,C:\Program Files\Windows Defender,1.0,,
6665,Antimalware Service Executable,4.18,Microsoft Corporation Inc.,Application,,C:\Program Files\Windows Defender,1.0,,
6665,AppResolverUX,10.0,Microsoft Corporation Inc.,Application,,C:\Windows\SystemApps\Microsoft.Windows.AppResolverUX_cw5n1h2txyewy,1.0,,
6665,AsyncTextService,10.0,Microsoft Corporation Inc.,Application,,C:\Windows\SystemApps\Microsoft.AsyncTextService_8wekyb3d8bbwe,1.0,,
6665,Biometric Enrollment Host,10.0,Microsoft Corporation Inc.,Application,,C:\Windows\SystemApps\Microsoft.BioEnrollment_cw5n1h2txyewy,1.0,,
6665,BMC Client Management Agent,24.1.01.240624,BMC Software Inc.,Application,,C:\Program Files\BMC Software\Client Management\Client\bin,1.0,,
6665,BMC Client Management Certificate Generator,24.1.01.240624,BMC Software Inc.,Application,,C:\Program Files\BMC Software\Client Management\Client\bin,1.0,,
6665,BMC Client Management Chilli Interpreter,24.1.01.240624,BMC Software Inc.,Application,,C:\Program Files\BMC Software\Client Management\Client\bin,1.0,,
6665,BMC Client Management Direct Access Proxy Agent,24.1.01.240624,BMC Software Inc.,Application,,C:\Program Files\BMC Software\Client Management\Client\bin,1.0,,
6665,BMC Client Management Opswat Proxy Agent,24.1.01.240624,BMC Software Inc.,Application,,C:\Program Files\BMC Software\Client Management\Client\bin,1.0,,
6665,BMC Client Management Package Viewer,24.1.01.240624,BMC Software Inc.,Application,,C:\Program Files\BMC Software\Client Management\Client\bin,1.0,,
6665,BMC Client Management Patch Broker,24.1.01.240624,BMC Software Inc.,Application,,C:\Program Files\BMC Software\Client Management\Client\bin,1.0,,
6665,BMC Client Management Proxy Agent,24.1.01.240624,BMC Software Inc.,Application,,C:\Program Files\BMC Software\Client Management\Client\bin,1.0,,
6665,BMC Client Management Remote Control proxy,24.1.01.240624,BMC Software Inc.,Application,,C:\Program Files\BMC Software\Client Management\Client\bin,1.0,,
6665,BMC Client Management SCAP,24.1.01.240624,BMC Software Inc.,Application,,C:\Program Files\BMC Software\Client Management\Client\bin,1.0,,
6665,BMC Client Management Video Proxy Agent,24.1.01.240624,BMC Software Inc.,Application,,C:\Program Files\BMC Software\Client Management\Client\bin,1.0,,
6665,Boot File Servicing Utility,10.0,Microsoft Corporation Inc.,Application,,C:\Windows,1.0,,
6665,Browser Protection Native Messaging Host,4.18,Microsoft Corporation Inc.,Application,,C:\Program Files\Windows Defender,1.0,,
6665,BrowserCore,10.0,Microsoft Corporation Inc.,Application,,C:\Windows\BrowserCore,1.0,,
6665,CameraBarcodeScannerPreview,10.0,Microsoft Corporation Inc.,Application,,C:\Windows\SystemApps\Windows.CBSPreview_cw5n1h2txyewy,1.0,,
6665,CL5,9.6,Ivanti,Application,,C:\Program Files\BMC Software\Client Management\Client\data\PatchManagementPremium\workspace,1.0,,
6665,ClickOnce,4.8,Microsoft Corporation Inc.,Application,,C:\Windows\Microsoft.NET\Framework64\v4.0.30319,3.0,,
6665,Common User Interface,5.8,Musarubra US LLC.,Application,,C:\Program Files\McAfee\Agent\x86,1.0,,
6665,Credential Dialog Host,10.0,Microsoft Corporation Inc.,Application,,C:\Windows\SystemApps\microsoft.creddialoghost_cw5n1h2txyewy,1.0,,
6665,CrowdStrike Device Control,7.29,CrowdStrike Inc.,Add/Remove Programs,"November 17, 2025 12:00:00 AM",,,,
6665,CrowdStrike Device Control Support Tool,7.29,CrowdStrike Inc.,Application,,C:\Program Files\CrowdStrike,1.0,,
6665,CrowdStrike Falcon Connector,7.32,CrowdStrike Inc.,Application,,C:\Program Files\CrowdStrike,1.0,,
6665,CrowdStrike Falcon Sensor,7.32,CrowdStrike Inc.,Application,,C:\Program Files\CrowdStrike,1.0,,
6665,CrowdStrike Falcon Sensor Controller,7.32,CrowdStrike Inc.,Application,,C:\Program Files\CrowdStrike,1.0,,
6665,CrowdStrike Falcon Sensor Service,7.32,CrowdStrike Inc.,Application,,C:\Program Files\CrowdStrike,1.0,,
6665,CrowdStrike Falcon Sensor Servlet Container,7.32,CrowdStrike Inc.,Application,,C:\Program Files\CrowdStrike,1.0,,
6665,CrowdStrike Falcon Sensor Settings Tool,7.32,CrowdStrike Inc.,Application,,C:\Program Files\CrowdStrike,1.0,,
6665,CrowdStrike Falcon Sensor System Tray Application,7.32,CrowdStrike Inc.,Application,,C:\Program Files\CrowdStrike,2.0,,
6665,CrowdStrike Firmware Analysis,7.14,CrowdStrike Inc.,Add/Remove Programs,"July 16, 2025 12:00:00 AM",,,,
6665,CrowdStrike Firmware Analysis Support Tool,7.14,CrowdStrike Inc.,Application,,C:\Program Files\CrowdStrike,1.0,,
6665,CrowdStrike On-Demand Scan Command-line Tool,7.32,CrowdStrike Inc.,Application,,C:\Program Files\CrowdStrike,1.0,,
6665,CrowdStrike On-Demand Scan Tool,7.32,CrowdStrike Inc.,Application,,C:\Program Files\CrowdStrike,1.0,,
6665,CrowdStrike Sensor Platform,7.32,CrowdStrike Inc.,Add/Remove Programs,"January 14, 2026 12:00:00 AM",,,,
6665,CrowdStrike Windows Sensor,7.32,CrowdStrike Inc.,Add/Remove Programs,"January 14, 2026 12:00:00 AM",,,,
6665,CxAudioSvc,1.0,Conexant Systems LLC.,Application,,C:\Windows\CxSvc,1.0,,
6665,EC App,10.0,Microsoft Corporation Inc.,Application,,C:\Windows\SystemApps\Microsoft.ECApp_8wekyb3d8bbwe,1.0,,
6665,File Explorer,10.0,Microsoft Corporation Inc.,Application,,C:\Windows\SystemApps\Microsoft.Windows.FileExplorer_cw5n1h2txyewy,1.0,,
17592,.NET Runtime Optimization Service,4.8,Microsoft Corporation Inc.,Application,,C:\Windows\Microsoft.NET\Framework64\v4.0.30319,2.0,,
17592,64Bit MAPI Mail Agent,1.0,Foxit Software Inc.,Application,,C:\Program Files (x86)\Foxit Software\Foxit PDF Reader,1.0,,
17592,7-Zip 24.09 (x64),24.09,Igor Pavlov,Add/Remove Programs,,C:\Program Files\7-Zip\,,,
17592,7-Zip Console,24.09,Igor Pavlov,Application,,C:\Program Files\7-Zip,1.0,,
17592,7-Zip File Manager,24.09,Igor Pavlov,Application,,C:\Program Files\7-Zip,1.0,,
17592,7-Zip GUI,24.09,Igor Pavlov,Application,,C:\Program Files\7-Zip,1.0,,
17592,Accounts Control Host,10.0,Microsoft Corporation Inc.,Application,,C:\Windows\SystemApps\Microsoft.AccountsControl_cw5n1h2txyewy,1.0,,
17592,AddSuggestedFoldersToLibraryDialog,10.0,Microsoft Corporation Inc.,Application,,C:\Windows\SystemApps\Microsoft.Windows.AddSuggestedFoldersToLibraryDialog_cw5n1h2txyewy,1.0,,
17592,Antimalware Core Service,4.18,Microsoft Corporation Inc.,Application,,C:\Program Files\Windows Defender,1.0,,
17592,Antimalware Service Executable,4.18,Microsoft Corporation Inc.,Application,,C:\Program Files\Windows Defender,1.0,,
17592,AppResolverUX,10.0,Microsoft Corporation Inc.,Application,,C:\Windows\SystemApps\Microsoft.Windows.AppResolverUX_cw5n1h2txyewy,1.0,,
17592,AsyncTextService,10.0,Microsoft Corporation Inc.,Application,,C:\Windows\SystemApps\Microsoft.AsyncTextService_8wekyb3d8bbwe,1.0,,
17592,Biometric Enrollment Host,10.0,Microsoft Corporation Inc.,Application,,C:\Windows\SystemApps\Microsoft.BioEnrollment_cw5n1h2txyewy,1.0,,
17592,BMC Client Management Agent,24.1.01.240624,BMC Software Inc.,Application,,C:\Program Files\BMC Software\Client Management\Client\bin,1.0,,
17592,BMC Client Management Certificate Generator,24.1.01.240624,BMC Software Inc.,Application,,C:\Program Files\BMC Software\Client Management\Client\bin,1.0,,
17592,BMC Client Management Chilli Interpreter,24.1.01.240624,BMC Software Inc.,Application,,C:\Program Files\BMC Software\Client Management\Client\bin,1.0,,
17592,BMC Client Management Direct Access Proxy Agent,24.1.01.240624,BMC Software Inc.,Application,,C:\Program Files\BMC Software\Client Management\Client\bin,1.0,,
17592,BMC Client Management Opswat Proxy Agent,24.1.01.240624,BMC Software Inc.,Application,,C:\Program Files\BMC Software\Client Management\Client\bin,1.0,,
17592,BMC Client Management Package Viewer,24.1.01.240624,BMC Software Inc.,Application,,C:\Program Files\BMC Software\Client Management\Client\bin,1.0,,
17592,BMC Client Management Patch Broker,24.1.01.240624,BMC Software Inc.,Application,,C:\Program Files\BMC Software\Client Management\Client\bin,1.0,,
17592,BMC Client Management Proxy Agent,24.1.01.240624,BMC Software Inc.,Application,,C:\Program Files\BMC Software\Client Management\Client\bin,1.0,,
17592,BMC Client Management Remote Control proxy,24.1.01.240624,BMC Software Inc.,Application,,C:\Program Files\BMC Software\Client Management\Client\bin,1.0,,
17592,BMC Client Management SCAP,24.1.01.240624,BMC Software Inc.,Application,,C:\Program Files\BMC Software\Client Management\Client\bin,1.0,,
17592,BMC Client Management Video Proxy Agent,24.1.01.240624,BMC Software Inc.,Application,,C:\Program Files\BMC Software\Client Management\Client\bin,1.0,,
17592,Boot File Servicing Utility,10.0,Microsoft Corporation Inc.,Application,,C:\Windows,1.0,,
17592,Browser Protection Native Messaging Host,4.18,Microsoft Corporation Inc.,Application,,C:\Program Files\Windows Defender,1.0,,
17592,BrowserCore,10.0,Microsoft Corporation Inc.,Application,,C:\Windows\BrowserCore,1.0,,
17592,CameraBarcodeScannerPreview,10.0,Microsoft Corporation Inc.,Application,,C:\Windows\SystemApps\Windows.CBSPreview_cw5n1h2txyewy,1.0,,
17592,CL5,9.6,Ivanti,Application,,C:\Program Files\BMC Software\Client Management\Client\data\PatchManagementPremium\workspace,3.0,,
17592,ClickOnce,4.8,Microsoft Corporation Inc.,Application,,C:\Windows\Microsoft.NET\Framework64\v4.0.30319,3.0,,
17592,Common User Interface,5.8,Musarubra US LLC.,Application,,C:\Program Files\McAfee\Agent\x86,1.0,,
17592,Copilot,144.0,Microsoft Corporation Inc.,Application,,C:\Program Files (x86)\Microsoft\EdgeWebView\Application\144.0.3719.82,7.0,,
17592,Copilot Update,1.3,Microsoft Corporation Inc.,Application,,C:\Program Files (x86)\Microsoft\EdgeUpdate,2.0,,
17592,Create a self-signed digital certificate,15.0,Microsoft Corporation Inc.,Application,,C:\Program Files\Microsoft Office\Office15,1.0,,
17592,Credential Dialog Host,10.0,Microsoft Corporation Inc.,Application,,C:\Windows\SystemApps\microsoft.creddialoghost_cw5n1h2txyewy,1.0,,
17592,CrowdStrike Device Control,7.29,CrowdStrike Inc.,Add/Remove Programs,"November 14, 2025 12:00:00 AM",,,,
17592,CrowdStrike Device Control Support Tool,7.29,CrowdStrike Inc.,Application,,C:\Program Files\CrowdStrike,1.0,,
17592,CrowdStrike Falcon Connector,7.32,CrowdStrike Inc.,Application,,C:\Program Files\CrowdStrike,1.0,,
17592,CrowdStrike Falcon Sensor,7.32,CrowdStrike Inc.,Application,,C:\Program Files\CrowdStrike,1.0,,
17592,CrowdStrike Falcon Sensor Controller,7.32,CrowdStrike Inc.,Application,,C:\Program Files\CrowdStrike,1.0,,
17592,CrowdStrike Falcon Sensor Service,7.32,CrowdStrike Inc.,Application,,C:\Program Files\CrowdStrike,1.0,,
17592,CrowdStrike Falcon Sensor Servlet Container,7.32,CrowdStrike Inc.,Application,,C:\Program Files\CrowdStrike,1.0,,
17592,CrowdStrike Falcon Sensor Settings Tool,7.32,CrowdStrike Inc.,Application,,C:\Program Files\CrowdStrike,1.0,,
17592,CrowdStrike Falcon Sensor System Tray Application,7.32,CrowdStrike Inc.,Application,,C:\Program Files\CrowdStrike,2.0,,
17592,CrowdStrike Firmware Analysis,7.14,CrowdStrike Inc.,Add/Remove Programs,"July 14, 2025 12:00:00 AM",,,,
17592,CrowdStrike Firmware Analysis Support Tool,7.14,CrowdStrike Inc.,Application,,C:\Program Files\CrowdStrike,1.0,,
17592,CrowdStrike On-Demand Scan Command-line Tool,7.32,CrowdStrike Inc.,Application,,C:\Program Files\CrowdStrike,1.0,,
17592,CrowdStrike On-Demand Scan Tool,7.32,CrowdStrike Inc.,Application,,C:\Program Files\CrowdStrike,1.0,,
17592,CrowdStrike Sensor Platform,7.32,CrowdStrike Inc.,Add/Remove Programs,"January 14, 2026 12:00:00 AM",,,,
17592,CrowdStrike Windows Sensor,7.32,CrowdStrike Inc.,Add/Remove Programs,"January 14, 2026 12:00:00 AM",,,,
18136,.NET Runtime Optimization Service,4.8,Microsoft Corporation Inc.,Application,,C:\Windows\Microsoft.NET\Framework64\v4.0.30319,2.0,,
18136,64Bit MAPI Mail Agent,1.0,Foxit Software Inc.,Application,,C:\Program Files (x86)\Foxit Software\Foxit PDF Reader,1.0,,
18136,7-Zip 24.08 (x64),24.08,Igor Pavlov,Add/Remove Programs,,C:\Program Files\7-Zip\,,,
18136,7-Zip Console,24.08,Igor Pavlov,Application,,C:\Program Files\7-Zip,1.0,,
18136,7-Zip File Manager,24.08,Igor Pavlov,Application,,C:\Program Files\7-Zip,1.0,,
18136,7-Zip GUI,24.08,Igor Pavlov,Application,,C:\Program Files\7-Zip,1.0,,
18136,Accounts Control Host,10.0,Microsoft Corporation Inc.,Application,,C:\Windows\SystemApps\Microsoft.AccountsControl_cw5n1h2txyewy,1.0,,
18136,AddSuggestedFoldersToLibraryDialog,10.0,Microsoft Corporation Inc.,Application,,C:\Windows\SystemApps\Microsoft.Windows.AddSuggestedFoldersToLibraryDialog_cw5n1h2txyewy,1.0,,
18136,Antimalware Core Service,4.18,Microsoft Corporation Inc.,Application,,C:\Program Files\Windows Defender,1.0,,
18136,Antimalware Service Executable,4.18,Microsoft Corporation Inc.,Application,,C:\Program Files\Windows Defender,1.0,,
18136,AppResolverUX,10.0,Microsoft Corporation Inc.,Application,,C:\Windows\SystemApps\Microsoft.Windows.AppResolverUX_cw5n1h2txyewy,1.0,,
18136,AsyncTextService,10.0,Microsoft Corporation Inc.,Application,,C:\Windows\SystemApps\Microsoft.AsyncTextService_8wekyb3d8bbwe,1.0,,
18136,Biometric Enrollment Host,10.0,Microsoft Corporation Inc.,Application,,C:\Windows\SystemApps\Microsoft.BioEnrollment_cw5n1h2txyewy,1.0,,
18136,BMC Client Management Agent,24.1.01.240624,BMC Software Inc.,Application,,C:\Program Files\BMC Software\Client Management\Client\bin,1.0,,
18136,BMC Client Management Certificate Generator,24.1.01.240624,BMC Software Inc.,Application,,C:\Program Files\BMC Software\Client Management\Client\bin,1.0,,
18136,BMC Client Management Chilli Interpreter,24.1.01.240624,BMC Software Inc.,Application,,C:\Program Files\BMC Software\Client Management\Client\bin,1.0,,
18136,BMC Client Management Direct Access Proxy Agent,24.1.01.240624,BMC Software Inc.,Application,,C:\Program Files\BMC Software\Client Management\Client\bin,1.0,,
18136,BMC Client Management Opswat Proxy Agent,24.1.01.240624,BMC Software Inc.,Application,,C:\Program Files\BMC Software\Client Management\Client\bin,1.0,,
18136,BMC Client Management Package Viewer,24.1.01.240624,BMC Software Inc.,Application,,C:\Program Files\BMC Software\Client Management\Client\bin,1.0,,
18136,BMC Client Management Patch Broker,24.1.01.240624,BMC Software Inc.,Application,,C:\Program Files\BMC Software\Client Management\Client\bin,1.0,,
18136,BMC Client Management Proxy Agent,24.1.01.240624,BMC Software Inc.,Application,,C:\Program Files\BMC Software\Client Management\Client\bin,1.0,,
18136,BMC Client Management Remote Control proxy,24.1.01.240624,BMC Software Inc.,Application,,C:\Program Files\BMC Software\Client Management\Client\bin,1.0,,
18136,BMC Client Management SCAP,24.1.01.240624,BMC Software Inc.,Application,,C:\Program Files\BMC Software\Client Management\Client\bin,1.0,,
18136,BMC Client Management Video Proxy Agent,24.1.01.240624,BMC Software Inc.,Application,,C:\Program Files\BMC Software\Client Management\Client\bin,1.0,,
18136,Boot File Servicing Utility,10.0,Microsoft Corporation Inc.,Application,,C:\Windows,1.0,,
18136,Browser Protection Native Messaging Host,4.18,Microsoft Corporation Inc.,Application,,C:\Program Files\Windows Defender,1.0,,
18136,BrowserCore,10.0,Microsoft Corporation Inc.,Application,,C:\Windows\BrowserCore,1.0,,
18136,CameraBarcodeScannerPreview,10.0,Microsoft Corporation Inc.,Application,,C:\Windows\SystemApps\Windows.CBSPreview_cw5n1h2txyewy,1.0,,
18136,ClickOnce,4.8,Microsoft Corporation Inc.,Application,,C:\Windows\Microsoft.NET\Framework64\v4.0.30319,3.0,,
18136,Common User Interface,5.8,Musarubra US LLC.,Application,,C:\Program Files\McAfee\Agent\x86,1.0,,
18136,Copilot,144.0,Microsoft Corporation Inc.,Application,,C:\Program Files (x86)\Microsoft\EdgeWebView\Application\144.0.3719.93,4.0,,
18136,Copilot Update,1.3,Microsoft Corporation Inc.,Application,,C:\Program Files (x86)\Microsoft\EdgeUpdate,2.0,,
18136,Credential Dialog Host,10.0,Microsoft Corporation Inc.,Application,,C:\Windows\SystemApps\microsoft.creddialoghost_cw5n1h2txyewy,1.0,,
18136,CrowdStrike Device Control,7.29,CrowdStrike Inc.,Add/Remove Programs,"January 13, 2026 12:00:00 AM",,,,
18136,CrowdStrike Device Control Support Tool,7.29,CrowdStrike Inc.,Application,,C:\Program Files\CrowdStrike,1.0,,
18136,CrowdStrike Falcon Connector,7.32,CrowdStrike Inc.,Application,,C:\Program Files\CrowdStrike,1.0,,
18136,CrowdStrike Falcon Sensor,7.32,CrowdStrike Inc.,Application,,C:\Program Files\CrowdStrike,1.0,,
18136,CrowdStrike Falcon Sensor Controller,7.32,CrowdStrike Inc.,Application,,C:\Program Files\CrowdStrike,1.0,,
18136,CrowdStrike Falcon Sensor Service,7.32,CrowdStrike Inc.,Application,,C:\Program Files\CrowdStrike,1.0,,
18136,CrowdStrike Falcon Sensor Servlet Container,7.32,CrowdStrike Inc.,Application,,C:\Program Files\CrowdStrike,1.0,,
18136,CrowdStrike Falcon Sensor Settings Tool,7.32,CrowdStrike Inc.,Application,,C:\Program Files\CrowdStrike,1.0,,
18136,CrowdStrike Falcon Sensor System Tray Application,7.32,CrowdStrike Inc.,Application,,C:\Program Files\CrowdStrike,2.0,,
18136,CrowdStrike Firmware Analysis,7.14,CrowdStrike Inc.,Add/Remove Programs,"July 14, 2025 12:00:00 AM",,,,
18136,CrowdStrike Firmware Analysis Support Tool,7.14,CrowdStrike Inc.,Application,,C:\Program Files\CrowdStrike,1.0,,
18136,CrowdStrike On-Demand Scan Command-line Tool,7.32,CrowdStrike Inc.,Application,,C:\Program Files\CrowdStrike,1.0,,
18136,CrowdStrike On-Demand Scan Tool,7.32,CrowdStrike Inc.,Application,,C:\Program Files\CrowdStrike,1.0,,
18136,CrowdStrike Sensor Platform,7.32,CrowdStrike Inc.,Add/Remove Programs,"February 05, 2026 12:00:00 AM",,,,
18136,CrowdStrike Windows Sensor,7.32,CrowdStrike Inc.,Add/Remove Programs,"February 05, 2026 12:00:00 AM",,,,
18136,CxAudioSvc,1.0,Conexant Systems LLC.,Application,,C:\Windows\CxSvc,1.0,,
18136,EC App,10.0,Microsoft Corporation Inc.,Application,,C:\Windows\SystemApps\Microsoft.ECApp_8wekyb3d8bbwe,1.0,,
6806,.NET Runtime Optimization Service,4.8,Microsoft Corporation Inc.,Application,,C:\Windows\Microsoft.NET\Framework64\v4.0.30319,2.0,,
6806,64Bit MAPI Mail Agent,1.0,Foxit Software Inc.,Application,,C:\Program Files (x86)\Foxit Software\Foxit PDF Reader,1.0,,
6806,7-Zip 24.09 (x64),24.09,Igor Pavlov,Add/Remove Programs,,C:\Program Files\7-Zip\,,,
6806,7-Zip Console,24.09,Igor Pavlov,Application,,C:\Program Files\7-Zip,1.0,,
6806,7-Zip File Manager,24.09,Igor Pavlov,Application,,C:\Program Files\7-Zip,1.0,,
6806,7-Zip GUI,24.09,Igor Pavlov,Application,,C:\Program Files\7-Zip,1.0,,
6806,Accounts Control Host,10.0,Microsoft Corporation Inc.,Application,,C:\Windows\SystemApps\Microsoft.AccountsControl_cw5n1h2txyewy,1.0,,
6806,AddSuggestedFoldersToLibraryDialog,10.0,Microsoft Corporation Inc.,Application,,C:\Windows\SystemApps\Microsoft.Windows.AddSuggestedFoldersToLibraryDialog_cw5n1h2txyewy,1.0,,
6806,Antimalware Core Service,4.18,Microsoft Corporation Inc.,Application,,C:\Program Files\Windows Defender,1.0,,
6806,AntiMalware Platform Update (amd64fre),4.18,Microsoft Corporation Inc.,Application,,C:\Windows\SystemTemp\3D2E37CC-062B-4859-AB1D-E38803FEAD64MpCommU,1.0,,
6806,Antimalware Service Executable,4.18,Microsoft Corporation Inc.,Application,,C:\Program Files\Windows Defender,1.0,,
6806,AppResolverUX,10.0,Microsoft Corporation Inc.,Application,,C:\Windows\SystemApps\Microsoft.Windows.AppResolverUX_cw5n1h2txyewy,1.0,,
6806,AsyncTextService,10.0,Microsoft Corporation Inc.,Application,,C:\Windows\SystemApps\Microsoft.AsyncTextService_8wekyb3d8bbwe,1.0,,
6806,Biometric Enrollment Host,10.0,Microsoft Corporation Inc.,Application,,C:\Windows\SystemApps\Microsoft.BioEnrollment_cw5n1h2txyewy,1.0,,
6806,BMC Client Management Agent,24.1.01.240624,BMC Software Inc.,Application,,C:\Program Files\BMC Software\Client Management\Client\bin,1.0,,
6806,BMC Client Management Certificate Generator,24.1.01.240624,BMC Software Inc.,Application,,C:\Program Files\BMC Software\Client Management\Client\bin,1.0,,
6806,BMC Client Management Chilli Interpreter,24.1.01.240624,BMC Software Inc.,Application,,C:\Program Files\BMC Software\Client Management\Client\bin,1.0,,
6806,BMC Client Management Direct Access Proxy Agent,24.1.01.240624,BMC Software Inc.,Application,,C:\Program Files\BMC Software\Client Management\Client\bin,1.0,,
6806,BMC Client Management Opswat Proxy Agent,24.1.01.240624,BMC Software Inc.,Application,,C:\Program Files\BMC Software\Client Management\Client\bin,1.0,,
6806,BMC Client Management Package Viewer,24.1.01.240624,BMC Software Inc.,Application,,C:\Program Files\BMC Software\Client Management\Client\bin,1.0,,
6806,BMC Client Management Patch Broker,24.1.01.240624,BMC Software Inc.,Application,,C:\Program Files\BMC Software\Client Management\Client\bin,1.0,,
6806,BMC Client Management Proxy Agent,24.1.01.240624,BMC Software Inc.,Application,,C:\Program Files\BMC Software\Client Management\Client\bin,1.0,,
6806,BMC Client Management Remote Control proxy,24.1.01.240624,BMC Software Inc.,Application,,C:\Program Files\BMC Software\Client Management\Client\bin,1.0,,
6806,BMC Client Management SCAP,24.1.01.240624,BMC Software Inc.,Application,,C:\Program Files\BMC Software\Client Management\Client\bin,1.0,,
6806,BMC Client Management Video Proxy Agent,24.1.01.240624,BMC Software Inc.,Application,,C:\Program Files\BMC Software\Client Management\Client\bin,1.0,,
6806,Boot File Servicing Utility,10.0,Microsoft Corporation Inc.,Application,,C:\Windows,1.0,,
6806,Browser Protection Native Messaging Host,4.18,Microsoft Corporation Inc.,Application,,C:\Program Files\Windows Defender,1.0,,
6806,BrowserCore,10.0,Microsoft Corporation Inc.,Application,,C:\Windows\BrowserCore,1.0,,
6806,CameraBarcodeScannerPreview,10.0,Microsoft Corporation Inc.,Application,,C:\Windows\SystemApps\Windows.CBSPreview_cw5n1h2txyewy,1.0,,
6806,ChromeEnterpriseCompanion,143.0,Google LLC,Application,,C:\Windows\SystemTemp\scoped_dir7728_1099021567\scoped_dir7728_346415534,1.0,,
6806,CL5,9.6,Ivanti,Application,,C:\Program Files\BMC Software\Client Management\Client\data\PatchManagementPremium\workspace,3.0,,
6806,ClickOnce,4.8,Microsoft Corporation Inc.,Application,,C:\Windows\Microsoft.NET\Framework64\v4.0.30319,3.0,,
6806,Common User Interface,5.8,Musarubra US LLC.,Application,,C:\Program Files\McAfee\Agent\x86,1.0,,
6806,Copilot,144.0,Microsoft Corporation Inc.,Application,,C:\Program Files (x86)\Microsoft\EdgeWebView\Application\144.0.3719.115,3.0,,
6806,Copilot Update,1.3,Microsoft Corporation Inc.,Application,,C:\Program Files (x86)\Microsoft\EdgeUpdate,2.0,,
6806,Credential Dialog Host,10.0,Microsoft Corporation Inc.,Application,,C:\Windows\SystemApps\microsoft.creddialoghost_cw5n1h2txyewy,1.0,,
6806,CrowdStrike Device Control,7.29,CrowdStrike Inc.,Add/Remove Programs,"November 15, 2025 12:00:00 AM",,,,
6806,CrowdStrike Device Control Support Tool,7.29,CrowdStrike Inc.,Application,,C:\Program Files\CrowdStrike,1.0,,
6806,CrowdStrike Falcon Connector,7.32,CrowdStrike Inc.,Application,,C:\Program Files\CrowdStrike,1.0,,
6806,CrowdStrike Falcon Sensor,7.32,CrowdStrike Inc.,Application,,C:\Program Files\CrowdStrike,1.0,,
6806,CrowdStrike Falcon Sensor Controller,7.32,CrowdStrike Inc.,Application,,C:\Program Files\CrowdStrike,1.0,,
6806,CrowdStrike Falcon Sensor Service,7.32,CrowdStrike Inc.,Application,,C:\Program Files\CrowdStrike,1.0,,
6806,CrowdStrike Falcon Sensor Servlet Container,7.32,CrowdStrike Inc.,Application,,C:\Program Files\CrowdStrike,1.0,,
6806,CrowdStrike Falcon Sensor Settings Tool,7.32,CrowdStrike Inc.,Application,,C:\Program Files\CrowdStrike,1.0,,
6806,CrowdStrike Falcon Sensor System Tray Application,7.32,CrowdStrike Inc.,Application,,C:\Program Files\CrowdStrike,2.0,,
6806,CrowdStrike Firmware Analysis,7.14,CrowdStrike Inc.,Add/Remove Programs,"July 14, 2025 12:00:00 AM",,,,
6806,CrowdStrike Firmware Analysis Support Tool,7.14,CrowdStrike Inc.,Application,,C:\Program Files\CrowdStrike,1.0,,
6806,CrowdStrike On-Demand Scan Command-line Tool,7.32,CrowdStrike Inc.,Application,,C:\Program Files\CrowdStrike,1.0,,
6806,CrowdStrike On-Demand Scan Tool,7.32,CrowdStrike Inc.,Application,,C:\Program Files\CrowdStrike,1.0,,
6806,CrowdStrike Sensor Platform,7.32,CrowdStrike Inc.,Add/Remove Programs,"January 15, 2026 12:00:00 AM",,,,
15199,.NET Runtime Optimization Service,4.8,Microsoft Corporation Inc.,Application,,C:\Windows\Microsoft.NET\Framework64\v4.0.30319,2.0,,
15199,64Bit MAPI Mail Agent,1.0,Foxit Software Inc.,Application,,C:\Program Files (x86)\Foxit Software\Foxit PDF Reader,1.0,,
15199,7-Zip 24.08 (x64 edition),24.08,Igor Pavlov,Add/Remove Programs,"November 29, 2024 12:00:00 AM",,,,
15199,7-Zip Console,24.08,Igor Pavlov,Application,,C:\Program Files\7-Zip,1.0,,
15199,7-Zip File Manager,24.08,Igor Pavlov,Application,,C:\Program Files\7-Zip,1.0,,
15199,7-Zip GUI,24.08,Igor Pavlov,Application,,C:\Program Files\7-Zip,1.0,,
15199,Accounts Control Host,10.0,Microsoft Corporation Inc.,Application,,C:\Windows\SystemApps\Microsoft.AccountsControl_cw5n1h2txyewy,1.0,,
15199,AddSuggestedFoldersToLibraryDialog,10.0,Microsoft Corporation Inc.,Application,,C:\Windows\SystemApps\Microsoft.Windows.AddSuggestedFoldersToLibraryDialog_cw5n1h2txyewy,1.0,,
15199,Antimalware Core Service,4.18,Microsoft Corporation Inc.,Application,,C:\Program Files\Windows Defender,1.0,,
15199,Antimalware Service Executable,4.18,Microsoft Corporation Inc.,Application,,C:\Program Files\Windows Defender,1.0,,
15199,AppResolverUX,10.0,Microsoft Corporation Inc.,Application,,C:\Windows\SystemApps\Microsoft.Windows.AppResolverUX_cw5n1h2txyewy,1.0,,
15199,AsyncTextService,10.0,Microsoft Corporation Inc.,Application,,C:\Windows\SystemApps\Microsoft.AsyncTextService_8wekyb3d8bbwe,1.0,,
15199,Biometric Enrollment Host,10.0,Microsoft Corporation Inc.,Application,,C:\Windows\SystemApps\Microsoft.BioEnrollment_cw5n1h2txyewy,1.0,,
15199,BMC Client Management Agent,24.1.01.240624,BMC Software Inc.,Application,,C:\Program Files\BMC Software\Client Management\Client\bin,1.0,,
15199,BMC Client Management Certificate Generator,24.1.01.240624,BMC Software Inc.,Application,,C:\Program Files\BMC Software\Client Management\Client\bin,1.0,,
15199,BMC Client Management Chilli Interpreter,24.1.01.240624,BMC Software Inc.,Application,,C:\Program Files\BMC Software\Client Management\Client\bin,1.0,,
15199,BMC Client Management Direct Access Proxy Agent,24.1.01.240624,BMC Software Inc.,Application,,C:\Program Files\BMC Software\Client Management\Client\bin,1.0,,
15199,BMC Client Management Opswat Proxy Agent,24.1.01.240624,BMC Software Inc.,Application,,C:\Program Files\BMC Software\Client Management\Client\bin,1.0,,
15199,BMC Client Management Package Viewer,24.1.01.240624,BMC Software Inc.,Application,,C:\Program Files\BMC Software\Client Management\Client\bin,1.0,,
15199,BMC Client Management Patch Broker,24.1.01.240624,BMC Software Inc.,Application,,C:\Program Files\BMC Software\Client Management\Client\bin,1.0,,
15199,BMC Client Management Proxy Agent,24.1.01.240624,BMC Software Inc.,Application,,C:\Program Files\BMC Software\Client Management\Client\bin,1.0,,
15199,BMC Client Management Remote Control proxy,24.1.01.240624,BMC Software Inc.,Application,,C:\Program Files\BMC Software\Client Management\Client\bin,1.0,,
15199,BMC Client Management SCAP,24.1.01.240624,BMC Software Inc.,Application,,C:\Program Files\BMC Software\Client Management\Client\bin,1.0,,
15199,BMC Client Management Video Proxy Agent,24.1.01.240624,BMC Software Inc.,Application,,C:\Program Files\BMC Software\Client Management\Client\bin,1.0,,
15199,Boot File Servicing Utility,10.0,Microsoft Corporation Inc.,Application,,C:\Windows,1.0,,
15199,Browser Protection Native Messaging Host,4.18,Microsoft Corporation Inc.,Application,,C:\Program Files\Windows Defender,1.0,,
15199,BrowserCore,10.0,Microsoft Corporation Inc.,Application,,C:\Windows\BrowserCore,1.0,,
15199,CameraBarcodeScannerPreview,10.0,Microsoft Corporation Inc.,Application,,C:\Windows\SystemApps\Windows.CBSPreview_cw5n1h2txyewy,1.0,,
15199,CL5,9.6,Ivanti,Application,,C:\Program Files\BMC Software\Client Management\Client\data\PatchManagementPremium\workspace,1.0,,
15199,ClickOnce,4.8,Microsoft Corporation Inc.,Application,,C:\Windows\Microsoft.NET\Framework64\v4.0.30319,3.0,,
15199,Common User Interface,5.8,Musarubra US LLC.,Application,,C:\Program Files\McAfee\Agent\x86,1.0,,
15199,Copilot,144.0,Microsoft Corporation Inc.,Application,,C:\Program Files (x86)\Microsoft\EdgeWebView\Application\144.0.3719.93,5.0,,
15199,Copilot Update,1.3,Microsoft Corporation Inc.,Application,,C:\Program Files (x86)\Microsoft\EdgeUpdate,2.0,,
15199,Credential Dialog Host,10.0,Microsoft Corporation Inc.,Application,,C:\Windows\SystemApps\microsoft.creddialoghost_cw5n1h2txyewy,1.0,,
15199,CrowdStrike Device Control,7.29,CrowdStrike Inc.,Add/Remove Programs,"November 14, 2025 12:00:00 AM",,,,
15199,CrowdStrike Device Control Support Tool,7.29,CrowdStrike Inc.,Application,,C:\Program Files\CrowdStrike,1.0,,
15199,CrowdStrike Falcon Connector,7.32,CrowdStrike Inc.,Application,,C:\Program Files\CrowdStrike,1.0,,
15199,CrowdStrike Falcon Sensor,7.32,CrowdStrike Inc.,Application,,C:\Program Files\CrowdStrike,1.0,,
15199,CrowdStrike Falcon Sensor Controller,7.32,CrowdStrike Inc.,Application,,C:\Program Files\CrowdStrike,1.0,,
15199,CrowdStrike Falcon Sensor Service,7.32,CrowdStrike Inc.,Application,,C:\Program Files\CrowdStrike,1.0,,
15199,CrowdStrike Falcon Sensor Servlet Container,7.32,CrowdStrike Inc.,Application,,C:\Program Files\CrowdStrike,1.0,,
15199,CrowdStrike Falcon Sensor Settings Tool,7.32,CrowdStrike Inc.,Application,,C:\Program Files\CrowdStrike,1.0,,
15199,CrowdStrike Falcon Sensor System Tray Application,7.32,CrowdStrike Inc.,Application,,C:\Program Files\CrowdStrike,2.0,,
15199,CrowdStrike Firmware Analysis,7.14,CrowdStrike Inc.,Add/Remove Programs,"January 24, 2025 12:00:00 AM",,,,
15199,CrowdStrike Firmware Analysis Support Tool,7.14,CrowdStrike Inc.,Application,,C:\Program Files\CrowdStrike,1.0,,
15199,CrowdStrike Forensic Data Collection Tool,1.0,CrowdStrike Inc.,Application,,C:,2.0,,
15199,CrowdStrike On-Demand Scan Command-line Tool,7.32,CrowdStrike Inc.,Application,,C:\Program Files\CrowdStrike,1.0,,
15199,CrowdStrike On-Demand Scan Tool,7.32,CrowdStrike Inc.,Application,,C:\Program Files\CrowdStrike,1.0,,
15199,CrowdStrike Sensor Platform,7.32,CrowdStrike Inc.,Add/Remove Programs,"January 14, 2026 12:00:00 AM",,,,
15199,CrowdStrike Windows Sensor,7.32,CrowdStrike Inc.,Add/Remove Programs,"January 14, 2026 12:00:00 AM",,,,
18017,.NET Runtime Optimization Service,4.8,Microsoft Corporation Inc.,Application,,C:\Windows\Microsoft.NET\Framework64\v4.0.30319,2.0,,
18017,64Bit MAPI Mail Agent,1.0,Foxit Software Inc.,Application,,C:\Program Files (x86)\Foxit Software\Foxit PDF Reader,1.0,,
18017,7-Zip 24.08 (x64 edition),24.08,Igor Pavlov,Add/Remove Programs,"November 29, 2024 12:00:00 AM",,,,
18017,7-Zip Console,24.08,Igor Pavlov,Application,,C:\Program Files\7-Zip,1.0,,
18017,7-Zip File Manager,24.08,Igor Pavlov,Application,,C:\Program Files\7-Zip,1.0,,
18017,7-Zip GUI,24.08,Igor Pavlov,Application,,C:\Program Files\7-Zip,1.0,,
18017,AAD token broker plugin,10.0,Microsoft Corporation Inc.,Application,,C:\Windows\SystemApps\Microsoft.AAD.BrokerPlugin_cw5n1h2txyewy,1.0,,
18017,Accounts Control Host,10.0,Microsoft Corporation Inc.,Application,,C:\Windows\SystemApps\Microsoft.AccountsControl_cw5n1h2txyewy,1.0,,
18017,AddSuggestedFoldersToLibraryDialog,10.0,Microsoft Corporation Inc.,Application,,C:\Windows\SystemApps\Microsoft.Windows.AddSuggestedFoldersToLibraryDialog_cw5n1h2txyewy,1.0,,
18017,Antimalware Service Executable,4.18,Microsoft Corporation Inc.,Application,,C:\Program Files\Windows Defender,1.0,,
18017,AppResolverUX,10.0,Microsoft Corporation Inc.,Application,,C:\Windows\SystemApps\Microsoft.Windows.AppResolverUX_cw5n1h2txyewy,1.0,,
18017,AsyncTextService,10.0,Microsoft Corporation Inc.,Application,,C:\Windows\SystemApps\Microsoft.AsyncTextService_8wekyb3d8bbwe,1.0,,
18017,Biometric Enrollment Host,10.0,Microsoft Corporation Inc.,Application,,C:\Windows\SystemApps\Microsoft.BioEnrollment_cw5n1h2txyewy,1.0,,
18017,BMC Client Management Agent,24.1.01.240624,BMC Software Inc.,Application,,C:\Program Files\BMC Software\Client Management\Client\bin,1.0,,
18017,BMC Client Management Certificate Generator,24.1.01.240624,BMC Software Inc.,Application,,C:\Program Files\BMC Software\Client Management\Client\bin,1.0,,
18017,BMC Client Management Chilli Interpreter,24.1.01.240624,BMC Software Inc.,Application,,C:\Program Files\BMC Software\Client Management\Client\bin,1.0,,
18017,BMC Client Management Direct Access Proxy Agent,24.1.01.240624,BMC Software Inc.,Application,,C:\Program Files\BMC Software\Client Management\Client\bin,1.0,,
18017,BMC Client Management Opswat Proxy Agent,24.1.01.240624,BMC Software Inc.,Application,,C:\Program Files\BMC Software\Client Management\Client\bin,1.0,,
18017,BMC Client Management Package Viewer,24.1.01.240624,BMC Software Inc.,Application,,C:\Program Files\BMC Software\Client Management\Client\bin,1.0,,
18017,BMC Client Management Patch Broker,24.1.01.240624,BMC Software Inc.,Application,,C:\Program Files\BMC Software\Client Management\Client\bin,1.0,,
18017,BMC Client Management Proxy Agent,24.1.01.240624,BMC Software Inc.,Application,,C:\Program Files\BMC Software\Client Management\Client\bin,1.0,,
18017,BMC Client Management Remote Control proxy,24.1.01.240624,BMC Software Inc.,Application,,C:\Program Files\BMC Software\Client Management\Client\bin,1.0,,
18017,BMC Client Management SCAP,24.1.01.240624,BMC Software Inc.,Application,,C:\Program Files\BMC Software\Client Management\Client\bin,1.0,,
18017,BMC Client Management SFX,24.1.01.240624,BMC Software Inc.,Application,,C:\Users\joinuser.maftuh\Downloads,2.0,,
18017,BMC Client Management Video Proxy Agent,24.1.01.240624,BMC Software Inc.,Application,,C:\Program Files\BMC Software\Client Management\Client\bin,1.0,,
18017,Boot File Servicing Utility,10.0,Microsoft Corporation Inc.,Application,,C:\Windows,1.0,,
18017,BrowserCore,10.0,Microsoft Corporation Inc.,Application,,C:\Windows\BrowserCore,1.0,,
18017,Calling App to host call progress on shell,10.0,Microsoft Corporation Inc.,Application,,C:\Windows\SystemApps\Microsoft.Windows.CallingShellApp_cw5n1h2txyewy,1.0,,
18017,CameraBarcodeScannerPreview,10.0,Microsoft Corporation Inc.,Application,,C:\Windows\SystemApps\Windows.CBSPreview_cw5n1h2txyewy,1.0,,
18017,CL5,9.6,Ivanti,Application,,C:\Program Files\BMC Software\Client Management\Client\data\PatchManagementPremium\workspace,3.0,,
18017,ClickOnce,4.8,Microsoft Corporation Inc.,Application,,C:\Windows\Microsoft.NET\Framework64\v4.0.30319,3.0,,
18017,Common User Interface,5.8,Musarubra US LLC.,Application,,C:\Program Files\McAfee\Agent\x86,1.0,,
18017,Copilot,144.0,Microsoft Corporation Inc.,Application,,C:\Program Files (x86)\Microsoft\EdgeWebView\Application\144.0.3719.93,5.0,,
18017,Copilot Update,1.3,Microsoft Corporation Inc.,Application,,C:\Program Files (x86)\Microsoft\EdgeUpdate,2.0,,
18017,Credential Dialog Host,10.0,Microsoft Corporation Inc.,Application,,C:\Windows\SystemApps\microsoft.creddialoghost_cw5n1h2txyewy,1.0,,
18017,CrowdStrike Device Control,7.29,CrowdStrike Inc.,Add/Remove Programs,"November 14, 2025 12:00:00 AM",,,,
18017,CrowdStrike Device Control Support Tool,7.29,CrowdStrike Inc.,Application,,C:\Program Files\CrowdStrike,1.0,,
18017,CrowdStrike Falcon Connector,7.32,CrowdStrike Inc.,Application,,C:\Program Files\CrowdStrike,1.0,,
18017,CrowdStrike Falcon Sensor,7.32,CrowdStrike Inc.,Application,,C:\Program Files\CrowdStrike,1.0,,
18017,CrowdStrike Falcon Sensor Controller,7.32,CrowdStrike Inc.,Application,,C:\Program Files\CrowdStrike,1.0,,
18017,CrowdStrike Falcon Sensor Service,7.32,CrowdStrike Inc.,Application,,C:\Program Files\CrowdStrike,1.0,,
18017,CrowdStrike Falcon Sensor Servlet Container,7.32,CrowdStrike Inc.,Application,,C:\Program Files\CrowdStrike,1.0,,
18017,CrowdStrike Falcon Sensor Settings Tool,7.32,CrowdStrike Inc.,Application,,C:\Program Files\CrowdStrike,1.0,,
18017,CrowdStrike Falcon Sensor System Tray Application,7.32,CrowdStrike Inc.,Application,,C:\Program Files\CrowdStrike,2.0,,
18017,CrowdStrike Firmware Analysis,7.14,CrowdStrike Inc.,Add/Remove Programs,"July 24, 2025 12:00:00 AM",,,,
18017,CrowdStrike Firmware Analysis Support Tool,7.14,CrowdStrike Inc.,Application,,C:\Program Files\CrowdStrike,1.0,,
18017,CrowdStrike On-Demand Scan Command-line Tool,7.32,CrowdStrike Inc.,Application,,C:\Program Files\CrowdStrike,1.0,,
18017,CrowdStrike On-Demand Scan Tool,7.32,CrowdStrike Inc.,Application,,C:\Program Files\CrowdStrike,1.0,,
18017,CrowdStrike Sensor Platform,7.32,CrowdStrike Inc.,Add/Remove Programs,"January 14, 2026 12:00:00 AM",,,,
18017,CrowdStrike Windows Sensor,7.32,CrowdStrike Inc.,Add/Remove Programs,"January 14, 2026 12:00:00 AM",,,,
6443,.NET Runtime Optimization Service,4.8,Microsoft Corporation Inc.,Application,,C:\Windows\Microsoft.NET\Framework64\v4.0.30319,2.0,,
6443,64Bit MAPI Mail Agent,1.0,Foxit Software Inc.,Application,,C:\Program Files (x86)\Foxit Software\Foxit PDF Reader,1.0,,
6443,7-Zip 24.08 (x64 edition),24.08,Igor Pavlov,Add/Remove Programs,"November 26, 2024 12:00:00 AM",,,,
6443,7-Zip Console,24.08,Igor Pavlov,Application,,C:\Program Files\7-Zip,1.0,,
6443,7-Zip File Manager,24.08,Igor Pavlov,Application,,C:\Program Files\7-Zip,1.0,,
6443,7-Zip GUI,24.08,Igor Pavlov,Application,,C:\Program Files\7-Zip,1.0,,
6443,AAD token broker plugin,10.0,Microsoft Corporation Inc.,Application,,C:\Windows\SystemApps\Microsoft.AAD.BrokerPlugin_cw5n1h2txyewy,1.0,,
6443,Accounts Control Host,10.0,Microsoft Corporation Inc.,Application,,C:\Windows\SystemApps\Microsoft.AccountsControl_cw5n1h2txyewy,1.0,,
6443,AddSuggestedFoldersToLibraryDialog,10.0,Microsoft Corporation Inc.,Application,,C:\Windows\SystemApps\Microsoft.Windows.AddSuggestedFoldersToLibraryDialog_cw5n1h2txyewy,1.0,,
6443,Antimalware Service Executable,4.18,Microsoft Corporation Inc.,Application,,C:\Program Files\Windows Defender,1.0,,
6443,AppResolverUX,10.0,Microsoft Corporation Inc.,Application,,C:\Windows\SystemApps\Microsoft.Windows.AppResolverUX_cw5n1h2txyewy,1.0,,
6443,AsyncTextService,10.0,Microsoft Corporation Inc.,Application,,C:\Windows\SystemApps\Microsoft.AsyncTextService_8wekyb3d8bbwe,1.0,,
6443,Biometric Enrollment Host,10.0,Microsoft Corporation Inc.,Application,,C:\Windows\SystemApps\Microsoft.BioEnrollment_cw5n1h2txyewy,1.0,,
6443,BMC Client Management Agent,24.1.01.240624,BMC Software Inc.,Application,,C:\Program Files\BMC Software\Client Management\Client\bin,1.0,,
6443,BMC Client Management Certificate Generator,24.1.01.240624,BMC Software Inc.,Application,,C:\Program Files\BMC Software\Client Management\Client\bin,1.0,,
6443,BMC Client Management Chilli Interpreter,24.1.01.240624,BMC Software Inc.,Application,,C:\Program Files\BMC Software\Client Management\Client\bin,1.0,,
6443,BMC Client Management Direct Access Proxy Agent,24.1.01.240624,BMC Software Inc.,Application,,C:\Program Files\BMC Software\Client Management\Client\bin,1.0,,
6443,BMC Client Management Opswat Proxy Agent,24.1.01.240624,BMC Software Inc.,Application,,C:\Program Files\BMC Software\Client Management\Client\bin,1.0,,
6443,BMC Client Management Package Viewer,24.1.01.240624,BMC Software Inc.,Application,,C:\Program Files\BMC Software\Client Management\Client\bin,1.0,,
6443,BMC Client Management Patch Broker,24.1.01.240624,BMC Software Inc.,Application,,C:\Program Files\BMC Software\Client Management\Client\bin,1.0,,
6443,BMC Client Management Proxy Agent,24.1.01.240624,BMC Software Inc.,Application,,C:\Program Files\BMC Software\Client Management\Client\bin,1.0,,
6443,BMC Client Management Remote Control proxy,24.1.01.240624,BMC Software Inc.,Application,,C:\Program Files\BMC Software\Client Management\Client\bin,1.0,,
6443,BMC Client Management SCAP,24.1.01.240624,BMC Software Inc.,Application,,C:\Program Files\BMC Software\Client Management\Client\bin,1.0,,
6443,BMC Client Management Video Proxy Agent,24.1.01.240624,BMC Software Inc.,Application,,C:\Program Files\BMC Software\Client Management\Client\bin,1.0,,
6443,Boot File Servicing Utility,10.0,Microsoft Corporation Inc.,Application,,C:\Windows,1.0,,
6443,BrowserCore,10.0,Microsoft Corporation Inc.,Application,,C:\Windows\BrowserCore,1.0,,
6443,Calling App to host call progress on shell,10.0,Microsoft Corporation Inc.,Application,,C:\Windows\SystemApps\Microsoft.Windows.CallingShellApp_cw5n1h2txyewy,1.0,,
6443,CameraBarcodeScannerPreview,10.0,Microsoft Corporation Inc.,Application,,C:\Windows\SystemApps\Windows.CBSPreview_cw5n1h2txyewy,1.0,,
6443,ChromeEnterpriseCompanion,143.0,Google LLC,Application,,C:\Windows\SystemTemp\scoped_dir2636_1479902478\scoped_dir2636_2042559799,1.0,,
6443,CL5,9.6,Ivanti,Application,,C:\Program Files\BMC Software\Client Management\Client\data\PatchManagementPremium\workspace,3.0,,
6443,ClickOnce,4.8,Microsoft Corporation Inc.,Application,,C:\Windows\Microsoft.NET\Framework64\v4.0.30319,3.0,,
6443,Common User Interface,5.8,Musarubra US LLC.,Application,,C:\Program Files\McAfee\Agent\x86,1.0,,
6443,Copilot Update,1.3,Microsoft Corporation Inc.,Application,,C:\Program Files (x86)\Microsoft\EdgeUpdate,2.0,,
6443,Credential Dialog Host,10.0,Microsoft Corporation Inc.,Application,,C:\Windows\SystemApps\microsoft.creddialoghost_cw5n1h2txyewy,1.0,,
6443,CrowdStrike Device Control,7.29,CrowdStrike Inc.,Add/Remove Programs,"November 14, 2025 12:00:00 AM",,,,
6443,CrowdStrike Device Control Support Tool,7.29,CrowdStrike Inc.,Application,,C:\Program Files\CrowdStrike,1.0,,
6443,CrowdStrike Falcon Connector,7.32,CrowdStrike Inc.,Application,,C:\Program Files\CrowdStrike,1.0,,
6443,CrowdStrike Falcon Sensor,7.32,CrowdStrike Inc.,Application,,C:\Program Files\CrowdStrike,1.0,,
6443,CrowdStrike Falcon Sensor Controller,7.32,CrowdStrike Inc.,Application,,C:\Program Files\CrowdStrike,1.0,,
6443,CrowdStrike Falcon Sensor Service,7.32,CrowdStrike Inc.,Application,,C:\Program Files\CrowdStrike,1.0,,
6443,CrowdStrike Falcon Sensor Servlet Container,7.32,CrowdStrike Inc.,Application,,C:\Program Files\CrowdStrike,1.0,,
6443,CrowdStrike Falcon Sensor Settings Tool,7.32,CrowdStrike Inc.,Application,,C:\Program Files\CrowdStrike,1.0,,
6443,CrowdStrike Falcon Sensor System Tray Application,7.32,CrowdStrike Inc.,Application,,C:\Program Files\CrowdStrike,2.0,,
6443,CrowdStrike Firmware Analysis,7.14,CrowdStrike Inc.,Add/Remove Programs,"April 17, 2025 12:00:00 AM",,,,
6443,CrowdStrike Firmware Analysis Support Tool,7.14,CrowdStrike Inc.,Application,,C:\Program Files\CrowdStrike,1.0,,
6443,CrowdStrike On-Demand Scan Command-line Tool,7.32,CrowdStrike Inc.,Application,,C:\Program Files\CrowdStrike,1.0,,
6443,CrowdStrike On-Demand Scan Tool,7.32,CrowdStrike Inc.,Application,,C:\Program Files\CrowdStrike,1.0,,
6443,CrowdStrike Sensor Platform,7.32,CrowdStrike Inc.,Add/Remove Programs,"January 14, 2026 12:00:00 AM",,,,
6443,CrowdStrike Windows Sensor,7.32,CrowdStrike Inc.,Add/Remove Programs,"January 14, 2026 12:00:00 AM",,,,
6443,CrowdStrike Windows Sensor,6.54,CrowdStrike Inc.,Application,,C:\login\crowdstrike,1.0,,
6829,.NET Runtime Optimization Service,4.8,Microsoft Corporation Inc.,Application,,C:\Windows\Microsoft.NET\Framework64\v4.0.30319,2.0,,
6829,64Bit MAPI Mail Agent,1.0,Foxit Software Inc.,Application,,C:\Program Files (x86)\Foxit Software\Foxit PDF Reader,1.0,,
6829,7-Zip 24.08 (x64 edition),24.08,Igor Pavlov,Add/Remove Programs,"November 28, 2024 12:00:00 AM",,,,
6829,7-Zip Console,24.08,Igor Pavlov,Application,,C:\Program Files\7-Zip,1.0,,
6829,7-Zip File Manager,24.08,Igor Pavlov,Application,,C:\Program Files\7-Zip,1.0,,
6829,7-Zip GUI,24.08,Igor Pavlov,Application,,C:\Program Files\7-Zip,1.0,,
6829,Accounts Control Host,10.0,Microsoft Corporation Inc.,Application,,C:\Windows\SystemApps\Microsoft.AccountsControl_cw5n1h2txyewy,1.0,,
6829,AddSuggestedFoldersToLibraryDialog,10.0,Microsoft Corporation Inc.,Application,,C:\Windows\SystemApps\Microsoft.Windows.AddSuggestedFoldersToLibraryDialog_cw5n1h2txyewy,1.0,,
6829,Antimalware Core Service,4.18,Microsoft Corporation Inc.,Application,,C:\Program Files\Windows Defender,1.0,,
6829,Antimalware Service Executable,4.18,Microsoft Corporation Inc.,Application,,C:\Program Files\Windows Defender,1.0,,
6829,AppResolverUX,10.0,Microsoft Corporation Inc.,Application,,C:\Windows\SystemApps\Microsoft.Windows.AppResolverUX_cw5n1h2txyewy,1.0,,
6829,AsyncTextService,10.0,Microsoft Corporation Inc.,Application,,C:\Windows\SystemApps\Microsoft.AsyncTextService_8wekyb3d8bbwe,1.0,,
6829,Biometric Enrollment Host,10.0,Microsoft Corporation Inc.,Application,,C:\Windows\SystemApps\Microsoft.BioEnrollment_cw5n1h2txyewy,1.0,,
6829,BMC Client Management Agent,24.1.01.240624,BMC Software Inc.,Application,,C:\Program Files\BMC Software\Client Management\Client\bin,1.0,,
6829,BMC Client Management Certificate Generator,24.1.01.240624,BMC Software Inc.,Application,,C:\Program Files\BMC Software\Client Management\Client\bin,1.0,,
6829,BMC Client Management Chilli Interpreter,24.1.01.240624,BMC Software Inc.,Application,,C:\Program Files\BMC Software\Client Management\Client\bin,1.0,,
6829,BMC Client Management Direct Access Proxy Agent,24.1.01.240624,BMC Software Inc.,Application,,C:\Program Files\BMC Software\Client Management\Client\bin,1.0,,
6829,BMC Client Management Opswat Proxy Agent,24.1.01.240624,BMC Software Inc.,Application,,C:\Program Files\BMC Software\Client Management\Client\bin,1.0,,
6829,BMC Client Management Package Viewer,24.1.01.240624,BMC Software Inc.,Application,,C:\Program Files\BMC Software\Client Management\Client\bin,1.0,,
6829,BMC Client Management Patch Broker,24.1.01.240624,BMC Software Inc.,Application,,C:\Program Files\BMC Software\Client Management\Client\bin,1.0,,
6829,BMC Client Management Proxy Agent,24.1.01.240624,BMC Software Inc.,Application,,C:\Program Files\BMC Software\Client Management\Client\bin,1.0,,
6829,BMC Client Management Remote Control proxy,24.1.01.240624,BMC Software Inc.,Application,,C:\Program Files\BMC Software\Client Management\Client\bin,1.0,,
6829,BMC Client Management SCAP,24.1.01.240624,BMC Software Inc.,Application,,C:\Program Files\BMC Software\Client Management\Client\bin,1.0,,
6829,BMC Client Management Video Proxy Agent,24.1.01.240624,BMC Software Inc.,Application,,C:\Program Files\BMC Software\Client Management\Client\bin,1.0,,
6829,Boot File Servicing Utility,10.0,Microsoft Corporation Inc.,Application,,C:\Windows,1.0,,
6829,Browser Protection Native Messaging Host,4.18,Microsoft Corporation Inc.,Application,,C:\Program Files\Windows Defender,1.0,,
6829,BrowserCore,10.0,Microsoft Corporation Inc.,Application,,C:\Windows\BrowserCore,1.0,,
6829,CameraBarcodeScannerPreview,10.0,Microsoft Corporation Inc.,Application,,C:\Windows\SystemApps\Windows.CBSPreview_cw5n1h2txyewy,1.0,,
6829,CL5,9.6,Ivanti,Application,,C:\Program Files\BMC Software\Client Management\Client\data\PatchManagementPremium\workspace,1.0,,
6829,ClickOnce,4.8,Microsoft Corporation Inc.,Application,,C:\Windows\Microsoft.NET\Framework64\v4.0.30319,3.0,,
6829,Common User Interface,5.8,Musarubra US LLC.,Application,,C:\Program Files\McAfee\Agent\x86,1.0,,
6829,Copilot,144.0,Microsoft Corporation Inc.,Application,,C:\Program Files (x86)\Microsoft\EdgeWebView\Application\144.0.3719.115,5.0,,
6829,Copilot Update,1.3,Microsoft Corporation Inc.,Application,,C:\Program Files (x86)\Microsoft\EdgeUpdate,2.0,,
6829,Credential Dialog Host,10.0,Microsoft Corporation Inc.,Application,,C:\Windows\SystemApps\microsoft.creddialoghost_cw5n1h2txyewy,1.0,,
6829,CrowdStrike Device Control,7.29,CrowdStrike Inc.,Add/Remove Programs,"November 14, 2025 12:00:00 AM",,,,
6829,CrowdStrike Device Control Support Tool,7.29,CrowdStrike Inc.,Application,,C:\Program Files\CrowdStrike,1.0,,
6829,CrowdStrike Falcon Connector,7.32,CrowdStrike Inc.,Application,,C:\Program Files\CrowdStrike,1.0,,
6829,CrowdStrike Falcon Sensor,7.32,CrowdStrike Inc.,Application,,C:\Program Files\CrowdStrike,1.0,,
6829,CrowdStrike Falcon Sensor Controller,7.32,CrowdStrike Inc.,Application,,C:\Program Files\CrowdStrike,1.0,,
6829,CrowdStrike Falcon Sensor Service,7.32,CrowdStrike Inc.,Application,,C:\Program Files\CrowdStrike,1.0,,
6829,CrowdStrike Falcon Sensor Servlet Container,7.32,CrowdStrike Inc.,Application,,C:\Program Files\CrowdStrike,1.0,,
6829,CrowdStrike Falcon Sensor Settings Tool,7.32,CrowdStrike Inc.,Application,,C:\Program Files\CrowdStrike,1.0,,
6829,CrowdStrike Falcon Sensor System Tray Application,7.32,CrowdStrike Inc.,Application,,C:\Program Files\CrowdStrike,2.0,,
6829,CrowdStrike Firmware Analysis,7.14,CrowdStrike Inc.,Add/Remove Programs,"July 24, 2025 12:00:00 AM",,,,
6829,CrowdStrike Firmware Analysis Support Tool,7.14,CrowdStrike Inc.,Application,,C:\Program Files\CrowdStrike,1.0,,
6829,CrowdStrike Forensic Data Collection Tool,1.0,CrowdStrike Inc.,Application,,C:,2.0,,
6829,CrowdStrike On-Demand Scan Command-line Tool,7.32,CrowdStrike Inc.,Application,,C:\Program Files\CrowdStrike,1.0,,
6829,CrowdStrike On-Demand Scan Tool,7.32,CrowdStrike Inc.,Application,,C:\Program Files\CrowdStrike,1.0,,
6829,CrowdStrike Sensor Platform,7.32,CrowdStrike Inc.,Add/Remove Programs,"January 14, 2026 12:00:00 AM",,,,
6829,CrowdStrike Windows Sensor,7.32,CrowdStrike Inc.,Add/Remove Programs,"January 14, 2026 12:00:00 AM",,,,
8253,.NET Runtime Optimization Service,4.8,Microsoft Corporation Inc.,Application,,C:\Windows\Microsoft.NET\Framework64\v4.0.30319,2.0,,
8253,64Bit MAPI Mail Agent,1.0,Foxit Software Inc.,Application,,C:\Program Files (x86)\Foxit Software\Foxit PDF Reader,1.0,,
8253,7-Zip 24.08 (x64 edition),24.08,Igor Pavlov,Add/Remove Programs,"November 29, 2024 12:00:00 AM",,,,
8253,7-Zip Console,24.08,Igor Pavlov,Application,,C:\Program Files\7-Zip,1.0,,
8253,7-Zip File Manager,24.08,Igor Pavlov,Application,,C:\Program Files\7-Zip,1.0,,
8253,7-Zip GUI,24.08,Igor Pavlov,Application,,C:\Program Files\7-Zip,1.0,,
8253,Accounts Control Host,10.0,Microsoft Corporation Inc.,Application,,C:\Windows\SystemApps\Microsoft.AccountsControl_cw5n1h2txyewy,1.0,,
8253,AddSuggestedFoldersToLibraryDialog,10.0,Microsoft Corporation Inc.,Application,,C:\Windows\SystemApps\Microsoft.Windows.AddSuggestedFoldersToLibraryDialog_cw5n1h2txyewy,1.0,,
8253,Antimalware Core Service,4.18,Microsoft Corporation Inc.,Application,,C:\Program Files\Windows Defender,1.0,,
8253,Antimalware Service Executable,4.18,Microsoft Corporation Inc.,Application,,C:\Program Files\Windows Defender,1.0,,
8253,AppResolverUX,10.0,Microsoft Corporation Inc.,Application,,C:\Windows\SystemApps\Microsoft.Windows.AppResolverUX_cw5n1h2txyewy,1.0,,
8253,AsyncTextService,10.0,Microsoft Corporation Inc.,Application,,C:\Windows\SystemApps\Microsoft.AsyncTextService_8wekyb3d8bbwe,1.0,,
8253,Biometric Enrollment Host,10.0,Microsoft Corporation Inc.,Application,,C:\Windows\SystemApps\Microsoft.BioEnrollment_cw5n1h2txyewy,1.0,,
8253,BMC Client Management Agent,24.1.01.240624,BMC Software Inc.,Application,,C:\Program Files\BMC Software\Client Management\Client\bin,1.0,,
8253,BMC Client Management Certificate Generator,24.1.01.240624,BMC Software Inc.,Application,,C:\Program Files\BMC Software\Client Management\Client\bin,1.0,,
8253,BMC Client Management Chilli Interpreter,24.1.01.240624,BMC Software Inc.,Application,,C:\Program Files\BMC Software\Client Management\Client\bin,1.0,,
8253,BMC Client Management Direct Access Proxy Agent,24.1.01.240624,BMC Software Inc.,Application,,C:\Program Files\BMC Software\Client Management\Client\bin,1.0,,
8253,BMC Client Management Opswat Proxy Agent,24.1.01.240624,BMC Software Inc.,Application,,C:\Program Files\BMC Software\Client Management\Client\bin,1.0,,
8253,BMC Client Management Package Viewer,24.1.01.240624,BMC Software Inc.,Application,,C:\Program Files\BMC Software\Client Management\Client\bin,1.0,,
8253,BMC Client Management Patch Broker,24.1.01.240624,BMC Software Inc.,Application,,C:\Program Files\BMC Software\Client Management\Client\bin,1.0,,
8253,BMC Client Management Proxy Agent,24.1.01.240624,BMC Software Inc.,Application,,C:\Program Files\BMC Software\Client Management\Client\bin,1.0,,
8253,BMC Client Management Remote Control proxy,24.1.01.240624,BMC Software Inc.,Application,,C:\Program Files\BMC Software\Client Management\Client\bin,1.0,,
8253,BMC Client Management SCAP,24.1.01.240624,BMC Software Inc.,Application,,C:\Program Files\BMC Software\Client Management\Client\bin,1.0,,
8253,BMC Client Management SFX,24.1.01.240624,BMC Software Inc.,Application,,D:,1.0,,
8253,BMC Client Management Video Proxy Agent,24.1.01.240624,BMC Software Inc.,Application,,C:\Program Files\BMC Software\Client Management\Client\bin,1.0,,
8253,Boot File Servicing Utility,10.0,Microsoft Corporation Inc.,Application,,C:\Windows,1.0,,
8253,Browser Protection Native Messaging Host,4.18,Microsoft Corporation Inc.,Application,,C:\Program Files\Windows Defender,1.0,,
8253,BrowserCore,10.0,Microsoft Corporation Inc.,Application,,C:\Windows\BrowserCore,1.0,,
8253,CameraBarcodeScannerPreview,10.0,Microsoft Corporation Inc.,Application,,C:\Windows\SystemApps\Windows.CBSPreview_cw5n1h2txyewy,1.0,,
8253,ChromeEnterpriseCompanion,143.0,Google LLC,Application,,C:\Windows\SystemTemp\scoped_dir6072_657586401\scoped_dir6072_542042968,1.0,,
8253,CL5,9.6,Ivanti,Application,,C:\Program Files\BMC Software\Client Management\Client\data\PatchManagementPremium\workspace,1.0,,
8253,ClickOnce,4.8,Microsoft Corporation Inc.,Application,,C:\Windows\Microsoft.NET\Framework64\v4.0.30319,3.0,,
8253,Common User Interface,5.8,Musarubra US LLC.,Application,,C:\Program Files\McAfee\Agent\x86,1.0,,
8253,Copilot,144.0,Microsoft Corporation Inc.,Application,,C:\Program Files (x86)\Microsoft\EdgeWebView\Application\144.0.3719.93,7.0,,
8253,Copilot Update,1.3,Microsoft Corporation Inc.,Application,,C:\Program Files (x86)\Microsoft\EdgeUpdate,2.0,,
8253,Credential Dialog Host,10.0,Microsoft Corporation Inc.,Application,,C:\Windows\SystemApps\microsoft.creddialoghost_cw5n1h2txyewy,1.0,,
8253,CrowdStrike Device Control,7.29,CrowdStrike Inc.,Add/Remove Programs,"November 14, 2025 12:00:00 AM",,,,
8253,CrowdStrike Device Control Support Tool,7.29,CrowdStrike Inc.,Application,,C:\Program Files\CrowdStrike,1.0,,
8253,CrowdStrike Falcon Connector,7.32,CrowdStrike Inc.,Application,,C:\Program Files\CrowdStrike,1.0,,
8253,CrowdStrike Falcon Sensor,7.32,CrowdStrike Inc.,Application,,C:\Program Files\CrowdStrike,1.0,,
8253,CrowdStrike Falcon Sensor Controller,7.32,CrowdStrike Inc.,Application,,C:\Program Files\CrowdStrike,1.0,,
8253,CrowdStrike Falcon Sensor Service,7.32,CrowdStrike Inc.,Application,,C:\Program Files\CrowdStrike,1.0,,
8253,CrowdStrike Falcon Sensor Servlet Container,7.32,CrowdStrike Inc.,Application,,C:\Program Files\CrowdStrike,1.0,,
8253,CrowdStrike Falcon Sensor Settings Tool,7.32,CrowdStrike Inc.,Application,,C:\Program Files\CrowdStrike,1.0,,
8253,CrowdStrike Falcon Sensor System Tray Application,7.32,CrowdStrike Inc.,Application,,C:\Program Files\CrowdStrike,2.0,,
8253,CrowdStrike Firmware Analysis,7.14,CrowdStrike Inc.,Add/Remove Programs,"June 18, 2025 12:00:00 AM",,,,
8253,CrowdStrike Firmware Analysis Support Tool,7.14,CrowdStrike Inc.,Application,,C:\Program Files\CrowdStrike,1.0,,
8253,CrowdStrike Forensic Data Collection Tool,1.0,CrowdStrike Inc.,Application,,C:,2.0,,
8253,CrowdStrike On-Demand Scan Command-line Tool,7.32,CrowdStrike Inc.,Application,,C:\Program Files\CrowdStrike,1.0,,
8253,CrowdStrike On-Demand Scan Tool,7.32,CrowdStrike Inc.,Application,,C:\Program Files\CrowdStrike,1.0,,
6454,.NET Framework,3.0,Microsoft Corporation Inc.,Application,,C:\Windows\Microsoft.NET\Framework64\v3.0\Windows Communication Foundation,2.0,,
6454,.NET Runtime Optimization Service,4.8,Microsoft Corporation Inc.,Application,,C:\Windows\Microsoft.NET\Framework64\v4.0.30319,2.0,,
6454,.NET Runtime Optimization Service,2.0,Microsoft Corporation Inc.,Application,,C:\Windows\Microsoft.NET\Framework64\v2.0.50727,2.0,,
6454,64Bit MAPI Mail Agent,1.0,Foxit Software Inc.,Application,,C:\Program Files (x86)\Foxit Software\Foxit PDF Reader,1.0,,
6454,7-Zip 24.08 (x64 edition),24.08,Igor Pavlov,Add/Remove Programs,"November 26, 2024 12:00:00 AM",,,,
6454,7-Zip Console,24.08,Igor Pavlov,Application,,C:\Program Files\7-Zip,1.0,,
6454,7-Zip File Manager,24.08,Igor Pavlov,Application,,C:\Program Files\7-Zip,1.0,,
6454,7-Zip GUI,24.08,Igor Pavlov,Application,,C:\Program Files\7-Zip,1.0,,
6454,AAD token broker plugin,10.0,Microsoft Corporation Inc.,Application,,C:\Windows\SystemApps\Microsoft.AAD.BrokerPlugin_cw5n1h2txyewy,1.0,,
6454,Accounts Control Host,10.0,Microsoft Corporation Inc.,Application,,C:\Windows\SystemApps\Microsoft.AccountsControl_cw5n1h2txyewy,1.0,,
6454,AddSuggestedFoldersToLibraryDialog,10.0,Microsoft Corporation Inc.,Application,,C:\Windows\SystemApps\Microsoft.Windows.AddSuggestedFoldersToLibraryDialog_cw5n1h2txyewy,1.0,,
6454,Antimalware Service Executable,4.18,Microsoft Corporation Inc.,Application,,C:\Program Files\Windows Defender,1.0,,
6454,AppResolverUX,10.0,Microsoft Corporation Inc.,Application,,C:\Windows\SystemApps\Microsoft.Windows.AppResolverUX_cw5n1h2txyewy,1.0,,
6454,AsyncTextService,10.0,Microsoft Corporation Inc.,Application,,C:\Windows\SystemApps\Microsoft.AsyncTextService_8wekyb3d8bbwe,1.0,,
6454,Biometric Enrollment Host,10.0,Microsoft Corporation Inc.,Application,,C:\Windows\SystemApps\Microsoft.BioEnrollment_cw5n1h2txyewy,1.0,,
6454,BMC Client Management Agent,24.1.01.240624,BMC Software Inc.,Application,,C:\Program Files\BMC Software\Client Management\Client\bin,1.0,,
6454,BMC Client Management Certificate Generator,24.1.01.240624,BMC Software Inc.,Application,,C:\Program Files\BMC Software\Client Management\Client\bin,1.0,,
6454,BMC Client Management Chilli Interpreter,24.1.01.240624,BMC Software Inc.,Application,,C:\Program Files\BMC Software\Client Management\Client\bin,1.0,,
6454,BMC Client Management Direct Access Proxy Agent,24.1.01.240624,BMC Software Inc.,Application,,C:\Program Files\BMC Software\Client Management\Client\bin,1.0,,
6454,BMC Client Management Opswat Proxy Agent,24.1.01.240624,BMC Software Inc.,Application,,C:\Program Files\BMC Software\Client Management\Client\bin,1.0,,
6454,BMC Client Management Package Viewer,24.1.01.240624,BMC Software Inc.,Application,,C:\Program Files\BMC Software\Client Management\Client\bin,1.0,,
6454,BMC Client Management Patch Broker,24.1.01.240624,BMC Software Inc.,Application,,C:\Program Files\BMC Software\Client Management\Client\bin,1.0,,
6454,BMC Client Management Proxy Agent,24.1.01.240624,BMC Software Inc.,Application,,C:\Program Files\BMC Software\Client Management\Client\bin,1.0,,
6454,BMC Client Management Remote Control proxy,24.1.01.240624,BMC Software Inc.,Application,,C:\Program Files\BMC Software\Client Management\Client\bin,1.0,,
6454,BMC Client Management SCAP,24.1.01.240624,BMC Software Inc.,Application,,C:\Program Files\BMC Software\Client Management\Client\bin,1.0,,
6454,BMC Client Management Video Proxy Agent,24.1.01.240624,BMC Software Inc.,Application,,C:\Program Files\BMC Software\Client Management\Client\bin,1.0,,
6454,Boot File Servicing Utility,10.0,Microsoft Corporation Inc.,Application,,C:\Windows,1.0,,
6454,BrowserCore,10.0,Microsoft Corporation Inc.,Application,,C:\Windows\BrowserCore,1.0,,
6454,Calling App to host call progress on shell,10.0,Microsoft Corporation Inc.,Application,,C:\Windows\SystemApps\Microsoft.Windows.CallingShellApp_cw5n1h2txyewy,1.0,,
6454,CameraBarcodeScannerPreview,10.0,Microsoft Corporation Inc.,Application,,C:\Windows\SystemApps\Windows.CBSPreview_cw5n1h2txyewy,1.0,,
6454,CL5,9.6,Ivanti,Application,,C:\Program Files\BMC Software\Client Management\Client\data\PatchManagementPremium\workspace,5.0,,
6454,ClickOnce,4.8,Microsoft Corporation Inc.,Application,,C:\Windows\Microsoft.NET\Framework64\v4.0.30319,3.0,,
6454,Common User Interface,5.8,Musarubra US LLC.,Application,,C:\Program Files\McAfee\Agent\x86,1.0,,
6454,Copilot,143.0,Microsoft Corporation Inc.,Application,,C:\Program Files (x86)\Microsoft\EdgeWebView\Application\143.0.3650.139,2.0,,
6454,Copilot,144.0,Microsoft Corporation Inc.,Application,,C:\Program Files (x86)\Microsoft\EdgeWebView\Application\144.0.3719.93,4.0,,
6454,Copilot Update,1.3,Microsoft Corporation Inc.,Application,,C:\Program Files (x86)\Microsoft\EdgeUpdate,2.0,,
6454,Credential Dialog Host,10.0,Microsoft Corporation Inc.,Application,,C:\Windows\SystemApps\microsoft.creddialoghost_cw5n1h2txyewy,1.0,,
6454,CrowdStrike Device Control,7.29,CrowdStrike Inc.,Add/Remove Programs,"November 14, 2025 12:00:00 AM",,,,
6454,CrowdStrike Device Control Support Tool,7.29,CrowdStrike Inc.,Application,,C:\Program Files\CrowdStrike,1.0,,
6454,CrowdStrike Falcon Connector,7.32,CrowdStrike Inc.,Application,,C:\Program Files\CrowdStrike,1.0,,
6454,CrowdStrike Falcon Sensor,7.32,CrowdStrike Inc.,Application,,C:\Program Files\CrowdStrike,1.0,,
6454,CrowdStrike Falcon Sensor Controller,7.32,CrowdStrike Inc.,Application,,C:\Program Files\CrowdStrike,1.0,,
6454,CrowdStrike Falcon Sensor Service,7.32,CrowdStrike Inc.,Application,,C:\Program Files\CrowdStrike,1.0,,
6454,CrowdStrike Falcon Sensor Servlet Container,7.32,CrowdStrike Inc.,Application,,C:\Program Files\CrowdStrike,1.0,,
6454,CrowdStrike Falcon Sensor Settings Tool,7.32,CrowdStrike Inc.,Application,,C:\Program Files\CrowdStrike,1.0,,
6454,CrowdStrike Falcon Sensor System Tray Application,7.32,CrowdStrike Inc.,Application,,C:\Program Files\CrowdStrike,2.0,,
6454,CrowdStrike Firmware Analysis,7.14,CrowdStrike Inc.,Add/Remove Programs,"July 24, 2025 12:00:00 AM",,,,
6454,CrowdStrike Firmware Analysis Support Tool,7.14,CrowdStrike Inc.,Application,,C:\Program Files\CrowdStrike,1.0,,
6454,CrowdStrike On-Demand Scan Command-line Tool,7.32,CrowdStrike Inc.,Application,,C:\Program Files\CrowdStrike,1.0,,
6454,CrowdStrike On-Demand Scan Tool,7.32,CrowdStrike Inc.,Application,,C:\Program Files\CrowdStrike,1.0,,
6446,.NET Runtime Optimization Service,4.8,Microsoft Corporation Inc.,Application,,C:\Windows\Microsoft.NET\Framework64\v4.0.30319,2.0,,
6446,64Bit MAPI Mail Agent,1.0,Foxit Software Inc.,Application,,C:\Program Files (x86)\Foxit Software\Foxit PDF Reader,1.0,,
6446,7-Zip 24.09 (x64),24.09,Igor Pavlov,Add/Remove Programs,,C:\Program Files\7-Zip\,,,
6446,7-Zip Console,24.09,Igor Pavlov,Application,,C:\Program Files\7-Zip,1.0,,
6446,7-Zip File Manager,24.09,Igor Pavlov,Application,,C:\Program Files\7-Zip,1.0,,
6446,7-Zip GUI,24.09,Igor Pavlov,Application,,C:\Program Files\7-Zip,1.0,,
6446,Accounts Control Host,10.0,Microsoft Corporation Inc.,Application,,C:\Windows\SystemApps\Microsoft.AccountsControl_cw5n1h2txyewy,1.0,,
6446,AddSuggestedFoldersToLibraryDialog,10.0,Microsoft Corporation Inc.,Application,,C:\Windows\SystemApps\Microsoft.Windows.AddSuggestedFoldersToLibraryDialog_cw5n1h2txyewy,1.0,,
6446,Antimalware Core Service,4.18,Microsoft Corporation Inc.,Application,,C:\Program Files\Windows Defender,1.0,,
6446,Antimalware Service Executable,4.18,Microsoft Corporation Inc.,Application,,C:\Program Files\Windows Defender,1.0,,
6446,AppResolverUX,10.0,Microsoft Corporation Inc.,Application,,C:\Windows\SystemApps\Microsoft.Windows.AppResolverUX_cw5n1h2txyewy,1.0,,
6446,AsyncTextService,10.0,Microsoft Corporation Inc.,Application,,C:\Windows\SystemApps\Microsoft.AsyncTextService_8wekyb3d8bbwe,1.0,,
6446,Biometric Enrollment Host,10.0,Microsoft Corporation Inc.,Application,,C:\Windows\SystemApps\Microsoft.BioEnrollment_cw5n1h2txyewy,1.0,,
6446,BMC Client Management Agent,24.1.01.240624,BMC Software Inc.,Application,,C:\Program Files\BMC Software\Client Management\Client\bin,1.0,,
6446,BMC Client Management Certificate Generator,24.1.01.240624,BMC Software Inc.,Application,,C:\Program Files\BMC Software\Client Management\Client\bin,1.0,,
6446,BMC Client Management Chilli Interpreter,24.1.01.240624,BMC Software Inc.,Application,,C:\Program Files\BMC Software\Client Management\Client\bin,1.0,,
6446,BMC Client Management Direct Access Proxy Agent,24.1.01.240624,BMC Software Inc.,Application,,C:\Program Files\BMC Software\Client Management\Client\bin,1.0,,
6446,BMC Client Management Opswat Proxy Agent,24.1.01.240624,BMC Software Inc.,Application,,C:\Program Files\BMC Software\Client Management\Client\bin,1.0,,
6446,BMC Client Management Package Viewer,24.1.01.240624,BMC Software Inc.,Application,,C:\Program Files\BMC Software\Client Management\Client\bin,1.0,,
6446,BMC Client Management Patch Broker,24.1.01.240624,BMC Software Inc.,Application,,C:\Program Files\BMC Software\Client Management\Client\bin,1.0,,
6446,BMC Client Management Proxy Agent,24.1.01.240624,BMC Software Inc.,Application,,C:\Program Files\BMC Software\Client Management\Client\bin,1.0,,
6446,BMC Client Management Remote Control proxy,24.1.01.240624,BMC Software Inc.,Application,,C:\Program Files\BMC Software\Client Management\Client\bin,1.0,,
6446,BMC Client Management SCAP,24.1.01.240624,BMC Software Inc.,Application,,C:\Program Files\BMC Software\Client Management\Client\bin,1.0,,
6446,BMC Client Management Video Proxy Agent,24.1.01.240624,BMC Software Inc.,Application,,C:\Program Files\BMC Software\Client Management\Client\bin,1.0,,
6446,Boot File Servicing Utility,10.0,Microsoft Corporation Inc.,Application,,C:\Windows,1.0,,
6446,Browser Protection Native Messaging Host,4.18,Microsoft Corporation Inc.,Application,,C:\Program Files\Windows Defender,1.0,,
6446,BrowserCore,10.0,Microsoft Corporation Inc.,Application,,C:\Windows\BrowserCore,1.0,,
6446,CameraBarcodeScannerPreview,10.0,Microsoft Corporation Inc.,Application,,C:\Windows\SystemApps\Windows.CBSPreview_cw5n1h2txyewy,1.0,,
6446,ChromeEnterpriseCompanion,143.0,Google LLC,Application,,C:\Windows\SystemTemp\scoped_dir5168_1291113562\scoped_dir5168_907436439,1.0,,
6446,CL5,9.6,Ivanti,Application,,C:\Program Files\BMC Software\Client Management\Client\data\PatchManagementPremium\workspace,1.0,,
6446,ClickOnce,4.8,Microsoft Corporation Inc.,Application,,C:\Windows\Microsoft.NET\Framework64\v4.0.30319,3.0,,
6446,Common User Interface,5.8,Musarubra US LLC.,Application,,C:\Program Files\McAfee\Agent\x86,1.0,,
6446,Credential Dialog Host,10.0,Microsoft Corporation Inc.,Application,,C:\Windows\SystemApps\microsoft.creddialoghost_cw5n1h2txyewy,1.0,,
6446,CrowdStrike Device Control,7.29,CrowdStrike Inc.,Add/Remove Programs,"November 14, 2025 12:00:00 AM",,,,
6446,CrowdStrike Device Control Support Tool,7.29,CrowdStrike Inc.,Application,,C:\Program Files\CrowdStrike,1.0,,
6446,CrowdStrike Falcon Connector,7.32,CrowdStrike Inc.,Application,,C:\Program Files\CrowdStrike,1.0,,
6446,CrowdStrike Falcon Sensor,7.32,CrowdStrike Inc.,Application,,C:\Program Files\CrowdStrike,1.0,,
6446,CrowdStrike Falcon Sensor Controller,7.32,CrowdStrike Inc.,Application,,C:\Program Files\CrowdStrike,1.0,,
6446,CrowdStrike Falcon Sensor Service,7.32,CrowdStrike Inc.,Application,,C:\Program Files\CrowdStrike,1.0,,
6446,CrowdStrike Falcon Sensor Servlet Container,7.32,CrowdStrike Inc.,Application,,C:\Program Files\CrowdStrike,1.0,,
6446,CrowdStrike Falcon Sensor Settings Tool,7.32,CrowdStrike Inc.,Application,,C:\Program Files\CrowdStrike,1.0,,
6446,CrowdStrike Falcon Sensor System Tray Application,7.32,CrowdStrike Inc.,Application,,C:\Program Files\CrowdStrike,2.0,,
6446,CrowdStrike Firmware Analysis,7.14,CrowdStrike Inc.,Add/Remove Programs,"August 29, 2025 12:00:00 AM",,,,
6446,CrowdStrike Firmware Analysis Support Tool,7.14,CrowdStrike Inc.,Application,,C:\Program Files\CrowdStrike,1.0,,
6446,CrowdStrike On-Demand Scan Command-line Tool,7.32,CrowdStrike Inc.,Application,,C:\Program Files\CrowdStrike,1.0,,
6446,CrowdStrike On-Demand Scan Tool,7.32,CrowdStrike Inc.,Application,,C:\Program Files\CrowdStrike,1.0,,
6446,CrowdStrike Sensor Platform,7.32,CrowdStrike Inc.,Add/Remove Programs,"January 15, 2026 12:00:00 AM",,,,
6446,CrowdStrike Windows Sensor,7.32,CrowdStrike Inc.,Add/Remove Programs,"January 15, 2026 12:00:00 AM",,,,
6446,CxAudioSvc,1.0,Conexant Systems LLC.,Application,,C:\Windows\CxSvc,1.0,,
6446,EC App,10.0,Microsoft Corporation Inc.,Application,,C:\Windows\SystemApps\Microsoft.ECApp_8wekyb3d8bbwe,1.0,,
6433,.NET Runtime Optimization Service,4.8,Microsoft Corporation Inc.,Application,,C:\Windows\Microsoft.NET\Framework64\v4.0.30319,2.0,,
6433,64Bit MAPI Mail Agent,1.0,Foxit Software Inc.,Application,,C:\Program Files (x86)\Foxit Software\Foxit PDF Reader,1.0,,
6433,7-Zip 24.09 (x64),24.09,Igor Pavlov,Add/Remove Programs,,C:\Program Files\7-Zip\,,,
6433,7-Zip Console,24.09,Igor Pavlov,Application,,C:\Program Files\7-Zip,1.0,,
6433,7-Zip File Manager,24.09,Igor Pavlov,Application,,C:\Program Files\7-Zip,1.0,,
6433,7-Zip GUI,24.09,Igor Pavlov,Application,,C:\Program Files\7-Zip,1.0,,
6433,Accounts Control Host,10.0,Microsoft Corporation Inc.,Application,,C:\Windows\SystemApps\Microsoft.AccountsControl_cw5n1h2txyewy,1.0,,
6433,AddSuggestedFoldersToLibraryDialog,10.0,Microsoft Corporation Inc.,Application,,C:\Windows\SystemApps\Microsoft.Windows.AddSuggestedFoldersToLibraryDialog_cw5n1h2txyewy,1.0,,
6433,Antimalware Core Service,4.18,Microsoft Corporation Inc.,Application,,C:\Program Files\Windows Defender,1.0,,
6433,Antimalware Service Executable,4.18,Microsoft Corporation Inc.,Application,,C:\Program Files\Windows Defender,1.0,,
6433,AppResolverUX,10.0,Microsoft Corporation Inc.,Application,,C:\Windows\SystemApps\Microsoft.Windows.AppResolverUX_cw5n1h2txyewy,1.0,,
6433,AsyncTextService,10.0,Microsoft Corporation Inc.,Application,,C:\Windows\SystemApps\Microsoft.AsyncTextService_8wekyb3d8bbwe,1.0,,
6433,Biometric Enrollment Host,10.0,Microsoft Corporation Inc.,Application,,C:\Windows\SystemApps\Microsoft.BioEnrollment_cw5n1h2txyewy,1.0,,
6433,BMC Client Management Agent,24.1.01.240624,BMC Software Inc.,Application,,C:\Program Files\BMC Software\Client Management\Client\bin,1.0,,
6433,BMC Client Management Certificate Generator,24.1.01.240624,BMC Software Inc.,Application,,C:\Program Files\BMC Software\Client Management\Client\bin,1.0,,
6433,BMC Client Management Chilli Interpreter,24.1.01.240624,BMC Software Inc.,Application,,C:\Program Files\BMC Software\Client Management\Client\bin,1.0,,
6433,BMC Client Management Direct Access Proxy Agent,24.1.01.240624,BMC Software Inc.,Application,,C:\Program Files\BMC Software\Client Management\Client\bin,1.0,,
6433,BMC Client Management Opswat Proxy Agent,24.1.01.240624,BMC Software Inc.,Application,,C:\Program Files\BMC Software\Client Management\Client\bin,1.0,,
6433,BMC Client Management Package Viewer,24.1.01.240624,BMC Software Inc.,Application,,C:\Program Files\BMC Software\Client Management\Client\bin,1.0,,
6433,BMC Client Management Patch Broker,24.1.01.240624,BMC Software Inc.,Application,,C:\Program Files\BMC Software\Client Management\Client\bin,1.0,,
6433,BMC Client Management Proxy Agent,24.1.01.240624,BMC Software Inc.,Application,,C:\Program Files\BMC Software\Client Management\Client\bin,1.0,,
6433,BMC Client Management Remote Control proxy,24.1.01.240624,BMC Software Inc.,Application,,C:\Program Files\BMC Software\Client Management\Client\bin,1.0,,
6433,BMC Client Management SCAP,24.1.01.240624,BMC Software Inc.,Application,,C:\Program Files\BMC Software\Client Management\Client\bin,1.0,,
6433,BMC Client Management Video Proxy Agent,24.1.01.240624,BMC Software Inc.,Application,,C:\Program Files\BMC Software\Client Management\Client\bin,1.0,,
6433,Boot File Servicing Utility,10.0,Microsoft Corporation Inc.,Application,,C:\Windows,1.0,,
6433,Browser Protection Native Messaging Host,4.18,Microsoft Corporation Inc.,Application,,C:\Program Files\Windows Defender,1.0,,
6433,BrowserCore,10.0,Microsoft Corporation Inc.,Application,,C:\Windows\BrowserCore,1.0,,
6433,CameraBarcodeScannerPreview,10.0,Microsoft Corporation Inc.,Application,,C:\Windows\SystemApps\Windows.CBSPreview_cw5n1h2txyewy,1.0,,
6433,CL5,9.6,Ivanti,Application,,C:\Program Files\BMC Software\Client Management\Client\data\PatchManagementPremium\workspace,1.0,,
6433,ClickOnce,4.8,Microsoft Corporation Inc.,Application,,C:\Windows\Microsoft.NET\Framework64\v4.0.30319,3.0,,
6433,Common User Interface,5.8,Musarubra US LLC.,Application,,C:\Program Files\McAfee\Agent\x86,1.0,,
6433,Credential Dialog Host,10.0,Microsoft Corporation Inc.,Application,,C:\Windows\SystemApps\microsoft.creddialoghost_cw5n1h2txyewy,1.0,,
6433,CrowdStrike Device Control,7.29,CrowdStrike Inc.,Add/Remove Programs,"November 14, 2025 12:00:00 AM",,,,
6433,CrowdStrike Device Control Support Tool,7.29,CrowdStrike Inc.,Application,,C:\Program Files\CrowdStrike,1.0,,
6433,CrowdStrike Falcon Connector,7.32,CrowdStrike Inc.,Application,,C:\Program Files\CrowdStrike,1.0,,
6433,CrowdStrike Falcon Sensor,7.32,CrowdStrike Inc.,Application,,C:\Program Files\CrowdStrike,1.0,,
6433,CrowdStrike Falcon Sensor Controller,7.32,CrowdStrike Inc.,Application,,C:\Program Files\CrowdStrike,1.0,,
6433,CrowdStrike Falcon Sensor Service,7.32,CrowdStrike Inc.,Application,,C:\Program Files\CrowdStrike,1.0,,
6433,CrowdStrike Falcon Sensor Servlet Container,7.32,CrowdStrike Inc.,Application,,C:\Program Files\CrowdStrike,1.0,,
6433,CrowdStrike Falcon Sensor Settings Tool,7.32,CrowdStrike Inc.,Application,,C:\Program Files\CrowdStrike,1.0,,
6433,CrowdStrike Falcon Sensor System Tray Application,7.32,CrowdStrike Inc.,Application,,C:\Program Files\CrowdStrike,2.0,,
6433,CrowdStrike Firmware Analysis,7.14,CrowdStrike Inc.,Add/Remove Programs,"August 29, 2025 12:00:00 AM",,,,
6433,CrowdStrike Firmware Analysis Support Tool,7.14,CrowdStrike Inc.,Application,,C:\Program Files\CrowdStrike,1.0,,
6433,CrowdStrike On-Demand Scan Command-line Tool,7.32,CrowdStrike Inc.,Application,,C:\Program Files\CrowdStrike,1.0,,
6433,CrowdStrike On-Demand Scan Tool,7.32,CrowdStrike Inc.,Application,,C:\Program Files\CrowdStrike,1.0,,
6433,CrowdStrike Sensor Platform,7.32,CrowdStrike Inc.,Add/Remove Programs,"January 14, 2026 12:00:00 AM",,,,
6433,CrowdStrike Windows Sensor,7.32,CrowdStrike Inc.,Add/Remove Programs,"January 14, 2026 12:00:00 AM",,,,
6433,CxAudioSvc,1.0,Conexant Systems LLC.,Application,,C:\Windows\CxSvc,1.0,,
6433,EC App,10.0,Microsoft Corporation Inc.,Application,,C:\Windows\SystemApps\Microsoft.ECApp_8wekyb3d8bbwe,1.0,,
6433,File Explorer,10.0,Microsoft Corporation Inc.,Application,,C:\Windows\SystemApps\Microsoft.Windows.FileExplorer_cw5n1h2txyewy,1.0,,
6438,.NET Runtime Optimization Service,4.8,Microsoft Corporation Inc.,Application,,C:\Windows\Microsoft.NET\Framework64\v4.0.30319,2.0,,
6438,64Bit MAPI Mail Agent,1.0,Foxit Software Inc.,Application,,C:\Program Files (x86)\Foxit Software\Foxit PDF Reader,1.0,,
6438,7-Zip 24.09 (x64),24.09,Igor Pavlov,Add/Remove Programs,,C:\Program Files\7-Zip\,,,
6438,7-Zip Console,24.09,Igor Pavlov,Application,,C:\Program Files\7-Zip,1.0,,
6438,7-Zip File Manager,24.09,Igor Pavlov,Application,,C:\Program Files\7-Zip,1.0,,
6438,7-Zip GUI,24.09,Igor Pavlov,Application,,C:\Program Files\7-Zip,1.0,,
6438,Accounts Control Host,10.0,Microsoft Corporation Inc.,Application,,C:\Windows\SystemApps\Microsoft.AccountsControl_cw5n1h2txyewy,1.0,,
6438,AddSuggestedFoldersToLibraryDialog,10.0,Microsoft Corporation Inc.,Application,,C:\Windows\SystemApps\Microsoft.Windows.AddSuggestedFoldersToLibraryDialog_cw5n1h2txyewy,1.0,,
6438,Antimalware Core Service,4.18,Microsoft Corporation Inc.,Application,,C:\Program Files\Windows Defender,1.0,,
6438,Antimalware Service Executable,4.18,Microsoft Corporation Inc.,Application,,C:\Program Files\Windows Defender,1.0,,
6438,AppResolverUX,10.0,Microsoft Corporation Inc.,Application,,C:\Windows\SystemApps\Microsoft.Windows.AppResolverUX_cw5n1h2txyewy,1.0,,
6438,AsyncTextService,10.0,Microsoft Corporation Inc.,Application,,C:\Windows\SystemApps\Microsoft.AsyncTextService_8wekyb3d8bbwe,1.0,,
6438,Biometric Enrollment Host,10.0,Microsoft Corporation Inc.,Application,,C:\Windows\SystemApps\Microsoft.BioEnrollment_cw5n1h2txyewy,1.0,,
6438,BMC Client Management Agent,24.1.01.240624,BMC Software Inc.,Application,,C:\Program Files\BMC Software\Client Management\Client\bin,1.0,,
6438,BMC Client Management Certificate Generator,24.1.01.240624,BMC Software Inc.,Application,,C:\Program Files\BMC Software\Client Management\Client\bin,1.0,,
6438,BMC Client Management Chilli Interpreter,24.1.01.240624,BMC Software Inc.,Application,,C:\Program Files\BMC Software\Client Management\Client\bin,1.0,,
6438,BMC Client Management Direct Access Proxy Agent,24.1.01.240624,BMC Software Inc.,Application,,C:\Program Files\BMC Software\Client Management\Client\bin,1.0,,
6438,BMC Client Management Opswat Proxy Agent,24.1.01.240624,BMC Software Inc.,Application,,C:\Program Files\BMC Software\Client Management\Client\bin,1.0,,
6438,BMC Client Management Package Viewer,24.1.01.240624,BMC Software Inc.,Application,,C:\Program Files\BMC Software\Client Management\Client\bin,1.0,,
6438,BMC Client Management Patch Broker,24.1.01.240624,BMC Software Inc.,Application,,C:\Program Files\BMC Software\Client Management\Client\bin,1.0,,
6438,BMC Client Management Proxy Agent,24.1.01.240624,BMC Software Inc.,Application,,C:\Program Files\BMC Software\Client Management\Client\bin,1.0,,
6438,BMC Client Management Remote Control proxy,24.1.01.240624,BMC Software Inc.,Application,,C:\Program Files\BMC Software\Client Management\Client\bin,1.0,,
6438,BMC Client Management SCAP,24.1.01.240624,BMC Software Inc.,Application,,C:\Program Files\BMC Software\Client Management\Client\bin,1.0,,
6438,BMC Client Management Video Proxy Agent,24.1.01.240624,BMC Software Inc.,Application,,C:\Program Files\BMC Software\Client Management\Client\bin,1.0,,
6438,Boot File Servicing Utility,10.0,Microsoft Corporation Inc.,Application,,C:\Windows,1.0,,
6438,Browser Protection Native Messaging Host,4.18,Microsoft Corporation Inc.,Application,,C:\Program Files\Windows Defender,1.0,,
6438,BrowserCore,10.0,Microsoft Corporation Inc.,Application,,C:\Windows\BrowserCore,1.0,,
6438,CameraBarcodeScannerPreview,10.0,Microsoft Corporation Inc.,Application,,C:\Windows\SystemApps\Windows.CBSPreview_cw5n1h2txyewy,1.0,,
6438,CL5,9.6,Ivanti,Application,,C:\Program Files\BMC Software\Client Management\Client\data\PatchManagementPremium\workspace,1.0,,
6438,ClickOnce,4.8,Microsoft Corporation Inc.,Application,,C:\Windows\Microsoft.NET\Framework64\v4.0.30319,3.0,,
6438,Common User Interface,5.8,Musarubra US LLC.,Application,,C:\Program Files\McAfee\Agent\x86,1.0,,
6438,Credential Dialog Host,10.0,Microsoft Corporation Inc.,Application,,C:\Windows\SystemApps\microsoft.creddialoghost_cw5n1h2txyewy,1.0,,
6438,CrowdStrike Device Control,7.29,CrowdStrike Inc.,Add/Remove Programs,"November 14, 2025 12:00:00 AM",,,,
6438,CrowdStrike Device Control Support Tool,7.29,CrowdStrike Inc.,Application,,C:\Program Files\CrowdStrike,1.0,,
6438,CrowdStrike Falcon Connector,7.31,CrowdStrike Inc.,Application,,C:\Program Files\CrowdStrike,1.0,,
6438,CrowdStrike Falcon Sensor,7.31,CrowdStrike Inc.,Application,,C:\Program Files\CrowdStrike,1.0,,
6438,CrowdStrike Falcon Sensor Controller,7.31,CrowdStrike Inc.,Application,,C:\Program Files\CrowdStrike,1.0,,
6438,CrowdStrike Falcon Sensor Service,7.31,CrowdStrike Inc.,Application,,C:\Program Files\CrowdStrike,1.0,,
6438,CrowdStrike Falcon Sensor Servlet Container,7.31,CrowdStrike Inc.,Application,,C:\Program Files\CrowdStrike,1.0,,
6438,CrowdStrike Falcon Sensor Settings Tool,7.31,CrowdStrike Inc.,Application,,C:\Program Files\CrowdStrike,1.0,,
6438,CrowdStrike Falcon Sensor System Tray Application,7.31,CrowdStrike Inc.,Application,,C:\Program Files\CrowdStrike,2.0,,
6438,CrowdStrike Firmware Analysis,7.14,CrowdStrike Inc.,Add/Remove Programs,"August 29, 2025 12:00:00 AM",,,,
6438,CrowdStrike Firmware Analysis Support Tool,7.14,CrowdStrike Inc.,Application,,C:\Program Files\CrowdStrike,1.0,,
6438,CrowdStrike On-Demand Scan Command-line Tool,7.31,CrowdStrike Inc.,Application,,C:\Program Files\CrowdStrike,1.0,,
6438,CrowdStrike On-Demand Scan Tool,7.31,CrowdStrike Inc.,Application,,C:\Program Files\CrowdStrike,1.0,,
6438,CrowdStrike Sensor Platform,7.31,CrowdStrike Inc.,Add/Remove Programs,"December 10, 2025 12:00:00 AM",,,,
6438,CrowdStrike Windows Sensor,7.31,CrowdStrike Inc.,Add/Remove Programs,"December 10, 2025 12:00:00 AM",,,,
6438,CxAudioSvc,1.0,Conexant Systems LLC.,Application,,C:\Windows\CxSvc,1.0,,
6438,EC App,10.0,Microsoft Corporation Inc.,Application,,C:\Windows\SystemApps\Microsoft.ECApp_8wekyb3d8bbwe,1.0,,
6438,File Explorer,10.0,Microsoft Corporation Inc.,Application,,C:\Windows\SystemApps\Microsoft.Windows.FileExplorer_cw5n1h2txyewy,1.0,,
6455,.NET Runtime Optimization Service,4.8,Microsoft Corporation Inc.,Application,,C:\Windows\Microsoft.NET\Framework64\v4.0.30319,2.0,,
6455,64Bit MAPI Mail Agent,1.0,Foxit Software Inc.,Application,,C:\Program Files (x86)\Foxit Software\Foxit PDF Reader,1.0,,
6455,7-Zip 24.08 (x64),24.08,Igor Pavlov,Add/Remove Programs,,C:\Program Files\7-Zip\,,,
6455,7-Zip Console,24.08,Igor Pavlov,Application,,C:\Program Files\7-Zip,1.0,,
6455,7-Zip File Manager,24.08,Igor Pavlov,Application,,C:\Program Files\7-Zip,1.0,,
6455,7-Zip GUI,24.08,Igor Pavlov,Application,,C:\Program Files\7-Zip,1.0,,
6455,Accounts Control Host,10.0,Microsoft Corporation Inc.,Application,,C:\Windows\SystemApps\Microsoft.AccountsControl_cw5n1h2txyewy,1.0,,
6455,ActionFXRuntimeExe,2124.35306,Microsoft Corporation Inc.,Application,,C:\Windows\SystemApps\MicrosoftWindows.Client.CBS_cw5n1h2txyewy,1.0,,
6455,AddSuggestedFoldersToLibraryDialog,10.0,Microsoft Corporation Inc.,Application,,C:\Windows\SystemApps\Microsoft.Windows.AddSuggestedFoldersToLibraryDialog_cw5n1h2txyewy,1.0,,
6455,Antimalware Core Service,4.18,Microsoft Corporation Inc.,Application,,C:\Program Files\Windows Defender,1.0,,
6455,Antimalware Service Executable,4.18,Microsoft Corporation Inc.,Application,,C:\Program Files\Windows Defender,1.0,,
6455,AppResolverUX,10.0,Microsoft Corporation Inc.,Application,,C:\Windows\SystemApps\Microsoft.Windows.AppResolverUX_cw5n1h2txyewy,1.0,,
6455,AsyncTextService,10.0,Microsoft Corporation Inc.,Application,,C:\Windows\SystemApps\Microsoft.AsyncTextService_8wekyb3d8bbwe,1.0,,
6455,Biometric Enrollment Host,10.0,Microsoft Corporation Inc.,Application,,C:\Windows\SystemApps\Microsoft.BioEnrollment_cw5n1h2txyewy,1.0,,
6455,BMC Client Management Agent,24.1.01.240624,BMC Software Inc.,Application,,C:\Program Files\BMC Software\Client Management\Client\bin,1.0,,
6455,BMC Client Management Certificate Generator,24.1.01.240624,BMC Software Inc.,Application,,C:\Program Files\BMC Software\Client Management\Client\bin,1.0,,
6455,BMC Client Management Chilli Interpreter,24.1.01.240624,BMC Software Inc.,Application,,C:\Program Files\BMC Software\Client Management\Client\bin,1.0,,
6455,BMC Client Management Direct Access Proxy Agent,24.1.01.240624,BMC Software Inc.,Application,,C:\Program Files\BMC Software\Client Management\Client\bin,1.0,,
6455,BMC Client Management Opswat Proxy Agent,24.1.01.240624,BMC Software Inc.,Application,,C:\Program Files\BMC Software\Client Management\Client\bin,1.0,,
6455,BMC Client Management Package Viewer,24.1.01.240624,BMC Software Inc.,Application,,C:\Program Files\BMC Software\Client Management\Client\bin,1.0,,
6455,BMC Client Management Patch Broker,24.1.01.240624,BMC Software Inc.,Application,,C:\Program Files\BMC Software\Client Management\Client\bin,1.0,,
6455,BMC Client Management Proxy Agent,24.1.01.240624,BMC Software Inc.,Application,,C:\Program Files\BMC Software\Client Management\Client\bin,1.0,,
6455,BMC Client Management Remote Control proxy,24.1.01.240624,BMC Software Inc.,Application,,C:\Program Files\BMC Software\Client Management\Client\bin,1.0,,
6455,BMC Client Management SCAP,24.1.01.240624,BMC Software Inc.,Application,,C:\Program Files\BMC Software\Client Management\Client\bin,1.0,,
6455,BMC Client Management Video Proxy Agent,24.1.01.240624,BMC Software Inc.,Application,,C:\Program Files\BMC Software\Client Management\Client\bin,1.0,,
6455,Boot File Servicing Utility,10.0,Microsoft Corporation Inc.,Application,,C:\Windows,1.0,,
6455,Browser Protection Native Messaging Host,4.18,Microsoft Corporation Inc.,Application,,C:\Program Files\Windows Defender,1.0,,
6455,BrowserCore,10.0,Microsoft Corporation Inc.,Application,,C:\Windows\BrowserCore,1.0,,
6455,CameraBarcodeScannerPreview,10.0,Microsoft Corporation Inc.,Application,,C:\Windows\SystemApps\Windows.CBSPreview_cw5n1h2txyewy,1.0,,
6455,ChromeEnterpriseCompanion,143.0,Google LLC,Application,,C:\Windows\SystemTemp\scoped_dir2316_1467125205\scoped_dir2316_1491364810,1.0,,
6455,CL5,9.6,Ivanti,Application,,C:\Program Files\BMC Software\Client Management\Client\data\PatchManagementPremium\workspace,1.0,,
6455,ClickOnce,4.8,Microsoft Corporation Inc.,Application,,C:\Windows\Microsoft.NET\Framework64\v4.0.30319,3.0,,
6455,Common User Interface,5.8,Musarubra US LLC.,Application,,C:\Program Files\McAfee\Agent\x86,1.0,,
6455,Credential Dialog Host,10.0,Microsoft Corporation Inc.,Application,,C:\Windows\SystemApps\microsoft.creddialoghost_cw5n1h2txyewy,1.0,,
6455,CrowdStrike Device Control,7.29,CrowdStrike Inc.,Add/Remove Programs,"November 14, 2025 12:00:00 AM",,,,
6455,CrowdStrike Device Control Support Tool,7.29,CrowdStrike Inc.,Application,,C:\Program Files\CrowdStrike,1.0,,
6455,CrowdStrike Falcon Connector,7.31,CrowdStrike Inc.,Application,,C:\Program Files\CrowdStrike,1.0,,
6455,CrowdStrike Falcon Sensor,7.31,CrowdStrike Inc.,Application,,C:\Program Files\CrowdStrike,1.0,,
6455,CrowdStrike Falcon Sensor Controller,7.31,CrowdStrike Inc.,Application,,C:\Program Files\CrowdStrike,1.0,,
6455,CrowdStrike Falcon Sensor Service,7.31,CrowdStrike Inc.,Application,,C:\Program Files\CrowdStrike,1.0,,
6455,CrowdStrike Falcon Sensor Servlet Container,7.31,CrowdStrike Inc.,Application,,C:\Program Files\CrowdStrike,1.0,,
6455,CrowdStrike Falcon Sensor Settings Tool,7.31,CrowdStrike Inc.,Application,,C:\Program Files\CrowdStrike,1.0,,
6455,CrowdStrike Falcon Sensor System Tray Application,7.31,CrowdStrike Inc.,Application,,C:\Program Files\CrowdStrike,2.0,,
6455,CrowdStrike Firmware Analysis,7.14,CrowdStrike Inc.,Add/Remove Programs,"August 29, 2025 12:00:00 AM",,,,
6455,CrowdStrike Firmware Analysis Support Tool,7.14,CrowdStrike Inc.,Application,,C:\Program Files\CrowdStrike,1.0,,
6455,CrowdStrike On-Demand Scan Command-line Tool,7.31,CrowdStrike Inc.,Application,,C:\Program Files\CrowdStrike,1.0,,
6455,CrowdStrike On-Demand Scan Tool,7.31,CrowdStrike Inc.,Application,,C:\Program Files\CrowdStrike,1.0,,
6455,CrowdStrike Sensor Platform,7.31,CrowdStrike Inc.,Add/Remove Programs,"December 10, 2025 12:00:00 AM",,,,
6455,CrowdStrike Windows Sensor,7.31,CrowdStrike Inc.,Add/Remove Programs,"December 10, 2025 12:00:00 AM",,,,
6455,CxAudioSvc,1.0,Conexant Systems LLC.,Application,,C:\Windows\CxSvc,1.0,,
6459,.NET Framework,3.0,Microsoft Corporation Inc.,Application,,C:\Windows\Microsoft.NET\Framework64\v3.0\Windows Communication Foundation,2.0,,
6459,.NET Runtime Optimization Service,2.0,Microsoft Corporation Inc.,Application,,C:\Windows\Microsoft.NET\Framework64\v2.0.50727,2.0,,
6459,.NET Runtime Optimization Service,4.8,Microsoft Corporation Inc.,Application,,C:\Windows\Microsoft.NET\Framework64\v4.0.30319,2.0,,
6459,64Bit MAPI Mail Agent,1.0,Foxit Software Inc.,Application,,C:\Program Files (x86)\Foxit Software\Foxit PDF Reader,1.0,,
6459,7-Zip 24.08 (x64 edition),24.08,Igor Pavlov,Add/Remove Programs,"November 29, 2024 12:00:00 AM",,,,
6459,7-Zip Console,24.08,Igor Pavlov,Application,,C:\Program Files\7-Zip,1.0,,
6459,7-Zip File Manager,24.08,Igor Pavlov,Application,,C:\Program Files\7-Zip,1.0,,
6459,7-Zip GUI,24.08,Igor Pavlov,Application,,C:\Program Files\7-Zip,1.0,,
6459,Accounts Control Host,10.0,Microsoft Corporation Inc.,Application,,C:\Windows\SystemApps\Microsoft.AccountsControl_cw5n1h2txyewy,1.0,,
6459,AddSuggestedFoldersToLibraryDialog,10.0,Microsoft Corporation Inc.,Application,,C:\Windows\SystemApps\Microsoft.Windows.AddSuggestedFoldersToLibraryDialog_cw5n1h2txyewy,1.0,,
6459,Antimalware Core Service,4.18,Microsoft Corporation Inc.,Application,,C:\Program Files\Windows Defender,1.0,,
6459,Antimalware Service Executable,4.18,Microsoft Corporation Inc.,Application,,C:\Program Files\Windows Defender,1.0,,
6459,AppResolverUX,10.0,Microsoft Corporation Inc.,Application,,C:\Windows\SystemApps\Microsoft.Windows.AppResolverUX_cw5n1h2txyewy,1.0,,
6459,AsyncTextService,10.0,Microsoft Corporation Inc.,Application,,C:\Windows\SystemApps\Microsoft.AsyncTextService_8wekyb3d8bbwe,1.0,,
6459,Biometric Enrollment Host,10.0,Microsoft Corporation Inc.,Application,,C:\Windows\SystemApps\Microsoft.BioEnrollment_cw5n1h2txyewy,1.0,,
6459,BMC Client Management Agent,24.1.01.240624,BMC Software Inc.,Application,,C:\Program Files\BMC Software\Client Management\Client\bin,1.0,,
6459,BMC Client Management Certificate Generator,24.1.01.240624,BMC Software Inc.,Application,,C:\Program Files\BMC Software\Client Management\Client\bin,1.0,,
6459,BMC Client Management Chilli Interpreter,24.1.01.240624,BMC Software Inc.,Application,,C:\Program Files\BMC Software\Client Management\Client\bin,1.0,,
6459,BMC Client Management Direct Access Proxy Agent,24.1.01.240624,BMC Software Inc.,Application,,C:\Program Files\BMC Software\Client Management\Client\bin,1.0,,
6459,BMC Client Management Opswat Proxy Agent,24.1.01.240624,BMC Software Inc.,Application,,C:\Program Files\BMC Software\Client Management\Client\bin,1.0,,
6459,BMC Client Management Package Viewer,24.1.01.240624,BMC Software Inc.,Application,,C:\Program Files\BMC Software\Client Management\Client\bin,1.0,,
6459,BMC Client Management Patch Broker,24.1.01.240624,BMC Software Inc.,Application,,C:\Program Files\BMC Software\Client Management\Client\bin,1.0,,
6459,BMC Client Management Proxy Agent,24.1.01.240624,BMC Software Inc.,Application,,C:\Program Files\BMC Software\Client Management\Client\bin,1.0,,
6459,BMC Client Management Remote Control proxy,24.1.01.240624,BMC Software Inc.,Application,,C:\Program Files\BMC Software\Client Management\Client\bin,1.0,,
6459,BMC Client Management SCAP,24.1.01.240624,BMC Software Inc.,Application,,C:\Program Files\BMC Software\Client Management\Client\bin,1.0,,
6459,BMC Client Management Video Proxy Agent,24.1.01.240624,BMC Software Inc.,Application,,C:\Program Files\BMC Software\Client Management\Client\bin,1.0,,
6459,Boot File Servicing Utility,10.0,Microsoft Corporation Inc.,Application,,C:\Windows,1.0,,
6459,Browser Protection Native Messaging Host,4.18,Microsoft Corporation Inc.,Application,,C:\Program Files\Windows Defender,1.0,,
6459,BrowserCore,10.0,Microsoft Corporation Inc.,Application,,C:\Windows\BrowserCore,1.0,,
6459,CameraBarcodeScannerPreview,10.0,Microsoft Corporation Inc.,Application,,C:\Windows\SystemApps\Windows.CBSPreview_cw5n1h2txyewy,1.0,,
6459,CL5,9.6,Ivanti,Application,,C:\Program Files\BMC Software\Client Management\Client\data\PatchManagementPremium\workspace,1.0,,
6459,ClickOnce,4.8,Microsoft Corporation Inc.,Application,,C:\Windows\Microsoft.NET\Framework64\v4.0.30319,3.0,,
6459,Common User Interface,5.8,Musarubra US LLC.,Application,,C:\Program Files\McAfee\Agent\x86,1.0,,
6459,Copilot,144.0,Microsoft Corporation Inc.,Application,,C:\Program Files (x86)\Microsoft\EdgeWebView\Application\144.0.3719.115,5.0,,
6459,Copilot Update,1.3,Microsoft Corporation Inc.,Application,,C:\Program Files (x86)\Microsoft\EdgeUpdate,2.0,,
6459,Create a self-signed digital certificate,15.0,Microsoft Corporation Inc.,Application,,C:\Program Files\Microsoft Office\Office15,1.0,,
6459,Credential Dialog Host,10.0,Microsoft Corporation Inc.,Application,,C:\Windows\SystemApps\microsoft.creddialoghost_cw5n1h2txyewy,1.0,,
6459,CrowdStrike Device Control,7.29,CrowdStrike Inc.,Add/Remove Programs,"November 14, 2025 12:00:00 AM",,,,
6459,CrowdStrike Device Control Support Tool,7.29,CrowdStrike Inc.,Application,,C:\Program Files\CrowdStrike,1.0,,
6459,CrowdStrike Falcon Connector,7.32,CrowdStrike Inc.,Application,,C:\Program Files\CrowdStrike,1.0,,
6459,CrowdStrike Falcon Sensor,7.32,CrowdStrike Inc.,Application,,C:\Program Files\CrowdStrike,1.0,,
6459,CrowdStrike Falcon Sensor Controller,7.32,CrowdStrike Inc.,Application,,C:\Program Files\CrowdStrike,1.0,,
6459,CrowdStrike Falcon Sensor Service,7.32,CrowdStrike Inc.,Application,,C:\Program Files\CrowdStrike,1.0,,
6459,CrowdStrike Falcon Sensor Servlet Container,7.32,CrowdStrike Inc.,Application,,C:\Program Files\CrowdStrike,1.0,,
6459,CrowdStrike Falcon Sensor Settings Tool,7.32,CrowdStrike Inc.,Application,,C:\Program Files\CrowdStrike,1.0,,
6459,CrowdStrike Falcon Sensor System Tray Application,7.32,CrowdStrike Inc.,Application,,C:\Program Files\CrowdStrike,2.0,,
6459,CrowdStrike Firmware Analysis,7.14,CrowdStrike Inc.,Add/Remove Programs,"April 29, 2025 12:00:00 AM",,,,
6459,CrowdStrike Firmware Analysis Support Tool,7.14,CrowdStrike Inc.,Application,,C:\Program Files\CrowdStrike,1.0,,
6459,CrowdStrike On-Demand Scan Command-line Tool,7.32,CrowdStrike Inc.,Application,,C:\Program Files\CrowdStrike,1.0,,
6459,CrowdStrike On-Demand Scan Tool,7.32,CrowdStrike Inc.,Application,,C:\Program Files\CrowdStrike,1.0,,
6450,.NET Framework,3.0,Microsoft Corporation Inc.,Application,,C:\Windows\Microsoft.NET\Framework64\v3.0\Windows Communication Foundation,2.0,,
6450,.NET Runtime Optimization Service,2.0,Microsoft Corporation Inc.,Application,,C:\Windows\Microsoft.NET\Framework64\v2.0.50727,2.0,,
6450,.NET Runtime Optimization Service,4.8,Microsoft Corporation Inc.,Application,,C:\Windows\Microsoft.NET\Framework64\v4.0.30319,2.0,,
6450,64Bit MAPI Mail Agent,1.0,Foxit Software Inc.,Application,,C:\Program Files (x86)\Foxit Software\Foxit PDF Reader,1.0,,
6450,7-Zip 24.08 (x64 edition),24.08,Igor Pavlov,Add/Remove Programs,"November 26, 2024 12:00:00 AM",,,,
6450,7-Zip Console,24.08,Igor Pavlov,Application,,C:\Program Files\7-Zip,1.0,,
6450,7-Zip File Manager,24.08,Igor Pavlov,Application,,C:\Program Files\7-Zip,1.0,,
6450,7-Zip GUI,24.08,Igor Pavlov,Application,,C:\Program Files\7-Zip,1.0,,
6450,Accounts Control Host,10.0,Microsoft Corporation Inc.,Application,,C:\Windows\SystemApps\Microsoft.AccountsControl_cw5n1h2txyewy,1.0,,
6450,AddSuggestedFoldersToLibraryDialog,10.0,Microsoft Corporation Inc.,Application,,C:\Windows\SystemApps\Microsoft.Windows.AddSuggestedFoldersToLibraryDialog_cw5n1h2txyewy,1.0,,
6450,Antimalware Core Service,4.18,Microsoft Corporation Inc.,Application,,C:\Program Files\Windows Defender,1.0,,
6450,Antimalware Service Executable,4.18,Microsoft Corporation Inc.,Application,,C:\Program Files\Windows Defender,1.0,,
6450,AppResolverUX,10.0,Microsoft Corporation Inc.,Application,,C:\Windows\SystemApps\Microsoft.Windows.AppResolverUX_cw5n1h2txyewy,1.0,,
6450,AsyncTextService,10.0,Microsoft Corporation Inc.,Application,,C:\Windows\SystemApps\Microsoft.AsyncTextService_8wekyb3d8bbwe,1.0,,
6450,Biometric Enrollment Host,10.0,Microsoft Corporation Inc.,Application,,C:\Windows\SystemApps\Microsoft.BioEnrollment_cw5n1h2txyewy,1.0,,
6450,BMC Client Management Agent,24.1.01.240624,BMC Software Inc.,Application,,C:\Program Files\BMC Software\Client Management\Client\bin,1.0,,
6450,BMC Client Management Certificate Generator,24.1.01.240624,BMC Software Inc.,Application,,C:\Program Files\BMC Software\Client Management\Client\bin,1.0,,
6450,BMC Client Management Chilli Interpreter,24.1.01.240624,BMC Software Inc.,Application,,C:\Program Files\BMC Software\Client Management\Client\bin,1.0,,
6450,BMC Client Management Direct Access Proxy Agent,24.1.01.240624,BMC Software Inc.,Application,,C:\Program Files\BMC Software\Client Management\Client\bin,1.0,,
6450,BMC Client Management Opswat Proxy Agent,24.1.01.240624,BMC Software Inc.,Application,,C:\Program Files\BMC Software\Client Management\Client\bin,1.0,,
6450,BMC Client Management Package Viewer,24.1.01.240624,BMC Software Inc.,Application,,C:\Program Files\BMC Software\Client Management\Client\bin,1.0,,
6450,BMC Client Management Patch Broker,24.1.01.240624,BMC Software Inc.,Application,,C:\Program Files\BMC Software\Client Management\Client\bin,1.0,,
6450,BMC Client Management Proxy Agent,24.1.01.240624,BMC Software Inc.,Application,,C:\Program Files\BMC Software\Client Management\Client\bin,1.0,,
6450,BMC Client Management Remote Control proxy,24.1.01.240624,BMC Software Inc.,Application,,C:\Program Files\BMC Software\Client Management\Client\bin,1.0,,
6450,BMC Client Management SCAP,24.1.01.240624,BMC Software Inc.,Application,,C:\Program Files\BMC Software\Client Management\Client\bin,1.0,,
6450,BMC Client Management Video Proxy Agent,24.1.01.240624,BMC Software Inc.,Application,,C:\Program Files\BMC Software\Client Management\Client\bin,1.0,,
6450,Boot File Servicing Utility,10.0,Microsoft Corporation Inc.,Application,,C:\Windows,1.0,,
6450,Browser Protection Native Messaging Host,4.18,Microsoft Corporation Inc.,Application,,C:\Program Files\Windows Defender,1.0,,
6450,BrowserCore,10.0,Microsoft Corporation Inc.,Application,,C:\Windows\BrowserCore,1.0,,
6450,CameraBarcodeScannerPreview,10.0,Microsoft Corporation Inc.,Application,,C:\Windows\SystemApps\Windows.CBSPreview_cw5n1h2txyewy,1.0,,
6450,CL5,9.6,Ivanti,Application,,C:\Program Files\BMC Software\Client Management\Client\data\PatchManagementPremium\workspace,1.0,,
6450,ClickOnce,4.8,Microsoft Corporation Inc.,Application,,C:\Windows\Microsoft.NET\Framework64\v4.0.30319,3.0,,
6450,Common User Interface,5.8,Musarubra US LLC.,Application,,C:\Program Files\McAfee\Agent\x86,1.0,,
6450,Copilot,144.0,Microsoft Corporation Inc.,Application,,C:\Program Files (x86)\Microsoft\EdgeWebView\Application\144.0.3719.115,5.0,,
6450,Copilot Update,1.3,Microsoft Corporation Inc.,Application,,C:\Program Files (x86)\Microsoft\EdgeUpdate,2.0,,
6450,Create a self-signed digital certificate,15.0,Microsoft Corporation Inc.,Application,,C:\Program Files\Microsoft Office\Office15,1.0,,
6450,Credential Dialog Host,10.0,Microsoft Corporation Inc.,Application,,C:\Windows\SystemApps\microsoft.creddialoghost_cw5n1h2txyewy,1.0,,
6450,CrowdStrike Device Control,7.29,CrowdStrike Inc.,Add/Remove Programs,"November 14, 2025 12:00:00 AM",,,,
6450,CrowdStrike Device Control Support Tool,7.29,CrowdStrike Inc.,Application,,C:\Program Files\CrowdStrike,1.0,,
6450,CrowdStrike Falcon Connector,7.32,CrowdStrike Inc.,Application,,C:\Program Files\CrowdStrike,1.0,,
6450,CrowdStrike Falcon Sensor,7.32,CrowdStrike Inc.,Application,,C:\Program Files\CrowdStrike,1.0,,
6450,CrowdStrike Falcon Sensor Controller,7.32,CrowdStrike Inc.,Application,,C:\Program Files\CrowdStrike,1.0,,
6450,CrowdStrike Falcon Sensor Service,7.32,CrowdStrike Inc.,Application,,C:\Program Files\CrowdStrike,1.0,,
6450,CrowdStrike Falcon Sensor Servlet Container,7.32,CrowdStrike Inc.,Application,,C:\Program Files\CrowdStrike,1.0,,
6450,CrowdStrike Falcon Sensor Settings Tool,7.32,CrowdStrike Inc.,Application,,C:\Program Files\CrowdStrike,1.0,,
6450,CrowdStrike Falcon Sensor System Tray Application,7.32,CrowdStrike Inc.,Application,,C:\Program Files\CrowdStrike,2.0,,
6450,CrowdStrike Firmware Analysis,7.14,CrowdStrike Inc.,Add/Remove Programs,"November 21, 2024 12:00:00 AM",,,,
6450,CrowdStrike Firmware Analysis Support Tool,7.14,CrowdStrike Inc.,Application,,C:\Program Files\CrowdStrike,1.0,,
6450,CrowdStrike On-Demand Scan Command-line Tool,7.32,CrowdStrike Inc.,Application,,C:\Program Files\CrowdStrike,1.0,,
6450,CrowdStrike On-Demand Scan Tool,7.32,CrowdStrike Inc.,Application,,C:\Program Files\CrowdStrike,1.0,,
6451,.NET Framework,3.0,Microsoft Corporation Inc.,Application,,C:\Windows\Microsoft.NET\Framework64\v3.0\Windows Communication Foundation,2.0,,
6451,.NET Runtime Optimization Service,4.8,Microsoft Corporation Inc.,Application,,C:\Windows\Microsoft.NET\Framework64\v4.0.30319,2.0,,
6451,.NET Runtime Optimization Service,2.0,Microsoft Corporation Inc.,Application,,C:\Windows\Microsoft.NET\Framework64\v2.0.50727,2.0,,
6451,64Bit MAPI Mail Agent,1.0,Foxit Software Inc.,Application,,C:\Program Files (x86)\Foxit Software\Foxit PDF Reader,1.0,,
6451,7-Zip 24.08 (x64 edition),24.08,Igor Pavlov,Add/Remove Programs,"November 26, 2024 12:00:00 AM",,,,
6451,7-Zip Console,24.08,Igor Pavlov,Application,,C:\Program Files\7-Zip,1.0,,
6451,7-Zip File Manager,24.08,Igor Pavlov,Application,,C:\Program Files\7-Zip,1.0,,
6451,7-Zip GUI,24.08,Igor Pavlov,Application,,C:\Program Files\7-Zip,1.0,,
6451,AAD token broker plugin,10.0,Microsoft Corporation Inc.,Application,,C:\Windows\SystemApps\Microsoft.AAD.BrokerPlugin_cw5n1h2txyewy,1.0,,
6451,Accounts Control Host,10.0,Microsoft Corporation Inc.,Application,,C:\Windows\SystemApps\Microsoft.AccountsControl_cw5n1h2txyewy,1.0,,
6451,AddSuggestedFoldersToLibraryDialog,10.0,Microsoft Corporation Inc.,Application,,C:\Windows\SystemApps\Microsoft.Windows.AddSuggestedFoldersToLibraryDialog_cw5n1h2txyewy,1.0,,
6451,Antimalware Service Executable,4.18,Microsoft Corporation Inc.,Application,,C:\Program Files\Windows Defender,1.0,,
6451,AppResolverUX,10.0,Microsoft Corporation Inc.,Application,,C:\Windows\SystemApps\Microsoft.Windows.AppResolverUX_cw5n1h2txyewy,1.0,,
6451,AsyncTextService,10.0,Microsoft Corporation Inc.,Application,,C:\Windows\SystemApps\Microsoft.AsyncTextService_8wekyb3d8bbwe,1.0,,
6451,Biometric Enrollment Host,10.0,Microsoft Corporation Inc.,Application,,C:\Windows\SystemApps\Microsoft.BioEnrollment_cw5n1h2txyewy,1.0,,
6451,BMC Client Management Agent,24.1.01.240624,BMC Software Inc.,Application,,C:\Program Files\BMC Software\Client Management\Client\bin,1.0,,
6451,BMC Client Management Certificate Generator,24.1.01.240624,BMC Software Inc.,Application,,C:\Program Files\BMC Software\Client Management\Client\bin,1.0,,
6451,BMC Client Management Chilli Interpreter,24.1.01.240624,BMC Software Inc.,Application,,C:\Program Files\BMC Software\Client Management\Client\bin,1.0,,
6451,BMC Client Management Direct Access Proxy Agent,24.1.01.240624,BMC Software Inc.,Application,,C:\Program Files\BMC Software\Client Management\Client\bin,1.0,,
6451,BMC Client Management Opswat Proxy Agent,24.1.01.240624,BMC Software Inc.,Application,,C:\Program Files\BMC Software\Client Management\Client\bin,1.0,,
6451,BMC Client Management Package Viewer,24.1.01.240624,BMC Software Inc.,Application,,C:\Program Files\BMC Software\Client Management\Client\bin,1.0,,
6451,BMC Client Management Patch Broker,24.1.01.240624,BMC Software Inc.,Application,,C:\Program Files\BMC Software\Client Management\Client\bin,1.0,,
6451,BMC Client Management Proxy Agent,24.1.01.240624,BMC Software Inc.,Application,,C:\Program Files\BMC Software\Client Management\Client\bin,1.0,,
6451,BMC Client Management Remote Control proxy,24.1.01.240624,BMC Software Inc.,Application,,C:\Program Files\BMC Software\Client Management\Client\bin,1.0,,
6451,BMC Client Management SCAP,24.1.01.240624,BMC Software Inc.,Application,,C:\Program Files\BMC Software\Client Management\Client\bin,1.0,,
6451,BMC Client Management Video Proxy Agent,24.1.01.240624,BMC Software Inc.,Application,,C:\Program Files\BMC Software\Client Management\Client\bin,1.0,,
6451,Boot File Servicing Utility,10.0,Microsoft Corporation Inc.,Application,,C:\Windows,1.0,,
6451,BrowserCore,10.0,Microsoft Corporation Inc.,Application,,C:\Windows\BrowserCore,1.0,,
6451,Calling App to host call progress on shell,10.0,Microsoft Corporation Inc.,Application,,C:\Windows\SystemApps\Microsoft.Windows.CallingShellApp_cw5n1h2txyewy,1.0,,
6451,CameraBarcodeScannerPreview,10.0,Microsoft Corporation Inc.,Application,,C:\Windows\SystemApps\Windows.CBSPreview_cw5n1h2txyewy,1.0,,
6451,ChromeEnterpriseCompanion,143.0,Google LLC,Application,,C:\Windows\SystemTemp\scoped_dir1744_1684333686\scoped_dir1744_1164995015,1.0,,
6451,CL5,9.6,Ivanti,Application,,C:\Program Files\BMC Software\Client Management\Client\data\PatchManagementPremium\workspace,4.0,,
6451,ClickOnce,4.8,Microsoft Corporation Inc.,Application,,C:\Windows\Microsoft.NET\Framework64\v4.0.30319,3.0,,
6451,Common User Interface,5.8,Musarubra US LLC.,Application,,C:\Program Files\McAfee\Agent\x86,1.0,,
6451,Create a self-signed digital certificate,15.0,Microsoft Corporation Inc.,Application,,C:\Program Files\Microsoft Office\Office15,1.0,,
6451,Credential Dialog Host,10.0,Microsoft Corporation Inc.,Application,,C:\Windows\SystemApps\microsoft.creddialoghost_cw5n1h2txyewy,1.0,,
6451,CrowdStrike Device Control,7.29,CrowdStrike Inc.,Add/Remove Programs,"November 14, 2025 12:00:00 AM",,,,
6451,CrowdStrike Device Control Support Tool,7.29,CrowdStrike Inc.,Application,,C:\Program Files\CrowdStrike,1.0,,
6451,CrowdStrike Falcon Connector,7.32,CrowdStrike Inc.,Application,,C:\Program Files\CrowdStrike,1.0,,
6451,CrowdStrike Falcon Sensor,7.32,CrowdStrike Inc.,Application,,C:\Program Files\CrowdStrike,1.0,,
6451,CrowdStrike Falcon Sensor Controller,7.32,CrowdStrike Inc.,Application,,C:\Program Files\CrowdStrike,1.0,,
6451,CrowdStrike Falcon Sensor Service,7.32,CrowdStrike Inc.,Application,,C:\Program Files\CrowdStrike,1.0,,
6451,CrowdStrike Falcon Sensor Servlet Container,7.32,CrowdStrike Inc.,Application,,C:\Program Files\CrowdStrike,1.0,,
6451,CrowdStrike Falcon Sensor Settings Tool,7.32,CrowdStrike Inc.,Application,,C:\Program Files\CrowdStrike,1.0,,
6451,CrowdStrike Falcon Sensor System Tray Application,7.32,CrowdStrike Inc.,Application,,C:\Program Files\CrowdStrike,2.0,,
6451,CrowdStrike Firmware Analysis,7.14,CrowdStrike Inc.,Add/Remove Programs,"May 22, 2025 12:00:00 AM",,,,
6451,CrowdStrike Firmware Analysis Support Tool,7.14,CrowdStrike Inc.,Application,,C:\Program Files\CrowdStrike,1.0,,
6451,CrowdStrike On-Demand Scan Command-line Tool,7.32,CrowdStrike Inc.,Application,,C:\Program Files\CrowdStrike,1.0,,
6451,CrowdStrike On-Demand Scan Tool,7.32,CrowdStrike Inc.,Application,,C:\Program Files\CrowdStrike,1.0,,
6451,CrowdStrike Sensor Platform,7.32,CrowdStrike Inc.,Add/Remove Programs,"January 14, 2026 12:00:00 AM",,,,
17771,.NET Runtime Optimization Service,4.8,Microsoft Corporation Inc.,Application,,C:\Windows\Microsoft.NET\Framework64\v4.0.30319,2.0,,
17771,64Bit MAPI Mail Agent,1.0,Foxit Software Inc.,Application,,C:\Program Files (x86)\Foxit Software\Foxit PDF Reader,1.0,,
17771,7-Zip 24.08 (x64),24.08,Igor Pavlov,Add/Remove Programs,,C:\Program Files\7-Zip\,,,
17771,7-Zip Console,24.08,Igor Pavlov,Application,,C:\Program Files\7-Zip,1.0,,
17771,7-Zip File Manager,24.08,Igor Pavlov,Application,,C:\Program Files\7-Zip,1.0,,
17771,7-Zip GUI,24.08,Igor Pavlov,Application,,C:\Program Files\7-Zip,1.0,,
17771,Accounts Control Host,10.0,Microsoft Corporation Inc.,Application,,C:\Windows\SystemApps\Microsoft.AccountsControl_cw5n1h2txyewy,1.0,,
17771,AddSuggestedFoldersToLibraryDialog,10.0,Microsoft Corporation Inc.,Application,,C:\Windows\SystemApps\Microsoft.Windows.AddSuggestedFoldersToLibraryDialog_cw5n1h2txyewy,1.0,,
17771,Antimalware Core Service,4.18,Microsoft Corporation Inc.,Application,,C:\Program Files\Windows Defender,1.0,,
17771,Antimalware Service Executable,4.18,Microsoft Corporation Inc.,Application,,C:\Program Files\Windows Defender,1.0,,
17771,AppResolverUX,10.0,Microsoft Corporation Inc.,Application,,C:\Windows\SystemApps\Microsoft.Windows.AppResolverUX_cw5n1h2txyewy,1.0,,
17771,AsyncTextService,10.0,Microsoft Corporation Inc.,Application,,C:\Windows\SystemApps\Microsoft.AsyncTextService_8wekyb3d8bbwe,1.0,,
17771,Biometric Enrollment Host,10.0,Microsoft Corporation Inc.,Application,,C:\Windows\SystemApps\Microsoft.BioEnrollment_cw5n1h2txyewy,1.0,,
17771,BMC Client Management Agent,24.1.01.240624,BMC Software Inc.,Application,,C:\Program Files\BMC Software\Client Management\Client\bin,1.0,,
17771,BMC Client Management Certificate Generator,24.1.01.240624,BMC Software Inc.,Application,,C:\Program Files\BMC Software\Client Management\Client\bin,1.0,,
17771,BMC Client Management Chilli Interpreter,24.1.01.240624,BMC Software Inc.,Application,,C:\Program Files\BMC Software\Client Management\Client\bin,1.0,,
17771,BMC Client Management Direct Access Proxy Agent,24.1.01.240624,BMC Software Inc.,Application,,C:\Program Files\BMC Software\Client Management\Client\bin,1.0,,
17771,BMC Client Management Opswat Proxy Agent,24.1.01.240624,BMC Software Inc.,Application,,C:\Program Files\BMC Software\Client Management\Client\bin,1.0,,
17771,BMC Client Management Package Viewer,24.1.01.240624,BMC Software Inc.,Application,,C:\Program Files\BMC Software\Client Management\Client\bin,1.0,,
17771,BMC Client Management Patch Broker,24.1.01.240624,BMC Software Inc.,Application,,C:\Program Files\BMC Software\Client Management\Client\bin,1.0,,
17771,BMC Client Management Proxy Agent,24.1.01.240624,BMC Software Inc.,Application,,C:\Program Files\BMC Software\Client Management\Client\bin,1.0,,
17771,BMC Client Management Remote Control proxy,24.1.01.240624,BMC Software Inc.,Application,,C:\Program Files\BMC Software\Client Management\Client\bin,1.0,,
17771,BMC Client Management SCAP,24.1.01.240624,BMC Software Inc.,Application,,C:\Program Files\BMC Software\Client Management\Client\bin,1.0,,
17771,BMC Client Management SFX,24.1.01.240624,BMC Software Inc.,Application,,D:,1.0,,
17771,BMC Client Management Video Proxy Agent,24.1.01.240624,BMC Software Inc.,Application,,C:\Program Files\BMC Software\Client Management\Client\bin,1.0,,
17771,Boot File Servicing Utility,10.0,Microsoft Corporation Inc.,Application,,C:\Windows,1.0,,
17771,Browser Protection Native Messaging Host,4.18,Microsoft Corporation Inc.,Application,,C:\Program Files\Windows Defender,1.0,,
17771,BrowserCore,10.0,Microsoft Corporation Inc.,Application,,C:\Windows\BrowserCore,1.0,,
17771,CameraBarcodeScannerPreview,10.0,Microsoft Corporation Inc.,Application,,C:\Windows\SystemApps\Windows.CBSPreview_cw5n1h2txyewy,1.0,,
17771,CL5,9.6,Ivanti,Application,,C:\Program Files\BMC Software\Client Management\Client\data\PatchManagementPremium\workspace,1.0,,
17771,ClickOnce,4.8,Microsoft Corporation Inc.,Application,,C:\Windows\Microsoft.NET\Framework64\v4.0.30319,3.0,,
17771,Common User Interface,5.8,Musarubra US LLC.,Application,,C:\Program Files\McAfee\Agent\x86,1.0,,
17771,Copilot Update,1.3,Microsoft Corporation Inc.,Application,,C:\Program Files (x86)\Microsoft\EdgeUpdate,2.0,,
17771,Credential Dialog Host,10.0,Microsoft Corporation Inc.,Application,,C:\Windows\SystemApps\microsoft.creddialoghost_cw5n1h2txyewy,1.0,,
17771,CrowdStrike Device Control,7.29,CrowdStrike Inc.,Add/Remove Programs,"November 25, 2025 12:00:00 AM",,,,
17771,CrowdStrike Device Control Support Tool,7.29,CrowdStrike Inc.,Application,,C:\Program Files\CrowdStrike,1.0,,
17771,CrowdStrike Falcon Connector,7.32,CrowdStrike Inc.,Application,,C:\Program Files\CrowdStrike,1.0,,
17771,CrowdStrike Falcon Sensor,7.32,CrowdStrike Inc.,Application,,C:\Program Files\CrowdStrike,1.0,,
17771,CrowdStrike Falcon Sensor Controller,7.32,CrowdStrike Inc.,Application,,C:\Program Files\CrowdStrike,1.0,,
17771,CrowdStrike Falcon Sensor Service,7.32,CrowdStrike Inc.,Application,,C:\Program Files\CrowdStrike,1.0,,
17771,CrowdStrike Falcon Sensor Servlet Container,7.32,CrowdStrike Inc.,Application,,C:\Program Files\CrowdStrike,1.0,,
17771,CrowdStrike Falcon Sensor Settings Tool,7.32,CrowdStrike Inc.,Application,,C:\Program Files\CrowdStrike,1.0,,
17771,CrowdStrike Falcon Sensor System Tray Application,7.32,CrowdStrike Inc.,Application,,C:\Program Files\CrowdStrike,2.0,,
17771,CrowdStrike Firmware Analysis,7.14,CrowdStrike Inc.,Add/Remove Programs,"November 25, 2025 12:00:00 AM",,,,
17771,CrowdStrike Firmware Analysis Support Tool,7.14,CrowdStrike Inc.,Application,,C:\Program Files\CrowdStrike,1.0,,
17771,CrowdStrike On-Demand Scan Command-line Tool,7.32,CrowdStrike Inc.,Application,,C:\Program Files\CrowdStrike,1.0,,
17771,CrowdStrike On-Demand Scan Tool,7.32,CrowdStrike Inc.,Application,,C:\Program Files\CrowdStrike,1.0,,
17771,CrowdStrike Sensor Platform,7.32,CrowdStrike Inc.,Add/Remove Programs,"January 14, 2026 12:00:00 AM",,,,
17771,CrowdStrike Windows Sensor,7.32,CrowdStrike Inc.,Add/Remove Programs,"January 14, 2026 12:00:00 AM",,,,
17771,CrowdStrike Windows Sensor,7.12,CrowdStrike Inc.,Application,,D:\crowdstrike,1.0,,
8266,.NET Runtime Optimization Service,4.8,Microsoft Corporation Inc.,Application,,C:\Windows\Microsoft.NET\Framework64\v4.0.30319,2.0,,
8266,64Bit MAPI Mail Agent,1.0,Foxit Software Inc.,Application,,C:\Program Files (x86)\Foxit Software\Foxit PDF Reader,1.0,,
8266,7-Zip 24.08 (x64),24.08,Igor Pavlov,Add/Remove Programs,,C:\Program Files\7-Zip\,,,
8266,7-Zip Console,24.08,Igor Pavlov,Application,,C:\Program Files\7-Zip,1.0,,
8266,7-Zip File Manager,24.08,Igor Pavlov,Application,,C:\Program Files\7-Zip,1.0,,
8266,7-Zip GUI,24.08,Igor Pavlov,Application,,C:\Program Files\7-Zip,1.0,,
8266,Accounts Control Host,10.0,Microsoft Corporation Inc.,Application,,C:\Windows\SystemApps\Microsoft.AccountsControl_cw5n1h2txyewy,1.0,,
8266,AddSuggestedFoldersToLibraryDialog,10.0,Microsoft Corporation Inc.,Application,,C:\Windows\SystemApps\Microsoft.Windows.AddSuggestedFoldersToLibraryDialog_cw5n1h2txyewy,1.0,,
8266,Antimalware Core Service,4.18,Microsoft Corporation Inc.,Application,,C:\Program Files\Windows Defender,1.0,,
8266,Antimalware Service Executable,4.18,Microsoft Corporation Inc.,Application,,C:\Program Files\Windows Defender,1.0,,
8266,AppResolverUX,10.0,Microsoft Corporation Inc.,Application,,C:\Windows\SystemApps\Microsoft.Windows.AppResolverUX_cw5n1h2txyewy,1.0,,
8266,AsyncTextService,10.0,Microsoft Corporation Inc.,Application,,C:\Windows\SystemApps\Microsoft.AsyncTextService_8wekyb3d8bbwe,1.0,,
8266,Biometric Enrollment Host,10.0,Microsoft Corporation Inc.,Application,,C:\Windows\SystemApps\Microsoft.BioEnrollment_cw5n1h2txyewy,1.0,,
8266,BMC Client Management Agent,24.1.01.240624,BMC Software Inc.,Application,,C:\Program Files\BMC Software\Client Management\Client\bin,1.0,,
8266,BMC Client Management Certificate Generator,24.1.01.240624,BMC Software Inc.,Application,,C:\Program Files\BMC Software\Client Management\Client\bin,1.0,,
8266,BMC Client Management Chilli Interpreter,24.1.01.240624,BMC Software Inc.,Application,,C:\Program Files\BMC Software\Client Management\Client\bin,1.0,,
8266,BMC Client Management Direct Access Proxy Agent,24.1.01.240624,BMC Software Inc.,Application,,C:\Program Files\BMC Software\Client Management\Client\bin,1.0,,
8266,BMC Client Management Opswat Proxy Agent,24.1.01.240624,BMC Software Inc.,Application,,C:\Program Files\BMC Software\Client Management\Client\bin,1.0,,
8266,BMC Client Management Package Viewer,24.1.01.240624,BMC Software Inc.,Application,,C:\Program Files\BMC Software\Client Management\Client\bin,1.0,,
8266,BMC Client Management Patch Broker,24.1.01.240624,BMC Software Inc.,Application,,C:\Program Files\BMC Software\Client Management\Client\bin,1.0,,
8266,BMC Client Management Proxy Agent,24.1.01.240624,BMC Software Inc.,Application,,C:\Program Files\BMC Software\Client Management\Client\bin,1.0,,
8266,BMC Client Management Remote Control proxy,24.1.01.240624,BMC Software Inc.,Application,,C:\Program Files\BMC Software\Client Management\Client\bin,1.0,,
8266,BMC Client Management SCAP,24.1.01.240624,BMC Software Inc.,Application,,C:\Program Files\BMC Software\Client Management\Client\bin,1.0,,
8266,BMC Client Management Video Proxy Agent,24.1.01.240624,BMC Software Inc.,Application,,C:\Program Files\BMC Software\Client Management\Client\bin,1.0,,
8266,Boot File Servicing Utility,10.0,Microsoft Corporation Inc.,Application,,C:\Windows,1.0,,
8266,Browser Protection Native Messaging Host,4.18,Microsoft Corporation Inc.,Application,,C:\Program Files\Windows Defender,1.0,,
8266,BrowserCore,10.0,Microsoft Corporation Inc.,Application,,C:\Windows\BrowserCore,1.0,,
8266,CameraBarcodeScannerPreview,10.0,Microsoft Corporation Inc.,Application,,C:\Windows\SystemApps\Windows.CBSPreview_cw5n1h2txyewy,1.0,,
8266,CL5,9.6,Ivanti,Application,,C:\Program Files\BMC Software\Client Management\Client\data\PatchManagementPremium\workspace,3.0,,
8266,ClickOnce,4.8,Microsoft Corporation Inc.,Application,,C:\Windows\Microsoft.NET\Framework64\v4.0.30319,3.0,,
8266,Common User Interface,5.8,Musarubra US LLC.,Application,,C:\Program Files\McAfee\Agent\x86,1.0,,
8266,Credential Dialog Host,10.0,Microsoft Corporation Inc.,Application,,C:\Windows\SystemApps\microsoft.creddialoghost_cw5n1h2txyewy,1.0,,
8266,CrowdStrike Device Control,7.29,CrowdStrike Inc.,Add/Remove Programs,"November 14, 2025 12:00:00 AM",,,,
8266,CrowdStrike Device Control Support Tool,7.29,CrowdStrike Inc.,Application,,C:\Program Files\CrowdStrike,1.0,,
8266,CrowdStrike Falcon Connector,7.32,CrowdStrike Inc.,Application,,C:\Program Files\CrowdStrike,1.0,,
8266,CrowdStrike Falcon Sensor,7.32,CrowdStrike Inc.,Application,,C:\Program Files\CrowdStrike,1.0,,
8266,CrowdStrike Falcon Sensor Controller,7.32,CrowdStrike Inc.,Application,,C:\Program Files\CrowdStrike,1.0,,
8266,CrowdStrike Falcon Sensor Service,7.32,CrowdStrike Inc.,Application,,C:\Program Files\CrowdStrike,1.0,,
8266,CrowdStrike Falcon Sensor Servlet Container,7.32,CrowdStrike Inc.,Application,,C:\Program Files\CrowdStrike,1.0,,
8266,CrowdStrike Falcon Sensor Settings Tool,7.32,CrowdStrike Inc.,Application,,C:\Program Files\CrowdStrike,1.0,,
8266,CrowdStrike Falcon Sensor System Tray Application,7.32,CrowdStrike Inc.,Application,,C:\Program Files\CrowdStrike,2.0,,
8266,CrowdStrike Firmware Analysis,7.14,CrowdStrike Inc.,Add/Remove Programs,"August 28, 2025 12:00:00 AM",,,,
8266,CrowdStrike Firmware Analysis Support Tool,7.14,CrowdStrike Inc.,Application,,C:\Program Files\CrowdStrike,1.0,,
8266,CrowdStrike On-Demand Scan Command-line Tool,7.32,CrowdStrike Inc.,Application,,C:\Program Files\CrowdStrike,1.0,,
8266,CrowdStrike On-Demand Scan Tool,7.32,CrowdStrike Inc.,Application,,C:\Program Files\CrowdStrike,1.0,,
8266,CrowdStrike Sensor Platform,7.32,CrowdStrike Inc.,Add/Remove Programs,"January 14, 2026 12:00:00 AM",,,,
8266,CrowdStrike Windows Sensor,7.32,CrowdStrike Inc.,Add/Remove Programs,"January 14, 2026 12:00:00 AM",,,,
8266,CxAudioSvc,1.0,Conexant Systems LLC.,Application,,C:\Windows\CxSvc,1.0,,
8266,EC App,10.0,Microsoft Corporation Inc.,Application,,C:\Windows\SystemApps\Microsoft.ECApp_8wekyb3d8bbwe,1.0,,
8266,File Explorer,10.0,Microsoft Corporation Inc.,Application,,C:\Windows\SystemApps\Microsoft.Windows.FileExplorer_cw5n1h2txyewy,1.0,,
6457,.NET Runtime Optimization Service,4.8,Microsoft Corporation Inc.,Application,,C:\Windows\Microsoft.NET\Framework64\v4.0.30319,2.0,,
6457,64Bit MAPI Mail Agent,1.0,Foxit Software Inc.,Application,,C:\Program Files (x86)\Foxit Software\Foxit PDF Reader,1.0,,
6457,7-Zip 24.09 (x64),24.09,Igor Pavlov,Add/Remove Programs,,C:\Program Files\7-Zip\,,,
6457,7-Zip Console,24.09,Igor Pavlov,Application,,C:\Program Files\7-Zip,1.0,,
6457,7-Zip File Manager,24.09,Igor Pavlov,Application,,C:\Program Files\7-Zip,1.0,,
6457,7-Zip GUI,24.09,Igor Pavlov,Application,,C:\Program Files\7-Zip,1.0,,
6457,Accounts Control Host,10.0,Microsoft Corporation Inc.,Application,,C:\Windows\SystemApps\Microsoft.AccountsControl_cw5n1h2txyewy,1.0,,
6457,AddSuggestedFoldersToLibraryDialog,10.0,Microsoft Corporation Inc.,Application,,C:\Windows\SystemApps\Microsoft.Windows.AddSuggestedFoldersToLibraryDialog_cw5n1h2txyewy,1.0,,
6457,Antimalware Core Service,4.18,Microsoft Corporation Inc.,Application,,C:\Program Files\Windows Defender,1.0,,
6457,Antimalware Service Executable,4.18,Microsoft Corporation Inc.,Application,,C:\Program Files\Windows Defender,1.0,,
6457,AppResolverUX,10.0,Microsoft Corporation Inc.,Application,,C:\Windows\SystemApps\Microsoft.Windows.AppResolverUX_cw5n1h2txyewy,1.0,,
6457,AsyncTextService,10.0,Microsoft Corporation Inc.,Application,,C:\Windows\SystemApps\Microsoft.AsyncTextService_8wekyb3d8bbwe,1.0,,
6457,Biometric Enrollment Host,10.0,Microsoft Corporation Inc.,Application,,C:\Windows\SystemApps\Microsoft.BioEnrollment_cw5n1h2txyewy,1.0,,
6457,BMC Client Management Agent,24.1.01.240624,BMC Software Inc.,Application,,C:\Program Files\BMC Software\Client Management\Client\bin,1.0,,
6457,BMC Client Management Certificate Generator,24.1.01.240624,BMC Software Inc.,Application,,C:\Program Files\BMC Software\Client Management\Client\bin,1.0,,
6457,BMC Client Management Chilli Interpreter,24.1.01.240624,BMC Software Inc.,Application,,C:\Program Files\BMC Software\Client Management\Client\bin,1.0,,
6457,BMC Client Management Direct Access Proxy Agent,24.1.01.240624,BMC Software Inc.,Application,,C:\Program Files\BMC Software\Client Management\Client\bin,1.0,,
6457,BMC Client Management Opswat Proxy Agent,24.1.01.240624,BMC Software Inc.,Application,,C:\Program Files\BMC Software\Client Management\Client\bin,1.0,,
6457,BMC Client Management Package Viewer,24.1.01.240624,BMC Software Inc.,Application,,C:\Program Files\BMC Software\Client Management\Client\bin,1.0,,
6457,BMC Client Management Patch Broker,24.1.01.240624,BMC Software Inc.,Application,,C:\Program Files\BMC Software\Client Management\Client\bin,1.0,,
6457,BMC Client Management Proxy Agent,24.1.01.240624,BMC Software Inc.,Application,,C:\Program Files\BMC Software\Client Management\Client\bin,1.0,,
6457,BMC Client Management Remote Control proxy,24.1.01.240624,BMC Software Inc.,Application,,C:\Program Files\BMC Software\Client Management\Client\bin,1.0,,
6457,BMC Client Management SCAP,24.1.01.240624,BMC Software Inc.,Application,,C:\Program Files\BMC Software\Client Management\Client\bin,1.0,,
6457,BMC Client Management Video Proxy Agent,24.1.01.240624,BMC Software Inc.,Application,,C:\Program Files\BMC Software\Client Management\Client\bin,1.0,,
6457,Boot File Servicing Utility,10.0,Microsoft Corporation Inc.,Application,,C:\Windows,1.0,,
6457,Browser Protection Native Messaging Host,4.18,Microsoft Corporation Inc.,Application,,C:\Program Files\Windows Defender,1.0,,
6457,BrowserCore,10.0,Microsoft Corporation Inc.,Application,,C:\Windows\BrowserCore,1.0,,
6457,CameraBarcodeScannerPreview,10.0,Microsoft Corporation Inc.,Application,,C:\Windows\SystemApps\Windows.CBSPreview_cw5n1h2txyewy,1.0,,
6457,ChromeEnterpriseCompanion,143.0,Google LLC,Application,,C:\Windows\SystemTemp\scoped_dir16432_1468125577\scoped_dir16432_1968119834,1.0,,
6457,CL5,9.6,Ivanti,Application,,C:\Program Files\BMC Software\Client Management\Client\data\PatchManagementPremium\workspace,5.0,,
6457,ClickOnce,4.8,Microsoft Corporation Inc.,Application,,C:\Windows\Microsoft.NET\Framework64\v4.0.30319,3.0,,
6457,Common User Interface,5.8,Musarubra US LLC.,Application,,C:\Program Files\McAfee\Agent\x86,1.0,,
6457,Copilot,143.0,Microsoft Corporation Inc.,Application,,C:\Program Files (x86)\Microsoft\EdgeWebView\Application\143.0.3650.139,2.0,,
6457,Copilot,144.0,Microsoft Corporation Inc.,Application,,C:\Program Files (x86)\Microsoft\EdgeWebView\Application\144.0.3719.93,4.0,,
6457,Copilot Update,1.3,Microsoft Corporation Inc.,Application,,C:\Program Files (x86)\Microsoft\EdgeUpdate,2.0,,
6457,Credential Dialog Host,10.0,Microsoft Corporation Inc.,Application,,C:\Windows\SystemApps\microsoft.creddialoghost_cw5n1h2txyewy,1.0,,
6457,CrowdStrike Device Control,7.29,CrowdStrike Inc.,Add/Remove Programs,"November 14, 2025 12:00:00 AM",,,,
6457,CrowdStrike Device Control Support Tool,7.29,CrowdStrike Inc.,Application,,C:\Program Files\CrowdStrike,1.0,,
6457,CrowdStrike Falcon Connector,7.32,CrowdStrike Inc.,Application,,C:\Program Files\CrowdStrike,1.0,,
6457,CrowdStrike Falcon Sensor,7.32,CrowdStrike Inc.,Application,,C:\Program Files\CrowdStrike,1.0,,
6457,CrowdStrike Falcon Sensor Controller,7.32,CrowdStrike Inc.,Application,,C:\Program Files\CrowdStrike,1.0,,
6457,CrowdStrike Falcon Sensor Service,7.32,CrowdStrike Inc.,Application,,C:\Program Files\CrowdStrike,1.0,,
6457,CrowdStrike Falcon Sensor Servlet Container,7.32,CrowdStrike Inc.,Application,,C:\Program Files\CrowdStrike,1.0,,
6457,CrowdStrike Falcon Sensor Settings Tool,7.32,CrowdStrike Inc.,Application,,C:\Program Files\CrowdStrike,1.0,,
6457,CrowdStrike Falcon Sensor System Tray Application,7.32,CrowdStrike Inc.,Application,,C:\Program Files\CrowdStrike,2.0,,
6457,CrowdStrike Firmware Analysis,7.14,CrowdStrike Inc.,Add/Remove Programs,"August 28, 2025 12:00:00 AM",,,,
6457,CrowdStrike Firmware Analysis Support Tool,7.14,CrowdStrike Inc.,Application,,C:\Program Files\CrowdStrike,1.0,,
6457,CrowdStrike On-Demand Scan Command-line Tool,7.32,CrowdStrike Inc.,Application,,C:\Program Files\CrowdStrike,1.0,,
6457,CrowdStrike On-Demand Scan Tool,7.32,CrowdStrike Inc.,Application,,C:\Program Files\CrowdStrike,1.0,,
6457,CrowdStrike Sensor Platform,7.32,CrowdStrike Inc.,Add/Remove Programs,"January 14, 2026 12:00:00 AM",,,,
8035,.NET Runtime Optimization Service,4.8,Microsoft Corporation Inc.,Application,,C:\Windows\Microsoft.NET\Framework64\v4.0.30319,2.0,,
8035,64Bit MAPI Mail Agent,1.0,Foxit Software Inc.,Application,,C:\Program Files (x86)\Foxit Software\Foxit PDF Reader,1.0,,
8035,7-Zip 24.09 (x64),24.09,Igor Pavlov,Add/Remove Programs,,C:\Program Files\7-Zip\,,,
8035,7-Zip Console,24.09,Igor Pavlov,Application,,C:\Program Files\7-Zip,1.0,,
8035,7-Zip File Manager,24.09,Igor Pavlov,Application,,C:\Program Files\7-Zip,1.0,,
8035,7-Zip GUI,24.09,Igor Pavlov,Application,,C:\Program Files\7-Zip,1.0,,
8035,Accounts Control Host,10.0,Microsoft Corporation Inc.,Application,,C:\Windows\SystemApps\Microsoft.AccountsControl_cw5n1h2txyewy,1.0,,
8035,AddSuggestedFoldersToLibraryDialog,10.0,Microsoft Corporation Inc.,Application,,C:\Windows\SystemApps\Microsoft.Windows.AddSuggestedFoldersToLibraryDialog_cw5n1h2txyewy,1.0,,
8035,Antimalware Core Service,4.18,Microsoft Corporation Inc.,Application,,C:\Program Files\Windows Defender,1.0,,
8035,Antimalware Service Executable,4.18,Microsoft Corporation Inc.,Application,,C:\Program Files\Windows Defender,1.0,,
8035,AppResolverUX,10.0,Microsoft Corporation Inc.,Application,,C:\Windows\SystemApps\Microsoft.Windows.AppResolverUX_cw5n1h2txyewy,1.0,,
8035,AsyncTextService,10.0,Microsoft Corporation Inc.,Application,,C:\Windows\SystemApps\Microsoft.AsyncTextService_8wekyb3d8bbwe,1.0,,
8035,Biometric Enrollment Host,10.0,Microsoft Corporation Inc.,Application,,C:\Windows\SystemApps\Microsoft.BioEnrollment_cw5n1h2txyewy,1.0,,
8035,BMC Client Management Agent,24.1.01.240624,BMC Software Inc.,Application,,C:\Program Files\BMC Software\Client Management\Client\bin,1.0,,
8035,BMC Client Management Certificate Generator,24.1.01.240624,BMC Software Inc.,Application,,C:\Program Files\BMC Software\Client Management\Client\bin,1.0,,
8035,BMC Client Management Chilli Interpreter,24.1.01.240624,BMC Software Inc.,Application,,C:\Program Files\BMC Software\Client Management\Client\bin,1.0,,
8035,BMC Client Management Direct Access Proxy Agent,24.1.01.240624,BMC Software Inc.,Application,,C:\Program Files\BMC Software\Client Management\Client\bin,1.0,,
8035,BMC Client Management Opswat Proxy Agent,24.1.01.240624,BMC Software Inc.,Application,,C:\Program Files\BMC Software\Client Management\Client\bin,1.0,,
8035,BMC Client Management Package Viewer,24.1.01.240624,BMC Software Inc.,Application,,C:\Program Files\BMC Software\Client Management\Client\bin,1.0,,
8035,BMC Client Management Patch Broker,24.1.01.240624,BMC Software Inc.,Application,,C:\Program Files\BMC Software\Client Management\Client\bin,1.0,,
8035,BMC Client Management Proxy Agent,24.1.01.240624,BMC Software Inc.,Application,,C:\Program Files\BMC Software\Client Management\Client\bin,1.0,,
8035,BMC Client Management Remote Control proxy,24.1.01.240624,BMC Software Inc.,Application,,C:\Program Files\BMC Software\Client Management\Client\bin,1.0,,
8035,BMC Client Management SCAP,24.1.01.240624,BMC Software Inc.,Application,,C:\Program Files\BMC Software\Client Management\Client\bin,1.0,,
8035,BMC Client Management Video Proxy Agent,24.1.01.240624,BMC Software Inc.,Application,,C:\Program Files\BMC Software\Client Management\Client\bin,1.0,,
8035,Boot File Servicing Utility,10.0,Microsoft Corporation Inc.,Application,,C:\Windows,1.0,,
8035,Browser Protection Native Messaging Host,4.18,Microsoft Corporation Inc.,Application,,C:\Program Files\Windows Defender,1.0,,
8035,BrowserCore,10.0,Microsoft Corporation Inc.,Application,,C:\Windows\BrowserCore,1.0,,
8035,CameraBarcodeScannerPreview,10.0,Microsoft Corporation Inc.,Application,,C:\Windows\SystemApps\Windows.CBSPreview_cw5n1h2txyewy,1.0,,
8035,CL5,9.6,Ivanti,Application,,C:\Program Files\BMC Software\Client Management\Client\data\PatchManagementPremium\workspace,6.0,,
8035,ClickOnce,4.8,Microsoft Corporation Inc.,Application,,C:\Windows\Microsoft.NET\Framework64\v4.0.30319,3.0,,
8035,Common User Interface,5.8,Musarubra US LLC.,Application,,C:\Program Files\McAfee\Agent\x86,1.0,,
8035,Credential Dialog Host,10.0,Microsoft Corporation Inc.,Application,,C:\Windows\SystemApps\microsoft.creddialoghost_cw5n1h2txyewy,1.0,,
8035,CrowdStrike Device Control,7.29,CrowdStrike Inc.,Add/Remove Programs,"November 14, 2025 12:00:00 AM",,,,
8035,CrowdStrike Device Control Support Tool,7.29,CrowdStrike Inc.,Application,,C:\Program Files\CrowdStrike,1.0,,
8035,CrowdStrike Falcon Connector,7.32,CrowdStrike Inc.,Application,,C:\Program Files\CrowdStrike,1.0,,
8035,CrowdStrike Falcon Sensor,7.32,CrowdStrike Inc.,Application,,C:\Program Files\CrowdStrike,1.0,,
8035,CrowdStrike Falcon Sensor Controller,7.32,CrowdStrike Inc.,Application,,C:\Program Files\CrowdStrike,1.0,,
8035,CrowdStrike Falcon Sensor Service,7.32,CrowdStrike Inc.,Application,,C:\Program Files\CrowdStrike,1.0,,
8035,CrowdStrike Falcon Sensor Servlet Container,7.32,CrowdStrike Inc.,Application,,C:\Program Files\CrowdStrike,1.0,,
8035,CrowdStrike Falcon Sensor Settings Tool,7.32,CrowdStrike Inc.,Application,,C:\Program Files\CrowdStrike,1.0,,
8035,CrowdStrike Falcon Sensor System Tray Application,7.32,CrowdStrike Inc.,Application,,C:\Program Files\CrowdStrike,2.0,,
8035,CrowdStrike Firmware Analysis,7.14,CrowdStrike Inc.,Add/Remove Programs,"August 28, 2025 12:00:00 AM",,,,
8035,CrowdStrike Firmware Analysis Support Tool,7.14,CrowdStrike Inc.,Application,,C:\Program Files\CrowdStrike,1.0,,
8035,CrowdStrike On-Demand Scan Command-line Tool,7.32,CrowdStrike Inc.,Application,,C:\Program Files\CrowdStrike,1.0,,
8035,CrowdStrike On-Demand Scan Tool,7.32,CrowdStrike Inc.,Application,,C:\Program Files\CrowdStrike,1.0,,
8035,CrowdStrike Sensor Platform,7.32,CrowdStrike Inc.,Add/Remove Programs,"January 14, 2026 12:00:00 AM",,,,
8035,CrowdStrike Windows Sensor,7.32,CrowdStrike Inc.,Add/Remove Programs,"January 14, 2026 12:00:00 AM",,,,
8035,CxAudioSvc,1.0,Conexant Systems LLC.,Application,,C:\Windows\CxSvc,1.0,,
8035,EC App,10.0,Microsoft Corporation Inc.,Application,,C:\Windows\SystemApps\Microsoft.ECApp_8wekyb3d8bbwe,1.0,,
8035,File Explorer,10.0,Microsoft Corporation Inc.,Application,,C:\Windows\SystemApps\Microsoft.Windows.FileExplorer_cw5n1h2txyewy,1.0,,
6452,.NET Runtime Optimization Service,4.8,Microsoft Corporation Inc.,Application,,C:\Windows\Microsoft.NET\Framework64\v4.0.30319,2.0,,
6452,64Bit MAPI Mail Agent,1.0,Foxit Software Inc.,Application,,C:\Program Files (x86)\Foxit Software\Foxit PDF Reader,1.0,,
6452,7-Zip 23.01 (x64),23.01,Igor Pavlov,Add/Remove Programs,,C:\Program Files\7-Zip\,,,
6452,7-Zip Console,23.01,Igor Pavlov,Application,,C:\Program Files\7-Zip,1.0,,
6452,7-Zip File Manager,23.01,Igor Pavlov,Application,,C:\Program Files\7-Zip,1.0,,
6452,7-Zip GUI,23.01,Igor Pavlov,Application,,C:\Program Files\7-Zip,1.0,,
6452,Accounts Control Host,10.0,Microsoft Corporation Inc.,Application,,C:\Windows\SystemApps\Microsoft.AccountsControl_cw5n1h2txyewy,1.0,,
6452,AddSuggestedFoldersToLibraryDialog,10.0,Microsoft Corporation Inc.,Application,,C:\Windows\SystemApps\Microsoft.Windows.AddSuggestedFoldersToLibraryDialog_cw5n1h2txyewy,1.0,,
6452,Antimalware Core Service,4.18,Microsoft Corporation Inc.,Application,,C:\Program Files\Windows Defender,1.0,,
6452,Antimalware Service Executable,4.18,Microsoft Corporation Inc.,Application,,C:\Program Files\Windows Defender,1.0,,
6452,AppFollower,1.3,Conexant Systems Inc.,Application,,C:\Program Files\CONEXANT\Flow,1.0,,
6452,AppResolverUX,10.0,Microsoft Corporation Inc.,Application,,C:\Windows\SystemApps\Microsoft.Windows.AppResolverUX_cw5n1h2txyewy,1.0,,
6452,AsyncTextService,10.0,Microsoft Corporation Inc.,Application,,C:\Windows\SystemApps\Microsoft.AsyncTextService_8wekyb3d8bbwe,1.0,,
6452,Audio Control,4.0,Conexant Systems LLC.,Application,,C:\Program Files\CONEXANT\Install\Audio\SA3\SA3\Dyson,2.0,,
6452,Audio Controls Control Panel,4.0,Conexant Systems LLC.,Application,,C:\Program Files\CONEXANT\SA3\HP-NB-AIO,3.0,,
6452,Bang & Olufsen,4.0,Conexant Systems LLC.,Application,,C:\Program Files\CONEXANT\Install\Audio\SA3\SA3\BandO,2.0,,
6452,Biometric Enrollment Host,10.0,Microsoft Corporation Inc.,Application,,C:\Windows\SystemApps\Microsoft.BioEnrollment_cw5n1h2txyewy,1.0,,
6452,BMC Client Management Agent,24.1.01.240624,BMC Software Inc.,Application,,C:\Program Files\BMC Software\Client Management\Client\bin,1.0,,
6452,BMC Client Management Certificate Generator,24.1.01.240624,BMC Software Inc.,Application,,C:\Program Files\BMC Software\Client Management\Client\bin,1.0,,
6452,BMC Client Management Chilli Interpreter,24.1.01.240624,BMC Software Inc.,Application,,C:\Program Files\BMC Software\Client Management\Client\bin,1.0,,
6452,BMC Client Management Direct Access Proxy Agent,24.1.01.240624,BMC Software Inc.,Application,,C:\Program Files\BMC Software\Client Management\Client\bin,1.0,,
6452,BMC Client Management Opswat Proxy Agent,24.1.01.240624,BMC Software Inc.,Application,,C:\Program Files\BMC Software\Client Management\Client\bin,1.0,,
6452,BMC Client Management Package Viewer,24.1.01.240624,BMC Software Inc.,Application,,C:\Program Files\BMC Software\Client Management\Client\bin,1.0,,
6452,BMC Client Management Patch Broker,24.1.01.240624,BMC Software Inc.,Application,,C:\Program Files\BMC Software\Client Management\Client\bin,1.0,,
6452,BMC Client Management Proxy Agent,24.1.01.240624,BMC Software Inc.,Application,,C:\Program Files\BMC Software\Client Management\Client\bin,1.0,,
6452,BMC Client Management Remote Control proxy,24.1.01.240624,BMC Software Inc.,Application,,C:\Program Files\BMC Software\Client Management\Client\bin,1.0,,
6452,BMC Client Management SCAP,24.1.01.240624,BMC Software Inc.,Application,,C:\Program Files\BMC Software\Client Management\Client\bin,1.0,,
6452,BMC Client Management Video Proxy Agent,24.1.01.240624,BMC Software Inc.,Application,,C:\Program Files\BMC Software\Client Management\Client\bin,1.0,,
6452,Boot File Servicing Utility,10.0,Microsoft Corporation Inc.,Application,,C:\Windows,1.0,,
6452,Browser Protection Native Messaging Host,4.18,Microsoft Corporation Inc.,Application,,C:\Program Files\Windows Defender,1.0,,
6452,BrowserCore,10.0,Microsoft Corporation Inc.,Application,,C:\Windows\BrowserCore,1.0,,
6452,Build20200511,2.0,Hikvision,Application,,C:\Program Files (x86)\iVMS-4200 Site\iVMS-4200 Client\Client,1.0,,
6452,Build20230908,3.0,Hikvision,Application,,C:\Program Files (x86)\iVMS-4200 Site\iVMS-4200 Client\Client,1.0,,
6452,CameraBarcodeScannerPreview,10.0,Microsoft Corporation Inc.,Application,,C:\Windows\SystemApps\Windows.CBSPreview_cw5n1h2txyewy,1.0,,
6452,CL5,9.6,Ivanti,Application,,C:\Program Files\BMC Software\Client Management\Client\data\PatchManagementPremium\workspace,5.0,,
6452,ClickOnce,4.8,Microsoft Corporation Inc.,Application,,C:\Windows\Microsoft.NET\Framework64\v4.0.30319,3.0,,
6452,CnxtNotify,1.0,Conexant Systems Inc.,Application,,C:\Program Files\CONEXANT\SA3\HP-NB-AIO,1.0,,
6452,Common User Interface,5.8,Musarubra US LLC.,Application,,C:\Program Files\McAfee\Agent\x86,1.0,,
6452,ConfigBrowserEdge,1.0,,Application,,C:\Program Files (x86)\iVMS-4200 Site\iVMS-4200 Client\Client,1.0,,
6452,Copilot,144.0,Microsoft Corporation Inc.,Application,,C:\Program Files (x86)\Microsoft\EdgeWebView\Application\144.0.3719.115,3.0,,
6452,Copilot Update,1.3,Microsoft Corporation Inc.,Application,,C:\Program Files (x86)\Microsoft\EdgeUpdate,2.0,,
6452,Create a self-signed digital certificate,15.0,Microsoft Corporation Inc.,Application,,C:\Program Files\Microsoft Office\Office15,1.0,,
6452,Credential Dialog Host,10.0,Microsoft Corporation Inc.,Application,,C:\Windows\SystemApps\microsoft.creddialoghost_cw5n1h2txyewy,1.0,,
6452,CrowdStrike Device Control,7.29,CrowdStrike Inc.,Add/Remove Programs,"November 14, 2025 12:00:00 AM",,,,
6452,CrowdStrike Device Control Support Tool,7.29,CrowdStrike Inc.,Application,,C:\Program Files\CrowdStrike,1.0,,
6452,CrowdStrike Falcon Connector,7.32,CrowdStrike Inc.,Application,,C:\Program Files\CrowdStrike,1.0,,
6452,CrowdStrike Falcon Sensor,7.32,CrowdStrike Inc.,Application,,C:\Program Files\CrowdStrike,1.0,,
6452,CrowdStrike Falcon Sensor Controller,7.32,CrowdStrike Inc.,Application,,C:\Program Files\CrowdStrike,1.0,,
6452,CrowdStrike Falcon Sensor Service,7.32,CrowdStrike Inc.,Application,,C:\Program Files\CrowdStrike,1.0,,
6452,CrowdStrike Falcon Sensor Servlet Container,7.32,CrowdStrike Inc.,Application,,C:\Program Files\CrowdStrike,1.0,,
17169,.NET Runtime Optimization Service,4.8,Microsoft Corporation Inc.,Application,,C:\Windows\Microsoft.NET\Framework64\v4.0.30319,2.0,,
17169,64Bit MAPI Mail Agent,1.0,Foxit Software Inc.,Application,,C:\Program Files (x86)\Foxit Software\Foxit PDF Reader,1.0,,
17169,7-Zip 23.01 (x64),23.01,Igor Pavlov,Add/Remove Programs,,C:\Program Files\7-Zip\,,,
17169,7-Zip Console,23.01,Igor Pavlov,Application,,C:\Program Files\7-Zip,1.0,,
17169,7-Zip File Manager,23.01,Igor Pavlov,Application,,C:\Program Files\7-Zip,1.0,,
17169,7-Zip GUI,23.01,Igor Pavlov,Application,,C:\Program Files\7-Zip,1.0,,
17169,Accounts Control Host,10.0,Microsoft Corporation Inc.,Application,,C:\Windows\SystemApps\Microsoft.AccountsControl_cw5n1h2txyewy,1.0,,
17169,AddSuggestedFoldersToLibraryDialog,10.0,Microsoft Corporation Inc.,Application,,C:\Windows\SystemApps\Microsoft.Windows.AddSuggestedFoldersToLibraryDialog_cw5n1h2txyewy,1.0,,
17169,Antimalware Core Service,4.18,Microsoft Corporation Inc.,Application,,C:\Program Files\Windows Defender,1.0,,
17169,Antimalware Service Executable,4.18,Microsoft Corporation Inc.,Application,,C:\Program Files\Windows Defender,1.0,,
17169,AppFollower,1.3,Conexant Systems Inc.,Application,,C:\Program Files\CONEXANT\Flow,1.0,,
17169,AppResolverUX,10.0,Microsoft Corporation Inc.,Application,,C:\Windows\SystemApps\Microsoft.Windows.AppResolverUX_cw5n1h2txyewy,1.0,,
17169,AsyncTextService,10.0,Microsoft Corporation Inc.,Application,,C:\Windows\SystemApps\Microsoft.AsyncTextService_8wekyb3d8bbwe,1.0,,
17169,Audio Control,4.0,Conexant Systems LLC.,Application,,C:\Program Files\CONEXANT\Install\Audio\SA3\SA3\Dyson,2.0,,
17169,Audio Controls Control Panel,4.0,Conexant Systems LLC.,Application,,C:\Program Files\CONEXANT\SA3\HP-NB-AIO,3.0,,
17169,Bang & Olufsen,4.0,Conexant Systems LLC.,Application,,C:\Program Files\CONEXANT\Install\Audio\SA3\SA3\BandO,2.0,,
17169,Biometric Enrollment Host,10.0,Microsoft Corporation Inc.,Application,,C:\Windows\SystemApps\Microsoft.BioEnrollment_cw5n1h2txyewy,1.0,,
17169,BMC Client Management Agent,24.1.01.240624,BMC Software Inc.,Application,,C:\Program Files\BMC Software\Client Management\Client\bin,1.0,,
17169,BMC Client Management Certificate Generator,24.1.01.240624,BMC Software Inc.,Application,,C:\Program Files\BMC Software\Client Management\Client\bin,1.0,,
17169,BMC Client Management Chilli Interpreter,24.1.01.240624,BMC Software Inc.,Application,,C:\Program Files\BMC Software\Client Management\Client\bin,1.0,,
17169,BMC Client Management Direct Access Proxy Agent,24.1.01.240624,BMC Software Inc.,Application,,C:\Program Files\BMC Software\Client Management\Client\bin,1.0,,
17169,BMC Client Management Opswat Proxy Agent,24.1.01.240624,BMC Software Inc.,Application,,C:\Program Files\BMC Software\Client Management\Client\bin,1.0,,
17169,BMC Client Management Package Viewer,24.1.01.240624,BMC Software Inc.,Application,,C:\Program Files\BMC Software\Client Management\Client\bin,1.0,,
17169,BMC Client Management Patch Broker,24.1.01.240624,BMC Software Inc.,Application,,C:\Program Files\BMC Software\Client Management\Client\bin,1.0,,
17169,BMC Client Management Proxy Agent,24.1.01.240624,BMC Software Inc.,Application,,C:\Program Files\BMC Software\Client Management\Client\bin,1.0,,
17169,BMC Client Management Remote Control proxy,24.1.01.240624,BMC Software Inc.,Application,,C:\Program Files\BMC Software\Client Management\Client\bin,1.0,,
17169,BMC Client Management SCAP,24.1.01.240624,BMC Software Inc.,Application,,C:\Program Files\BMC Software\Client Management\Client\bin,1.0,,
17169,BMC Client Management Video Proxy Agent,24.1.01.240624,BMC Software Inc.,Application,,C:\Program Files\BMC Software\Client Management\Client\bin,1.0,,
17169,Boot File Servicing Utility,10.0,Microsoft Corporation Inc.,Application,,C:\Windows,1.0,,
17169,Browser Protection Native Messaging Host,4.18,Microsoft Corporation Inc.,Application,,C:\Program Files\Windows Defender,1.0,,
17169,BrowserCore,10.0,Microsoft Corporation Inc.,Application,,C:\Windows\BrowserCore,1.0,,
17169,CameraBarcodeScannerPreview,10.0,Microsoft Corporation Inc.,Application,,C:\Windows\SystemApps\Windows.CBSPreview_cw5n1h2txyewy,1.0,,
17169,ChromeEnterpriseCompanion,143.0,Google LLC,Application,,C:\Windows\SystemTemp\scoped_dir7932_1728010126\scoped_dir7932_1381847235,1.0,,
17169,CL5,9.6,Ivanti,Application,,C:\Program Files\BMC Software\Client Management\Client\data\PatchManagementPremium\workspace,1.0,,
17169,ClickOnce,4.8,Microsoft Corporation Inc.,Application,,C:\Windows\Microsoft.NET\Framework64\v4.0.30319,3.0,,
17169,CnxtNotify,1.0,Conexant Systems Inc.,Application,,C:\Program Files\CONEXANT\SA3\HP-NB-AIO,1.0,,
17169,Common User Interface,5.8,Musarubra US LLC.,Application,,C:\Program Files\McAfee\Agent\x86,1.0,,
17169,Credential Dialog Host,10.0,Microsoft Corporation Inc.,Application,,C:\Windows\SystemApps\microsoft.creddialoghost_cw5n1h2txyewy,1.0,,
17169,CrowdStrike Device Control,7.29,CrowdStrike Inc.,Add/Remove Programs,"November 14, 2025 12:00:00 AM",,,,
17169,CrowdStrike Device Control Support Tool,7.29,CrowdStrike Inc.,Application,,C:\Program Files\CrowdStrike,1.0,,
17169,CrowdStrike Falcon Connector,7.32,CrowdStrike Inc.,Application,,C:\Program Files\CrowdStrike,1.0,,
17169,CrowdStrike Falcon Sensor,7.32,CrowdStrike Inc.,Application,,C:\Program Files\CrowdStrike,1.0,,
17169,CrowdStrike Falcon Sensor Controller,7.32,CrowdStrike Inc.,Application,,C:\Program Files\CrowdStrike,1.0,,
17169,CrowdStrike Falcon Sensor Service,7.32,CrowdStrike Inc.,Application,,C:\Program Files\CrowdStrike,1.0,,
17169,CrowdStrike Falcon Sensor Servlet Container,7.32,CrowdStrike Inc.,Application,,C:\Program Files\CrowdStrike,1.0,,
17169,CrowdStrike Falcon Sensor Settings Tool,7.32,CrowdStrike Inc.,Application,,C:\Program Files\CrowdStrike,1.0,,
17169,CrowdStrike Falcon Sensor System Tray Application,7.32,CrowdStrike Inc.,Application,,C:\Program Files\CrowdStrike,2.0,,
17169,CrowdStrike Firmware Analysis,7.14,CrowdStrike Inc.,Add/Remove Programs,"August 28, 2025 12:00:00 AM",,,,
17169,CrowdStrike Firmware Analysis Support Tool,7.14,CrowdStrike Inc.,Application,,C:\Program Files\CrowdStrike,1.0,,
17169,CrowdStrike On-Demand Scan Command-line Tool,7.32,CrowdStrike Inc.,Application,,C:\Program Files\CrowdStrike,1.0,,
6441,.NET Runtime Optimization Service,4.8,Microsoft Corporation Inc.,Application,,C:\Windows\Microsoft.NET\Framework64\v4.0.30319,2.0,,
6441,64Bit MAPI Mail Agent,1.0,Foxit Software Inc.,Application,,C:\Program Files (x86)\Foxit Software\Foxit PDF Reader,1.0,,
6441,7-Zip 24.09 (x64),24.09,Igor Pavlov,Add/Remove Programs,,C:\Program Files\7-Zip\,,,
6441,7-Zip Console,24.09,Igor Pavlov,Application,,C:\Program Files\7-Zip,1.0,,
6441,7-Zip File Manager,24.09,Igor Pavlov,Application,,C:\Program Files\7-Zip,1.0,,
6441,7-Zip GUI,24.09,Igor Pavlov,Application,,C:\Program Files\7-Zip,1.0,,
6441,Accounts Control Host,10.0,Microsoft Corporation Inc.,Application,,C:\Windows\SystemApps\Microsoft.AccountsControl_cw5n1h2txyewy,1.0,,
6441,AddSuggestedFoldersToLibraryDialog,10.0,Microsoft Corporation Inc.,Application,,C:\Windows\SystemApps\Microsoft.Windows.AddSuggestedFoldersToLibraryDialog_cw5n1h2txyewy,1.0,,
6441,Antimalware Core Service,4.18,Microsoft Corporation Inc.,Application,,C:\Program Files\Windows Defender,1.0,,
6441,Antimalware Service Executable,4.18,Microsoft Corporation Inc.,Application,,C:\Program Files\Windows Defender,1.0,,
6441,AppResolverUX,10.0,Microsoft Corporation Inc.,Application,,C:\Windows\SystemApps\Microsoft.Windows.AppResolverUX_cw5n1h2txyewy,1.0,,
6441,AsyncTextService,10.0,Microsoft Corporation Inc.,Application,,C:\Windows\SystemApps\Microsoft.AsyncTextService_8wekyb3d8bbwe,1.0,,
6441,Biometric Enrollment Host,10.0,Microsoft Corporation Inc.,Application,,C:\Windows\SystemApps\Microsoft.BioEnrollment_cw5n1h2txyewy,1.0,,
6441,BMC Client Management Agent,24.1.01.240624,BMC Software Inc.,Application,,C:\Program Files\BMC Software\Client Management\Client\bin,1.0,,
6441,BMC Client Management Certificate Generator,24.1.01.240624,BMC Software Inc.,Application,,C:\Program Files\BMC Software\Client Management\Client\bin,1.0,,
6441,BMC Client Management Chilli Interpreter,24.1.01.240624,BMC Software Inc.,Application,,C:\Program Files\BMC Software\Client Management\Client\bin,1.0,,
6441,BMC Client Management Direct Access Proxy Agent,24.1.01.240624,BMC Software Inc.,Application,,C:\Program Files\BMC Software\Client Management\Client\bin,1.0,,
6441,BMC Client Management Opswat Proxy Agent,24.1.01.240624,BMC Software Inc.,Application,,C:\Program Files\BMC Software\Client Management\Client\bin,1.0,,
6441,BMC Client Management Package Viewer,24.1.01.240624,BMC Software Inc.,Application,,C:\Program Files\BMC Software\Client Management\Client\bin,1.0,,
6441,BMC Client Management Patch Broker,24.1.01.240624,BMC Software Inc.,Application,,C:\Program Files\BMC Software\Client Management\Client\bin,1.0,,
6441,BMC Client Management Proxy Agent,24.1.01.240624,BMC Software Inc.,Application,,C:\Program Files\BMC Software\Client Management\Client\bin,1.0,,
6441,BMC Client Management Remote Control proxy,24.1.01.240624,BMC Software Inc.,Application,,C:\Program Files\BMC Software\Client Management\Client\bin,1.0,,
6441,BMC Client Management SCAP,24.1.01.240624,BMC Software Inc.,Application,,C:\Program Files\BMC Software\Client Management\Client\bin,1.0,,
6441,BMC Client Management Video Proxy Agent,24.1.01.240624,BMC Software Inc.,Application,,C:\Program Files\BMC Software\Client Management\Client\bin,1.0,,
6441,Boot File Servicing Utility,10.0,Microsoft Corporation Inc.,Application,,C:\Windows,1.0,,
6441,Browser Protection Native Messaging Host,4.18,Microsoft Corporation Inc.,Application,,C:\Program Files\Windows Defender,1.0,,
6441,BrowserCore,10.0,Microsoft Corporation Inc.,Application,,C:\Windows\BrowserCore,1.0,,
6441,CameraBarcodeScannerPreview,10.0,Microsoft Corporation Inc.,Application,,C:\Windows\SystemApps\Windows.CBSPreview_cw5n1h2txyewy,1.0,,
6441,ChromeEnterpriseCompanion,143.0,Google LLC,Application,,C:\Windows\SystemTemp\scoped_dir1900_1644814145\scoped_dir1900_1307103716,1.0,,
6441,CL5,9.6,Ivanti,Application,,C:\Program Files\BMC Software\Client Management\Client\data\PatchManagementPremium\workspace,5.0,,
6441,ClickOnce,4.8,Microsoft Corporation Inc.,Application,,C:\Windows\Microsoft.NET\Framework64\v4.0.30319,3.0,,
6441,Common User Interface,5.8,Musarubra US LLC.,Application,,C:\Program Files\McAfee\Agent\x86,1.0,,
6441,Copilot,143.0,Microsoft Corporation Inc.,Application,,C:\Program Files (x86)\Microsoft\EdgeWebView\Application\143.0.3650.139,2.0,,
6441,Copilot,144.0,Microsoft Corporation Inc.,Application,,C:\Program Files (x86)\Microsoft\EdgeCore\Optimized,2.0,,
6441,Copilot Update,1.3,Microsoft Corporation Inc.,Application,,C:\Program Files (x86)\Microsoft\EdgeUpdate,2.0,,
6441,Credential Dialog Host,10.0,Microsoft Corporation Inc.,Application,,C:\Windows\SystemApps\microsoft.creddialoghost_cw5n1h2txyewy,1.0,,
6441,CrowdStrike Device Control,7.29,CrowdStrike Inc.,Add/Remove Programs,"November 14, 2025 12:00:00 AM",,,,
6441,CrowdStrike Device Control Support Tool,7.29,CrowdStrike Inc.,Application,,C:\Program Files\CrowdStrike,1.0,,
6441,CrowdStrike Falcon Connector,7.32,CrowdStrike Inc.,Application,,C:\Program Files\CrowdStrike,1.0,,
6441,CrowdStrike Falcon Sensor,7.32,CrowdStrike Inc.,Application,,C:\Program Files\CrowdStrike,1.0,,
6441,CrowdStrike Falcon Sensor Controller,7.32,CrowdStrike Inc.,Application,,C:\Program Files\CrowdStrike,1.0,,
6441,CrowdStrike Falcon Sensor Service,7.32,CrowdStrike Inc.,Application,,C:\Program Files\CrowdStrike,1.0,,
6441,CrowdStrike Falcon Sensor Servlet Container,7.32,CrowdStrike Inc.,Application,,C:\Program Files\CrowdStrike,1.0,,
6441,CrowdStrike Falcon Sensor Settings Tool,7.32,CrowdStrike Inc.,Application,,C:\Program Files\CrowdStrike,1.0,,
6441,CrowdStrike Falcon Sensor System Tray Application,7.32,CrowdStrike Inc.,Application,,C:\Program Files\CrowdStrike,2.0,,
6441,CrowdStrike Firmware Analysis,7.14,CrowdStrike Inc.,Add/Remove Programs,"August 28, 2025 12:00:00 AM",,,,
6441,CrowdStrike Firmware Analysis Support Tool,7.14,CrowdStrike Inc.,Application,,C:\Program Files\CrowdStrike,1.0,,
6441,CrowdStrike On-Demand Scan Command-line Tool,7.32,CrowdStrike Inc.,Application,,C:\Program Files\CrowdStrike,1.0,,
6441,CrowdStrike On-Demand Scan Tool,7.32,CrowdStrike Inc.,Application,,C:\Program Files\CrowdStrike,1.0,,
6441,CrowdStrike Sensor Platform,7.32,CrowdStrike Inc.,Add/Remove Programs,"January 14, 2026 12:00:00 AM",,,,
6453,.NET Runtime Optimization Service,4.8,Microsoft Corporation Inc.,Application,,C:\Windows\Microsoft.NET\Framework64\v4.0.30319,2.0,,
6453,64Bit MAPI Mail Agent,1.0,Foxit Software Inc.,Application,,C:\Program Files (x86)\Foxit Software\Foxit PDF Reader,1.0,,
6453,7-Zip 24.08 (x64 edition),24.08,Igor Pavlov,Add/Remove Programs,"November 26, 2024 12:00:00 AM",,,,
6453,7-Zip Console,24.08,Igor Pavlov,Application,,C:\Program Files\7-Zip,1.0,,
6453,7-Zip File Manager,24.08,Igor Pavlov,Application,,C:\Program Files\7-Zip,1.0,,
6453,7-Zip GUI,24.08,Igor Pavlov,Application,,C:\Program Files\7-Zip,1.0,,
6453,AAD token broker plugin,10.0,Microsoft Corporation Inc.,Application,,C:\Windows\SystemApps\Microsoft.AAD.BrokerPlugin_cw5n1h2txyewy,1.0,,
6453,Accounts Control Host,10.0,Microsoft Corporation Inc.,Application,,C:\Windows\SystemApps\Microsoft.AccountsControl_cw5n1h2txyewy,1.0,,
6453,AddSuggestedFoldersToLibraryDialog,10.0,Microsoft Corporation Inc.,Application,,C:\Windows\SystemApps\Microsoft.Windows.AddSuggestedFoldersToLibraryDialog_cw5n1h2txyewy,1.0,,
6453,Antimalware Service Executable,4.18,Microsoft Corporation Inc.,Application,,C:\Program Files\Windows Defender,1.0,,
6453,AppResolverUX,10.0,Microsoft Corporation Inc.,Application,,C:\Windows\SystemApps\Microsoft.Windows.AppResolverUX_cw5n1h2txyewy,1.0,,
6453,AsyncTextService,10.0,Microsoft Corporation Inc.,Application,,C:\Windows\SystemApps\Microsoft.AsyncTextService_8wekyb3d8bbwe,1.0,,
6453,Biometric Enrollment Host,10.0,Microsoft Corporation Inc.,Application,,C:\Windows\SystemApps\Microsoft.BioEnrollment_cw5n1h2txyewy,1.0,,
6453,BMC Client Management Agent,24.1.01.240624,BMC Software Inc.,Application,,C:\Program Files\BMC Software\Client Management\Client\bin,1.0,,
6453,BMC Client Management Certificate Generator,24.1.01.240624,BMC Software Inc.,Application,,C:\Program Files\BMC Software\Client Management\Client\bin,1.0,,
6453,BMC Client Management Chilli Interpreter,24.1.01.240624,BMC Software Inc.,Application,,C:\Program Files\BMC Software\Client Management\Client\bin,1.0,,
6453,BMC Client Management Direct Access Proxy Agent,24.1.01.240624,BMC Software Inc.,Application,,C:\Program Files\BMC Software\Client Management\Client\bin,1.0,,
6453,BMC Client Management Opswat Proxy Agent,24.1.01.240624,BMC Software Inc.,Application,,C:\Program Files\BMC Software\Client Management\Client\bin,1.0,,
6453,BMC Client Management Package Viewer,24.1.01.240624,BMC Software Inc.,Application,,C:\Program Files\BMC Software\Client Management\Client\bin,1.0,,
6453,BMC Client Management Patch Broker,24.1.01.240624,BMC Software Inc.,Application,,C:\Program Files\BMC Software\Client Management\Client\bin,1.0,,
6453,BMC Client Management Proxy Agent,24.1.01.240624,BMC Software Inc.,Application,,C:\Program Files\BMC Software\Client Management\Client\bin,1.0,,
6453,BMC Client Management Remote Control proxy,24.1.01.240624,BMC Software Inc.,Application,,C:\Program Files\BMC Software\Client Management\Client\bin,1.0,,
6453,BMC Client Management SCAP,24.1.01.240624,BMC Software Inc.,Application,,C:\Program Files\BMC Software\Client Management\Client\bin,1.0,,
6453,BMC Client Management Video Proxy Agent,24.1.01.240624,BMC Software Inc.,Application,,C:\Program Files\BMC Software\Client Management\Client\bin,1.0,,
6453,Boot File Servicing Utility,10.0,Microsoft Corporation Inc.,Application,,C:\Windows,1.0,,
6453,BrowserCore,10.0,Microsoft Corporation Inc.,Application,,C:\Windows\BrowserCore,1.0,,
6453,Calling App to host call progress on shell,10.0,Microsoft Corporation Inc.,Application,,C:\Windows\SystemApps\Microsoft.Windows.CallingShellApp_cw5n1h2txyewy,1.0,,
6453,CameraBarcodeScannerPreview,10.0,Microsoft Corporation Inc.,Application,,C:\Windows\SystemApps\Windows.CBSPreview_cw5n1h2txyewy,1.0,,
6453,ChromeEnterpriseCompanion,143.0,Google LLC,Application,,C:\Windows\SystemTemp\scoped_dir21680_1592875652\scoped_dir21680_244954999,1.0,,
6453,CL5,9.6,Ivanti,Application,,C:\Program Files\BMC Software\Client Management\Client\data\PatchManagementPremium\workspace,6.0,,
6453,ClickOnce,4.8,Microsoft Corporation Inc.,Application,,C:\Windows\Microsoft.NET\Framework64\v4.0.30319,3.0,,
6453,Common User Interface,5.8,Musarubra US LLC.,Application,,C:\Program Files\McAfee\Agent\x86,1.0,,
6453,Copilot,143.0,Microsoft Corporation Inc.,Application,,C:\Program Files (x86)\Microsoft\EdgeWebView\Application\143.0.3650.96,2.0,,
6453,Copilot Update,1.3,Microsoft Corporation Inc.,Application,,C:\Program Files (x86)\Microsoft\EdgeUpdate,2.0,,
6453,Credential Dialog Host,10.0,Microsoft Corporation Inc.,Application,,C:\Windows\SystemApps\microsoft.creddialoghost_cw5n1h2txyewy,1.0,,
6453,CrowdStrike Device Control,7.29,CrowdStrike Inc.,Add/Remove Programs,"November 14, 2025 12:00:00 AM",,,,
6453,CrowdStrike Device Control Support Tool,7.29,CrowdStrike Inc.,Application,,C:\Program Files\CrowdStrike,1.0,,
6453,CrowdStrike Falcon Connector,7.32,CrowdStrike Inc.,Application,,C:\Program Files\CrowdStrike,1.0,,
6453,CrowdStrike Falcon Sensor,7.32,CrowdStrike Inc.,Application,,C:\Program Files\CrowdStrike,1.0,,
6453,CrowdStrike Falcon Sensor Controller,7.32,CrowdStrike Inc.,Application,,C:\Program Files\CrowdStrike,1.0,,
6453,CrowdStrike Falcon Sensor Service,7.32,CrowdStrike Inc.,Application,,C:\Program Files\CrowdStrike,1.0,,
6453,CrowdStrike Falcon Sensor Servlet Container,7.32,CrowdStrike Inc.,Application,,C:\Program Files\CrowdStrike,1.0,,
6453,CrowdStrike Falcon Sensor Settings Tool,7.32,CrowdStrike Inc.,Application,,C:\Program Files\CrowdStrike,1.0,,
6453,CrowdStrike Falcon Sensor System Tray Application,7.32,CrowdStrike Inc.,Application,,C:\Program Files\CrowdStrike,2.0,,
6453,CrowdStrike Firmware Analysis,7.14,CrowdStrike Inc.,Add/Remove Programs,"July 24, 2025 12:00:00 AM",,,,
6453,CrowdStrike Firmware Analysis Support Tool,7.14,CrowdStrike Inc.,Application,,C:\Program Files\CrowdStrike,1.0,,
6453,CrowdStrike Forensic Data Collection Tool,1.0,CrowdStrike Inc.,Application,,C:,2.0,,
6453,CrowdStrike On-Demand Scan Command-line Tool,7.32,CrowdStrike Inc.,Application,,C:\Program Files\CrowdStrike,1.0,,
6453,CrowdStrike On-Demand Scan Tool,7.32,CrowdStrike Inc.,Application,,C:\Program Files\CrowdStrike,1.0,,
6453,CrowdStrike Sensor Platform,7.32,CrowdStrike Inc.,Add/Remove Programs,"January 14, 2026 12:00:00 AM",,,,
17743,.NET Runtime Optimization Service,4.8,Microsoft Corporation Inc.,Application,,C:\Windows\Microsoft.NET\Framework64\v4.0.30319,2.0,,
17743,64Bit MAPI Mail Agent,1.0,Foxit Software Inc.,Application,,C:\Program Files (x86)\Foxit Software\Foxit PDF Reader,1.0,,
17743,7-Zip 24.08 (x64),24.08,Igor Pavlov,Add/Remove Programs,,C:\Program Files\7-Zip\,,,
17743,7-Zip Console,24.08,Igor Pavlov,Application,,C:\Program Files\7-Zip,1.0,,
17743,7-Zip File Manager,24.08,Igor Pavlov,Application,,C:\Program Files\7-Zip,1.0,,
17743,7-Zip GUI,24.08,Igor Pavlov,Application,,C:\Program Files\7-Zip,1.0,,
17743,Accounts Control Host,10.0,Microsoft Corporation Inc.,Application,,C:\Windows\SystemApps\Microsoft.AccountsControl_cw5n1h2txyewy,1.0,,
17743,AddSuggestedFoldersToLibraryDialog,10.0,Microsoft Corporation Inc.,Application,,C:\Windows\SystemApps\Microsoft.Windows.AddSuggestedFoldersToLibraryDialog_cw5n1h2txyewy,1.0,,
17743,Antimalware Core Service,4.18,Microsoft Corporation Inc.,Application,,C:\Program Files\Windows Defender,1.0,,
17743,Antimalware Service Executable,4.18,Microsoft Corporation Inc.,Application,,C:\Program Files\Windows Defender,1.0,,
17743,AppFollower,1.3,Conexant Systems Inc.,Application,,C:\Program Files\CONEXANT\Flow,1.0,,
17743,AppResolverUX,10.0,Microsoft Corporation Inc.,Application,,C:\Windows\SystemApps\Microsoft.Windows.AppResolverUX_cw5n1h2txyewy,1.0,,
17743,AsyncTextService,10.0,Microsoft Corporation Inc.,Application,,C:\Windows\SystemApps\Microsoft.AsyncTextService_8wekyb3d8bbwe,1.0,,
17743,Audio Control,4.0,Conexant Systems LLC.,Application,,C:\Program Files\CONEXANT\Install\Audio\SA3\SA3\Dyson,2.0,,
17743,Audio Controls Control Panel,4.0,Conexant Systems LLC.,Application,,C:\Program Files\CONEXANT\SA3\HP-NB-AIO,3.0,,
17743,Bang & Olufsen,4.0,Conexant Systems LLC.,Application,,C:\Program Files\CONEXANT\Install\Audio\SA3\SA3\BandO,2.0,,
17743,Biometric Enrollment Host,10.0,Microsoft Corporation Inc.,Application,,C:\Windows\SystemApps\Microsoft.BioEnrollment_cw5n1h2txyewy,1.0,,
17743,BMC Client Management Agent,24.1.01.240624,BMC Software Inc.,Application,,C:\Program Files\BMC Software\Client Management\Client\bin,1.0,,
17743,BMC Client Management Certificate Generator,24.1.01.240624,BMC Software Inc.,Application,,C:\Program Files\BMC Software\Client Management\Client\bin,1.0,,
17743,BMC Client Management Chilli Interpreter,24.1.01.240624,BMC Software Inc.,Application,,C:\Program Files\BMC Software\Client Management\Client\bin,1.0,,
17743,BMC Client Management Direct Access Proxy Agent,24.1.01.240624,BMC Software Inc.,Application,,C:\Program Files\BMC Software\Client Management\Client\bin,1.0,,
17743,BMC Client Management Opswat Proxy Agent,24.1.01.240624,BMC Software Inc.,Application,,C:\Program Files\BMC Software\Client Management\Client\bin,1.0,,
17743,BMC Client Management Package Viewer,24.1.01.240624,BMC Software Inc.,Application,,C:\Program Files\BMC Software\Client Management\Client\bin,1.0,,
17743,BMC Client Management Patch Broker,24.1.01.240624,BMC Software Inc.,Application,,C:\Program Files\BMC Software\Client Management\Client\bin,1.0,,
17743,BMC Client Management Proxy Agent,24.1.01.240624,BMC Software Inc.,Application,,C:\Program Files\BMC Software\Client Management\Client\bin,1.0,,
17743,BMC Client Management Remote Control proxy,24.1.01.240624,BMC Software Inc.,Application,,C:\Program Files\BMC Software\Client Management\Client\bin,1.0,,
17743,BMC Client Management SCAP,24.1.01.240624,BMC Software Inc.,Application,,C:\Program Files\BMC Software\Client Management\Client\bin,1.0,,
17743,BMC Client Management SFX,24.1.01.240624,BMC Software Inc.,Application,,D:,1.0,,
17743,BMC Client Management Video Proxy Agent,24.1.01.240624,BMC Software Inc.,Application,,C:\Program Files\BMC Software\Client Management\Client\bin,1.0,,
17743,Boot File Servicing Utility,10.0,Microsoft Corporation Inc.,Application,,C:\Windows,1.0,,
17743,Browser Protection Native Messaging Host,4.18,Microsoft Corporation Inc.,Application,,C:\Program Files\Windows Defender,1.0,,
17743,BrowserCore,10.0,Microsoft Corporation Inc.,Application,,C:\Windows\BrowserCore,1.0,,
17743,CameraBarcodeScannerPreview,10.0,Microsoft Corporation Inc.,Application,,C:\Windows\SystemApps\Windows.CBSPreview_cw5n1h2txyewy,1.0,,
17743,CL5,9.6,Ivanti,Application,,C:\Program Files\BMC Software\Client Management\Client\data\PatchManagementPremium\workspace,1.0,,
17743,ClickOnce,4.8,Microsoft Corporation Inc.,Application,,C:\Windows\Microsoft.NET\Framework64\v4.0.30319,3.0,,
17743,CnxtNotify,1.0,Conexant Systems Inc.,Application,,C:\Program Files\CONEXANT\SA3\HP-NB-AIO,1.0,,
17743,Common User Interface,5.8,Musarubra US LLC.,Application,,C:\Program Files\McAfee\Agent\x86,1.0,,
17743,Copilot,143.0,Microsoft Corporation Inc.,Application,,C:\Program Files (x86)\Microsoft\EdgeWebView\Application\143.0.3650.139,2.0,,
17743,Copilot,144.0,Microsoft Corporation Inc.,Application,,C:\Program Files (x86)\Microsoft\EdgeWebView\Application\144.0.3719.93,4.0,,
17743,Copilot Update,1.3,Microsoft Corporation Inc.,Application,,C:\Program Files (x86)\Microsoft\EdgeUpdate,2.0,,
17743,Credential Dialog Host,10.0,Microsoft Corporation Inc.,Application,,C:\Windows\SystemApps\microsoft.creddialoghost_cw5n1h2txyewy,1.0,,
17743,CrowdStrike Device Control,7.29,CrowdStrike Inc.,Add/Remove Programs,"November 21, 2025 12:00:00 AM",,,,
17743,CrowdStrike Device Control Support Tool,7.29,CrowdStrike Inc.,Application,,C:\Program Files\CrowdStrike,1.0,,
17743,CrowdStrike Falcon Connector,7.32,CrowdStrike Inc.,Application,,C:\Program Files\CrowdStrike,1.0,,
17743,CrowdStrike Falcon Sensor,7.32,CrowdStrike Inc.,Application,,C:\Program Files\CrowdStrike,1.0,,
17743,CrowdStrike Falcon Sensor Controller,7.32,CrowdStrike Inc.,Application,,C:\Program Files\CrowdStrike,1.0,,
17743,CrowdStrike Falcon Sensor Service,7.32,CrowdStrike Inc.,Application,,C:\Program Files\CrowdStrike,1.0,,
17743,CrowdStrike Falcon Sensor Servlet Container,7.32,CrowdStrike Inc.,Application,,C:\Program Files\CrowdStrike,1.0,,
17743,CrowdStrike Falcon Sensor Settings Tool,7.32,CrowdStrike Inc.,Application,,C:\Program Files\CrowdStrike,1.0,,
17743,CrowdStrike Falcon Sensor System Tray Application,7.32,CrowdStrike Inc.,Application,,C:\Program Files\CrowdStrike,2.0,,
6461,.NET Framework,3.0,Microsoft Corporation Inc.,Application,,C:\Windows\Microsoft.NET\Framework64\v3.0\Windows Communication Foundation,2.0,,
6461,.NET Runtime Optimization Service,4.8,Microsoft Corporation Inc.,Application,,C:\Windows\Microsoft.NET\Framework64\v4.0.30319,2.0,,
6461,.NET Runtime Optimization Service,2.0,Microsoft Corporation Inc.,Application,,C:\Windows\Microsoft.NET\Framework64\v2.0.50727,2.0,,
6461,64Bit MAPI Mail Agent,1.0,Foxit Software Inc.,Application,,C:\Program Files (x86)\Foxit Software\Foxit PDF Reader,1.0,,
6461,7-Zip 24.08 (x64 edition),24.08,Igor Pavlov,Add/Remove Programs,"November 27, 2024 12:00:00 AM",,,,
6461,7-Zip Console,24.08,Igor Pavlov,Application,,C:\Program Files\7-Zip,1.0,,
6461,7-Zip File Manager,24.08,Igor Pavlov,Application,,C:\Program Files\7-Zip,1.0,,
6461,7-Zip GUI,24.08,Igor Pavlov,Application,,C:\Program Files\7-Zip,1.0,,
6461,AAD token broker plugin,10.0,Microsoft Corporation Inc.,Application,,C:\Windows\SystemApps\Microsoft.AAD.BrokerPlugin_cw5n1h2txyewy,1.0,,
6461,Accounts Control Host,10.0,Microsoft Corporation Inc.,Application,,C:\Windows\SystemApps\Microsoft.AccountsControl_cw5n1h2txyewy,1.0,,
6461,AddSuggestedFoldersToLibraryDialog,10.0,Microsoft Corporation Inc.,Application,,C:\Windows\SystemApps\Microsoft.Windows.AddSuggestedFoldersToLibraryDialog_cw5n1h2txyewy,1.0,,
6461,Antimalware Service Executable,4.18,Microsoft Corporation Inc.,Application,,C:\Program Files\Windows Defender,1.0,,
6461,AppResolverUX,10.0,Microsoft Corporation Inc.,Application,,C:\Windows\SystemApps\Microsoft.Windows.AppResolverUX_cw5n1h2txyewy,1.0,,
6461,AsyncTextService,10.0,Microsoft Corporation Inc.,Application,,C:\Windows\SystemApps\Microsoft.AsyncTextService_8wekyb3d8bbwe,1.0,,
6461,Biometric Enrollment Host,10.0,Microsoft Corporation Inc.,Application,,C:\Windows\SystemApps\Microsoft.BioEnrollment_cw5n1h2txyewy,1.0,,
6461,BMC Client Management Agent,24.1.01.240624,BMC Software Inc.,Application,,C:\Program Files\BMC Software\Client Management\Client\bin,1.0,,
6461,BMC Client Management Certificate Generator,24.1.01.240624,BMC Software Inc.,Application,,C:\Program Files\BMC Software\Client Management\Client\bin,1.0,,
6461,BMC Client Management Chilli Interpreter,24.1.01.240624,BMC Software Inc.,Application,,C:\Program Files\BMC Software\Client Management\Client\bin,1.0,,
6461,BMC Client Management Direct Access Proxy Agent,24.1.01.240624,BMC Software Inc.,Application,,C:\Program Files\BMC Software\Client Management\Client\bin,1.0,,
6461,BMC Client Management Opswat Proxy Agent,24.1.01.240624,BMC Software Inc.,Application,,C:\Program Files\BMC Software\Client Management\Client\bin,1.0,,
6461,BMC Client Management Package Viewer,24.1.01.240624,BMC Software Inc.,Application,,C:\Program Files\BMC Software\Client Management\Client\bin,1.0,,
6461,BMC Client Management Patch Broker,24.1.01.240624,BMC Software Inc.,Application,,C:\Program Files\BMC Software\Client Management\Client\bin,1.0,,
6461,BMC Client Management Proxy Agent,24.1.01.240624,BMC Software Inc.,Application,,C:\Program Files\BMC Software\Client Management\Client\bin,1.0,,
6461,BMC Client Management Remote Control proxy,24.1.01.240624,BMC Software Inc.,Application,,C:\Program Files\BMC Software\Client Management\Client\bin,1.0,,
6461,BMC Client Management SCAP,24.1.01.240624,BMC Software Inc.,Application,,C:\Program Files\BMC Software\Client Management\Client\bin,1.0,,
6461,BMC Client Management Video Proxy Agent,24.1.01.240624,BMC Software Inc.,Application,,C:\Program Files\BMC Software\Client Management\Client\bin,1.0,,
6461,Boot File Servicing Utility,10.0,Microsoft Corporation Inc.,Application,,C:\Windows,1.0,,
6461,BrowserCore,10.0,Microsoft Corporation Inc.,Application,,C:\Windows\BrowserCore,1.0,,
6461,Calling App to host call progress on shell,10.0,Microsoft Corporation Inc.,Application,,C:\Windows\SystemApps\Microsoft.Windows.CallingShellApp_cw5n1h2txyewy,1.0,,
6461,CameraBarcodeScannerPreview,10.0,Microsoft Corporation Inc.,Application,,C:\Windows\SystemApps\Windows.CBSPreview_cw5n1h2txyewy,1.0,,
6461,ChromeEnterpriseCompanion,143.0,Google LLC,Application,,C:\Windows\SystemTemp\scoped_dir23892_1933907131\scoped_dir23892_1421234277,1.0,,
6461,CL5,9.6,Ivanti,Application,,C:\Program Files\BMC Software\Client Management\Client\data\PatchManagementPremium\workspace,5.0,,
6461,ClickOnce,4.8,Microsoft Corporation Inc.,Application,,C:\Windows\Microsoft.NET\Framework64\v4.0.30319,3.0,,
6461,Common User Interface,5.8,Musarubra US LLC.,Application,,C:\Program Files\McAfee\Agent\x86,1.0,,
6461,Copilot,144.0,Microsoft Corporation Inc.,Application,,C:\Program Files (x86)\Microsoft\EdgeWebView\Application\144.0.3719.93,3.0,,
6461,Copilot Update,1.3,Microsoft Corporation Inc.,Application,,C:\Program Files (x86)\Microsoft\EdgeUpdate,2.0,,
6461,Credential Dialog Host,10.0,Microsoft Corporation Inc.,Application,,C:\Windows\SystemApps\microsoft.creddialoghost_cw5n1h2txyewy,1.0,,
6461,CrowdStrike Device Control,7.29,CrowdStrike Inc.,Add/Remove Programs,"November 14, 2025 12:00:00 AM",,,,
6461,CrowdStrike Device Control Support Tool,7.29,CrowdStrike Inc.,Application,,C:\Program Files\CrowdStrike,1.0,,
6461,CrowdStrike Falcon Connector,7.32,CrowdStrike Inc.,Application,,C:\Program Files\CrowdStrike,1.0,,
6461,CrowdStrike Falcon Sensor,7.32,CrowdStrike Inc.,Application,,C:\Program Files\CrowdStrike,1.0,,
6461,CrowdStrike Falcon Sensor Controller,7.32,CrowdStrike Inc.,Application,,C:\Program Files\CrowdStrike,1.0,,
6461,CrowdStrike Falcon Sensor Service,7.32,CrowdStrike Inc.,Application,,C:\Program Files\CrowdStrike,1.0,,
6461,CrowdStrike Falcon Sensor Servlet Container,7.32,CrowdStrike Inc.,Application,,C:\Program Files\CrowdStrike,1.0,,
6461,CrowdStrike Falcon Sensor Settings Tool,7.32,CrowdStrike Inc.,Application,,C:\Program Files\CrowdStrike,1.0,,
6461,CrowdStrike Falcon Sensor System Tray Application,7.32,CrowdStrike Inc.,Application,,C:\Program Files\CrowdStrike,2.0,,
6461,CrowdStrike Firmware Analysis,7.14,CrowdStrike Inc.,Add/Remove Programs,"July 24, 2025 12:00:00 AM",,,,
6461,CrowdStrike Firmware Analysis Support Tool,7.14,CrowdStrike Inc.,Application,,C:\Program Files\CrowdStrike,1.0,,
6461,CrowdStrike On-Demand Scan Command-line Tool,7.32,CrowdStrike Inc.,Application,,C:\Program Files\CrowdStrike,1.0,,
6461,CrowdStrike On-Demand Scan Tool,7.32,CrowdStrike Inc.,Application,,C:\Program Files\CrowdStrike,1.0,,
16865,.NET Runtime Optimization Service,4.8,Microsoft Corporation Inc.,Application,,C:\Windows\Microsoft.NET\Framework64\v4.0.30319,2.0,,
16865,64Bit MAPI Mail Agent,1.0,Foxit Software Inc.,Application,,C:\Program Files (x86)\Foxit Software\Foxit PDF Reader,1.0,,
16865,7-Zip 24.09 (x64),24.09,Igor Pavlov,Add/Remove Programs,,C:\Program Files\7-Zip\,,,
16865,7-Zip Console,24.09,Igor Pavlov,Application,,C:\Program Files\7-Zip,1.0,,
16865,7-Zip File Manager,24.09,Igor Pavlov,Application,,C:\Program Files\7-Zip,1.0,,
16865,7-Zip GUI,24.09,Igor Pavlov,Application,,C:\Program Files\7-Zip,1.0,,
16865,Accounts Control Host,10.0,Microsoft Corporation Inc.,Application,,C:\Windows\SystemApps\Microsoft.AccountsControl_cw5n1h2txyewy,1.0,,
16865,AddSuggestedFoldersToLibraryDialog,10.0,Microsoft Corporation Inc.,Application,,C:\Windows\SystemApps\Microsoft.Windows.AddSuggestedFoldersToLibraryDialog_cw5n1h2txyewy,1.0,,
16865,Antimalware Core Service,4.18,Microsoft Corporation Inc.,Application,,C:\Program Files\Windows Defender,1.0,,
16865,Antimalware Service Executable,4.18,Microsoft Corporation Inc.,Application,,C:\Program Files\Windows Defender,1.0,,
16865,AppResolverUX,10.0,Microsoft Corporation Inc.,Application,,C:\Windows\SystemApps\Microsoft.Windows.AppResolverUX_cw5n1h2txyewy,1.0,,
16865,AsyncTextService,10.0,Microsoft Corporation Inc.,Application,,C:\Windows\SystemApps\Microsoft.AsyncTextService_8wekyb3d8bbwe,1.0,,
16865,Biometric Enrollment Host,10.0,Microsoft Corporation Inc.,Application,,C:\Windows\SystemApps\Microsoft.BioEnrollment_cw5n1h2txyewy,1.0,,
16865,BMC Client Management Agent,24.1.01.240624,BMC Software Inc.,Application,,C:\Program Files\BMC Software\Client Management\Client\bin,1.0,,
16865,BMC Client Management Certificate Generator,24.1.01.240624,BMC Software Inc.,Application,,C:\Program Files\BMC Software\Client Management\Client\bin,1.0,,
16865,BMC Client Management Chilli Interpreter,24.1.01.240624,BMC Software Inc.,Application,,C:\Program Files\BMC Software\Client Management\Client\bin,1.0,,
16865,BMC Client Management Direct Access Proxy Agent,24.1.01.240624,BMC Software Inc.,Application,,C:\Program Files\BMC Software\Client Management\Client\bin,1.0,,
16865,BMC Client Management Opswat Proxy Agent,24.1.01.240624,BMC Software Inc.,Application,,C:\Program Files\BMC Software\Client Management\Client\bin,1.0,,
16865,BMC Client Management Package Viewer,24.1.01.240624,BMC Software Inc.,Application,,C:\Program Files\BMC Software\Client Management\Client\bin,1.0,,
16865,BMC Client Management Patch Broker,24.1.01.240624,BMC Software Inc.,Application,,C:\Program Files\BMC Software\Client Management\Client\bin,1.0,,
16865,BMC Client Management Proxy Agent,24.1.01.240624,BMC Software Inc.,Application,,C:\Program Files\BMC Software\Client Management\Client\bin,1.0,,
16865,BMC Client Management Remote Control proxy,24.1.01.240624,BMC Software Inc.,Application,,C:\Program Files\BMC Software\Client Management\Client\bin,1.0,,
16865,BMC Client Management SCAP,24.1.01.240624,BMC Software Inc.,Application,,C:\Program Files\BMC Software\Client Management\Client\bin,1.0,,
16865,BMC Client Management Video Proxy Agent,24.1.01.240624,BMC Software Inc.,Application,,C:\Program Files\BMC Software\Client Management\Client\bin,1.0,,
16865,Boot File Servicing Utility,10.0,Microsoft Corporation Inc.,Application,,C:\Windows,1.0,,
16865,Browser Protection Native Messaging Host,4.18,Microsoft Corporation Inc.,Application,,C:\Program Files\Windows Defender,1.0,,
16865,BrowserCore,10.0,Microsoft Corporation Inc.,Application,,C:\Windows\BrowserCore,1.0,,
16865,CameraBarcodeScannerPreview,10.0,Microsoft Corporation Inc.,Application,,C:\Windows\SystemApps\Windows.CBSPreview_cw5n1h2txyewy,1.0,,
16865,ChromeEnterpriseCompanion,143.0,Google LLC,Application,,C:\Windows\SystemTemp\scoped_dir3216_1129160459\scoped_dir3216_965586696,1.0,,
16865,CL5,9.6,Ivanti,Application,,C:\Program Files\BMC Software\Client Management\Client\data\PatchManagementPremium\workspace,1.0,,
16865,ClickOnce,4.8,Microsoft Corporation Inc.,Application,,C:\Windows\Microsoft.NET\Framework64\v4.0.30319,3.0,,
16865,Common User Interface,5.8,Musarubra US LLC.,Application,,C:\Program Files\McAfee\Agent\x86,1.0,,
16865,Credential Dialog Host,10.0,Microsoft Corporation Inc.,Application,,C:\Windows\SystemApps\microsoft.creddialoghost_cw5n1h2txyewy,1.0,,
16865,CrowdStrike Device Control,7.29,CrowdStrike Inc.,Add/Remove Programs,"November 14, 2025 12:00:00 AM",,,,
16865,CrowdStrike Device Control Support Tool,7.29,CrowdStrike Inc.,Application,,C:\Program Files\CrowdStrike,1.0,,
16865,CrowdStrike Falcon Connector,7.32,CrowdStrike Inc.,Application,,C:\Program Files\CrowdStrike,1.0,,
16865,CrowdStrike Falcon Sensor,7.32,CrowdStrike Inc.,Application,,C:\Program Files\CrowdStrike,1.0,,
16865,CrowdStrike Falcon Sensor Controller,7.32,CrowdStrike Inc.,Application,,C:\Program Files\CrowdStrike,1.0,,
16865,CrowdStrike Falcon Sensor Service,7.32,CrowdStrike Inc.,Application,,C:\Program Files\CrowdStrike,1.0,,
16865,CrowdStrike Falcon Sensor Servlet Container,7.32,CrowdStrike Inc.,Application,,C:\Program Files\CrowdStrike,1.0,,
16865,CrowdStrike Falcon Sensor Settings Tool,7.32,CrowdStrike Inc.,Application,,C:\Program Files\CrowdStrike,1.0,,
16865,CrowdStrike Falcon Sensor System Tray Application,7.32,CrowdStrike Inc.,Application,,C:\Program Files\CrowdStrike,2.0,,
16865,CrowdStrike Firmware Analysis,7.14,CrowdStrike Inc.,Add/Remove Programs,"August 28, 2025 12:00:00 AM",,,,
16865,CrowdStrike Firmware Analysis Support Tool,7.14,CrowdStrike Inc.,Application,,C:\Program Files\CrowdStrike,1.0,,
16865,CrowdStrike On-Demand Scan Command-line Tool,7.32,CrowdStrike Inc.,Application,,C:\Program Files\CrowdStrike,1.0,,
16865,CrowdStrike On-Demand Scan Tool,7.32,CrowdStrike Inc.,Application,,C:\Program Files\CrowdStrike,1.0,,
16865,CrowdStrike Sensor Platform,7.32,CrowdStrike Inc.,Add/Remove Programs,"January 14, 2026 12:00:00 AM",,,,
16865,CrowdStrike Windows Sensor,7.32,CrowdStrike Inc.,Add/Remove Programs,"January 14, 2026 12:00:00 AM",,,,
16865,CxAudioSvc,1.0,Conexant Systems LLC.,Application,,C:\Windows\CxSvc,1.0,,
16865,EC App,10.0,Microsoft Corporation Inc.,Application,,C:\Windows\SystemApps\Microsoft.ECApp_8wekyb3d8bbwe,1.0,,
14330,.NET Runtime Optimization Service,4.8,Microsoft Corporation Inc.,Application,,C:\Windows\Microsoft.NET\Framework64\v4.0.30319,2.0,,
14330,64Bit MAPI Mail Agent,1.0,Foxit Software Inc.,Application,,C:\Program Files (x86)\Foxit Software\Foxit Reader,1.0,,
14330,7-Zip 22.00 (x64),22.0,Igor Pavlov,Add/Remove Programs,,C:\Program Files\7-Zip\,,,
14330,7-Zip Console,22.0,Igor Pavlov,Application,,C:\Program Files\7-Zip,1.0,,
14330,7-Zip File Manager,22.0,Igor Pavlov,Application,,C:\Program Files\7-Zip,1.0,,
14330,7-Zip GUI,22.0,Igor Pavlov,Application,,C:\Program Files\7-Zip,1.0,,
14330,7-Zip Standalone Console,19.0,Igor Pavlov,Application,,C:\Program Files (x86)\HP\HP Support Framework\Resources\HPUpdate,1.0,,
14330,AAD token broker plugin,10.0,Microsoft Corporation Inc.,Application,,C:\Windows\SystemApps\Microsoft.AAD.BrokerPlugin_cw5n1h2txyewy,1.0,,
14330,Accounts Control Host,10.0,Microsoft Corporation Inc.,Application,,C:\Windows\SystemApps\Microsoft.AccountsControl_cw5n1h2txyewy,1.0,,
14330,Adds HP\Consent Manager Launcher to Task Scheduler,2.19,HP Inc.,Application,,C:\Program Files\HP\Consent Manager,1.0,,
14330,AddSuggestedFoldersToLibraryDialog,10.0,Microsoft Corporation Inc.,Application,,C:\Windows\SystemApps\Microsoft.Windows.AddSuggestedFoldersToLibraryDialog_cw5n1h2txyewy,1.0,,
14330,Antimalware Service Executable,4.18,Microsoft Corporation Inc.,Application,,C:\Program Files\Windows Defender,1.0,,
14330,AppResolverUX,10.0,Microsoft Corporation Inc.,Application,,C:\Windows\SystemApps\Microsoft.Windows.AppResolverUX_cw5n1h2txyewy,1.0,,
14330,AsyncTextService,10.0,Microsoft Corporation Inc.,Application,,C:\Windows\SystemApps\Microsoft.AsyncTextService_8wekyb3d8bbwe,1.0,,
14330,BingPopup,4.0,HP Inc.,Application,,C:\Program Files (x86)\HP\HP Support Framework\Resources\BingPopup,1.0,,
14330,Biometric Enrollment Host,10.0,Microsoft Corporation Inc.,Application,,C:\Windows\SystemApps\Microsoft.BioEnrollment_cw5n1h2txyewy,1.0,,
14330,BMC Client Management Agent,24.1.01.240624,BMC Software Inc.,Application,,C:\Program Files\BMC Software\Client Management\Client\bin,1.0,,
14330,BMC Client Management Certificate Generator,24.1.01.240624,BMC Software Inc.,Application,,C:\Program Files\BMC Software\Client Management\Client\bin,1.0,,
14330,BMC Client Management Chilli Interpreter,24.1.01.240624,BMC Software Inc.,Application,,C:\Program Files\BMC Software\Client Management\Client\bin,1.0,,
14330,BMC Client Management Direct Access Proxy Agent,24.1.01.240624,BMC Software Inc.,Application,,C:\Program Files\BMC Software\Client Management\Client\bin,1.0,,
14330,BMC Client Management Opswat Proxy Agent,24.1.01.240624,BMC Software Inc.,Application,,C:\Program Files\BMC Software\Client Management\Client\bin,1.0,,
14330,BMC Client Management Package Viewer,24.1.01.240624,BMC Software Inc.,Application,,C:\Program Files\BMC Software\Client Management\Client\bin,1.0,,
14330,BMC Client Management Patch Broker,24.1.01.240624,BMC Software Inc.,Application,,C:\Program Files\BMC Software\Client Management\Client\bin,1.0,,
14330,BMC Client Management Proxy Agent,24.1.01.240624,BMC Software Inc.,Application,,C:\Program Files\BMC Software\Client Management\Client\bin,1.0,,
14330,BMC Client Management Remote Control proxy,24.1.01.240624,BMC Software Inc.,Application,,C:\Program Files\BMC Software\Client Management\Client\bin,1.0,,
14330,BMC Client Management SCAP,24.1.01.240624,BMC Software Inc.,Application,,C:\Program Files\BMC Software\Client Management\Client\bin,1.0,,
14330,BMC Client Management Video Proxy Agent,24.1.01.240624,BMC Software Inc.,Application,,C:\Program Files\BMC Software\Client Management\Client\bin,1.0,,
14330,Boot File Servicing Utility,10.0,Microsoft Corporation Inc.,Application,,C:\Windows,1.0,,
14330,BrowserCore,10.0,Microsoft Corporation Inc.,Application,,C:\Windows\BrowserCore,1.0,,
14330,Calling App to host call progress on shell,10.0,Microsoft Corporation Inc.,Application,,C:\Windows\SystemApps\Microsoft.Windows.CallingShellApp_cw5n1h2txyewy,1.0,,
14330,CameraBarcodeScannerPreview,10.0,Microsoft Corporation Inc.,Application,,C:\Windows\SystemApps\Windows.CBSPreview_cw5n1h2txyewy,1.0,,
14330,CL5,9.6,Ivanti,Application,,C:\Program Files\BMC Software\Client Management\Client\data\PatchManagementPremium\workspace,6.0,,
14330,ClickOnce,4.8,Microsoft Corporation Inc.,Application,,C:\Windows\Microsoft.NET\Framework64\v4.0.30319,3.0,,
14330,Common User Interface,5.8,Musarubra US LLC.,Application,,C:\Program Files\McAfee\Agent\x86,1.0,,
14330,Credential Dialog Host,10.0,Microsoft Corporation Inc.,Application,,C:\Windows\SystemApps\microsoft.creddialoghost_cw5n1h2txyewy,1.0,,
14330,CrowdStrike Device Control,7.29,CrowdStrike Inc.,Add/Remove Programs,"November 14, 2025 12:00:00 AM",,,,
14330,CrowdStrike Device Control Support Tool,7.29,CrowdStrike Inc.,Application,,C:\Program Files\CrowdStrike,1.0,,
14330,CrowdStrike Falcon Connector,7.32,CrowdStrike Inc.,Application,,C:\Program Files\CrowdStrike,1.0,,
14330,CrowdStrike Falcon Sensor,7.32,CrowdStrike Inc.,Application,,C:\Program Files\CrowdStrike,1.0,,
14330,CrowdStrike Falcon Sensor Controller,7.32,CrowdStrike Inc.,Application,,C:\Program Files\CrowdStrike,1.0,,
14330,CrowdStrike Falcon Sensor Service,7.32,CrowdStrike Inc.,Application,,C:\Program Files\CrowdStrike,1.0,,
14330,CrowdStrike Falcon Sensor Servlet Container,7.32,CrowdStrike Inc.,Application,,C:\Program Files\CrowdStrike,1.0,,
14330,CrowdStrike Falcon Sensor Settings Tool,7.32,CrowdStrike Inc.,Application,,C:\Program Files\CrowdStrike,1.0,,
14330,CrowdStrike Falcon Sensor System Tray Application,7.32,CrowdStrike Inc.,Application,,C:\Program Files\CrowdStrike,2.0,,
14330,CrowdStrike Firmware Analysis,7.14,CrowdStrike Inc.,Add/Remove Programs,"April 17, 2025 12:00:00 AM",,,,
14330,CrowdStrike Firmware Analysis Support Tool,7.14,CrowdStrike Inc.,Application,,C:\Program Files\CrowdStrike,1.0,,
14330,CrowdStrike On-Demand Scan Command-line Tool,7.32,CrowdStrike Inc.,Application,,C:\Program Files\CrowdStrike,1.0,,
14330,CrowdStrike On-Demand Scan Tool,7.32,CrowdStrike Inc.,Application,,C:\Program Files\CrowdStrike,1.0,,
14330,CrowdStrike Sensor Platform,7.32,CrowdStrike Inc.,Add/Remove Programs,"January 14, 2026 12:00:00 AM",,,,
14330,CrowdStrike Windows Sensor,7.32,CrowdStrike Inc.,Add/Remove Programs,"January 14, 2026 12:00:00 AM",,,,
6432,.NET Runtime Optimization Service,4.8,Microsoft Corporation Inc.,Application,,C:\Windows\Microsoft.NET\Framework64\v4.0.30319,2.0,,
6432,64Bit MAPI Mail Agent,1.0,Foxit Software Inc.,Application,,C:\Program Files (x86)\Foxit Software\Foxit PDF Reader,1.0,,
6432,7-Zip 24.08 (x64 edition),24.08,Igor Pavlov,Add/Remove Programs,"November 26, 2024 12:00:00 AM",,,,
6432,7-Zip Console,24.08,Igor Pavlov,Application,,C:\Program Files\7-Zip,1.0,,
6432,7-Zip File Manager,24.08,Igor Pavlov,Application,,C:\Program Files\7-Zip,1.0,,
6432,7-Zip GUI,24.08,Igor Pavlov,Application,,C:\Program Files\7-Zip,1.0,,
6432,AAD token broker plugin,10.0,Microsoft Corporation Inc.,Application,,C:\Windows\SystemApps\Microsoft.AAD.BrokerPlugin_cw5n1h2txyewy,1.0,,
6432,Accounts Control Host,10.0,Microsoft Corporation Inc.,Application,,C:\Windows\SystemApps\Microsoft.AccountsControl_cw5n1h2txyewy,1.0,,
6432,AddSuggestedFoldersToLibraryDialog,10.0,Microsoft Corporation Inc.,Application,,C:\Windows\SystemApps\Microsoft.Windows.AddSuggestedFoldersToLibraryDialog_cw5n1h2txyewy,1.0,,
6432,Antimalware Service Executable,4.18,Microsoft Corporation Inc.,Application,,C:\Program Files\Windows Defender,1.0,,
6432,AppResolverUX,10.0,Microsoft Corporation Inc.,Application,,C:\Windows\SystemApps\Microsoft.Windows.AppResolverUX_cw5n1h2txyewy,1.0,,
6432,AsyncTextService,10.0,Microsoft Corporation Inc.,Application,,C:\Windows\SystemApps\Microsoft.AsyncTextService_8wekyb3d8bbwe,1.0,,
6432,Biometric Enrollment Host,10.0,Microsoft Corporation Inc.,Application,,C:\Windows\SystemApps\Microsoft.BioEnrollment_cw5n1h2txyewy,1.0,,
6432,BMC Client Management Agent,24.1.01.240624,BMC Software Inc.,Application,,C:\Program Files\BMC Software\Client Management\Client\bin,1.0,,
6432,BMC Client Management Certificate Generator,24.1.01.240624,BMC Software Inc.,Application,,C:\Program Files\BMC Software\Client Management\Client\bin,1.0,,
6432,BMC Client Management Chilli Interpreter,24.1.01.240624,BMC Software Inc.,Application,,C:\Program Files\BMC Software\Client Management\Client\bin,1.0,,
6432,BMC Client Management Direct Access Proxy Agent,24.1.01.240624,BMC Software Inc.,Application,,C:\Program Files\BMC Software\Client Management\Client\bin,1.0,,
6432,BMC Client Management Opswat Proxy Agent,24.1.01.240624,BMC Software Inc.,Application,,C:\Program Files\BMC Software\Client Management\Client\bin,1.0,,
6432,BMC Client Management Package Viewer,24.1.01.240624,BMC Software Inc.,Application,,C:\Program Files\BMC Software\Client Management\Client\bin,1.0,,
6432,BMC Client Management Patch Broker,24.1.01.240624,BMC Software Inc.,Application,,C:\Program Files\BMC Software\Client Management\Client\bin,1.0,,
6432,BMC Client Management Proxy Agent,24.1.01.240624,BMC Software Inc.,Application,,C:\Program Files\BMC Software\Client Management\Client\bin,1.0,,
6432,BMC Client Management Remote Control proxy,24.1.01.240624,BMC Software Inc.,Application,,C:\Program Files\BMC Software\Client Management\Client\bin,1.0,,
6432,BMC Client Management SCAP,24.1.01.240624,BMC Software Inc.,Application,,C:\Program Files\BMC Software\Client Management\Client\bin,1.0,,
6432,BMC Client Management Video Proxy Agent,24.1.01.240624,BMC Software Inc.,Application,,C:\Program Files\BMC Software\Client Management\Client\bin,1.0,,
6432,Boot File Servicing Utility,10.0,Microsoft Corporation Inc.,Application,,C:\Windows,1.0,,
6432,BrowserCore,10.0,Microsoft Corporation Inc.,Application,,C:\Windows\BrowserCore,1.0,,
6432,Calling App to host call progress on shell,10.0,Microsoft Corporation Inc.,Application,,C:\Windows\SystemApps\Microsoft.Windows.CallingShellApp_cw5n1h2txyewy,1.0,,
6432,CameraBarcodeScannerPreview,10.0,Microsoft Corporation Inc.,Application,,C:\Windows\SystemApps\Windows.CBSPreview_cw5n1h2txyewy,1.0,,
6432,ChromeEnterpriseCompanion,143.0,Google LLC,Application,,C:\Windows\SystemTemp\scoped_dir2344_922081755\scoped_dir2344_1899807281,1.0,,
6432,CL5,9.6,Ivanti,Application,,C:\Program Files\BMC Software\Client Management\Client\data\PatchManagementPremium\workspace,5.0,,
6432,ClickOnce,4.8,Microsoft Corporation Inc.,Application,,C:\Windows\Microsoft.NET\Framework64\v4.0.30319,3.0,,
6432,Common User Interface,5.8,Musarubra US LLC.,Application,,C:\Program Files\McAfee\Agent\x86,1.0,,
6432,Copilot Update,1.3,Microsoft Corporation Inc.,Application,,C:\Program Files (x86)\Microsoft\EdgeUpdate,2.0,,
6432,Credential Dialog Host,10.0,Microsoft Corporation Inc.,Application,,C:\Windows\SystemApps\microsoft.creddialoghost_cw5n1h2txyewy,1.0,,
6432,CrowdStrike Device Control,7.29,CrowdStrike Inc.,Add/Remove Programs,"November 14, 2025 12:00:00 AM",,,,
6432,CrowdStrike Device Control Support Tool,7.29,CrowdStrike Inc.,Application,,C:\Program Files\CrowdStrike,1.0,,
6432,CrowdStrike Falcon Connector,7.32,CrowdStrike Inc.,Application,,C:\Program Files\CrowdStrike,1.0,,
6432,CrowdStrike Falcon Sensor,7.32,CrowdStrike Inc.,Application,,C:\Program Files\CrowdStrike,1.0,,
6432,CrowdStrike Falcon Sensor Controller,7.32,CrowdStrike Inc.,Application,,C:\Program Files\CrowdStrike,1.0,,
6432,CrowdStrike Falcon Sensor Service,7.32,CrowdStrike Inc.,Application,,C:\Program Files\CrowdStrike,1.0,,
6432,CrowdStrike Falcon Sensor Servlet Container,7.32,CrowdStrike Inc.,Application,,C:\Program Files\CrowdStrike,1.0,,
6432,CrowdStrike Falcon Sensor Settings Tool,7.32,CrowdStrike Inc.,Application,,C:\Program Files\CrowdStrike,1.0,,
6432,CrowdStrike Falcon Sensor System Tray Application,7.32,CrowdStrike Inc.,Application,,C:\Program Files\CrowdStrike,2.0,,
6432,CrowdStrike Firmware Analysis,7.14,CrowdStrike Inc.,Add/Remove Programs,"June 18, 2025 12:00:00 AM",,,,
6432,CrowdStrike Firmware Analysis Support Tool,7.14,CrowdStrike Inc.,Application,,C:\Program Files\CrowdStrike,1.0,,
6432,CrowdStrike Forensic Data Collection Tool,1.0,CrowdStrike Inc.,Application,,C:,2.0,,
6432,CrowdStrike On-Demand Scan Command-line Tool,7.32,CrowdStrike Inc.,Application,,C:\Program Files\CrowdStrike,1.0,,
6432,CrowdStrike On-Demand Scan Tool,7.32,CrowdStrike Inc.,Application,,C:\Program Files\CrowdStrike,1.0,,
6432,CrowdStrike Sensor Platform,7.32,CrowdStrike Inc.,Add/Remove Programs,"January 14, 2026 12:00:00 AM",,,,
6432,CrowdStrike Windows Sensor,7.32,CrowdStrike Inc.,Add/Remove Programs,"January 14, 2026 12:00:00 AM",,,,
6442,.NET Runtime Optimization Service,4.8,Microsoft Corporation Inc.,Application,,C:\Windows\Microsoft.NET\Framework64\v4.0.30319,2.0,,
6442,64Bit MAPI Mail Agent,1.0,Foxit Software Inc.,Application,,C:\Program Files (x86)\Foxit Software\Foxit PDF Reader,1.0,,
6442,7-Zip 24.08 (x64 edition),24.08,Igor Pavlov,Add/Remove Programs,"November 29, 2024 12:00:00 AM",,,,
6442,7-Zip Console,24.08,Igor Pavlov,Application,,C:\Program Files\7-Zip,1.0,,
6442,7-Zip File Manager,24.08,Igor Pavlov,Application,,C:\Program Files\7-Zip,1.0,,
6442,7-Zip GUI,24.08,Igor Pavlov,Application,,C:\Program Files\7-Zip,1.0,,
6442,AAD token broker plugin,10.0,Microsoft Corporation Inc.,Application,,C:\Windows\SystemApps\Microsoft.AAD.BrokerPlugin_cw5n1h2txyewy,1.0,,
6442,Accounts Control Host,10.0,Microsoft Corporation Inc.,Application,,C:\Windows\SystemApps\Microsoft.AccountsControl_cw5n1h2txyewy,1.0,,
6442,AddSuggestedFoldersToLibraryDialog,10.0,Microsoft Corporation Inc.,Application,,C:\Windows\SystemApps\Microsoft.Windows.AddSuggestedFoldersToLibraryDialog_cw5n1h2txyewy,1.0,,
6442,Antimalware Service Executable,4.18,Microsoft Corporation Inc.,Application,,C:\Program Files\Windows Defender,1.0,,
6442,AppFollower,1.3,Conexant Systems Inc.,Application,,C:\Program Files\CONEXANT\Flow,1.0,,
6442,AppResolverUX,10.0,Microsoft Corporation Inc.,Application,,C:\Windows\SystemApps\Microsoft.Windows.AppResolverUX_cw5n1h2txyewy,1.0,,
6442,AsyncTextService,10.0,Microsoft Corporation Inc.,Application,,C:\Windows\SystemApps\Microsoft.AsyncTextService_8wekyb3d8bbwe,1.0,,
6442,Audio Control,4.0,Conexant Systems LLC.,Application,,C:\Program Files\CONEXANT\Install\Audio\SA3\SA3\Dyson,2.0,,
6442,Audio Controls Control Panel,4.0,Conexant Systems LLC.,Application,,C:\Program Files\CONEXANT\SA3\HP-NB-AIO,3.0,,
6442,Bang & Olufsen,4.0,Conexant Systems LLC.,Application,,C:\Program Files\CONEXANT\Install\Audio\SA3\SA3\BandO,2.0,,
6442,Biometric Enrollment Host,10.0,Microsoft Corporation Inc.,Application,,C:\Windows\SystemApps\Microsoft.BioEnrollment_cw5n1h2txyewy,1.0,,
6442,BMC Client Management Agent,24.1.01.240624,BMC Software Inc.,Application,,C:\Program Files\BMC Software\Client Management\Client\bin,1.0,,
6442,BMC Client Management Certificate Generator,24.1.01.240624,BMC Software Inc.,Application,,C:\Program Files\BMC Software\Client Management\Client\bin,1.0,,
6442,BMC Client Management Chilli Interpreter,24.1.01.240624,BMC Software Inc.,Application,,C:\Program Files\BMC Software\Client Management\Client\bin,1.0,,
6442,BMC Client Management Direct Access Proxy Agent,24.1.01.240624,BMC Software Inc.,Application,,C:\Program Files\BMC Software\Client Management\Client\bin,1.0,,
6442,BMC Client Management Opswat Proxy Agent,24.1.01.240624,BMC Software Inc.,Application,,C:\Program Files\BMC Software\Client Management\Client\bin,1.0,,
6442,BMC Client Management Package Viewer,24.1.01.240624,BMC Software Inc.,Application,,C:\Program Files\BMC Software\Client Management\Client\bin,1.0,,
6442,BMC Client Management Patch Broker,24.1.01.240624,BMC Software Inc.,Application,,C:\Program Files\BMC Software\Client Management\Client\bin,1.0,,
6442,BMC Client Management Proxy Agent,24.1.01.240624,BMC Software Inc.,Application,,C:\Program Files\BMC Software\Client Management\Client\bin,1.0,,
6442,BMC Client Management Remote Control proxy,24.1.01.240624,BMC Software Inc.,Application,,C:\Program Files\BMC Software\Client Management\Client\bin,1.0,,
6442,BMC Client Management SCAP,24.1.01.240624,BMC Software Inc.,Application,,C:\Program Files\BMC Software\Client Management\Client\bin,1.0,,
6442,BMC Client Management Video Proxy Agent,24.1.01.240624,BMC Software Inc.,Application,,C:\Program Files\BMC Software\Client Management\Client\bin,1.0,,
6442,Boot File Servicing Utility,10.0,Microsoft Corporation Inc.,Application,,C:\Windows,1.0,,
6442,Boot Sector Manipulation Tool,10.0,Microsoft Corporation Inc.,Application,,D:\Win 11 no req\boot,1.0,,
6442,BrowserCore,10.0,Microsoft Corporation Inc.,Application,,C:\Windows\BrowserCore,1.0,,
6442,Calling App to host call progress on shell,10.0,Microsoft Corporation Inc.,Application,,C:\Windows\SystemApps\Microsoft.Windows.CallingShellApp_cw5n1h2txyewy,1.0,,
6442,CameraBarcodeScannerPreview,10.0,Microsoft Corporation Inc.,Application,,C:\Windows\SystemApps\Windows.CBSPreview_cw5n1h2txyewy,1.0,,
6442,ChromeEnterpriseCompanion,143.0,Google LLC,Application,,C:\Windows\SystemTemp\scoped_dir21620_1389889365\scoped_dir21620_1662452174,1.0,,
6442,CL5,9.6,Ivanti,Application,,C:\Program Files\BMC Software\Client Management\Client\data\PatchManagementPremium\workspace,3.0,,
6442,ClickOnce,4.8,Microsoft Corporation Inc.,Application,,C:\Windows\Microsoft.NET\Framework64\v4.0.30319,3.0,,
6442,CnxtNotify,1.0,Conexant Systems Inc.,Application,,C:\Program Files\CONEXANT\SA3\HP-NB-AIO,1.0,,
6442,Common User Interface,5.8,Musarubra US LLC.,Application,,C:\Program Files\McAfee\Agent\x86,1.0,,
6442,Copilot,144.0,Microsoft Corporation Inc.,Application,,C:\Program Files (x86)\Microsoft\EdgeWebView\Application\144.0.3719.93,5.0,,
6442,Copilot Update,1.3,Microsoft Corporation Inc.,Application,,C:\Program Files (x86)\Microsoft\EdgeUpdate,2.0,,
6442,Credential Dialog Host,10.0,Microsoft Corporation Inc.,Application,,C:\Windows\SystemApps\microsoft.creddialoghost_cw5n1h2txyewy,1.0,,
6442,CrowdStrike Device Control,7.29,CrowdStrike Inc.,Add/Remove Programs,"November 14, 2025 12:00:00 AM",,,,
6442,CrowdStrike Device Control Support Tool,7.29,CrowdStrike Inc.,Application,,C:\Program Files\CrowdStrike,1.0,,
6442,CrowdStrike Falcon Connector,7.32,CrowdStrike Inc.,Application,,C:\Program Files\CrowdStrike,1.0,,
6442,CrowdStrike Falcon Sensor,7.32,CrowdStrike Inc.,Application,,C:\Program Files\CrowdStrike,1.0,,
6442,CrowdStrike Falcon Sensor Controller,7.32,CrowdStrike Inc.,Application,,C:\Program Files\CrowdStrike,1.0,,
6442,CrowdStrike Falcon Sensor Service,7.32,CrowdStrike Inc.,Application,,C:\Program Files\CrowdStrike,1.0,,
6442,CrowdStrike Falcon Sensor Servlet Container,7.32,CrowdStrike Inc.,Application,,C:\Program Files\CrowdStrike,1.0,,
6442,CrowdStrike Falcon Sensor Settings Tool,7.32,CrowdStrike Inc.,Application,,C:\Program Files\CrowdStrike,1.0,,
6442,CrowdStrike Falcon Sensor System Tray Application,7.32,CrowdStrike Inc.,Application,,C:\Program Files\CrowdStrike,2.0,,
6448,.NET Runtime Optimization Service,4.8,Microsoft Corporation Inc.,Application,,C:\Windows\Microsoft.NET\Framework64\v4.0.30319,2.0,,
6448,64Bit MAPI Mail Agent,1.0,Foxit Software Inc.,Application,,C:\Program Files (x86)\Foxit Software\Foxit PDF Reader,1.0,,
6448,7-Zip 24.08 (x64 edition),24.08,Igor Pavlov,Add/Remove Programs,"November 28, 2024 12:00:00 AM",,,,
6448,7-Zip Console,24.08,Igor Pavlov,Application,,C:\Program Files\7-Zip,1.0,,
6448,7-Zip File Manager,24.08,Igor Pavlov,Application,,C:\Program Files\7-Zip,1.0,,
6448,7-Zip GUI,24.08,Igor Pavlov,Application,,C:\Program Files\7-Zip,1.0,,
6448,AAD token broker plugin,10.0,Microsoft Corporation Inc.,Application,,C:\Windows\SystemApps\Microsoft.AAD.BrokerPlugin_cw5n1h2txyewy,1.0,,
6448,Accounts Control Host,10.0,Microsoft Corporation Inc.,Application,,C:\Windows\SystemApps\Microsoft.AccountsControl_cw5n1h2txyewy,1.0,,
6448,AddSuggestedFoldersToLibraryDialog,10.0,Microsoft Corporation Inc.,Application,,C:\Windows\SystemApps\Microsoft.Windows.AddSuggestedFoldersToLibraryDialog_cw5n1h2txyewy,1.0,,
6448,Antimalware Service Executable,4.18,Microsoft Corporation Inc.,Application,,C:\Program Files\Windows Defender,1.0,,
6448,AppResolverUX,10.0,Microsoft Corporation Inc.,Application,,C:\Windows\SystemApps\Microsoft.Windows.AppResolverUX_cw5n1h2txyewy,1.0,,
6448,AsyncTextService,10.0,Microsoft Corporation Inc.,Application,,C:\Windows\SystemApps\Microsoft.AsyncTextService_8wekyb3d8bbwe,1.0,,
6448,Biometric Enrollment Host,10.0,Microsoft Corporation Inc.,Application,,C:\Windows\SystemApps\Microsoft.BioEnrollment_cw5n1h2txyewy,1.0,,
6448,BMC Client Management Agent,24.1.01.240624,BMC Software Inc.,Application,,C:\Program Files\BMC Software\Client Management\Client\bin,1.0,,
6448,BMC Client Management Certificate Generator,24.1.01.240624,BMC Software Inc.,Application,,C:\Program Files\BMC Software\Client Management\Client\bin,1.0,,
6448,BMC Client Management Chilli Interpreter,24.1.01.240624,BMC Software Inc.,Application,,C:\Program Files\BMC Software\Client Management\Client\bin,1.0,,
6448,BMC Client Management Direct Access Proxy Agent,24.1.01.240624,BMC Software Inc.,Application,,C:\Program Files\BMC Software\Client Management\Client\bin,1.0,,
6448,BMC Client Management Opswat Proxy Agent,24.1.01.240624,BMC Software Inc.,Application,,C:\Program Files\BMC Software\Client Management\Client\bin,1.0,,
6448,BMC Client Management Package Viewer,24.1.01.240624,BMC Software Inc.,Application,,C:\Program Files\BMC Software\Client Management\Client\bin,1.0,,
6448,BMC Client Management Patch Broker,24.1.01.240624,BMC Software Inc.,Application,,C:\Program Files\BMC Software\Client Management\Client\bin,1.0,,
6448,BMC Client Management Proxy Agent,24.1.01.240624,BMC Software Inc.,Application,,C:\Program Files\BMC Software\Client Management\Client\bin,1.0,,
6448,BMC Client Management Remote Control proxy,24.1.01.240624,BMC Software Inc.,Application,,C:\Program Files\BMC Software\Client Management\Client\bin,1.0,,
6448,BMC Client Management SCAP,24.1.01.240624,BMC Software Inc.,Application,,C:\Program Files\BMC Software\Client Management\Client\bin,1.0,,
6448,BMC Client Management Video Proxy Agent,24.1.01.240624,BMC Software Inc.,Application,,C:\Program Files\BMC Software\Client Management\Client\bin,1.0,,
6448,Boot File Servicing Utility,10.0,Microsoft Corporation Inc.,Application,,C:\Windows,1.0,,
6448,BrowserCore,10.0,Microsoft Corporation Inc.,Application,,C:\Windows\BrowserCore,1.0,,
6448,Calling App to host call progress on shell,10.0,Microsoft Corporation Inc.,Application,,C:\Windows\SystemApps\Microsoft.Windows.CallingShellApp_cw5n1h2txyewy,1.0,,
6448,CameraBarcodeScannerPreview,10.0,Microsoft Corporation Inc.,Application,,C:\Windows\SystemApps\Windows.CBSPreview_cw5n1h2txyewy,1.0,,
6448,ChromeEnterpriseCompanion,143.0,Google LLC,Application,,C:\Windows\SystemTemp\scoped_dir7128_179380845\scoped_dir7128_413438732,1.0,,
6448,CL5,9.6,Ivanti,Application,,C:\Program Files\BMC Software\Client Management\Client\data\PatchManagementPremium\workspace,5.0,,
6448,ClickOnce,4.8,Microsoft Corporation Inc.,Application,,C:\Windows\Microsoft.NET\Framework64\v4.0.30319,3.0,,
6448,Common User Interface,5.8,Musarubra US LLC.,Application,,C:\Program Files\McAfee\Agent\x86,1.0,,
6448,Credential Dialog Host,10.0,Microsoft Corporation Inc.,Application,,C:\Windows\SystemApps\microsoft.creddialoghost_cw5n1h2txyewy,1.0,,
6448,CrowdStrike Device Control,7.29,CrowdStrike Inc.,Add/Remove Programs,"November 14, 2025 12:00:00 AM",,,,
6448,CrowdStrike Device Control Support Tool,7.29,CrowdStrike Inc.,Application,,C:\Program Files\CrowdStrike,1.0,,
6448,CrowdStrike Falcon Connector,7.32,CrowdStrike Inc.,Application,,C:\Program Files\CrowdStrike,1.0,,
6448,CrowdStrike Falcon Sensor,7.32,CrowdStrike Inc.,Application,,C:\Program Files\CrowdStrike,1.0,,
6448,CrowdStrike Falcon Sensor Controller,7.32,CrowdStrike Inc.,Application,,C:\Program Files\CrowdStrike,1.0,,
6448,CrowdStrike Falcon Sensor Service,7.32,CrowdStrike Inc.,Application,,C:\Program Files\CrowdStrike,1.0,,
6448,CrowdStrike Falcon Sensor Servlet Container,7.32,CrowdStrike Inc.,Application,,C:\Program Files\CrowdStrike,1.0,,
6448,CrowdStrike Falcon Sensor Settings Tool,7.32,CrowdStrike Inc.,Application,,C:\Program Files\CrowdStrike,1.0,,
6448,CrowdStrike Falcon Sensor System Tray Application,7.32,CrowdStrike Inc.,Application,,C:\Program Files\CrowdStrike,2.0,,
6448,CrowdStrike Firmware Analysis,7.14,CrowdStrike Inc.,Add/Remove Programs,"November 21, 2024 12:00:00 AM",,,,
6448,CrowdStrike Firmware Analysis Support Tool,7.14,CrowdStrike Inc.,Application,,C:\Program Files\CrowdStrike,1.0,,
6448,CrowdStrike Forensic Data Collection Tool,1.0,CrowdStrike Inc.,Application,,C:,2.0,,
6448,CrowdStrike On-Demand Scan Command-line Tool,7.32,CrowdStrike Inc.,Application,,C:\Program Files\CrowdStrike,1.0,,
6448,CrowdStrike On-Demand Scan Tool,7.32,CrowdStrike Inc.,Application,,C:\Program Files\CrowdStrike,1.0,,
6448,CrowdStrike Sensor Platform,7.32,CrowdStrike Inc.,Add/Remove Programs,"January 14, 2026 12:00:00 AM",,,,
6448,CrowdStrike Windows Sensor,7.17,CrowdStrike Inc.,Add/Remove Programs,"November 21, 2024 12:00:00 AM",,,,
6448,CrowdStrike Windows Sensor,7.32,CrowdStrike Inc.,Add/Remove Programs,"January 14, 2026 12:00:00 AM",,,,
6460,.NET Runtime Optimization Service,4.8,Microsoft Corporation Inc.,Application,,C:\Windows\Microsoft.NET\Framework64\v4.0.30319,2.0,,
6460,64Bit MAPI Mail Agent,1.0,Foxit Software Inc.,Application,,C:\Program Files (x86)\Foxit Software\Foxit PDF Reader,1.0,,
6460,7-Zip 23.01 (x64),23.01,Igor Pavlov,Add/Remove Programs,,C:\Program Files\7-Zip\,,,
6460,7-Zip Console,23.01,Igor Pavlov,Application,,C:\Program Files\7-Zip,1.0,,
6460,7-Zip File Manager,23.01,Igor Pavlov,Application,,C:\Program Files\7-Zip,1.0,,
6460,7-Zip GUI,23.01,Igor Pavlov,Application,,C:\Program Files\7-Zip,1.0,,
6460,Accounts Control Host,10.0,Microsoft Corporation Inc.,Application,,C:\Windows\SystemApps\Microsoft.AccountsControl_cw5n1h2txyewy,1.0,,
6460,AddSuggestedFoldersToLibraryDialog,10.0,Microsoft Corporation Inc.,Application,,C:\Windows\SystemApps\Microsoft.Windows.AddSuggestedFoldersToLibraryDialog_cw5n1h2txyewy,1.0,,
6460,Antimalware Core Service,4.18,Microsoft Corporation Inc.,Application,,C:\Program Files\Windows Defender,1.0,,
6460,Antimalware Service Executable,4.18,Microsoft Corporation Inc.,Application,,C:\Program Files\Windows Defender,1.0,,
6460,AppFollower,1.3,Conexant Systems Inc.,Application,,C:\Program Files\CONEXANT\Flow,1.0,,
6460,AppResolverUX,10.0,Microsoft Corporation Inc.,Application,,C:\Windows\SystemApps\Microsoft.Windows.AppResolverUX_cw5n1h2txyewy,1.0,,
6460,AsyncTextService,10.0,Microsoft Corporation Inc.,Application,,C:\Windows\SystemApps\Microsoft.AsyncTextService_8wekyb3d8bbwe,1.0,,
6460,Audio Control,4.0,Conexant Systems LLC.,Application,,C:\Program Files\CONEXANT\Install\Audio\SA3\SA3\Dyson,2.0,,
6460,Audio Controls Control Panel,4.0,Conexant Systems LLC.,Application,,C:\Program Files\CONEXANT\SA3\HP-NB-AIO,3.0,,
6460,Bang & Olufsen,4.0,Conexant Systems LLC.,Application,,C:\Program Files\CONEXANT\Install\Audio\SA3\SA3\BandO,2.0,,
6460,Biometric Enrollment Host,10.0,Microsoft Corporation Inc.,Application,,C:\Windows\SystemApps\Microsoft.BioEnrollment_cw5n1h2txyewy,1.0,,
6460,BMC Client Management Agent,24.1.01.240624,BMC Software Inc.,Application,,C:\Program Files\BMC Software\Client Management\Client\bin,1.0,,
6460,BMC Client Management Certificate Generator,24.1.01.240624,BMC Software Inc.,Application,,C:\Program Files\BMC Software\Client Management\Client\bin,1.0,,
6460,BMC Client Management Chilli Interpreter,24.1.01.240624,BMC Software Inc.,Application,,C:\Program Files\BMC Software\Client Management\Client\bin,1.0,,
6460,BMC Client Management Direct Access Proxy Agent,24.1.01.240624,BMC Software Inc.,Application,,C:\Program Files\BMC Software\Client Management\Client\bin,1.0,,
6460,BMC Client Management Opswat Proxy Agent,24.1.01.240624,BMC Software Inc.,Application,,C:\Program Files\BMC Software\Client Management\Client\bin,1.0,,
6460,BMC Client Management Package Viewer,24.1.01.240624,BMC Software Inc.,Application,,C:\Program Files\BMC Software\Client Management\Client\bin,1.0,,
6460,BMC Client Management Patch Broker,24.1.01.240624,BMC Software Inc.,Application,,C:\Program Files\BMC Software\Client Management\Client\bin,1.0,,
6460,BMC Client Management Proxy Agent,24.1.01.240624,BMC Software Inc.,Application,,C:\Program Files\BMC Software\Client Management\Client\bin,1.0,,
6460,BMC Client Management Remote Control proxy,24.1.01.240624,BMC Software Inc.,Application,,C:\Program Files\BMC Software\Client Management\Client\bin,1.0,,
6460,BMC Client Management SCAP,24.1.01.240624,BMC Software Inc.,Application,,C:\Program Files\BMC Software\Client Management\Client\bin,1.0,,
6460,BMC Client Management Video Proxy Agent,24.1.01.240624,BMC Software Inc.,Application,,C:\Program Files\BMC Software\Client Management\Client\bin,1.0,,
6460,Boot File Servicing Utility,10.0,Microsoft Corporation Inc.,Application,,C:\Windows,1.0,,
6460,Boot Sector Manipulation Tool,10.0,Microsoft Corporation Inc.,Application,,D:\Win 11 no req\boot,1.0,,
6460,Browser Protection Native Messaging Host,4.18,Microsoft Corporation Inc.,Application,,C:\Program Files\Windows Defender,1.0,,
6460,BrowserCore,10.0,Microsoft Corporation Inc.,Application,,C:\Windows\BrowserCore,1.0,,
6460,Build20200511,2.0,Hikvision,Application,,C:\Program Files (x86)\iVMS-4200 Site\iVMS-4200 Client\Client,1.0,,
6460,Build20230908,3.0,Hikvision,Application,,C:\Program Files (x86)\iVMS-4200 Site\iVMS-4200 Client\Client,1.0,,
6460,CameraBarcodeScannerPreview,10.0,Microsoft Corporation Inc.,Application,,C:\Windows\SystemApps\Windows.CBSPreview_cw5n1h2txyewy,1.0,,
6460,CL5,9.6,Ivanti,Application,,C:\Program Files\BMC Software\Client Management\Client\data\PatchManagementPremium\workspace,1.0,,
6460,ClickOnce,4.8,Microsoft Corporation Inc.,Application,,C:\Windows\Microsoft.NET\Framework64\v4.0.30319,3.0,,
6460,CnxtNotify,1.0,Conexant Systems Inc.,Application,,C:\Program Files\CONEXANT\SA3\HP-NB-AIO,1.0,,
6460,Common User Interface,5.8,Musarubra US LLC.,Application,,C:\Program Files\McAfee\Agent\x86,1.0,,
6460,ConfigBrowserEdge,1.0,,Application,,C:\Program Files (x86)\iVMS-4200 Site\iVMS-4200 Client\Client,1.0,,
6460,Copilot,144.0,Microsoft Corporation Inc.,Application,,C:\Program Files (x86)\Microsoft\EdgeWebView\Application\144.0.3719.115,3.0,,
6460,Copilot Update,1.3,Microsoft Corporation Inc.,Application,,C:\Program Files (x86)\Microsoft\EdgeUpdate,2.0,,
6460,Create a self-signed digital certificate,15.0,Microsoft Corporation Inc.,Application,,C:\Program Files\Microsoft Office\Office15,1.0,,
6460,Credential Dialog Host,10.0,Microsoft Corporation Inc.,Application,,C:\Windows\SystemApps\microsoft.creddialoghost_cw5n1h2txyewy,1.0,,
6460,CrowdStrike Device Control,7.29,CrowdStrike Inc.,Add/Remove Programs,"November 14, 2025 12:00:00 AM",,,,
6460,CrowdStrike Device Control Support Tool,7.29,CrowdStrike Inc.,Application,,C:\Program Files\CrowdStrike,1.0,,
6460,CrowdStrike Falcon Connector,7.32,CrowdStrike Inc.,Application,,C:\Program Files\CrowdStrike,1.0,,
6460,CrowdStrike Falcon Sensor,7.32,CrowdStrike Inc.,Application,,C:\Program Files\CrowdStrike,1.0,,
6460,CrowdStrike Falcon Sensor Controller,7.32,CrowdStrike Inc.,Application,,C:\Program Files\CrowdStrike,1.0,,
6460,CrowdStrike Falcon Sensor Service,7.32,CrowdStrike Inc.,Application,,C:\Program Files\CrowdStrike,1.0,,
17767,.NET Runtime Optimization Service,4.8,Microsoft Corporation Inc.,Application,,C:\Windows\Microsoft.NET\Framework64\v4.0.30319,2.0,,
17767,64Bit MAPI Mail Agent,1.0,Foxit Software Inc.,Application,,C:\Program Files (x86)\Foxit Software\Foxit PDF Reader,1.0,,
17767,7-Zip 24.08 (x64),24.08,Igor Pavlov,Add/Remove Programs,,C:\Program Files\7-Zip\,,,
17767,7-Zip Console,24.08,Igor Pavlov,Application,,C:\Program Files\7-Zip,1.0,,
17767,7-Zip File Manager,24.08,Igor Pavlov,Application,,C:\Program Files\7-Zip,1.0,,
17767,7-Zip GUI,24.08,Igor Pavlov,Application,,C:\Program Files\7-Zip,1.0,,
17767,Accounts Control Host,10.0,Microsoft Corporation Inc.,Application,,C:\Windows\SystemApps\Microsoft.AccountsControl_cw5n1h2txyewy,1.0,,
17767,AddSuggestedFoldersToLibraryDialog,10.0,Microsoft Corporation Inc.,Application,,C:\Windows\SystemApps\Microsoft.Windows.AddSuggestedFoldersToLibraryDialog_cw5n1h2txyewy,1.0,,
17767,Antimalware Core Service,4.18,Microsoft Corporation Inc.,Application,,C:\Program Files\Windows Defender,1.0,,
17767,Antimalware Service Executable,4.18,Microsoft Corporation Inc.,Application,,C:\Program Files\Windows Defender,1.0,,
17767,AppResolverUX,10.0,Microsoft Corporation Inc.,Application,,C:\Windows\SystemApps\Microsoft.Windows.AppResolverUX_cw5n1h2txyewy,1.0,,
17767,AsyncTextService,10.0,Microsoft Corporation Inc.,Application,,C:\Windows\SystemApps\Microsoft.AsyncTextService_8wekyb3d8bbwe,1.0,,
17767,Biometric Enrollment Host,10.0,Microsoft Corporation Inc.,Application,,C:\Windows\SystemApps\Microsoft.BioEnrollment_cw5n1h2txyewy,1.0,,
17767,BMC Client Management Agent,24.1.01.240624,BMC Software Inc.,Application,,C:\Program Files\BMC Software\Client Management\Client\bin,1.0,,
17767,BMC Client Management Certificate Generator,24.1.01.240624,BMC Software Inc.,Application,,C:\Program Files\BMC Software\Client Management\Client\bin,1.0,,
17767,BMC Client Management Chilli Interpreter,24.1.01.240624,BMC Software Inc.,Application,,C:\Program Files\BMC Software\Client Management\Client\bin,1.0,,
17767,BMC Client Management Direct Access Proxy Agent,24.1.01.240624,BMC Software Inc.,Application,,C:\Program Files\BMC Software\Client Management\Client\bin,1.0,,
17767,BMC Client Management Opswat Proxy Agent,24.1.01.240624,BMC Software Inc.,Application,,C:\Program Files\BMC Software\Client Management\Client\bin,1.0,,
17767,BMC Client Management Package Viewer,24.1.01.240624,BMC Software Inc.,Application,,C:\Program Files\BMC Software\Client Management\Client\bin,1.0,,
17767,BMC Client Management Patch Broker,24.1.01.240624,BMC Software Inc.,Application,,C:\Program Files\BMC Software\Client Management\Client\bin,1.0,,
17767,BMC Client Management Proxy Agent,24.1.01.240624,BMC Software Inc.,Application,,C:\Program Files\BMC Software\Client Management\Client\bin,1.0,,
17767,BMC Client Management Remote Control proxy,24.1.01.240624,BMC Software Inc.,Application,,C:\Program Files\BMC Software\Client Management\Client\bin,1.0,,
17767,BMC Client Management SCAP,24.1.01.240624,BMC Software Inc.,Application,,C:\Program Files\BMC Software\Client Management\Client\bin,1.0,,
17767,BMC Client Management SFX,24.1.01.240624,BMC Software Inc.,Application,,D:,1.0,,
17767,BMC Client Management Video Proxy Agent,24.1.01.240624,BMC Software Inc.,Application,,C:\Program Files\BMC Software\Client Management\Client\bin,1.0,,
17767,Boot File Servicing Utility,10.0,Microsoft Corporation Inc.,Application,,C:\Windows,1.0,,
17767,Browser Protection Native Messaging Host,4.18,Microsoft Corporation Inc.,Application,,C:\Program Files\Windows Defender,1.0,,
17767,BrowserCore,10.0,Microsoft Corporation Inc.,Application,,C:\Windows\BrowserCore,1.0,,
17767,CameraBarcodeScannerPreview,10.0,Microsoft Corporation Inc.,Application,,C:\Windows\SystemApps\Windows.CBSPreview_cw5n1h2txyewy,1.0,,
17767,CL5,9.6,Ivanti,Application,,C:\Program Files\BMC Software\Client Management\Client\data\PatchManagementPremium\workspace,1.0,,
17767,ClickOnce,4.8,Microsoft Corporation Inc.,Application,,C:\Windows\Microsoft.NET\Framework64\v4.0.30319,3.0,,
17767,Common User Interface,5.8,Musarubra US LLC.,Application,,C:\Program Files\McAfee\Agent\x86,1.0,,
17767,Copilot,143.0,Microsoft Corporation Inc.,Application,,C:\Program Files (x86)\Microsoft\EdgeWebView\Application\143.0.3650.96,4.0,,
17767,Copilot Update,1.3,Microsoft Corporation Inc.,Application,,C:\Program Files (x86)\Microsoft\EdgeUpdate,2.0,,
17767,Credential Dialog Host,10.0,Microsoft Corporation Inc.,Application,,C:\Windows\SystemApps\microsoft.creddialoghost_cw5n1h2txyewy,1.0,,
17767,CrowdStrike Device Control,7.29,CrowdStrike Inc.,Add/Remove Programs,"November 25, 2025 12:00:00 AM",,,,
17767,CrowdStrike Device Control Support Tool,7.29,CrowdStrike Inc.,Application,,C:\Program Files\CrowdStrike,1.0,,
17767,CrowdStrike Falcon Connector,7.32,CrowdStrike Inc.,Application,,C:\Program Files\CrowdStrike,1.0,,
17767,CrowdStrike Falcon Sensor,7.32,CrowdStrike Inc.,Application,,C:\Program Files\CrowdStrike,1.0,,
17767,CrowdStrike Falcon Sensor Controller,7.32,CrowdStrike Inc.,Application,,C:\Program Files\CrowdStrike,1.0,,
17767,CrowdStrike Falcon Sensor Service,7.32,CrowdStrike Inc.,Application,,C:\Program Files\CrowdStrike,1.0,,
17767,CrowdStrike Falcon Sensor Servlet Container,7.32,CrowdStrike Inc.,Application,,C:\Program Files\CrowdStrike,1.0,,
17767,CrowdStrike Falcon Sensor Settings Tool,7.32,CrowdStrike Inc.,Application,,C:\Program Files\CrowdStrike,1.0,,
17767,CrowdStrike Falcon Sensor System Tray Application,7.32,CrowdStrike Inc.,Application,,C:\Program Files\CrowdStrike,2.0,,
17767,CrowdStrike Firmware Analysis,7.14,CrowdStrike Inc.,Add/Remove Programs,"November 25, 2025 12:00:00 AM",,,,
17767,CrowdStrike Firmware Analysis Support Tool,7.14,CrowdStrike Inc.,Application,,C:\Program Files\CrowdStrike,1.0,,
17767,CrowdStrike On-Demand Scan Command-line Tool,7.32,CrowdStrike Inc.,Application,,C:\Program Files\CrowdStrike,1.0,,
17767,CrowdStrike On-Demand Scan Tool,7.32,CrowdStrike Inc.,Application,,C:\Program Files\CrowdStrike,1.0,,
17767,CrowdStrike Sensor Platform,7.32,CrowdStrike Inc.,Add/Remove Programs,"January 14, 2026 12:00:00 AM",,,,
17767,CrowdStrike Windows Sensor,7.32,CrowdStrike Inc.,Add/Remove Programs,"January 14, 2026 12:00:00 AM",,,,
17141,.NET Runtime Optimization Service,4.8,Microsoft Corporation Inc.,Application,,C:\Windows\Microsoft.NET\Framework64\v4.0.30319,2.0,,
17141,64Bit MAPI Mail Agent,1.0,Foxit Software Inc.,Application,,C:\Program Files (x86)\Foxit Software\Foxit PDF Reader,1.0,,
17141,7-Zip 23.01 (x64),23.01,Igor Pavlov,Add/Remove Programs,,C:\Program Files\7-Zip\,,,
17141,7-Zip Console,23.01,Igor Pavlov,Application,,C:\Program Files\7-Zip,1.0,,
17141,7-Zip File Manager,23.01,Igor Pavlov,Application,,C:\Program Files\7-Zip,1.0,,
17141,7-Zip GUI,23.01,Igor Pavlov,Application,,C:\Program Files\7-Zip,1.0,,
17141,Accounts Control Host,10.0,Microsoft Corporation Inc.,Application,,C:\Windows\SystemApps\Microsoft.AccountsControl_cw5n1h2txyewy,1.0,,
17141,AddSuggestedFoldersToLibraryDialog,10.0,Microsoft Corporation Inc.,Application,,C:\Windows\SystemApps\Microsoft.Windows.AddSuggestedFoldersToLibraryDialog_cw5n1h2txyewy,1.0,,
17141,Antimalware Core Service,4.18,Microsoft Corporation Inc.,Application,,C:\Program Files\Windows Defender,1.0,,
17141,AntiMalware Platform Update (amd64fre),4.18,Microsoft Corporation Inc.,Application,,C:\Windows\SystemTemp\EB48E20A-0490-4E23-BA9D-9DA4AC58125AMpCommU,1.0,,
17141,Antimalware Service Executable,4.18,Microsoft Corporation Inc.,Application,,C:\Program Files\Windows Defender,1.0,,
17141,AppFollower,1.3,Conexant Systems Inc.,Application,,C:\Program Files\CONEXANT\Flow,1.0,,
17141,AppResolverUX,10.0,Microsoft Corporation Inc.,Application,,C:\Windows\SystemApps\Microsoft.Windows.AppResolverUX_cw5n1h2txyewy,1.0,,
17141,AsyncTextService,10.0,Microsoft Corporation Inc.,Application,,C:\Windows\SystemApps\Microsoft.AsyncTextService_8wekyb3d8bbwe,1.0,,
17141,Audio Control,4.0,Conexant Systems LLC.,Application,,C:\Program Files\CONEXANT\Install\Audio\SA3\SA3\Dyson,2.0,,
17141,Audio Controls Control Panel,4.0,Conexant Systems LLC.,Application,,C:\Program Files\CONEXANT\SA3\HP-NB-AIO,3.0,,
17141,Bang & Olufsen,4.0,Conexant Systems LLC.,Application,,C:\Program Files\CONEXANT\Install\Audio\SA3\SA3\BandO,2.0,,
17141,Biometric Enrollment Host,10.0,Microsoft Corporation Inc.,Application,,C:\Windows\SystemApps\Microsoft.BioEnrollment_cw5n1h2txyewy,1.0,,
17141,BMC Client Management Agent,24.1.01.240624,BMC Software Inc.,Application,,C:\Program Files\BMC Software\Client Management\Client\bin,1.0,,
17141,BMC Client Management Certificate Generator,24.1.01.240624,BMC Software Inc.,Application,,C:\Program Files\BMC Software\Client Management\Client\bin,1.0,,
17141,BMC Client Management Chilli Interpreter,24.1.01.240624,BMC Software Inc.,Application,,C:\Program Files\BMC Software\Client Management\Client\bin,1.0,,
17141,BMC Client Management Direct Access Proxy Agent,24.1.01.240624,BMC Software Inc.,Application,,C:\Program Files\BMC Software\Client Management\Client\bin,1.0,,
17141,BMC Client Management Opswat Proxy Agent,24.1.01.240624,BMC Software Inc.,Application,,C:\Program Files\BMC Software\Client Management\Client\bin,1.0,,
17141,BMC Client Management Package Viewer,24.1.01.240624,BMC Software Inc.,Application,,C:\Program Files\BMC Software\Client Management\Client\bin,1.0,,
17141,BMC Client Management Patch Broker,24.1.01.240624,BMC Software Inc.,Application,,C:\Program Files\BMC Software\Client Management\Client\bin,1.0,,
17141,BMC Client Management Proxy Agent,24.1.01.240624,BMC Software Inc.,Application,,C:\Program Files\BMC Software\Client Management\Client\bin,1.0,,
17141,BMC Client Management Remote Control proxy,24.1.01.240624,BMC Software Inc.,Application,,C:\Program Files\BMC Software\Client Management\Client\bin,1.0,,
17141,BMC Client Management SCAP,24.1.01.240624,BMC Software Inc.,Application,,C:\Program Files\BMC Software\Client Management\Client\bin,1.0,,
17141,BMC Client Management Video Proxy Agent,24.1.01.240624,BMC Software Inc.,Application,,C:\Program Files\BMC Software\Client Management\Client\bin,1.0,,
17141,Boot File Servicing Utility,10.0,Microsoft Corporation Inc.,Application,,C:\Windows,1.0,,
17141,Boot Sector Manipulation Tool,10.0,Microsoft Corporation Inc.,Application,,D:\LAURETA\D\Win 11 no req\boot,1.0,,
17141,Browser Protection Native Messaging Host,4.18,Microsoft Corporation Inc.,Application,,C:\Program Files\Windows Defender,1.0,,
17141,BrowserCore,10.0,Microsoft Corporation Inc.,Application,,C:\Windows\BrowserCore,1.0,,
17141,CameraBarcodeScannerPreview,10.0,Microsoft Corporation Inc.,Application,,C:\Windows\SystemApps\Windows.CBSPreview_cw5n1h2txyewy,1.0,,
17141,CL5,9.6,Ivanti,Application,,C:\Program Files\BMC Software\Client Management\Client\data\PatchManagementPremium\workspace,3.0,,
17141,ClickOnce,4.8,Microsoft Corporation Inc.,Application,,C:\Windows\Microsoft.NET\Framework64\v4.0.30319,3.0,,
17141,CnxtNotify,1.0,Conexant Systems Inc.,Application,,C:\Program Files\CONEXANT\SA3\HP-NB-AIO,1.0,,
17141,Common User Interface,5.8,Musarubra US LLC.,Application,,C:\Program Files\McAfee\Agent\x86,1.0,,
17141,Credential Dialog Host,10.0,Microsoft Corporation Inc.,Application,,C:\Windows\SystemApps\microsoft.creddialoghost_cw5n1h2txyewy,1.0,,
17141,CrowdStrike Device Control,7.29,CrowdStrike Inc.,Add/Remove Programs,"November 14, 2025 12:00:00 AM",,,,
17141,CrowdStrike Device Control Support Tool,7.29,CrowdStrike Inc.,Application,,C:\Program Files\CrowdStrike,1.0,,
17141,CrowdStrike Falcon Connector,7.32,CrowdStrike Inc.,Application,,C:\Program Files\CrowdStrike,1.0,,
17141,CrowdStrike Falcon Sensor,7.32,CrowdStrike Inc.,Application,,C:\Program Files\CrowdStrike,1.0,,
17141,CrowdStrike Falcon Sensor Controller,7.32,CrowdStrike Inc.,Application,,C:\Program Files\CrowdStrike,1.0,,
17141,CrowdStrike Falcon Sensor Service,7.32,CrowdStrike Inc.,Application,,C:\Program Files\CrowdStrike,1.0,,
17141,CrowdStrike Falcon Sensor Servlet Container,7.32,CrowdStrike Inc.,Application,,C:\Program Files\CrowdStrike,1.0,,
17141,CrowdStrike Falcon Sensor Settings Tool,7.32,CrowdStrike Inc.,Application,,C:\Program Files\CrowdStrike,1.0,,
17141,CrowdStrike Falcon Sensor System Tray Application,7.32,CrowdStrike Inc.,Application,,C:\Program Files\CrowdStrike,2.0,,
17141,CrowdStrike Firmware Analysis,7.14,CrowdStrike Inc.,Add/Remove Programs,"August 30, 2025 12:00:00 AM",,,,
17141,CrowdStrike Firmware Analysis Support Tool,7.14,CrowdStrike Inc.,Application,,C:\Program Files\CrowdStrike,1.0,,
6456,.NET Framework,3.0,Microsoft Corporation Inc.,Application,,C:\Windows\Microsoft.NET\Framework64\v3.0\Windows Communication Foundation,2.0,,
6456,.NET Runtime Optimization Service,4.8,Microsoft Corporation Inc.,Application,,C:\Windows\Microsoft.NET\Framework64\v4.0.30319,2.0,,
6456,.NET Runtime Optimization Service,2.0,Microsoft Corporation Inc.,Application,,C:\Windows\Microsoft.NET\Framework64\v2.0.50727,2.0,,
6456,64Bit MAPI Mail Agent,1.0,Foxit Software Inc.,Application,,C:\Program Files (x86)\Foxit Software\Foxit Reader,1.0,,
6456,7-Zip 24.08 (x64 edition),24.08,Igor Pavlov,Add/Remove Programs,"November 26, 2024 12:00:00 AM",,,,
6456,7-Zip Console,24.08,Igor Pavlov,Application,,C:\Program Files\7-Zip,1.0,,
6456,7-Zip File Manager,24.08,Igor Pavlov,Application,,C:\Program Files\7-Zip,1.0,,
6456,7-Zip GUI,24.08,Igor Pavlov,Application,,C:\Program Files\7-Zip,1.0,,
6456,Accounts Control Host,10.0,Microsoft Corporation Inc.,Application,,C:\Windows\SystemApps\Microsoft.AccountsControl_cw5n1h2txyewy,1.0,,
6456,AddSuggestedFoldersToLibraryDialog,10.0,Microsoft Corporation Inc.,Application,,C:\Windows\SystemApps\Microsoft.Windows.AddSuggestedFoldersToLibraryDialog_cw5n1h2txyewy,1.0,,
6456,Antimalware Core Service,4.18,Microsoft Corporation Inc.,Application,,C:\Program Files\Windows Defender,1.0,,
6456,Antimalware Service Executable,4.18,Microsoft Corporation Inc.,Application,,C:\Program Files\Windows Defender,1.0,,
6456,AppResolverUX,10.0,Microsoft Corporation Inc.,Application,,C:\Windows\SystemApps\Microsoft.Windows.AppResolverUX_cw5n1h2txyewy,1.0,,
6456,AsyncTextService,10.0,Microsoft Corporation Inc.,Application,,C:\Windows\SystemApps\Microsoft.AsyncTextService_8wekyb3d8bbwe,1.0,,
6456,Biometric Enrollment Host,10.0,Microsoft Corporation Inc.,Application,,C:\Windows\SystemApps\Microsoft.BioEnrollment_cw5n1h2txyewy,1.0,,
6456,BMC Client Management Agent,24.1.01.240624,BMC Software Inc.,Application,,C:\Program Files\BMC Software\Client Management\Client\bin,1.0,,
6456,BMC Client Management Certificate Generator,24.1.01.240624,BMC Software Inc.,Application,,C:\Program Files\BMC Software\Client Management\Client\bin,1.0,,
6456,BMC Client Management Chilli Interpreter,24.1.01.240624,BMC Software Inc.,Application,,C:\Program Files\BMC Software\Client Management\Client\bin,1.0,,
6456,BMC Client Management Direct Access Proxy Agent,24.1.01.240624,BMC Software Inc.,Application,,C:\Program Files\BMC Software\Client Management\Client\bin,1.0,,
6456,BMC Client Management Opswat Proxy Agent,24.1.01.240624,BMC Software Inc.,Application,,C:\Program Files\BMC Software\Client Management\Client\bin,1.0,,
6456,BMC Client Management Package Viewer,24.1.01.240624,BMC Software Inc.,Application,,C:\Program Files\BMC Software\Client Management\Client\bin,1.0,,
6456,BMC Client Management Patch Broker,24.1.01.240624,BMC Software Inc.,Application,,C:\Program Files\BMC Software\Client Management\Client\bin,1.0,,
6456,BMC Client Management Proxy Agent,24.1.01.240624,BMC Software Inc.,Application,,C:\Program Files\BMC Software\Client Management\Client\bin,1.0,,
6456,BMC Client Management Remote Control proxy,24.1.01.240624,BMC Software Inc.,Application,,C:\Program Files\BMC Software\Client Management\Client\bin,1.0,,
6456,BMC Client Management SCAP,24.1.01.240624,BMC Software Inc.,Application,,C:\Program Files\BMC Software\Client Management\Client\bin,1.0,,
6456,BMC Client Management Video Proxy Agent,24.1.01.240624,BMC Software Inc.,Application,,C:\Program Files\BMC Software\Client Management\Client\bin,1.0,,
6456,Boot File Servicing Utility,10.0,Microsoft Corporation Inc.,Application,,C:\Windows,1.0,,
6456,Browser Protection Native Messaging Host,4.18,Microsoft Corporation Inc.,Application,,C:\Program Files\Windows Defender,1.0,,
6456,BrowserCore,10.0,Microsoft Corporation Inc.,Application,,C:\Windows\BrowserCore,1.0,,
6456,CameraBarcodeScannerPreview,10.0,Microsoft Corporation Inc.,Application,,C:\Windows\SystemApps\Windows.CBSPreview_cw5n1h2txyewy,1.0,,
6456,CL5,9.6,Ivanti,Application,,C:\Program Files\BMC Software\Client Management\Client\data\PatchManagementPremium\workspace,1.0,,
6456,ClickOnce,4.8,Microsoft Corporation Inc.,Application,,C:\Windows\Microsoft.NET\Framework64\v4.0.30319,3.0,,
6456,Common User Interface,5.8,Musarubra US LLC.,Application,,C:\Program Files\McAfee\Agent\x86,1.0,,
6456,Copilot,144.0,Microsoft Corporation Inc.,Application,,C:\Program Files (x86)\Microsoft\EdgeWebView\Application\144.0.3719.93,6.0,,
6456,Copilot Update,1.3,Microsoft Corporation Inc.,Application,,C:\Program Files (x86)\Microsoft\EdgeUpdate,2.0,,
6456,Credential Dialog Host,10.0,Microsoft Corporation Inc.,Application,,C:\Windows\SystemApps\microsoft.creddialoghost_cw5n1h2txyewy,1.0,,
6456,CrowdStrike Device Control,7.29,CrowdStrike Inc.,Add/Remove Programs,"November 14, 2025 12:00:00 AM",,,,
6456,CrowdStrike Device Control Support Tool,7.29,CrowdStrike Inc.,Application,,C:\Program Files\CrowdStrike,1.0,,
6456,CrowdStrike Falcon Connector,7.32,CrowdStrike Inc.,Application,,C:\Program Files\CrowdStrike,1.0,,
6456,CrowdStrike Falcon Sensor,7.32,CrowdStrike Inc.,Application,,C:\Program Files\CrowdStrike,1.0,,
6456,CrowdStrike Falcon Sensor Controller,7.32,CrowdStrike Inc.,Application,,C:\Program Files\CrowdStrike,1.0,,
6456,CrowdStrike Falcon Sensor Service,7.32,CrowdStrike Inc.,Application,,C:\Program Files\CrowdStrike,1.0,,
6456,CrowdStrike Falcon Sensor Servlet Container,7.32,CrowdStrike Inc.,Application,,C:\Program Files\CrowdStrike,1.0,,
6456,CrowdStrike Falcon Sensor Settings Tool,7.32,CrowdStrike Inc.,Application,,C:\Program Files\CrowdStrike,1.0,,
6456,CrowdStrike Falcon Sensor System Tray Application,7.32,CrowdStrike Inc.,Application,,C:\Program Files\CrowdStrike,2.0,,
6456,CrowdStrike Firmware Analysis,7.14,CrowdStrike Inc.,Add/Remove Programs,"January 23, 2025 12:00:00 AM",,,,
6456,CrowdStrike Firmware Analysis Support Tool,7.14,CrowdStrike Inc.,Application,,C:\Program Files\CrowdStrike,1.0,,
6456,CrowdStrike On-Demand Scan Command-line Tool,7.32,CrowdStrike Inc.,Application,,C:\Program Files\CrowdStrike,1.0,,
6456,CrowdStrike On-Demand Scan Tool,7.32,CrowdStrike Inc.,Application,,C:\Program Files\CrowdStrike,1.0,,
6456,CrowdStrike Sensor Platform,7.32,CrowdStrike Inc.,Add/Remove Programs,"January 14, 2026 12:00:00 AM",,,,
7296,.NET Runtime Optimization Service,4.8,Microsoft Corporation Inc.,Application,,C:\Windows\Microsoft.NET\Framework64\v4.0.30319,2.0,,
7296,64Bit MAPI Mail Agent,1.0,Foxit Software Inc.,Application,,C:\Program Files (x86)\Foxit Software\Foxit PDF Reader,1.0,,
7296,7-Zip 19.00 (x64),19.0,Igor Pavlov,Add/Remove Programs,,C:\Program Files\7-Zip\,,,
7296,7-Zip Console,19.0,Igor Pavlov,Application,,C:\Program Files\7-Zip,1.0,,
7296,7-Zip File Manager,19.0,Igor Pavlov,Application,,C:\Program Files\7-Zip,1.0,,
7296,7-Zip GUI,19.0,Igor Pavlov,Application,,C:\Program Files\7-Zip,1.0,,
7296,Accounts Control Host,10.0,Microsoft Corporation Inc.,Application,,C:\Windows\SystemApps\Microsoft.AccountsControl_cw5n1h2txyewy,1.0,,
7296,AddSuggestedFoldersToLibraryDialog,10.0,Microsoft Corporation Inc.,Application,,C:\Windows\SystemApps\Microsoft.Windows.AddSuggestedFoldersToLibraryDialog_cw5n1h2txyewy,1.0,,
7296,Antimalware Core Service,4.18,Microsoft Corporation Inc.,Application,,C:\Program Files\Windows Defender,1.0,,
7296,Antimalware Service Executable,4.18,Microsoft Corporation Inc.,Application,,C:\Program Files\Windows Defender,1.0,,
7296,AppResolverUX,10.0,Microsoft Corporation Inc.,Application,,C:\Windows\SystemApps\Microsoft.Windows.AppResolverUX_cw5n1h2txyewy,1.0,,
7296,AsyncTextService,10.0,Microsoft Corporation Inc.,Application,,C:\Windows\SystemApps\Microsoft.AsyncTextService_8wekyb3d8bbwe,1.0,,
7296,Biometric Enrollment Host,10.0,Microsoft Corporation Inc.,Application,,C:\Windows\SystemApps\Microsoft.BioEnrollment_cw5n1h2txyewy,1.0,,
7296,BMC Client Management Agent,24.1.01.240624,BMC Software Inc.,Application,,C:\Program Files\BMC Software\Client Management\Client\bin,1.0,,
7296,BMC Client Management Certificate Generator,24.1.01.240624,BMC Software Inc.,Application,,C:\Program Files\BMC Software\Client Management\Client\bin,1.0,,
7296,BMC Client Management Chilli Interpreter,24.1.01.240624,BMC Software Inc.,Application,,C:\Program Files\BMC Software\Client Management\Client\bin,1.0,,
7296,BMC Client Management Direct Access Proxy Agent,24.1.01.240624,BMC Software Inc.,Application,,C:\Program Files\BMC Software\Client Management\Client\bin,1.0,,
7296,BMC Client Management Opswat Proxy Agent,24.1.01.240624,BMC Software Inc.,Application,,C:\Program Files\BMC Software\Client Management\Client\bin,1.0,,
7296,BMC Client Management Package Viewer,24.1.01.240624,BMC Software Inc.,Application,,C:\Program Files\BMC Software\Client Management\Client\bin,1.0,,
7296,BMC Client Management Patch Broker,24.1.01.240624,BMC Software Inc.,Application,,C:\Program Files\BMC Software\Client Management\Client\bin,1.0,,
7296,BMC Client Management Proxy Agent,24.1.01.240624,BMC Software Inc.,Application,,C:\Program Files\BMC Software\Client Management\Client\bin,1.0,,
7296,BMC Client Management Remote Control proxy,24.1.01.240624,BMC Software Inc.,Application,,C:\Program Files\BMC Software\Client Management\Client\bin,1.0,,
7296,BMC Client Management SCAP,24.1.01.240624,BMC Software Inc.,Application,,C:\Program Files\BMC Software\Client Management\Client\bin,1.0,,
7296,BMC Client Management Video Proxy Agent,24.1.01.240624,BMC Software Inc.,Application,,C:\Program Files\BMC Software\Client Management\Client\bin,1.0,,
7296,Boot File Servicing Utility,10.0,Microsoft Corporation Inc.,Application,,C:\Windows,1.0,,
7296,Browser Protection Native Messaging Host,4.18,Microsoft Corporation Inc.,Application,,C:\Program Files\Windows Defender,1.0,,
7296,BrowserCore,10.0,Microsoft Corporation Inc.,Application,,C:\Windows\BrowserCore,1.0,,
7296,CameraBarcodeScannerPreview,10.0,Microsoft Corporation Inc.,Application,,C:\Windows\SystemApps\Windows.CBSPreview_cw5n1h2txyewy,1.0,,
7296,ChromeEnterpriseCompanion,143.0,Google LLC,Application,,C:\Windows\SystemTemp\scoped_dir28252_2136231362\scoped_dir28252_1932087117,1.0,,
7296,CL5,9.6,Ivanti,Application,,C:\Program Files\BMC Software\Client Management\Client\data\PatchManagementPremium\workspace,1.0,,
7296,ClickOnce,4.8,Microsoft Corporation Inc.,Application,,C:\Windows\Microsoft.NET\Framework64\v4.0.30319,3.0,,
7296,Common User Interface,5.8,Musarubra US LLC.,Application,,C:\Program Files\McAfee\Agent\x86,1.0,,
7296,Copilot,144.0,Microsoft Corporation Inc.,Application,,C:\Program Files (x86)\Microsoft\EdgeWebView\Application\144.0.3719.93,7.0,,
7296,Copilot Update,1.3,Microsoft Corporation Inc.,Application,,C:\Program Files (x86)\Microsoft\EdgeUpdate,2.0,,
7296,Credential Dialog Host,10.0,Microsoft Corporation Inc.,Application,,C:\Windows\SystemApps\microsoft.creddialoghost_cw5n1h2txyewy,1.0,,
7296,CrowdStrike Device Control,7.29,CrowdStrike Inc.,Add/Remove Programs,"November 14, 2025 12:00:00 AM",,,,
7296,CrowdStrike Device Control Support Tool,7.29,CrowdStrike Inc.,Application,,C:\Program Files\CrowdStrike,1.0,,
7296,CrowdStrike Falcon Connector,7.32,CrowdStrike Inc.,Application,,C:\Program Files\CrowdStrike,1.0,,
7296,CrowdStrike Falcon Sensor,7.32,CrowdStrike Inc.,Application,,C:\Program Files\CrowdStrike,1.0,,
7296,CrowdStrike Falcon Sensor Controller,7.32,CrowdStrike Inc.,Application,,C:\Program Files\CrowdStrike,1.0,,
7296,CrowdStrike Falcon Sensor Service,7.32,CrowdStrike Inc.,Application,,C:\Program Files\CrowdStrike,1.0,,
7296,CrowdStrike Falcon Sensor Servlet Container,7.32,CrowdStrike Inc.,Application,,C:\Program Files\CrowdStrike,1.0,,
7296,CrowdStrike Falcon Sensor Settings Tool,7.32,CrowdStrike Inc.,Application,,C:\Program Files\CrowdStrike,1.0,,
7296,CrowdStrike Falcon Sensor System Tray Application,7.32,CrowdStrike Inc.,Application,,C:\Program Files\CrowdStrike,2.0,,
7296,CrowdStrike Firmware Analysis,7.14,CrowdStrike Inc.,Add/Remove Programs,"July 24, 2025 12:00:00 AM",,,,
7296,CrowdStrike Firmware Analysis Support Tool,7.14,CrowdStrike Inc.,Application,,C:\Program Files\CrowdStrike,1.0,,
7296,CrowdStrike Forensic Data Collection Tool,1.0,CrowdStrike Inc.,Application,,C:,2.0,,
7296,CrowdStrike On-Demand Scan Command-line Tool,7.32,CrowdStrike Inc.,Application,,C:\Program Files\CrowdStrike,1.0,,
7296,CrowdStrike On-Demand Scan Tool,7.32,CrowdStrike Inc.,Application,,C:\Program Files\CrowdStrike,1.0,,
7296,CrowdStrike Sensor Platform,7.32,CrowdStrike Inc.,Add/Remove Programs,"January 14, 2026 12:00:00 AM",,,,
8218,.NET Framework,3.0,Microsoft Corporation Inc.,Application,,C:\Windows\Microsoft.NET\Framework64\v3.0\Windows Communication Foundation,2.0,,
8218,.NET Runtime Optimization Service,4.8,Microsoft Corporation Inc.,Application,,C:\Windows\Microsoft.NET\Framework64\v4.0.30319,2.0,,
8218,.NET Runtime Optimization Service,2.0,Microsoft Corporation Inc.,Application,,C:\Windows\Microsoft.NET\Framework64\v2.0.50727,2.0,,
8218,64Bit MAPI Mail Agent,1.0,Foxit Software Inc.,Application,,C:\Program Files (x86)\Foxit Software\Foxit Reader,1.0,,
8218,7-Zip 24.08 (x64 edition),24.08,Igor Pavlov,Add/Remove Programs,"November 28, 2024 12:00:00 AM",,,,
8218,7-Zip Console,24.08,Igor Pavlov,Application,,C:\Program Files\7-Zip,1.0,,
8218,7-Zip File Manager,24.08,Igor Pavlov,Application,,C:\Program Files\7-Zip,1.0,,
8218,7-Zip GUI,24.08,Igor Pavlov,Application,,C:\Program Files\7-Zip,1.0,,
8218,AAD token broker plugin,10.0,Microsoft Corporation Inc.,Application,,C:\Windows\SystemApps\Microsoft.AAD.BrokerPlugin_cw5n1h2txyewy,1.0,,
8218,Accounts Control Host,10.0,Microsoft Corporation Inc.,Application,,C:\Windows\SystemApps\Microsoft.AccountsControl_cw5n1h2txyewy,1.0,,
8218,AddSuggestedFoldersToLibraryDialog,10.0,Microsoft Corporation Inc.,Application,,C:\Windows\SystemApps\Microsoft.Windows.AddSuggestedFoldersToLibraryDialog_cw5n1h2txyewy,1.0,,
8218,Antimalware Service Executable,4.18,Microsoft Corporation Inc.,Application,,C:\Program Files\Windows Defender,1.0,,
8218,AppResolverUX,10.0,Microsoft Corporation Inc.,Application,,C:\Windows\SystemApps\Microsoft.Windows.AppResolverUX_cw5n1h2txyewy,1.0,,
8218,AsyncTextService,10.0,Microsoft Corporation Inc.,Application,,C:\Windows\SystemApps\Microsoft.AsyncTextService_8wekyb3d8bbwe,1.0,,
8218,Biometric Enrollment Host,10.0,Microsoft Corporation Inc.,Application,,C:\Windows\SystemApps\Microsoft.BioEnrollment_cw5n1h2txyewy,1.0,,
8218,BMC Client Management Agent,24.1.01.240624,BMC Software Inc.,Application,,C:\Program Files\BMC Software\Client Management\Client\bin,1.0,,
8218,BMC Client Management Certificate Generator,24.1.01.240624,BMC Software Inc.,Application,,C:\Program Files\BMC Software\Client Management\Client\bin,1.0,,
8218,BMC Client Management Chilli Interpreter,24.1.01.240624,BMC Software Inc.,Application,,C:\Program Files\BMC Software\Client Management\Client\bin,1.0,,
8218,BMC Client Management Direct Access Proxy Agent,24.1.01.240624,BMC Software Inc.,Application,,C:\Program Files\BMC Software\Client Management\Client\bin,1.0,,
8218,BMC Client Management Opswat Proxy Agent,24.1.01.240624,BMC Software Inc.,Application,,C:\Program Files\BMC Software\Client Management\Client\bin,1.0,,
8218,BMC Client Management Package Viewer,24.1.01.240624,BMC Software Inc.,Application,,C:\Program Files\BMC Software\Client Management\Client\bin,1.0,,
8218,BMC Client Management Patch Broker,24.1.01.240624,BMC Software Inc.,Application,,C:\Program Files\BMC Software\Client Management\Client\bin,1.0,,
8218,BMC Client Management Proxy Agent,24.1.01.240624,BMC Software Inc.,Application,,C:\Program Files\BMC Software\Client Management\Client\bin,1.0,,
8218,BMC Client Management Remote Control proxy,24.1.01.240624,BMC Software Inc.,Application,,C:\Program Files\BMC Software\Client Management\Client\bin,1.0,,
8218,BMC Client Management SCAP,24.1.01.240624,BMC Software Inc.,Application,,C:\Program Files\BMC Software\Client Management\Client\bin,1.0,,
8218,BMC Client Management Video Proxy Agent,24.1.01.240624,BMC Software Inc.,Application,,C:\Program Files\BMC Software\Client Management\Client\bin,1.0,,
8218,Boot File Servicing Utility,10.0,Microsoft Corporation Inc.,Application,,C:\Windows,1.0,,
8218,BrowserCore,10.0,Microsoft Corporation Inc.,Application,,C:\Windows\BrowserCore,1.0,,
8218,Calling App to host call progress on shell,10.0,Microsoft Corporation Inc.,Application,,C:\Windows\SystemApps\Microsoft.Windows.CallingShellApp_cw5n1h2txyewy,1.0,,
8218,CameraBarcodeScannerPreview,10.0,Microsoft Corporation Inc.,Application,,C:\Windows\SystemApps\Windows.CBSPreview_cw5n1h2txyewy,1.0,,
8218,CL5,9.6,Ivanti,Application,,C:\Program Files\BMC Software\Client Management\Client\data\PatchManagementPremium\workspace,1.0,,
8218,ClickOnce,4.8,Microsoft Corporation Inc.,Application,,C:\Windows\Microsoft.NET\Framework64\v4.0.30319,3.0,,
8218,Common User Interface,5.8,Musarubra US LLC.,Application,,C:\Program Files\McAfee\Agent\x86,1.0,,
8218,Create Virtual Machine,10.0,Microsoft Corporation Inc.,Application,,C:\Program Files\Hyper-V,1.0,,
8218,Credential Dialog Host,10.0,Microsoft Corporation Inc.,Application,,C:\Windows\SystemApps\microsoft.creddialoghost_cw5n1h2txyewy,1.0,,
8218,CrowdStrike Device Control,7.29,CrowdStrike Inc.,Add/Remove Programs,"November 14, 2025 12:00:00 AM",,,,
8218,CrowdStrike Device Control Support Tool,7.29,CrowdStrike Inc.,Application,,C:\Program Files\CrowdStrike,1.0,,
8218,CrowdStrike Falcon Connector,7.32,CrowdStrike Inc.,Application,,C:\Program Files\CrowdStrike,1.0,,
8218,CrowdStrike Falcon Sensor,7.32,CrowdStrike Inc.,Application,,C:\Program Files\CrowdStrike,1.0,,
8218,CrowdStrike Falcon Sensor Controller,7.32,CrowdStrike Inc.,Application,,C:\Program Files\CrowdStrike,1.0,,
8218,CrowdStrike Falcon Sensor Service,7.32,CrowdStrike Inc.,Application,,C:\Program Files\CrowdStrike,1.0,,
8218,CrowdStrike Falcon Sensor Servlet Container,7.32,CrowdStrike Inc.,Application,,C:\Program Files\CrowdStrike,1.0,,
8218,CrowdStrike Falcon Sensor Settings Tool,7.32,CrowdStrike Inc.,Application,,C:\Program Files\CrowdStrike,1.0,,
8218,CrowdStrike Falcon Sensor System Tray Application,7.32,CrowdStrike Inc.,Application,,C:\Program Files\CrowdStrike,2.0,,
8218,CrowdStrike Firmware Analysis,7.14,CrowdStrike Inc.,Add/Remove Programs,"May 22, 2025 12:00:00 AM",,,,
8218,CrowdStrike Firmware Analysis Support Tool,7.14,CrowdStrike Inc.,Application,,C:\Program Files\CrowdStrike,1.0,,
8218,CrowdStrike On-Demand Scan Command-line Tool,7.32,CrowdStrike Inc.,Application,,C:\Program Files\CrowdStrike,1.0,,
8218,CrowdStrike On-Demand Scan Tool,7.32,CrowdStrike Inc.,Application,,C:\Program Files\CrowdStrike,1.0,,
8218,CrowdStrike Sensor Platform,7.32,CrowdStrike Inc.,Add/Remove Programs,"January 14, 2026 12:00:00 AM",,,,
8218,CrowdStrike Windows Sensor,7.32,CrowdStrike Inc.,Add/Remove Programs,"January 14, 2026 12:00:00 AM",,,,
13681,.NET Runtime Optimization Service,4.8,Microsoft Corporation Inc.,Application,,C:\Windows\Microsoft.NET\Framework64\v4.0.30319,2.0,,
13681,64Bit MAPI Mail Agent,1.0,Foxit Software Inc.,Application,,C:\Program Files (x86)\Foxit Software\Foxit PDF Reader,1.0,,
13681,7-Zip 19.00 (x64),19.0,Igor Pavlov,Add/Remove Programs,,C:\Program Files\7-Zip\,,,
13681,7-Zip Console,19.0,Igor Pavlov,Application,,C:\Program Files\7-Zip,1.0,,
13681,7-Zip File Manager,19.0,Igor Pavlov,Application,,C:\Program Files\7-Zip,1.0,,
13681,7-Zip GUI,19.0,Igor Pavlov,Application,,C:\Program Files\7-Zip,1.0,,
13681,Accounts Control Host,10.0,Microsoft Corporation Inc.,Application,,C:\Windows\SystemApps\Microsoft.AccountsControl_cw5n1h2txyewy,1.0,,
13681,AddSuggestedFoldersToLibraryDialog,10.0,Microsoft Corporation Inc.,Application,,C:\Windows\SystemApps\Microsoft.Windows.AddSuggestedFoldersToLibraryDialog_cw5n1h2txyewy,1.0,,
13681,Antimalware Core Service,4.18,Microsoft Corporation Inc.,Application,,C:\Program Files\Windows Defender,1.0,,
13681,Antimalware Service Executable,4.18,Microsoft Corporation Inc.,Application,,C:\Program Files\Windows Defender,1.0,,
13681,AppResolverUX,10.0,Microsoft Corporation Inc.,Application,,C:\Windows\SystemApps\Microsoft.Windows.AppResolverUX_cw5n1h2txyewy,1.0,,
13681,AsyncTextService,10.0,Microsoft Corporation Inc.,Application,,C:\Windows\SystemApps\Microsoft.AsyncTextService_8wekyb3d8bbwe,1.0,,
13681,Biometric Enrollment Host,10.0,Microsoft Corporation Inc.,Application,,C:\Windows\SystemApps\Microsoft.BioEnrollment_cw5n1h2txyewy,1.0,,
13681,BMC Client Management Agent,24.1.01.240624,BMC Software Inc.,Application,,C:\Program Files\BMC Software\Client Management\Client\bin,1.0,,
13681,BMC Client Management Certificate Generator,24.1.01.240624,BMC Software Inc.,Application,,C:\Program Files\BMC Software\Client Management\Client\bin,1.0,,
13681,BMC Client Management Chilli Interpreter,24.1.01.240624,BMC Software Inc.,Application,,C:\Program Files\BMC Software\Client Management\Client\bin,1.0,,
13681,BMC Client Management Direct Access Proxy Agent,24.1.01.240624,BMC Software Inc.,Application,,C:\Program Files\BMC Software\Client Management\Client\bin,1.0,,
13681,BMC Client Management Opswat Proxy Agent,24.1.01.240624,BMC Software Inc.,Application,,C:\Program Files\BMC Software\Client Management\Client\bin,1.0,,
13681,BMC Client Management Package Viewer,24.1.01.240624,BMC Software Inc.,Application,,C:\Program Files\BMC Software\Client Management\Client\bin,1.0,,
13681,BMC Client Management Patch Broker,24.1.01.240624,BMC Software Inc.,Application,,C:\Program Files\BMC Software\Client Management\Client\bin,1.0,,
13681,BMC Client Management Proxy Agent,24.1.01.240624,BMC Software Inc.,Application,,C:\Program Files\BMC Software\Client Management\Client\bin,1.0,,
13681,BMC Client Management Remote Control proxy,24.1.01.240624,BMC Software Inc.,Application,,C:\Program Files\BMC Software\Client Management\Client\bin,1.0,,
13681,BMC Client Management SCAP,24.1.01.240624,BMC Software Inc.,Application,,C:\Program Files\BMC Software\Client Management\Client\bin,1.0,,
13681,BMC Client Management Video Proxy Agent,24.1.01.240624,BMC Software Inc.,Application,,C:\Program Files\BMC Software\Client Management\Client\bin,1.0,,
13681,Boot File Servicing Utility,10.0,Microsoft Corporation Inc.,Application,,C:\Windows,1.0,,
13681,Browser Protection Native Messaging Host,4.18,Microsoft Corporation Inc.,Application,,C:\Program Files\Windows Defender,1.0,,
13681,BrowserCore,10.0,Microsoft Corporation Inc.,Application,,C:\Windows\BrowserCore,1.0,,
13681,CameraBarcodeScannerPreview,10.0,Microsoft Corporation Inc.,Application,,C:\Windows\SystemApps\Windows.CBSPreview_cw5n1h2txyewy,1.0,,
13681,ChromeEnterpriseCompanion,143.0,Google LLC,Application,,C:\Windows\SystemTemp\scoped_dir12708_5431997\scoped_dir12708_2108875151,1.0,,
13681,CL5,9.6,Ivanti,Application,,C:\Program Files\BMC Software\Client Management\Client\data\PatchManagementPremium\workspace,3.0,,
13681,ClickOnce,4.8,Microsoft Corporation Inc.,Application,,C:\Windows\Microsoft.NET\Framework64\v4.0.30319,3.0,,
13681,Common User Interface,5.8,Musarubra US LLC.,Application,,C:\Program Files\McAfee\Agent\x86,1.0,,
13681,Copilot,144.0,Microsoft Corporation Inc.,Application,,C:\Program Files (x86)\Microsoft\EdgeWebView\Application\144.0.3719.115,5.0,,
13681,Copilot Update,1.3,Microsoft Corporation Inc.,Application,,C:\Program Files (x86)\Microsoft\EdgeUpdate,2.0,,
13681,Create a self-signed digital certificate,15.0,Microsoft Corporation Inc.,Application,,C:\Program Files\Microsoft Office\Office15,1.0,,
13681,Credential Dialog Host,10.0,Microsoft Corporation Inc.,Application,,C:\Windows\SystemApps\microsoft.creddialoghost_cw5n1h2txyewy,1.0,,
13681,CrowdStrike Device Control,7.29,CrowdStrike Inc.,Add/Remove Programs,"November 14, 2025 12:00:00 AM",,,,
13681,CrowdStrike Device Control Support Tool,7.29,CrowdStrike Inc.,Application,,C:\Program Files\CrowdStrike,1.0,,
13681,CrowdStrike Falcon Connector,7.32,CrowdStrike Inc.,Application,,C:\Program Files\CrowdStrike,1.0,,
13681,CrowdStrike Falcon Sensor,7.32,CrowdStrike Inc.,Application,,C:\Program Files\CrowdStrike,1.0,,
13681,CrowdStrike Falcon Sensor Controller,7.32,CrowdStrike Inc.,Application,,C:\Program Files\CrowdStrike,1.0,,
13681,CrowdStrike Falcon Sensor Service,7.32,CrowdStrike Inc.,Application,,C:\Program Files\CrowdStrike,1.0,,
13681,CrowdStrike Falcon Sensor Servlet Container,7.32,CrowdStrike Inc.,Application,,C:\Program Files\CrowdStrike,1.0,,
13681,CrowdStrike Falcon Sensor Settings Tool,7.32,CrowdStrike Inc.,Application,,C:\Program Files\CrowdStrike,1.0,,
13681,CrowdStrike Falcon Sensor System Tray Application,7.32,CrowdStrike Inc.,Application,,C:\Program Files\CrowdStrike,2.0,,
13681,CrowdStrike Firmware Analysis,7.14,CrowdStrike Inc.,Add/Remove Programs,"January 24, 2025 12:00:00 AM",,,,
13681,CrowdStrike Firmware Analysis Support Tool,7.14,CrowdStrike Inc.,Application,,C:\Program Files\CrowdStrike,1.0,,
13681,CrowdStrike Forensic Data Collection Tool,1.0,CrowdStrike Inc.,Application,,C:,2.0,,
13681,CrowdStrike On-Demand Scan Command-line Tool,7.32,CrowdStrike Inc.,Application,,C:\Program Files\CrowdStrike,1.0,,
13681,CrowdStrike On-Demand Scan Tool,7.32,CrowdStrike Inc.,Application,,C:\Program Files\CrowdStrike,1.0,,
17731,.NET Framework,3.0,Microsoft Corporation Inc.,Application,,C:\Windows\Microsoft.NET\Framework64\v3.0\Windows Communication Foundation,2.0,,
17731,.NET Runtime Optimization Service,4.8,Microsoft Corporation Inc.,Application,,C:\Windows\Microsoft.NET\Framework64\v4.0.30319,2.0,,
17731,.NET Runtime Optimization Service,2.0,Microsoft Corporation Inc.,Application,,C:\Windows\Microsoft.NET\Framework64\v2.0.50727,2.0,,
17731,64Bit MAPI Mail Agent,1.0,Foxit Software Inc.,Application,,C:\Program Files (x86)\Foxit Software\Foxit PDF Reader,1.0,,
17731,7-Zip 24.08 (x64 edition),24.08,Igor Pavlov,Add/Remove Programs,"November 27, 2024 12:00:00 AM",,,,
17731,7-Zip Console,24.08,Igor Pavlov,Application,,C:\Program Files\7-Zip,1.0,,
17731,7-Zip File Manager,24.08,Igor Pavlov,Application,,C:\Program Files\7-Zip,1.0,,
17731,7-Zip GUI,24.08,Igor Pavlov,Application,,C:\Program Files\7-Zip,1.0,,
17731,AAD token broker plugin,10.0,Microsoft Corporation Inc.,Application,,C:\Windows\SystemApps\Microsoft.AAD.BrokerPlugin_cw5n1h2txyewy,1.0,,
17731,Accounts Control Host,10.0,Microsoft Corporation Inc.,Application,,C:\Windows\SystemApps\Microsoft.AccountsControl_cw5n1h2txyewy,1.0,,
17731,AddSuggestedFoldersToLibraryDialog,10.0,Microsoft Corporation Inc.,Application,,C:\Windows\SystemApps\Microsoft.Windows.AddSuggestedFoldersToLibraryDialog_cw5n1h2txyewy,1.0,,
17731,Antimalware Service Executable,4.18,Microsoft Corporation Inc.,Application,,C:\Program Files\Windows Defender,1.0,,
17731,AppResolverUX,10.0,Microsoft Corporation Inc.,Application,,C:\Windows\SystemApps\Microsoft.Windows.AppResolverUX_cw5n1h2txyewy,1.0,,
17731,AsyncTextService,10.0,Microsoft Corporation Inc.,Application,,C:\Windows\SystemApps\Microsoft.AsyncTextService_8wekyb3d8bbwe,1.0,,
17731,Biometric Enrollment Host,10.0,Microsoft Corporation Inc.,Application,,C:\Windows\SystemApps\Microsoft.BioEnrollment_cw5n1h2txyewy,1.0,,
17731,BMC Client Management Agent,24.1.01.240624,BMC Software Inc.,Application,,C:\Program Files\BMC Software\Client Management\Client\bin,1.0,,
17731,BMC Client Management Certificate Generator,24.1.01.240624,BMC Software Inc.,Application,,C:\Program Files\BMC Software\Client Management\Client\bin,1.0,,
17731,BMC Client Management Chilli Interpreter,24.1.01.240624,BMC Software Inc.,Application,,C:\Program Files\BMC Software\Client Management\Client\bin,1.0,,
17731,BMC Client Management Direct Access Proxy Agent,24.1.01.240624,BMC Software Inc.,Application,,C:\Program Files\BMC Software\Client Management\Client\bin,1.0,,
17731,BMC Client Management Opswat Proxy Agent,24.1.01.240624,BMC Software Inc.,Application,,C:\Program Files\BMC Software\Client Management\Client\bin,1.0,,
17731,BMC Client Management Package Viewer,24.1.01.240624,BMC Software Inc.,Application,,C:\Program Files\BMC Software\Client Management\Client\bin,1.0,,
17731,BMC Client Management Patch Broker,24.1.01.240624,BMC Software Inc.,Application,,C:\Program Files\BMC Software\Client Management\Client\bin,1.0,,
17731,BMC Client Management Proxy Agent,24.1.01.240624,BMC Software Inc.,Application,,C:\Program Files\BMC Software\Client Management\Client\bin,1.0,,
17731,BMC Client Management Remote Control proxy,24.1.01.240624,BMC Software Inc.,Application,,C:\Program Files\BMC Software\Client Management\Client\bin,1.0,,
17731,BMC Client Management SCAP,24.1.01.240624,BMC Software Inc.,Application,,C:\Program Files\BMC Software\Client Management\Client\bin,1.0,,
17731,BMC Client Management Video Proxy Agent,24.1.01.240624,BMC Software Inc.,Application,,C:\Program Files\BMC Software\Client Management\Client\bin,1.0,,
17731,Boot File Servicing Utility,10.0,Microsoft Corporation Inc.,Application,,C:\Windows,1.0,,
17731,BrowserCore,10.0,Microsoft Corporation Inc.,Application,,C:\Windows\BrowserCore,1.0,,
17731,Calling App to host call progress on shell,10.0,Microsoft Corporation Inc.,Application,,C:\Windows\SystemApps\Microsoft.Windows.CallingShellApp_cw5n1h2txyewy,1.0,,
17731,CameraBarcodeScannerPreview,10.0,Microsoft Corporation Inc.,Application,,C:\Windows\SystemApps\Windows.CBSPreview_cw5n1h2txyewy,1.0,,
17731,CL5,9.6,Ivanti,Application,,C:\Program Files\BMC Software\Client Management\Client\data\PatchManagementPremium\workspace,5.0,,
17731,ClickOnce,4.8,Microsoft Corporation Inc.,Application,,C:\Windows\Microsoft.NET\Framework64\v4.0.30319,3.0,,
17731,Common User Interface,5.8,Musarubra US LLC.,Application,,C:\Program Files\McAfee\Agent\x86,1.0,,
17731,Credential Dialog Host,10.0,Microsoft Corporation Inc.,Application,,C:\Windows\SystemApps\microsoft.creddialoghost_cw5n1h2txyewy,1.0,,
17731,CrowdStrike Device Control,7.29,CrowdStrike Inc.,Add/Remove Programs,"November 21, 2025 12:00:00 AM",,,,
17731,CrowdStrike Device Control Support Tool,7.29,CrowdStrike Inc.,Application,,C:\Program Files\CrowdStrike,1.0,,
17731,CrowdStrike Falcon Connector,7.32,CrowdStrike Inc.,Application,,C:\Program Files\CrowdStrike,1.0,,
17731,CrowdStrike Falcon Sensor,7.32,CrowdStrike Inc.,Application,,C:\Program Files\CrowdStrike,1.0,,
17731,CrowdStrike Falcon Sensor Controller,7.32,CrowdStrike Inc.,Application,,C:\Program Files\CrowdStrike,1.0,,
17731,CrowdStrike Falcon Sensor Service,7.32,CrowdStrike Inc.,Application,,C:\Program Files\CrowdStrike,1.0,,
17731,CrowdStrike Falcon Sensor Servlet Container,7.32,CrowdStrike Inc.,Application,,C:\Program Files\CrowdStrike,1.0,,
17731,CrowdStrike Falcon Sensor Settings Tool,7.32,CrowdStrike Inc.,Application,,C:\Program Files\CrowdStrike,1.0,,
17731,CrowdStrike Falcon Sensor System Tray Application,7.32,CrowdStrike Inc.,Application,,C:\Program Files\CrowdStrike,2.0,,
17731,CrowdStrike Firmware Analysis,7.14,CrowdStrike Inc.,Add/Remove Programs,"February 26, 2025 12:00:00 AM",,,,
17731,CrowdStrike Firmware Analysis Support Tool,7.14,CrowdStrike Inc.,Application,,C:\Program Files\CrowdStrike,1.0,,
17731,CrowdStrike On-Demand Scan Command-line Tool,7.32,CrowdStrike Inc.,Application,,C:\Program Files\CrowdStrike,1.0,,
17731,CrowdStrike On-Demand Scan Tool,7.32,CrowdStrike Inc.,Application,,C:\Program Files\CrowdStrike,1.0,,
17731,CrowdStrike Sensor Platform,7.32,CrowdStrike Inc.,Add/Remove Programs,"January 14, 2026 12:00:00 AM",,,,
17731,CrowdStrike Windows Sensor,7.32,CrowdStrike Inc.,Add/Remove Programs,"January 14, 2026 12:00:00 AM",,,,
17731,CrowdStrike Windows Sensor,6.54,CrowdStrike Inc.,Application,,D:\login\crowdstrike,1.0,,
2190,.NET Framework,3.0,Microsoft Corporation Inc.,Application,,C:\Windows\Microsoft.NET\Framework64\v3.0\Windows Communication Foundation,2.0,,
2190,.NET Framework UserControl Test Container,15.0,Microsoft Corporation Inc.,Application,,C:\Program Files (x86)\Microsoft SQL Server Management Studio 19\Common7\IDE,1.0,,
2190,.NET Runtime Crash Dump Generator,8.0,Microsoft Corporation Inc.,Application,,C:\Program Files (x86)\Trend Micro\Endpoint Basecamp\modules\vom\modules\UiBridgeModule\VOneAgentConsole,3.0,,
2190,.NET Runtime Optimization Service,2.0,Microsoft Corporation Inc.,Application,,C:\Windows\Microsoft.NET\Framework64\v2.0.50727,2.0,,
2190,.NET Runtime Optimization Service,4.8,Microsoft Corporation Inc.,Application,,C:\Windows\Microsoft.NET\Framework64\v4.0.30319,2.0,,
2190,64Bit MAPI Mail Agent,1.0,Foxit Software Inc.,Application,,C:\Program Files (x86)\Foxit Software\Foxit PDF Reader,1.0,,
2190,7-Zip 24.08,24.08,Igor Pavlov,Add/Remove Programs,"November 26, 2024 12:00:00 AM",,,,
2190,7-Zip Console,24.08,Igor Pavlov,Application,,C:\Program Files (x86)\7-Zip,1.0,,
2190,7-Zip Console,25.01,Igor Pavlov,Application,,C:\Program Files (x86)\Trend Micro\Security Agent,4.0,,
2190,7-Zip File Manager,24.08,Igor Pavlov,Application,,C:\Program Files (x86)\7-Zip,1.0,,
2190,7-Zip GUI,24.08,Igor Pavlov,Application,,C:\Program Files (x86)\7-Zip,1.0,,
2190,Accounts Control Host,10.0,Microsoft Corporation Inc.,Application,,C:\Windows\SystemApps\Microsoft.AccountsControl_cw5n1h2txyewy,1.0,,
2190,ActiveUpdate module.,2.88,Trend Micro Inc.,Application,,C:\Program Files (x86)\Trend Micro\Security Agent,2.0,,
2190,AddSuggestedFoldersToLibraryDialog,10.0,Microsoft Corporation Inc.,Application,,C:\Windows\SystemApps\Microsoft.Windows.AddSuggestedFoldersToLibraryDialog_cw5n1h2txyewy,1.0,,
2190,Analysis Services Instance Rename Tool,16.0,Microsoft Corporation Inc.,Application,,C:\Program Files (x86)\Microsoft SQL Server Management Studio 19\Common7\IDE,1.0,,
2190,Antimalware Core Service,4.18,Microsoft Corporation Inc.,Application,,C:\Program Files\Windows Defender,1.0,,
2190,Antimalware Service Executable,4.18,Microsoft Corporation Inc.,Application,,C:\Program Files\Windows Defender,1.0,,
2190,AppResolverUX,10.0,Microsoft Corporation Inc.,Application,,C:\Windows\SystemApps\Microsoft.Windows.AppResolverUX_cw5n1h2txyewy,1.0,,
2190,AsyncTextService,10.0,Microsoft Corporation Inc.,Application,,C:\Windows\SystemApps\Microsoft.AsyncTextService_8wekyb3d8bbwe,1.0,,
2190,Azure Data Studio,1.49,Microsoft Corporation Inc.,Application,"October 09, 2024 12:00:00 AM",C:\Program Files\Azure Data Studio,1.0,,
2190,AzureDTExec,16.0,Microsoft Corporation Inc.,Application,,C:\Program Files (x86)\Microsoft SQL Server Management Studio 19\Common7\IDE\CommonExtensions\Microsoft\SSIS\160\Binn,1.0,,
2190,AzureDTExecConfig,16.0,Microsoft Corporation Inc.,Application,,C:\Program Files (x86)\Microsoft SQL Server Management Studio 19\Common7\IDE\CommonExtensions\Microsoft\SSIS\160\Binn,1.0,,
2190,BingWallpaper,2.0,Microsoft Corporation Inc.,Application,,C:\Users\054610\Downloads,1.0,,
2190,Biometric Enrollment Host,10.0,Microsoft Corporation Inc.,Application,,C:\Windows\SystemApps\Microsoft.BioEnrollment_cw5n1h2txyewy,1.0,,
2190,BMC Client Management Agent,24.1.01.240624,BMC Software Inc.,Application,,C:\Program Files\BMC Software\Client Management\Client\bin,1.0,,
2190,BMC Client Management Certificate Generator,24.1.01.240624,BMC Software Inc.,Application,,C:\Program Files\BMC Software\Client Management\Client\bin,1.0,,
2190,BMC Client Management Chilli Interpreter,24.1.01.240624,BMC Software Inc.,Application,,C:\Program Files\BMC Software\Client Management\Client\bin,1.0,,
2190,BMC Client Management Direct Access Proxy Agent,24.1.01.240624,BMC Software Inc.,Application,,C:\Program Files\BMC Software\Client Management\Client\bin,1.0,,
2190,BMC Client Management Opswat Proxy Agent,24.1.01.240624,BMC Software Inc.,Application,,C:\Program Files\BMC Software\Client Management\Client\bin,1.0,,
2190,BMC Client Management Package Viewer,24.1.01.240624,BMC Software Inc.,Application,,C:\Program Files\BMC Software\Client Management\Client\bin,1.0,,
2190,BMC Client Management Patch Broker,24.1.01.240624,BMC Software Inc.,Application,,C:\Program Files\BMC Software\Client Management\Client\bin,1.0,,
2190,BMC Client Management Proxy Agent,24.1.01.240624,BMC Software Inc.,Application,,C:\Program Files\BMC Software\Client Management\Client\bin,1.0,,
2190,BMC Client Management Remote Control proxy,24.1.01.240624,BMC Software Inc.,Application,,C:\Program Files\BMC Software\Client Management\Client\bin,1.0,,
2190,BMC Client Management SCAP,24.1.01.240624,BMC Software Inc.,Application,,C:\Program Files\BMC Software\Client Management\Client\bin,1.0,,
2190,BMC Client Management Video Proxy Agent,24.1.01.240624,BMC Software Inc.,Application,,C:\Program Files\BMC Software\Client Management\Client\bin,1.0,,
2190,Boot File Servicing Utility,10.0,Microsoft Corporation Inc.,Application,,C:\Windows,1.0,,
2190,Browser Protection Native Messaging Host,4.18,Microsoft Corporation Inc.,Application,,C:\Program Files\Windows Defender,1.0,,
2190,BrowserCore,10.0,Microsoft Corporation Inc.,Application,,C:\Windows\BrowserCore,1.0,,
2190,CameraBarcodeScannerPreview,10.0,Microsoft Corporation Inc.,Application,,C:\Windows\SystemApps\Windows.CBSPreview_cw5n1h2txyewy,1.0,,
2190,ChromeEnterpriseCompanion,140.0,Google LLC,Application,,C:\Windows\SystemTemp\scoped_dir9664_1688476304\scoped_dir9664_1046690084,1.0,,
2190,ChromeEnterpriseCompanion,143.0,Google LLC,Application,,C:\Windows\SystemTemp\scoped_dir24076_99427312\scoped_dir24076_345519132,1.0,,
2190,CL5,9.6,Ivanti,Application,,C:\Program Files\BMC Software\Client Management\Client\data\PatchManagementPremium\workspace,3.0,,
2190,ClickOnce,4.8,Microsoft Corporation Inc.,Application,,C:\Windows\Microsoft.NET\Framework64\v4.0.30319,3.0,,
2190,Common User Interface,5.8,Musarubra US LLC.,Application,,C:\Program Files\McAfee\Agent\x86,1.0,,
2190,ControlService,19.3,Microsoft Corporation Inc.,Application,,C:\Program Files (x86)\Microsoft SQL Server Management Studio 19\Common7\IDE,1.0,,
2190,Copilot,143.0,Microsoft Corporation Inc.,Application,,C:\Program Files (x86)\Microsoft\EdgeWebView\Application\143.0.3650.96,3.0,,
2190,Copilot Update,1.3,Microsoft Corporation Inc.,Application,,C:\Program Files (x86)\Microsoft\EdgeUpdate,2.0,,
2190,Create a self-signed digital certificate,16.0,Microsoft Corporation Inc.,Application,,C:\Program Files\Microsoft Office\Office16,1.0,,
2190,Create Virtual Machine,10.0,Microsoft Corporation Inc.,Application,,C:\Program Files\Hyper-V,1.0,,
2190,Credential Dialog Host,10.0,Microsoft Corporation Inc.,Application,,C:\Windows\SystemApps\microsoft.creddialoghost_cw5n1h2txyewy,1.0,,
7903,.NET Framework,3.0,Microsoft Corporation Inc.,Application,,C:\Windows\Microsoft.NET\Framework64\v3.0\Windows Communication Foundation,2.0,,
7903,.NET Runtime Optimization Service,4.8,Microsoft Corporation Inc.,Application,,C:\Windows\Microsoft.NET\Framework64\v4.0.30319,2.0,,
7903,.NET Runtime Optimization Service,2.0,Microsoft Corporation Inc.,Application,,C:\Windows\Microsoft.NET\Framework64\v2.0.50727,2.0,,
7903,64Bit MAPI Mail Agent,1.0,Foxit Software Inc.,Application,,C:\Program Files (x86)\Foxit Software\Foxit PDF Reader,1.0,,
7903,7-Zip 24.08 (x64 edition),24.08,Igor Pavlov,Add/Remove Programs,"November 26, 2024 12:00:00 AM",,,,
7903,7-Zip Console,24.08,Igor Pavlov,Application,,C:\Program Files\7-Zip,1.0,,
7903,7-Zip File Manager,24.08,Igor Pavlov,Application,,C:\Program Files\7-Zip,1.0,,
7903,7-Zip GUI,24.08,Igor Pavlov,Application,,C:\Program Files\7-Zip,1.0,,
7903,AAD token broker plugin,10.0,Microsoft Corporation Inc.,Application,,C:\Windows\SystemApps\Microsoft.AAD.BrokerPlugin_cw5n1h2txyewy,1.0,,
7903,Accounts Control Host,10.0,Microsoft Corporation Inc.,Application,,C:\Windows\SystemApps\Microsoft.AccountsControl_cw5n1h2txyewy,1.0,,
7903,AddSuggestedFoldersToLibraryDialog,10.0,Microsoft Corporation Inc.,Application,,C:\Windows\SystemApps\Microsoft.Windows.AddSuggestedFoldersToLibraryDialog_cw5n1h2txyewy,1.0,,
7903,AntiMalware Platform Update (amd64fre),4.18,Microsoft Corporation Inc.,Application,,C:\Windows\SystemTemp,1.0,,
7903,Antimalware Service Executable,4.18,Microsoft Corporation Inc.,Application,,C:\Program Files\Windows Defender,1.0,,
7903,AppResolverUX,10.0,Microsoft Corporation Inc.,Application,,C:\Windows\SystemApps\Microsoft.Windows.AppResolverUX_cw5n1h2txyewy,1.0,,
7903,AsyncTextService,10.0,Microsoft Corporation Inc.,Application,,C:\Windows\SystemApps\Microsoft.AsyncTextService_8wekyb3d8bbwe,1.0,,
7903,Biometric Enrollment Host,10.0,Microsoft Corporation Inc.,Application,,C:\Windows\SystemApps\Microsoft.BioEnrollment_cw5n1h2txyewy,1.0,,
7903,BMC Client Management Agent,24.1.01.240624,BMC Software Inc.,Application,,C:\Program Files\BMC Software\Client Management\Client\bin,1.0,,
7903,BMC Client Management Certificate Generator,24.1.01.240624,BMC Software Inc.,Application,,C:\Program Files\BMC Software\Client Management\Client\bin,1.0,,
7903,BMC Client Management Chilli Interpreter,24.1.01.240624,BMC Software Inc.,Application,,C:\Program Files\BMC Software\Client Management\Client\bin,1.0,,
7903,BMC Client Management Direct Access Proxy Agent,24.1.01.240624,BMC Software Inc.,Application,,C:\Program Files\BMC Software\Client Management\Client\bin,1.0,,
7903,BMC Client Management Opswat Proxy Agent,24.1.01.240624,BMC Software Inc.,Application,,C:\Program Files\BMC Software\Client Management\Client\bin,1.0,,
7903,BMC Client Management Package Viewer,24.1.01.240624,BMC Software Inc.,Application,,C:\Program Files\BMC Software\Client Management\Client\bin,1.0,,
7903,BMC Client Management Patch Broker,24.1.01.240624,BMC Software Inc.,Application,,C:\Program Files\BMC Software\Client Management\Client\bin,1.0,,
7903,BMC Client Management Proxy Agent,24.1.01.240624,BMC Software Inc.,Application,,C:\Program Files\BMC Software\Client Management\Client\bin,1.0,,
7903,BMC Client Management Remote Control proxy,24.1.01.240624,BMC Software Inc.,Application,,C:\Program Files\BMC Software\Client Management\Client\bin,1.0,,
7903,BMC Client Management SCAP,24.1.01.240624,BMC Software Inc.,Application,,C:\Program Files\BMC Software\Client Management\Client\bin,1.0,,
7903,BMC Client Management Video Proxy Agent,24.1.01.240624,BMC Software Inc.,Application,,C:\Program Files\BMC Software\Client Management\Client\bin,1.0,,
7903,Boot File Servicing Utility,10.0,Microsoft Corporation Inc.,Application,,C:\Windows,1.0,,
7903,BrowserCore,10.0,Microsoft Corporation Inc.,Application,,C:\Windows\BrowserCore,1.0,,
7903,Calling App to host call progress on shell,10.0,Microsoft Corporation Inc.,Application,,C:\Windows\SystemApps\Microsoft.Windows.CallingShellApp_cw5n1h2txyewy,1.0,,
7903,CameraBarcodeScannerPreview,10.0,Microsoft Corporation Inc.,Application,,C:\Windows\SystemApps\Windows.CBSPreview_cw5n1h2txyewy,1.0,,
7903,CL5,9.6,Ivanti,Application,,C:\Program Files\BMC Software\Client Management\Client\data\PatchManagementPremium\workspace,7.0,,
7903,ClickOnce,4.8,Microsoft Corporation Inc.,Application,,C:\Windows\Microsoft.NET\Framework64\v4.0.30319,3.0,,
7903,Common User Interface,5.8,Musarubra US LLC.,Application,,C:\Program Files\McAfee\Agent\x86,1.0,,
7903,Credential Dialog Host,10.0,Microsoft Corporation Inc.,Application,,C:\Windows\SystemApps\microsoft.creddialoghost_cw5n1h2txyewy,1.0,,
7903,CrowdStrike Device Control,7.29,CrowdStrike Inc.,Add/Remove Programs,"November 14, 2025 12:00:00 AM",,,,
7903,CrowdStrike Device Control Support Tool,7.29,CrowdStrike Inc.,Application,,C:\Program Files\CrowdStrike,1.0,,
7903,CrowdStrike Falcon Connector,7.32,CrowdStrike Inc.,Application,,C:\Program Files\CrowdStrike,1.0,,
7903,CrowdStrike Falcon Sensor,7.32,CrowdStrike Inc.,Application,,C:\Program Files\CrowdStrike,1.0,,
7903,CrowdStrike Falcon Sensor Controller,7.32,CrowdStrike Inc.,Application,,C:\Program Files\CrowdStrike,1.0,,
7903,CrowdStrike Falcon Sensor Service,7.32,CrowdStrike Inc.,Application,,C:\Program Files\CrowdStrike,1.0,,
7903,CrowdStrike Falcon Sensor Servlet Container,7.32,CrowdStrike Inc.,Application,,C:\Program Files\CrowdStrike,1.0,,
7903,CrowdStrike Falcon Sensor Settings Tool,7.32,CrowdStrike Inc.,Application,,C:\Program Files\CrowdStrike,1.0,,
7903,CrowdStrike Falcon Sensor System Tray Application,7.32,CrowdStrike Inc.,Application,,C:\Program Files\CrowdStrike,2.0,,
7903,CrowdStrike Firmware Analysis,7.14,CrowdStrike Inc.,Add/Remove Programs,"July 24, 2025 12:00:00 AM",,,,
7903,CrowdStrike Firmware Analysis Support Tool,7.14,CrowdStrike Inc.,Application,,C:\Program Files\CrowdStrike,1.0,,
7903,CrowdStrike On-Demand Scan Command-line Tool,7.32,CrowdStrike Inc.,Application,,C:\Program Files\CrowdStrike,1.0,,
7903,CrowdStrike On-Demand Scan Tool,7.32,CrowdStrike Inc.,Application,,C:\Program Files\CrowdStrike,1.0,,
7903,CrowdStrike Sensor Platform,7.32,CrowdStrike Inc.,Add/Remove Programs,"January 14, 2026 12:00:00 AM",,,,
7903,CrowdStrike Windows Sensor,7.32,CrowdStrike Inc.,Add/Remove Programs,"January 14, 2026 12:00:00 AM",,,,
7417,.NET Framework,3.0,Microsoft Corporation Inc.,Application,,C:\Windows\Microsoft.NET\Framework64\v3.0\Windows Communication Foundation,2.0,,
7417,.NET Runtime Optimization Service,2.0,Microsoft Corporation Inc.,Application,,C:\Windows\Microsoft.NET\Framework64\v2.0.50727,2.0,,
7417,.NET Runtime Optimization Service,4.8,Microsoft Corporation Inc.,Application,,C:\Windows\Microsoft.NET\Framework64\v4.0.30319,2.0,,
7417,64Bit MAPI Mail Agent,1.0,Foxit Software Inc.,Application,,C:\Program Files (x86)\Foxit Software\Foxit PDF Reader,1.0,,
7417,7-Zip 24.08 (x64 edition),24.08,Igor Pavlov,Add/Remove Programs,"November 26, 2024 12:00:00 AM",,,,
7417,7-Zip Console,24.08,Igor Pavlov,Application,,C:\Program Files\7-Zip,1.0,,
7417,7-Zip File Manager,24.08,Igor Pavlov,Application,,C:\Program Files\7-Zip,1.0,,
7417,7-Zip GUI,24.08,Igor Pavlov,Application,,C:\Program Files\7-Zip,1.0,,
7417,Accounts Control Host,10.0,Microsoft Corporation Inc.,Application,,C:\Windows\SystemApps\Microsoft.AccountsControl_cw5n1h2txyewy,1.0,,
7417,AddSuggestedFoldersToLibraryDialog,10.0,Microsoft Corporation Inc.,Application,,C:\Windows\SystemApps\Microsoft.Windows.AddSuggestedFoldersToLibraryDialog_cw5n1h2txyewy,1.0,,
7417,Antimalware Core Service,4.18,Microsoft Corporation Inc.,Application,,C:\Program Files\Windows Defender,1.0,,
7417,Antimalware Service Executable,4.18,Microsoft Corporation Inc.,Application,,C:\Program Files\Windows Defender,1.0,,
7417,AppResolverUX,10.0,Microsoft Corporation Inc.,Application,,C:\Windows\SystemApps\Microsoft.Windows.AppResolverUX_cw5n1h2txyewy,1.0,,
7417,AsyncTextService,10.0,Microsoft Corporation Inc.,Application,,C:\Windows\SystemApps\Microsoft.AsyncTextService_8wekyb3d8bbwe,1.0,,
7417,Biometric Enrollment Host,10.0,Microsoft Corporation Inc.,Application,,C:\Windows\SystemApps\Microsoft.BioEnrollment_cw5n1h2txyewy,1.0,,
7417,BMC Client Management Agent,24.1.01.240624,BMC Software Inc.,Application,,C:\Program Files\BMC Software\Client Management\Client\bin,1.0,,
7417,BMC Client Management Certificate Generator,24.1.01.240624,BMC Software Inc.,Application,,C:\Program Files\BMC Software\Client Management\Client\bin,1.0,,
7417,BMC Client Management Chilli Interpreter,24.1.01.240624,BMC Software Inc.,Application,,C:\Program Files\BMC Software\Client Management\Client\bin,1.0,,
7417,BMC Client Management Direct Access Proxy Agent,24.1.01.240624,BMC Software Inc.,Application,,C:\Program Files\BMC Software\Client Management\Client\bin,1.0,,
7417,BMC Client Management Opswat Proxy Agent,24.1.01.240624,BMC Software Inc.,Application,,C:\Program Files\BMC Software\Client Management\Client\bin,1.0,,
7417,BMC Client Management Package Viewer,24.1.01.240624,BMC Software Inc.,Application,,C:\Program Files\BMC Software\Client Management\Client\bin,1.0,,
7417,BMC Client Management Patch Broker,24.1.01.240624,BMC Software Inc.,Application,,C:\Program Files\BMC Software\Client Management\Client\bin,1.0,,
7417,BMC Client Management Proxy Agent,24.1.01.240624,BMC Software Inc.,Application,,C:\Program Files\BMC Software\Client Management\Client\bin,1.0,,
7417,BMC Client Management Remote Control proxy,24.1.01.240624,BMC Software Inc.,Application,,C:\Program Files\BMC Software\Client Management\Client\bin,1.0,,
7417,BMC Client Management SCAP,24.1.01.240624,BMC Software Inc.,Application,,C:\Program Files\BMC Software\Client Management\Client\bin,1.0,,
7417,BMC Client Management Video Proxy Agent,24.1.01.240624,BMC Software Inc.,Application,,C:\Program Files\BMC Software\Client Management\Client\bin,1.0,,
7417,Boot File Servicing Utility,10.0,Microsoft Corporation Inc.,Application,,C:\Windows,1.0,,
7417,Browser Protection Native Messaging Host,4.18,Microsoft Corporation Inc.,Application,,C:\Program Files\Windows Defender,1.0,,
7417,BrowserCore,10.0,Microsoft Corporation Inc.,Application,,C:\Windows\BrowserCore,1.0,,
7417,CameraBarcodeScannerPreview,10.0,Microsoft Corporation Inc.,Application,,C:\Windows\SystemApps\Windows.CBSPreview_cw5n1h2txyewy,1.0,,
7417,ChromeEnterpriseCompanion,143.0,Google LLC,Application,,C:\Windows\SystemTemp\scoped_dir42752_1592071965\scoped_dir42752_1616454500,1.0,,
7417,CL5,9.6,Ivanti,Application,,C:\Program Files\BMC Software\Client Management\Client\data\PatchManagementPremium\workspace,6.0,,
7417,ClickOnce,4.8,Microsoft Corporation Inc.,Application,,C:\Windows\Microsoft.NET\Framework64\v4.0.30319,3.0,,
7417,Common User Interface,5.8,Musarubra US LLC.,Application,,C:\Program Files\McAfee\Agent\x86,1.0,,
7417,Copilot,144.0,Microsoft Corporation Inc.,Application,,C:\Program Files (x86)\Microsoft\EdgeWebView\Application\144.0.3719.93,7.0,,
7417,Copilot Update,1.3,Microsoft Corporation Inc.,Application,,C:\Program Files (x86)\Microsoft\EdgeUpdate,2.0,,
7417,Create a self-signed digital certificate,15.0,Microsoft Corporation Inc.,Application,,C:\Program Files\Microsoft Office\Office15,1.0,,
7417,Credential Dialog Host,10.0,Microsoft Corporation Inc.,Application,,C:\Windows\SystemApps\microsoft.creddialoghost_cw5n1h2txyewy,1.0,,
7417,CrowdStrike Device Control,7.29,CrowdStrike Inc.,Add/Remove Programs,"November 14, 2025 12:00:00 AM",,,,
7417,CrowdStrike Device Control Support Tool,7.29,CrowdStrike Inc.,Application,,C:\Program Files\CrowdStrike,1.0,,
7417,CrowdStrike Falcon Connector,7.32,CrowdStrike Inc.,Application,,C:\Program Files\CrowdStrike,1.0,,
7417,CrowdStrike Falcon Sensor,7.32,CrowdStrike Inc.,Application,,C:\Program Files\CrowdStrike,1.0,,
7417,CrowdStrike Falcon Sensor Controller,7.32,CrowdStrike Inc.,Application,,C:\Program Files\CrowdStrike,1.0,,
7417,CrowdStrike Falcon Sensor Service,7.32,CrowdStrike Inc.,Application,,C:\Program Files\CrowdStrike,1.0,,
7417,CrowdStrike Falcon Sensor Servlet Container,7.32,CrowdStrike Inc.,Application,,C:\Program Files\CrowdStrike,1.0,,
7417,CrowdStrike Falcon Sensor Settings Tool,7.32,CrowdStrike Inc.,Application,,C:\Program Files\CrowdStrike,1.0,,
7417,CrowdStrike Falcon Sensor System Tray Application,7.32,CrowdStrike Inc.,Application,,C:\Program Files\CrowdStrike,2.0,,
7417,CrowdStrike Firmware Analysis,7.14,CrowdStrike Inc.,Add/Remove Programs,"January 23, 2025 12:00:00 AM",,,,
7417,CrowdStrike Firmware Analysis Support Tool,7.14,CrowdStrike Inc.,Application,,C:\Program Files\CrowdStrike,1.0,,
7417,CrowdStrike On-Demand Scan Command-line Tool,7.32,CrowdStrike Inc.,Application,,C:\Program Files\CrowdStrike,1.0,,
18034,.NET Runtime Optimization Service,4.8,Microsoft Corporation Inc.,Application,,C:\Windows\Microsoft.NET\Framework64\v4.0.30319,2.0,,
18034,64Bit MAPI Mail Agent,1.0,Foxit Software Inc.,Application,,C:\Program Files (x86)\Foxit Software\Foxit PDF Reader,1.0,,
18034,7-Zip 24.08 (x64 edition),24.08,Igor Pavlov,Add/Remove Programs,"November 26, 2024 12:00:00 AM",,,,
18034,7-Zip Console,24.08,Igor Pavlov,Application,,C:\Program Files\7-Zip,1.0,,
18034,7-Zip File Manager,24.08,Igor Pavlov,Application,,C:\Program Files\7-Zip,1.0,,
18034,7-Zip GUI,24.08,Igor Pavlov,Application,,C:\Program Files\7-Zip,1.0,,
18034,Accounts Control Host,10.0,Microsoft Corporation Inc.,Application,,C:\Windows\SystemApps\Microsoft.AccountsControl_cw5n1h2txyewy,1.0,,
18034,AddSuggestedFoldersToLibraryDialog,10.0,Microsoft Corporation Inc.,Application,,C:\Windows\SystemApps\Microsoft.Windows.AddSuggestedFoldersToLibraryDialog_cw5n1h2txyewy,1.0,,
18034,Antimalware Core Service,4.18,Microsoft Corporation Inc.,Application,,C:\Program Files\Windows Defender,1.0,,
18034,Antimalware Service Executable,4.18,Microsoft Corporation Inc.,Application,,C:\Program Files\Windows Defender,1.0,,
18034,AppResolverUX,10.0,Microsoft Corporation Inc.,Application,,C:\Windows\SystemApps\Microsoft.Windows.AppResolverUX_cw5n1h2txyewy,1.0,,
18034,AsyncTextService,10.0,Microsoft Corporation Inc.,Application,,C:\Windows\SystemApps\Microsoft.AsyncTextService_8wekyb3d8bbwe,1.0,,
18034,Biometric Enrollment Host,10.0,Microsoft Corporation Inc.,Application,,C:\Windows\SystemApps\Microsoft.BioEnrollment_cw5n1h2txyewy,1.0,,
18034,BMC Client Management Agent,24.1.01.240624,BMC Software Inc.,Application,,C:\Program Files\BMC Software\Client Management\Client\bin,1.0,,
18034,BMC Client Management Certificate Generator,24.1.01.240624,BMC Software Inc.,Application,,C:\Program Files\BMC Software\Client Management\Client\bin,1.0,,
18034,BMC Client Management Chilli Interpreter,24.1.01.240624,BMC Software Inc.,Application,,C:\Program Files\BMC Software\Client Management\Client\bin,1.0,,
18034,BMC Client Management Direct Access Proxy Agent,24.1.01.240624,BMC Software Inc.,Application,,C:\Program Files\BMC Software\Client Management\Client\bin,1.0,,
18034,BMC Client Management Opswat Proxy Agent,24.1.01.240624,BMC Software Inc.,Application,,C:\Program Files\BMC Software\Client Management\Client\bin,1.0,,
18034,BMC Client Management Package Viewer,24.1.01.240624,BMC Software Inc.,Application,,C:\Program Files\BMC Software\Client Management\Client\bin,1.0,,
18034,BMC Client Management Patch Broker,24.1.01.240624,BMC Software Inc.,Application,,C:\Program Files\BMC Software\Client Management\Client\bin,1.0,,
18034,BMC Client Management Proxy Agent,24.1.01.240624,BMC Software Inc.,Application,,C:\Program Files\BMC Software\Client Management\Client\bin,1.0,,
18034,BMC Client Management Remote Control proxy,24.1.01.240624,BMC Software Inc.,Application,,C:\Program Files\BMC Software\Client Management\Client\bin,1.0,,
18034,BMC Client Management SCAP,24.1.01.240624,BMC Software Inc.,Application,,C:\Program Files\BMC Software\Client Management\Client\bin,1.0,,
18034,BMC Client Management SFX,24.1.01.240624,BMC Software Inc.,Application,,C:\Users\joinuser.maftuh\Downloads,2.0,,
18034,BMC Client Management Video Proxy Agent,24.1.01.240624,BMC Software Inc.,Application,,C:\Program Files\BMC Software\Client Management\Client\bin,1.0,,
18034,Boot File Servicing Utility,10.0,Microsoft Corporation Inc.,Application,,C:\Windows,1.0,,
18034,Browser Protection Native Messaging Host,4.18,Microsoft Corporation Inc.,Application,,C:\Program Files\Windows Defender,1.0,,
18034,BrowserCore,10.0,Microsoft Corporation Inc.,Application,,C:\Windows\BrowserCore,1.0,,
18034,CameraBarcodeScannerPreview,10.0,Microsoft Corporation Inc.,Application,,C:\Windows\SystemApps\Windows.CBSPreview_cw5n1h2txyewy,1.0,,
18034,CL5,9.6,Ivanti,Application,,C:\Program Files\BMC Software\Client Management\Client\data\PatchManagementPremium\workspace,3.0,,
18034,ClickOnce,4.8,Microsoft Corporation Inc.,Application,,C:\Windows\Microsoft.NET\Framework64\v4.0.30319,3.0,,
18034,Common User Interface,5.8,Musarubra US LLC.,Application,,C:\Program Files\McAfee\Agent\x86,1.0,,
18034,Copilot,144.0,Microsoft Corporation Inc.,Application,,C:\Program Files (x86)\Microsoft\EdgeWebView\Application\144.0.3719.93,7.0,,
18034,Copilot Update,1.3,Microsoft Corporation Inc.,Application,,C:\Program Files (x86)\Microsoft\EdgeUpdate,2.0,,
18034,Create a self-signed digital certificate,15.0,Microsoft Corporation Inc.,Application,,C:\Program Files\Microsoft Office\Office15,1.0,,
18034,Credential Dialog Host,10.0,Microsoft Corporation Inc.,Application,,C:\Windows\SystemApps\microsoft.creddialoghost_cw5n1h2txyewy,1.0,,
18034,CrowdStrike Device Control,7.29,CrowdStrike Inc.,Add/Remove Programs,"November 14, 2025 12:00:00 AM",,,,
18034,CrowdStrike Device Control Support Tool,7.29,CrowdStrike Inc.,Application,,C:\Program Files\CrowdStrike,1.0,,
18034,CrowdStrike Falcon Connector,7.32,CrowdStrike Inc.,Application,,C:\Program Files\CrowdStrike,1.0,,
18034,CrowdStrike Falcon Sensor,7.32,CrowdStrike Inc.,Application,,C:\Program Files\CrowdStrike,1.0,,
18034,CrowdStrike Falcon Sensor Controller,7.32,CrowdStrike Inc.,Application,,C:\Program Files\CrowdStrike,1.0,,
18034,CrowdStrike Falcon Sensor Service,7.32,CrowdStrike Inc.,Application,,C:\Program Files\CrowdStrike,1.0,,
18034,CrowdStrike Falcon Sensor Servlet Container,7.32,CrowdStrike Inc.,Application,,C:\Program Files\CrowdStrike,1.0,,
18034,CrowdStrike Falcon Sensor Settings Tool,7.32,CrowdStrike Inc.,Application,,C:\Program Files\CrowdStrike,1.0,,
18034,CrowdStrike Falcon Sensor System Tray Application,7.32,CrowdStrike Inc.,Application,,C:\Program Files\CrowdStrike,2.0,,
18034,CrowdStrike Firmware Analysis,7.14,CrowdStrike Inc.,Add/Remove Programs,"January 23, 2025 12:00:00 AM",,,,
18034,CrowdStrike Firmware Analysis Support Tool,7.14,CrowdStrike Inc.,Application,,C:\Program Files\CrowdStrike,1.0,,
18034,CrowdStrike Forensic Data Collection Tool,1.0,CrowdStrike Inc.,Application,,C:,1.0,,
18034,CrowdStrike On-Demand Scan Command-line Tool,7.32,CrowdStrike Inc.,Application,,C:\Program Files\CrowdStrike,1.0,,
18034,CrowdStrike On-Demand Scan Tool,7.32,CrowdStrike Inc.,Application,,C:\Program Files\CrowdStrike,1.0,,
7256,.NET Framework,3.0,Microsoft Corporation Inc.,Application,,C:\Windows\Microsoft.NET\Framework64\v3.0\Windows Communication Foundation,2.0,,
7256,.NET Runtime Optimization Service,4.8,Microsoft Corporation Inc.,Application,,C:\Windows\Microsoft.NET\Framework64\v4.0.30319,2.0,,
7256,.NET Runtime Optimization Service,2.0,Microsoft Corporation Inc.,Application,,C:\Windows\Microsoft.NET\Framework64\v2.0.50727,2.0,,
7256,64Bit MAPI Mail Agent,1.0,Foxit Software Inc.,Application,,C:\Program Files (x86)\Foxit Software\Foxit PDF Reader,1.0,,
7256,7-Zip 24.08 (x64 edition),24.08,Igor Pavlov,Add/Remove Programs,"December 02, 2024 12:00:00 AM",,,,
7256,7-Zip Console,24.08,Igor Pavlov,Application,,C:\Program Files\7-Zip,1.0,,
7256,7-Zip File Manager,24.08,Igor Pavlov,Application,,C:\Program Files\7-Zip,1.0,,
7256,7-Zip GUI,24.08,Igor Pavlov,Application,,C:\Program Files\7-Zip,1.0,,
7256,AAD token broker plugin,10.0,Microsoft Corporation Inc.,Application,,C:\Windows\SystemApps\Microsoft.AAD.BrokerPlugin_cw5n1h2txyewy,1.0,,
7256,Accounts Control Host,10.0,Microsoft Corporation Inc.,Application,,C:\Windows\SystemApps\Microsoft.AccountsControl_cw5n1h2txyewy,1.0,,
7256,AddSuggestedFoldersToLibraryDialog,10.0,Microsoft Corporation Inc.,Application,,C:\Windows\SystemApps\Microsoft.Windows.AddSuggestedFoldersToLibraryDialog_cw5n1h2txyewy,1.0,,
7256,Antimalware Service Executable,4.18,Microsoft Corporation Inc.,Application,,C:\Program Files\Windows Defender,1.0,,
7256,AppResolverUX,10.0,Microsoft Corporation Inc.,Application,,C:\Windows\SystemApps\Microsoft.Windows.AppResolverUX_cw5n1h2txyewy,1.0,,
7256,AsyncTextService,10.0,Microsoft Corporation Inc.,Application,,C:\Windows\SystemApps\Microsoft.AsyncTextService_8wekyb3d8bbwe,1.0,,
7256,Biometric Enrollment Host,10.0,Microsoft Corporation Inc.,Application,,C:\Windows\SystemApps\Microsoft.BioEnrollment_cw5n1h2txyewy,1.0,,
7256,BMC Client Management Agent,24.1.01.240624,BMC Software Inc.,Application,,C:\Program Files\BMC Software\Client Management\Client\bin,1.0,,
7256,BMC Client Management Certificate Generator,24.1.01.240624,BMC Software Inc.,Application,,C:\Program Files\BMC Software\Client Management\Client\bin,1.0,,
7256,BMC Client Management Chilli Interpreter,24.1.01.240624,BMC Software Inc.,Application,,C:\Program Files\BMC Software\Client Management\Client\bin,1.0,,
7256,BMC Client Management Direct Access Proxy Agent,24.1.01.240624,BMC Software Inc.,Application,,C:\Program Files\BMC Software\Client Management\Client\bin,1.0,,
7256,BMC Client Management Opswat Proxy Agent,24.1.01.240624,BMC Software Inc.,Application,,C:\Program Files\BMC Software\Client Management\Client\bin,1.0,,
7256,BMC Client Management Package Viewer,24.1.01.240624,BMC Software Inc.,Application,,C:\Program Files\BMC Software\Client Management\Client\bin,1.0,,
7256,BMC Client Management Patch Broker,24.1.01.240624,BMC Software Inc.,Application,,C:\Program Files\BMC Software\Client Management\Client\bin,1.0,,
7256,BMC Client Management Proxy Agent,24.1.01.240624,BMC Software Inc.,Application,,C:\Program Files\BMC Software\Client Management\Client\bin,1.0,,
7256,BMC Client Management Remote Control proxy,24.1.01.240624,BMC Software Inc.,Application,,C:\Program Files\BMC Software\Client Management\Client\bin,1.0,,
7256,BMC Client Management SCAP,24.1.01.240624,BMC Software Inc.,Application,,C:\Program Files\BMC Software\Client Management\Client\bin,1.0,,
7256,BMC Client Management Video Proxy Agent,24.1.01.240624,BMC Software Inc.,Application,,C:\Program Files\BMC Software\Client Management\Client\bin,1.0,,
7256,Boot File Servicing Utility,10.0,Microsoft Corporation Inc.,Application,,C:\Windows,1.0,,
7256,BrowserCore,10.0,Microsoft Corporation Inc.,Application,,C:\Windows\BrowserCore,1.0,,
7256,Calling App to host call progress on shell,10.0,Microsoft Corporation Inc.,Application,,C:\Windows\SystemApps\Microsoft.Windows.CallingShellApp_cw5n1h2txyewy,1.0,,
7256,CameraBarcodeScannerPreview,10.0,Microsoft Corporation Inc.,Application,,C:\Windows\SystemApps\Windows.CBSPreview_cw5n1h2txyewy,1.0,,
7256,CL5,9.6,Ivanti,Application,,C:\Program Files\BMC Software\Client Management\Client\data\PatchManagementPremium\workspace,2.0,,
7256,ClickOnce,4.8,Microsoft Corporation Inc.,Application,,C:\Windows\Microsoft.NET\Framework64\v4.0.30319,3.0,,
7256,Common User Interface,5.8,Musarubra US LLC.,Application,,C:\Program Files\McAfee\Agent\x86,1.0,,
7256,Credential Dialog Host,10.0,Microsoft Corporation Inc.,Application,,C:\Windows\SystemApps\microsoft.creddialoghost_cw5n1h2txyewy,1.0,,
7256,CrowdStrike Device Control,7.29,CrowdStrike Inc.,Add/Remove Programs,"November 14, 2025 12:00:00 AM",,,,
7256,CrowdStrike Device Control Support Tool,7.29,CrowdStrike Inc.,Application,,C:\Program Files\CrowdStrike,1.0,,
7256,CrowdStrike Falcon Connector,7.32,CrowdStrike Inc.,Application,,C:\Program Files\CrowdStrike,1.0,,
7256,CrowdStrike Falcon Sensor,7.32,CrowdStrike Inc.,Application,,C:\Program Files\CrowdStrike,1.0,,
7256,CrowdStrike Falcon Sensor Controller,7.32,CrowdStrike Inc.,Application,,C:\Program Files\CrowdStrike,1.0,,
7256,CrowdStrike Falcon Sensor Service,7.32,CrowdStrike Inc.,Application,,C:\Program Files\CrowdStrike,1.0,,
7256,CrowdStrike Falcon Sensor Servlet Container,7.32,CrowdStrike Inc.,Application,,C:\Program Files\CrowdStrike,1.0,,
7256,CrowdStrike Falcon Sensor Settings Tool,7.32,CrowdStrike Inc.,Application,,C:\Program Files\CrowdStrike,1.0,,
7256,CrowdStrike Falcon Sensor System Tray Application,7.32,CrowdStrike Inc.,Application,,C:\Program Files\CrowdStrike,2.0,,
7256,CrowdStrike Firmware Analysis,7.14,CrowdStrike Inc.,Add/Remove Programs,"June 18, 2025 12:00:00 AM",,,,
7256,CrowdStrike Firmware Analysis Support Tool,7.14,CrowdStrike Inc.,Application,,C:\Program Files\CrowdStrike,1.0,,
7256,CrowdStrike On-Demand Scan Command-line Tool,7.32,CrowdStrike Inc.,Application,,C:\Program Files\CrowdStrike,1.0,,
7256,CrowdStrike On-Demand Scan Tool,7.32,CrowdStrike Inc.,Application,,C:\Program Files\CrowdStrike,1.0,,
7256,CrowdStrike Sensor Platform,7.32,CrowdStrike Inc.,Add/Remove Programs,"January 14, 2026 12:00:00 AM",,,,
7256,CrowdStrike Windows Sensor,7.32,CrowdStrike Inc.,Add/Remove Programs,"January 14, 2026 12:00:00 AM",,,,
7256,CrowdStrike Windows Sensor,6.54,CrowdStrike Inc.,Application,,D:\login\crowdstrike,1.0,,
7619,.NET Framework,3.0,Microsoft Corporation Inc.,Application,,C:\Windows\Microsoft.NET\Framework64\v3.0\Windows Communication Foundation,2.0,,
7619,.NET Runtime Optimization Service,2.0,Microsoft Corporation Inc.,Application,,C:\Windows\Microsoft.NET\Framework64\v2.0.50727,2.0,,
7619,.NET Runtime Optimization Service,4.8,Microsoft Corporation Inc.,Application,,C:\Windows\Microsoft.NET\Framework64\v4.0.30319,2.0,,
7619,64Bit MAPI Mail Agent,1.0,Foxit Software Inc.,Application,,C:\Program Files (x86)\Foxit Software\Foxit PDF Reader,1.0,,
7619,7-Zip 24.08 (x64 edition),24.08,Igor Pavlov,Add/Remove Programs,"November 29, 2024 12:00:00 AM",,,,
7619,7-Zip Console,24.08,Igor Pavlov,Application,,C:\Program Files\7-Zip,1.0,,
7619,7-Zip File Manager,24.08,Igor Pavlov,Application,,C:\Program Files\7-Zip,1.0,,
7619,7-Zip GUI,24.08,Igor Pavlov,Application,,C:\Program Files\7-Zip,1.0,,
7619,AAD token broker plugin,10.0,Microsoft Corporation Inc.,Application,,C:\Windows\SystemApps\Microsoft.AAD.BrokerPlugin_cw5n1h2txyewy,1.0,,
7619,Accounts Control Host,10.0,Microsoft Corporation Inc.,Application,,C:\Windows\SystemApps\Microsoft.AccountsControl_cw5n1h2txyewy,1.0,,
7619,AddSuggestedFoldersToLibraryDialog,10.0,Microsoft Corporation Inc.,Application,,C:\Windows\SystemApps\Microsoft.Windows.AddSuggestedFoldersToLibraryDialog_cw5n1h2txyewy,1.0,,
7619,Antimalware Service Executable,4.18,Microsoft Corporation Inc.,Application,,C:\Program Files\Windows Defender,1.0,,
7619,AppResolverUX,10.0,Microsoft Corporation Inc.,Application,,C:\Windows\SystemApps\Microsoft.Windows.AppResolverUX_cw5n1h2txyewy,1.0,,
7619,AsyncTextService,10.0,Microsoft Corporation Inc.,Application,,C:\Windows\SystemApps\Microsoft.AsyncTextService_8wekyb3d8bbwe,1.0,,
7619,Biometric Enrollment Host,10.0,Microsoft Corporation Inc.,Application,,C:\Windows\SystemApps\Microsoft.BioEnrollment_cw5n1h2txyewy,1.0,,
7619,BMC Client Management Agent,24.1.01.240624,BMC Software Inc.,Application,,C:\Program Files\BMC Software\Client Management\Client\bin,1.0,,
7619,BMC Client Management Certificate Generator,24.1.01.240624,BMC Software Inc.,Application,,C:\Program Files\BMC Software\Client Management\Client\bin,1.0,,
7619,BMC Client Management Chilli Interpreter,24.1.01.240624,BMC Software Inc.,Application,,C:\Program Files\BMC Software\Client Management\Client\bin,1.0,,
7619,BMC Client Management Direct Access Proxy Agent,24.1.01.240624,BMC Software Inc.,Application,,C:\Program Files\BMC Software\Client Management\Client\bin,1.0,,
7619,BMC Client Management Opswat Proxy Agent,24.1.01.240624,BMC Software Inc.,Application,,C:\Program Files\BMC Software\Client Management\Client\bin,1.0,,
7619,BMC Client Management Package Viewer,24.1.01.240624,BMC Software Inc.,Application,,C:\Program Files\BMC Software\Client Management\Client\bin,1.0,,
7619,BMC Client Management Patch Broker,24.1.01.240624,BMC Software Inc.,Application,,C:\Program Files\BMC Software\Client Management\Client\bin,1.0,,
7619,BMC Client Management Proxy Agent,24.1.01.240624,BMC Software Inc.,Application,,C:\Program Files\BMC Software\Client Management\Client\bin,1.0,,
7619,BMC Client Management Remote Control proxy,24.1.01.240624,BMC Software Inc.,Application,,C:\Program Files\BMC Software\Client Management\Client\bin,1.0,,
7619,BMC Client Management SCAP,24.1.01.240624,BMC Software Inc.,Application,,C:\Program Files\BMC Software\Client Management\Client\bin,1.0,,
7619,BMC Client Management Video Proxy Agent,24.1.01.240624,BMC Software Inc.,Application,,C:\Program Files\BMC Software\Client Management\Client\bin,1.0,,
7619,Boot File Servicing Utility,10.0,Microsoft Corporation Inc.,Application,,C:\Windows,1.0,,
7619,BrowserCore,10.0,Microsoft Corporation Inc.,Application,,C:\Windows\BrowserCore,1.0,,
7619,Calling App to host call progress on shell,10.0,Microsoft Corporation Inc.,Application,,C:\Windows\SystemApps\Microsoft.Windows.CallingShellApp_cw5n1h2txyewy,1.0,,
7619,CameraBarcodeScannerPreview,10.0,Microsoft Corporation Inc.,Application,,C:\Windows\SystemApps\Windows.CBSPreview_cw5n1h2txyewy,1.0,,
7619,ChromeEnterpriseCompanion,143.0,Google LLC,Application,,C:\Windows\SystemTemp\scoped_dir10136_445084690\scoped_dir10136_1744464138,1.0,,
7619,CL5,9.6,Ivanti,Application,,C:\Program Files\BMC Software\Client Management\Client\data\PatchManagementPremium\workspace,1.0,,
7619,ClickOnce,4.8,Microsoft Corporation Inc.,Application,,C:\Windows\Microsoft.NET\Framework64\v4.0.30319,3.0,,
7619,Common User Interface,5.8,Musarubra US LLC.,Application,,C:\Program Files\McAfee\Agent\x86,1.0,,
7619,Copilot Update,1.3,Microsoft Corporation Inc.,Application,,C:\Program Files (x86)\Microsoft\EdgeUpdate,2.0,,
7619,Create a self-signed digital certificate,15.0,Microsoft Corporation Inc.,Application,,C:\Program Files\Microsoft Office\Office15,1.0,,
7619,Credential Dialog Host,10.0,Microsoft Corporation Inc.,Application,,C:\Windows\SystemApps\microsoft.creddialoghost_cw5n1h2txyewy,1.0,,
7619,CrowdStrike Device Control,7.29,CrowdStrike Inc.,Add/Remove Programs,"November 14, 2025 12:00:00 AM",,,,
7619,CrowdStrike Device Control Support Tool,7.29,CrowdStrike Inc.,Application,,C:\Program Files\CrowdStrike,1.0,,
7619,CrowdStrike Falcon Connector,7.32,CrowdStrike Inc.,Application,,C:\Program Files\CrowdStrike,1.0,,
7619,CrowdStrike Falcon Sensor,7.32,CrowdStrike Inc.,Application,,C:\Program Files\CrowdStrike,1.0,,
7619,CrowdStrike Falcon Sensor Controller,7.32,CrowdStrike Inc.,Application,,C:\Program Files\CrowdStrike,1.0,,
7619,CrowdStrike Falcon Sensor Service,7.32,CrowdStrike Inc.,Application,,C:\Program Files\CrowdStrike,1.0,,
7619,CrowdStrike Falcon Sensor Servlet Container,7.32,CrowdStrike Inc.,Application,,C:\Program Files\CrowdStrike,1.0,,
7619,CrowdStrike Falcon Sensor Settings Tool,7.32,CrowdStrike Inc.,Application,,C:\Program Files\CrowdStrike,1.0,,
7619,CrowdStrike Falcon Sensor System Tray Application,7.32,CrowdStrike Inc.,Application,,C:\Program Files\CrowdStrike,2.0,,
7619,CrowdStrike Firmware Analysis,7.14,CrowdStrike Inc.,Add/Remove Programs,"July 24, 2025 12:00:00 AM",,,,
7619,CrowdStrike Firmware Analysis Support Tool,7.14,CrowdStrike Inc.,Application,,C:\Program Files\CrowdStrike,1.0,,
7619,CrowdStrike On-Demand Scan Command-line Tool,7.32,CrowdStrike Inc.,Application,,C:\Program Files\CrowdStrike,1.0,,
7619,CrowdStrike On-Demand Scan Tool,7.32,CrowdStrike Inc.,Application,,C:\Program Files\CrowdStrike,1.0,,
17338,.NET Runtime Optimization Service,4.8,Microsoft Corporation Inc.,Application,,C:\Windows\Microsoft.NET\Framework64\v4.0.30319,2.0,,
17338,64Bit MAPI Mail Agent,1.0,Foxit Software Inc.,Application,,C:\Program Files (x86)\Foxit Software\Foxit PDF Reader,1.0,,
17338,7-Zip 23.01 (x64),23.01,Igor Pavlov,Add/Remove Programs,,C:\Program Files\7-Zip\,,,
17338,7-Zip Console,23.01,Igor Pavlov,Application,,C:\Program Files\7-Zip,1.0,,
17338,7-Zip File Manager,23.01,Igor Pavlov,Application,,C:\Program Files\7-Zip,1.0,,
17338,7-Zip GUI,23.01,Igor Pavlov,Application,,C:\Program Files\7-Zip,1.0,,
17338,Accounts Control Host,10.0,Microsoft Corporation Inc.,Application,,C:\Windows\SystemApps\Microsoft.AccountsControl_cw5n1h2txyewy,1.0,,
17338,AddSuggestedFoldersToLibraryDialog,10.0,Microsoft Corporation Inc.,Application,,C:\Windows\SystemApps\Microsoft.Windows.AddSuggestedFoldersToLibraryDialog_cw5n1h2txyewy,1.0,,
17338,Antimalware Core Service,4.18,Microsoft Corporation Inc.,Application,,C:\Program Files\Windows Defender,1.0,,
17338,Antimalware Service Executable,4.18,Microsoft Corporation Inc.,Application,,C:\Program Files\Windows Defender,1.0,,
17338,AppFollower,1.3,Conexant Systems Inc.,Application,,C:\Program Files\CONEXANT\Flow,1.0,,
17338,AppResolverUX,10.0,Microsoft Corporation Inc.,Application,,C:\Windows\SystemApps\Microsoft.Windows.AppResolverUX_cw5n1h2txyewy,1.0,,
17338,AsyncTextService,10.0,Microsoft Corporation Inc.,Application,,C:\Windows\SystemApps\Microsoft.AsyncTextService_8wekyb3d8bbwe,1.0,,
17338,Audio Control,4.0,Conexant Systems LLC.,Application,,C:\Program Files\CONEXANT\Install\Audio\SA3\SA3\Dyson,2.0,,
17338,Audio Controls Control Panel,4.0,Conexant Systems LLC.,Application,,C:\Program Files\CONEXANT\SA3\HP-NB-AIO,3.0,,
17338,Bang & Olufsen,4.0,Conexant Systems LLC.,Application,,C:\Program Files\CONEXANT\Install\Audio\SA3\SA3\BandO,2.0,,
17338,Biometric Enrollment Host,10.0,Microsoft Corporation Inc.,Application,,C:\Windows\SystemApps\Microsoft.BioEnrollment_cw5n1h2txyewy,1.0,,
17338,BMC Client Management Agent,24.1.01.240624,BMC Software Inc.,Application,,C:\Program Files\BMC Software\Client Management\Client\bin,1.0,,
17338,BMC Client Management Certificate Generator,24.1.01.240624,BMC Software Inc.,Application,,C:\Program Files\BMC Software\Client Management\Client\bin,1.0,,
17338,BMC Client Management Chilli Interpreter,24.1.01.240624,BMC Software Inc.,Application,,C:\Program Files\BMC Software\Client Management\Client\bin,1.0,,
17338,BMC Client Management Direct Access Proxy Agent,24.1.01.240624,BMC Software Inc.,Application,,C:\Program Files\BMC Software\Client Management\Client\bin,1.0,,
17338,BMC Client Management Opswat Proxy Agent,24.1.01.240624,BMC Software Inc.,Application,,C:\Program Files\BMC Software\Client Management\Client\bin,1.0,,
17338,BMC Client Management Package Viewer,24.1.01.240624,BMC Software Inc.,Application,,C:\Program Files\BMC Software\Client Management\Client\bin,1.0,,
17338,BMC Client Management Patch Broker,24.1.01.240624,BMC Software Inc.,Application,,C:\Program Files\BMC Software\Client Management\Client\bin,1.0,,
17338,BMC Client Management Proxy Agent,24.1.01.240624,BMC Software Inc.,Application,,C:\Program Files\BMC Software\Client Management\Client\bin,1.0,,
17338,BMC Client Management Remote Control proxy,24.1.01.240624,BMC Software Inc.,Application,,C:\Program Files\BMC Software\Client Management\Client\bin,1.0,,
17338,BMC Client Management SCAP,24.1.01.240624,BMC Software Inc.,Application,,C:\Program Files\BMC Software\Client Management\Client\bin,1.0,,
17338,BMC Client Management Video Proxy Agent,24.1.01.240624,BMC Software Inc.,Application,,C:\Program Files\BMC Software\Client Management\Client\bin,1.0,,
17338,Boot File Servicing Utility,10.0,Microsoft Corporation Inc.,Application,,C:\Windows,1.0,,
17338,Browser Protection Native Messaging Host,4.18,Microsoft Corporation Inc.,Application,,C:\Program Files\Windows Defender,1.0,,
17338,BrowserCore,10.0,Microsoft Corporation Inc.,Application,,C:\Windows\BrowserCore,1.0,,
17338,CameraBarcodeScannerPreview,10.0,Microsoft Corporation Inc.,Application,,C:\Windows\SystemApps\Windows.CBSPreview_cw5n1h2txyewy,1.0,,
17338,CL5,9.6,Ivanti,Application,,C:\Program Files\BMC Software\Client Management\Client\data\PatchManagementPremium\workspace,1.0,,
17338,ClickOnce,4.8,Microsoft Corporation Inc.,Application,,C:\Windows\Microsoft.NET\Framework64\v4.0.30319,3.0,,
17338,CnxtNotify,1.0,Conexant Systems Inc.,Application,,C:\Program Files\CONEXANT\SA3\HP-NB-AIO,1.0,,
17338,Common User Interface,5.8,Musarubra US LLC.,Application,,C:\Program Files\McAfee\Agent\x86,1.0,,
17338,Copilot,144.0,Microsoft Corporation Inc.,Application,,C:\Program Files (x86)\Microsoft\EdgeWebView\Application\144.0.3719.115,5.0,,
17338,Copilot Update,1.3,Microsoft Corporation Inc.,Application,,C:\Program Files (x86)\Microsoft\EdgeUpdate,2.0,,
17338,Create a self-signed digital certificate,15.0,Microsoft Corporation Inc.,Application,,C:\Program Files\Microsoft Office\Office15,1.0,,
17338,Credential Dialog Host,10.0,Microsoft Corporation Inc.,Application,,C:\Windows\SystemApps\microsoft.creddialoghost_cw5n1h2txyewy,1.0,,
17338,CrowdStrike Device Control,7.29,CrowdStrike Inc.,Add/Remove Programs,"November 14, 2025 12:00:00 AM",,,,
17338,CrowdStrike Device Control Support Tool,7.29,CrowdStrike Inc.,Application,,C:\Program Files\CrowdStrike,1.0,,
17338,CrowdStrike Falcon Connector,7.32,CrowdStrike Inc.,Application,,C:\Program Files\CrowdStrike,1.0,,
17338,CrowdStrike Falcon Sensor,7.32,CrowdStrike Inc.,Application,,C:\Program Files\CrowdStrike,1.0,,
17338,CrowdStrike Falcon Sensor Controller,7.32,CrowdStrike Inc.,Application,,C:\Program Files\CrowdStrike,1.0,,
17338,CrowdStrike Falcon Sensor Service,7.32,CrowdStrike Inc.,Application,,C:\Program Files\CrowdStrike,1.0,,
17338,CrowdStrike Falcon Sensor Servlet Container,7.32,CrowdStrike Inc.,Application,,C:\Program Files\CrowdStrike,1.0,,
17338,CrowdStrike Falcon Sensor Settings Tool,7.32,CrowdStrike Inc.,Application,,C:\Program Files\CrowdStrike,1.0,,
17338,CrowdStrike Falcon Sensor System Tray Application,7.32,CrowdStrike Inc.,Application,,C:\Program Files\CrowdStrike,2.0,,
17338,CrowdStrike Firmware Analysis,7.14,CrowdStrike Inc.,Add/Remove Programs,"July 08, 2025 12:00:00 AM",,,,
7471,.NET Framework,3.0,Microsoft Corporation Inc.,Application,,C:\Windows\Microsoft.NET\Framework64\v3.0\Windows Communication Foundation,2.0,,
7471,.NET Runtime Optimization Service,2.0,Microsoft Corporation Inc.,Application,,C:\Windows\Microsoft.NET\Framework64\v2.0.50727,2.0,,
7471,.NET Runtime Optimization Service,4.8,Microsoft Corporation Inc.,Application,,C:\Windows\Microsoft.NET\Framework64\v4.0.30319,2.0,,
7471,64Bit MAPI Mail Agent,1.0,Foxit Software Inc.,Application,,C:\Program Files (x86)\Foxit Software\Foxit PDF Reader,1.0,,
7471,7-Zip 24.08 (x64 edition),24.08,Igor Pavlov,Add/Remove Programs,"November 29, 2024 12:00:00 AM",,,,
7471,7-Zip Console,24.08,Igor Pavlov,Application,,C:\Program Files\7-Zip,1.0,,
7471,7-Zip File Manager,24.08,Igor Pavlov,Application,,C:\Program Files\7-Zip,1.0,,
7471,7-Zip GUI,24.08,Igor Pavlov,Application,,C:\Program Files\7-Zip,1.0,,
7471,Accounts Control Host,10.0,Microsoft Corporation Inc.,Application,,C:\Windows\SystemApps\Microsoft.AccountsControl_cw5n1h2txyewy,1.0,,
7471,AddSuggestedFoldersToLibraryDialog,10.0,Microsoft Corporation Inc.,Application,,C:\Windows\SystemApps\Microsoft.Windows.AddSuggestedFoldersToLibraryDialog_cw5n1h2txyewy,1.0,,
7471,Antimalware Core Service,4.18,Microsoft Corporation Inc.,Application,,C:\Program Files\Windows Defender,1.0,,
7471,Antimalware Service Executable,4.18,Microsoft Corporation Inc.,Application,,C:\Program Files\Windows Defender,1.0,,
7471,AppResolverUX,10.0,Microsoft Corporation Inc.,Application,,C:\Windows\SystemApps\Microsoft.Windows.AppResolverUX_cw5n1h2txyewy,1.0,,
7471,AsyncTextService,10.0,Microsoft Corporation Inc.,Application,,C:\Windows\SystemApps\Microsoft.AsyncTextService_8wekyb3d8bbwe,1.0,,
7471,Biometric Enrollment Host,10.0,Microsoft Corporation Inc.,Application,,C:\Windows\SystemApps\Microsoft.BioEnrollment_cw5n1h2txyewy,1.0,,
7471,BMC Client Management Agent,24.1.01.240624,BMC Software Inc.,Application,,C:\Program Files\BMC Software\Client Management\Client\bin,1.0,,
7471,BMC Client Management Certificate Generator,24.1.01.240624,BMC Software Inc.,Application,,C:\Program Files\BMC Software\Client Management\Client\bin,1.0,,
7471,BMC Client Management Chilli Interpreter,24.1.01.240624,BMC Software Inc.,Application,,C:\Program Files\BMC Software\Client Management\Client\bin,1.0,,
7471,BMC Client Management Direct Access Proxy Agent,24.1.01.240624,BMC Software Inc.,Application,,C:\Program Files\BMC Software\Client Management\Client\bin,1.0,,
7471,BMC Client Management Opswat Proxy Agent,24.1.01.240624,BMC Software Inc.,Application,,C:\Program Files\BMC Software\Client Management\Client\bin,1.0,,
7471,BMC Client Management Package Viewer,24.1.01.240624,BMC Software Inc.,Application,,C:\Program Files\BMC Software\Client Management\Client\bin,1.0,,
7471,BMC Client Management Patch Broker,24.1.01.240624,BMC Software Inc.,Application,,C:\Program Files\BMC Software\Client Management\Client\bin,1.0,,
7471,BMC Client Management Proxy Agent,24.1.01.240624,BMC Software Inc.,Application,,C:\Program Files\BMC Software\Client Management\Client\bin,1.0,,
7471,BMC Client Management Remote Control proxy,24.1.01.240624,BMC Software Inc.,Application,,C:\Program Files\BMC Software\Client Management\Client\bin,1.0,,
7471,BMC Client Management SCAP,24.1.01.240624,BMC Software Inc.,Application,,C:\Program Files\BMC Software\Client Management\Client\bin,1.0,,
7471,BMC Client Management Video Proxy Agent,24.1.01.240624,BMC Software Inc.,Application,,C:\Program Files\BMC Software\Client Management\Client\bin,1.0,,
7471,Boot File Servicing Utility,10.0,Microsoft Corporation Inc.,Application,,C:\Windows,1.0,,
7471,Browser Protection Native Messaging Host,4.18,Microsoft Corporation Inc.,Application,,C:\Program Files\Windows Defender,1.0,,
7471,BrowserCore,10.0,Microsoft Corporation Inc.,Application,,C:\Windows\BrowserCore,1.0,,
7471,CameraBarcodeScannerPreview,10.0,Microsoft Corporation Inc.,Application,,C:\Windows\SystemApps\Windows.CBSPreview_cw5n1h2txyewy,1.0,,
7471,CL5,9.6,Ivanti,Application,,C:\Program Files\BMC Software\Client Management\Client\data\PatchManagementPremium\workspace,3.0,,
7471,ClickOnce,4.8,Microsoft Corporation Inc.,Application,,C:\Windows\Microsoft.NET\Framework64\v4.0.30319,3.0,,
7471,Common User Interface,5.8,Musarubra US LLC.,Application,,C:\Program Files\McAfee\Agent\x86,1.0,,
7471,Copilot,144.0,Microsoft Corporation Inc.,Application,,C:\Program Files (x86)\Microsoft\EdgeWebView\Application\144.0.3719.93,6.0,,
7471,Copilot Update,1.3,Microsoft Corporation Inc.,Application,,C:\Program Files (x86)\Microsoft\EdgeUpdate,2.0,,
7471,Create a self-signed digital certificate,15.0,Microsoft Corporation Inc.,Application,,C:\Program Files\Microsoft Office\Office15,1.0,,
7471,Credential Dialog Host,10.0,Microsoft Corporation Inc.,Application,,C:\Windows\SystemApps\microsoft.creddialoghost_cw5n1h2txyewy,1.0,,
7471,CrowdStrike Device Control,7.29,CrowdStrike Inc.,Add/Remove Programs,"November 14, 2025 12:00:00 AM",,,,
7471,CrowdStrike Device Control Support Tool,7.29,CrowdStrike Inc.,Application,,C:\Program Files\CrowdStrike,1.0,,
7471,CrowdStrike Falcon Connector,7.32,CrowdStrike Inc.,Application,,C:\Program Files\CrowdStrike,1.0,,
7471,CrowdStrike Falcon Sensor,7.32,CrowdStrike Inc.,Application,,C:\Program Files\CrowdStrike,1.0,,
7471,CrowdStrike Falcon Sensor Controller,7.32,CrowdStrike Inc.,Application,,C:\Program Files\CrowdStrike,1.0,,
7471,CrowdStrike Falcon Sensor Service,7.32,CrowdStrike Inc.,Application,,C:\Program Files\CrowdStrike,1.0,,
7471,CrowdStrike Falcon Sensor Servlet Container,7.32,CrowdStrike Inc.,Application,,C:\Program Files\CrowdStrike,1.0,,
7471,CrowdStrike Falcon Sensor Settings Tool,7.32,CrowdStrike Inc.,Application,,C:\Program Files\CrowdStrike,1.0,,
7471,CrowdStrike Falcon Sensor System Tray Application,7.32,CrowdStrike Inc.,Application,,C:\Program Files\CrowdStrike,2.0,,
7471,CrowdStrike Firmware Analysis,7.14,CrowdStrike Inc.,Add/Remove Programs,"January 24, 2025 12:00:00 AM",,,,
7471,CrowdStrike Firmware Analysis Support Tool,7.14,CrowdStrike Inc.,Application,,C:\Program Files\CrowdStrike,1.0,,
7471,CrowdStrike On-Demand Scan Command-line Tool,7.32,CrowdStrike Inc.,Application,,C:\Program Files\CrowdStrike,1.0,,
7471,CrowdStrike On-Demand Scan Tool,7.32,CrowdStrike Inc.,Application,,C:\Program Files\CrowdStrike,1.0,,
7522,.NET Framework,3.0,Microsoft Corporation Inc.,Application,,C:\Windows\Microsoft.NET\Framework64\v3.0\Windows Communication Foundation,2.0,,
7522,.NET Runtime Optimization Service,4.8,Microsoft Corporation Inc.,Application,,C:\Windows\Microsoft.NET\Framework64\v4.0.30319,2.0,,
7522,.NET Runtime Optimization Service,2.0,Microsoft Corporation Inc.,Application,,C:\Windows\Microsoft.NET\Framework64\v2.0.50727,2.0,,
7522,64Bit MAPI Mail Agent,1.0,Foxit Software Inc.,Application,,C:\Program Files (x86)\Foxit Software\Foxit PDF Reader,1.0,,
7522,7-Zip 24.08 (x64 edition),24.08,Igor Pavlov,Add/Remove Programs,"November 28, 2024 12:00:00 AM",,,,
7522,7-Zip Console,24.08,Igor Pavlov,Application,,C:\Program Files\7-Zip,1.0,,
7522,7-Zip File Manager,24.08,Igor Pavlov,Application,,C:\Program Files\7-Zip,1.0,,
7522,7-Zip GUI,24.08,Igor Pavlov,Application,,C:\Program Files\7-Zip,1.0,,
7522,AAD token broker plugin,10.0,Microsoft Corporation Inc.,Application,,C:\Windows\SystemApps\Microsoft.AAD.BrokerPlugin_cw5n1h2txyewy,1.0,,
7522,Accounts Control Host,10.0,Microsoft Corporation Inc.,Application,,C:\Windows\SystemApps\Microsoft.AccountsControl_cw5n1h2txyewy,1.0,,
7522,AddSuggestedFoldersToLibraryDialog,10.0,Microsoft Corporation Inc.,Application,,C:\Windows\SystemApps\Microsoft.Windows.AddSuggestedFoldersToLibraryDialog_cw5n1h2txyewy,1.0,,
7522,Antimalware Service Executable,4.18,Microsoft Corporation Inc.,Application,,C:\Program Files\Windows Defender,1.0,,
7522,AppResolverUX,10.0,Microsoft Corporation Inc.,Application,,C:\Windows\SystemApps\Microsoft.Windows.AppResolverUX_cw5n1h2txyewy,1.0,,
7522,AsyncTextService,10.0,Microsoft Corporation Inc.,Application,,C:\Windows\SystemApps\Microsoft.AsyncTextService_8wekyb3d8bbwe,1.0,,
7522,Biometric Enrollment Host,10.0,Microsoft Corporation Inc.,Application,,C:\Windows\SystemApps\Microsoft.BioEnrollment_cw5n1h2txyewy,1.0,,
7522,BMC Client Management Agent,24.1.01.240624,BMC Software Inc.,Application,,C:\Program Files\BMC Software\Client Management\Client\bin,1.0,,
7522,BMC Client Management Certificate Generator,24.1.01.240624,BMC Software Inc.,Application,,C:\Program Files\BMC Software\Client Management\Client\bin,1.0,,
7522,BMC Client Management Chilli Interpreter,24.1.01.240624,BMC Software Inc.,Application,,C:\Program Files\BMC Software\Client Management\Client\bin,1.0,,
7522,BMC Client Management Direct Access Proxy Agent,24.1.01.240624,BMC Software Inc.,Application,,C:\Program Files\BMC Software\Client Management\Client\bin,1.0,,
7522,BMC Client Management Opswat Proxy Agent,24.1.01.240624,BMC Software Inc.,Application,,C:\Program Files\BMC Software\Client Management\Client\bin,1.0,,
7522,BMC Client Management Package Viewer,24.1.01.240624,BMC Software Inc.,Application,,C:\Program Files\BMC Software\Client Management\Client\bin,1.0,,
7522,BMC Client Management Patch Broker,24.1.01.240624,BMC Software Inc.,Application,,C:\Program Files\BMC Software\Client Management\Client\bin,1.0,,
7522,BMC Client Management Proxy Agent,24.1.01.240624,BMC Software Inc.,Application,,C:\Program Files\BMC Software\Client Management\Client\bin,1.0,,
7522,BMC Client Management Remote Control proxy,24.1.01.240624,BMC Software Inc.,Application,,C:\Program Files\BMC Software\Client Management\Client\bin,1.0,,
7522,BMC Client Management SCAP,24.1.01.240624,BMC Software Inc.,Application,,C:\Program Files\BMC Software\Client Management\Client\bin,1.0,,
7522,BMC Client Management Video Proxy Agent,24.1.01.240624,BMC Software Inc.,Application,,C:\Program Files\BMC Software\Client Management\Client\bin,1.0,,
7522,Boot File Servicing Utility,10.0,Microsoft Corporation Inc.,Application,,C:\Windows,1.0,,
7522,BrowserCore,10.0,Microsoft Corporation Inc.,Application,,C:\Windows\BrowserCore,1.0,,
7522,Calling App to host call progress on shell,10.0,Microsoft Corporation Inc.,Application,,C:\Windows\SystemApps\Microsoft.Windows.CallingShellApp_cw5n1h2txyewy,1.0,,
7522,CameraBarcodeScannerPreview,10.0,Microsoft Corporation Inc.,Application,,C:\Windows\SystemApps\Windows.CBSPreview_cw5n1h2txyewy,1.0,,
7522,ChromeEnterpriseCompanion,143.0,Google LLC,Application,,C:\Windows\SystemTemp\scoped_dir18004_2094548605\scoped_dir18004_2104077672,1.0,,
7522,CL5,9.6,Ivanti,Application,,C:\Program Files\BMC Software\Client Management\Client\data\PatchManagementPremium\workspace,3.0,,
7522,ClickOnce,4.8,Microsoft Corporation Inc.,Application,,C:\Windows\Microsoft.NET\Framework64\v4.0.30319,3.0,,
7522,Common User Interface,5.8,Musarubra US LLC.,Application,,C:\Program Files\McAfee\Agent\x86,1.0,,
7522,Copilot Update,1.3,Microsoft Corporation Inc.,Application,,C:\Program Files (x86)\Microsoft\EdgeUpdate,2.0,,
7522,Credential Dialog Host,10.0,Microsoft Corporation Inc.,Application,,C:\Windows\SystemApps\microsoft.creddialoghost_cw5n1h2txyewy,1.0,,
7522,CrowdStrike Device Control,7.29,CrowdStrike Inc.,Add/Remove Programs,"November 14, 2025 12:00:00 AM",,,,
7522,CrowdStrike Device Control Support Tool,7.29,CrowdStrike Inc.,Application,,C:\Program Files\CrowdStrike,1.0,,
7522,CrowdStrike Falcon Connector,7.32,CrowdStrike Inc.,Application,,C:\Program Files\CrowdStrike,1.0,,
7522,CrowdStrike Falcon Sensor,7.32,CrowdStrike Inc.,Application,,C:\Program Files\CrowdStrike,1.0,,
7522,CrowdStrike Falcon Sensor Controller,7.32,CrowdStrike Inc.,Application,,C:\Program Files\CrowdStrike,1.0,,
7522,CrowdStrike Falcon Sensor Service,7.32,CrowdStrike Inc.,Application,,C:\Program Files\CrowdStrike,1.0,,
7522,CrowdStrike Falcon Sensor Servlet Container,7.32,CrowdStrike Inc.,Application,,C:\Program Files\CrowdStrike,1.0,,
7522,CrowdStrike Falcon Sensor Settings Tool,7.32,CrowdStrike Inc.,Application,,C:\Program Files\CrowdStrike,1.0,,
7522,CrowdStrike Falcon Sensor System Tray Application,7.32,CrowdStrike Inc.,Application,,C:\Program Files\CrowdStrike,2.0,,
7522,CrowdStrike Firmware Analysis,7.14,CrowdStrike Inc.,Add/Remove Programs,"June 18, 2025 12:00:00 AM",,,,
7522,CrowdStrike Firmware Analysis Support Tool,7.14,CrowdStrike Inc.,Application,,C:\Program Files\CrowdStrike,1.0,,
7522,CrowdStrike On-Demand Scan Command-line Tool,7.32,CrowdStrike Inc.,Application,,C:\Program Files\CrowdStrike,1.0,,
7522,CrowdStrike On-Demand Scan Tool,7.32,CrowdStrike Inc.,Application,,C:\Program Files\CrowdStrike,1.0,,
7522,CrowdStrike Sensor Platform,7.32,CrowdStrike Inc.,Add/Remove Programs,"January 14, 2026 12:00:00 AM",,,,
7263,.NET Runtime Optimization Service,4.8,Microsoft Corporation Inc.,Application,,C:\Windows\Microsoft.NET\Framework64\v4.0.30319,2.0,,
7263,64Bit MAPI Mail Agent,1.0,Foxit Software Inc.,Application,,C:\Program Files (x86)\Foxit Software\Foxit PDF Reader,1.0,,
7263,7-Zip 24.08 (x64 edition),24.08,Igor Pavlov,Add/Remove Programs,"November 26, 2024 12:00:00 AM",,,,
7263,7-Zip Console,24.08,Igor Pavlov,Application,,C:\Program Files\7-Zip,1.0,,
7263,7-Zip File Manager,24.08,Igor Pavlov,Application,,C:\Program Files\7-Zip,1.0,,
7263,7-Zip GUI,24.08,Igor Pavlov,Application,,C:\Program Files\7-Zip,1.0,,
7263,AAD token broker plugin,10.0,Microsoft Corporation Inc.,Application,,C:\Windows\SystemApps\Microsoft.AAD.BrokerPlugin_cw5n1h2txyewy,1.0,,
7263,Accounts Control Host,10.0,Microsoft Corporation Inc.,Application,,C:\Windows\SystemApps\Microsoft.AccountsControl_cw5n1h2txyewy,1.0,,
7263,AddSuggestedFoldersToLibraryDialog,10.0,Microsoft Corporation Inc.,Application,,C:\Windows\SystemApps\Microsoft.Windows.AddSuggestedFoldersToLibraryDialog_cw5n1h2txyewy,1.0,,
7263,Antimalware Service Executable,4.18,Microsoft Corporation Inc.,Application,,C:\Program Files\Windows Defender,1.0,,
7263,AppResolverUX,10.0,Microsoft Corporation Inc.,Application,,C:\Windows\SystemApps\Microsoft.Windows.AppResolverUX_cw5n1h2txyewy,1.0,,
7263,AsyncTextService,10.0,Microsoft Corporation Inc.,Application,,C:\Windows\SystemApps\Microsoft.AsyncTextService_8wekyb3d8bbwe,1.0,,
7263,Biometric Enrollment Host,10.0,Microsoft Corporation Inc.,Application,,C:\Windows\SystemApps\Microsoft.BioEnrollment_cw5n1h2txyewy,1.0,,
7263,BMC Client Management Agent,24.1.01.240624,BMC Software Inc.,Application,,C:\Program Files\BMC Software\Client Management\Client\bin,1.0,,
7263,BMC Client Management Certificate Generator,24.1.01.240624,BMC Software Inc.,Application,,C:\Program Files\BMC Software\Client Management\Client\bin,1.0,,
7263,BMC Client Management Chilli Interpreter,24.1.01.240624,BMC Software Inc.,Application,,C:\Program Files\BMC Software\Client Management\Client\bin,1.0,,
7263,BMC Client Management Direct Access Proxy Agent,24.1.01.240624,BMC Software Inc.,Application,,C:\Program Files\BMC Software\Client Management\Client\bin,1.0,,
7263,BMC Client Management Opswat Proxy Agent,24.1.01.240624,BMC Software Inc.,Application,,C:\Program Files\BMC Software\Client Management\Client\bin,1.0,,
7263,BMC Client Management Package Viewer,24.1.01.240624,BMC Software Inc.,Application,,C:\Program Files\BMC Software\Client Management\Client\bin,1.0,,
7263,BMC Client Management Patch Broker,24.1.01.240624,BMC Software Inc.,Application,,C:\Program Files\BMC Software\Client Management\Client\bin,1.0,,
7263,BMC Client Management Proxy Agent,24.1.01.240624,BMC Software Inc.,Application,,C:\Program Files\BMC Software\Client Management\Client\bin,1.0,,
7263,BMC Client Management Remote Control proxy,24.1.01.240624,BMC Software Inc.,Application,,C:\Program Files\BMC Software\Client Management\Client\bin,1.0,,
7263,BMC Client Management SCAP,24.1.01.240624,BMC Software Inc.,Application,,C:\Program Files\BMC Software\Client Management\Client\bin,1.0,,
7263,BMC Client Management Video Proxy Agent,24.1.01.240624,BMC Software Inc.,Application,,C:\Program Files\BMC Software\Client Management\Client\bin,1.0,,
7263,Boot File Servicing Utility,10.0,Microsoft Corporation Inc.,Application,,C:\Windows,1.0,,
7263,Boot Sector Manipulation Tool,10.0,Microsoft Corporation Inc.,Application,,D:\win11\boot,1.0,,
7263,BrowserCore,10.0,Microsoft Corporation Inc.,Application,,C:\Windows\BrowserCore,1.0,,
7263,Calling App to host call progress on shell,10.0,Microsoft Corporation Inc.,Application,,C:\Windows\SystemApps\Microsoft.Windows.CallingShellApp_cw5n1h2txyewy,1.0,,
7263,CameraBarcodeScannerPreview,10.0,Microsoft Corporation Inc.,Application,,C:\Windows\SystemApps\Windows.CBSPreview_cw5n1h2txyewy,1.0,,
7263,ChromeEnterpriseCompanion,143.0,Google LLC,Application,,C:\Windows\SystemTemp\scoped_dir2140_1878492374\scoped_dir2140_778735230,1.0,,
7263,CL5,9.6,Ivanti,Application,,C:\Program Files\BMC Software\Client Management\Client\data\PatchManagementPremium\workspace,5.0,,
7263,ClickOnce,4.8,Microsoft Corporation Inc.,Application,,C:\Windows\Microsoft.NET\Framework64\v4.0.30319,3.0,,
7263,Common User Interface,5.8,Musarubra US LLC.,Application,,C:\Program Files\McAfee\Agent\x86,1.0,,
7263,Credential Dialog Host,10.0,Microsoft Corporation Inc.,Application,,C:\Windows\SystemApps\microsoft.creddialoghost_cw5n1h2txyewy,1.0,,
7263,CrowdStrike Device Control,7.29,CrowdStrike Inc.,Add/Remove Programs,"November 14, 2025 12:00:00 AM",,,,
7263,CrowdStrike Device Control Support Tool,7.29,CrowdStrike Inc.,Application,,C:\Program Files\CrowdStrike,1.0,,
7263,CrowdStrike Falcon Connector,7.32,CrowdStrike Inc.,Application,,C:\Program Files\CrowdStrike,1.0,,
7263,CrowdStrike Falcon Sensor,7.32,CrowdStrike Inc.,Application,,C:\Program Files\CrowdStrike,1.0,,
7263,CrowdStrike Falcon Sensor Controller,7.32,CrowdStrike Inc.,Application,,C:\Program Files\CrowdStrike,1.0,,
7263,CrowdStrike Falcon Sensor Service,7.32,CrowdStrike Inc.,Application,,C:\Program Files\CrowdStrike,1.0,,
7263,CrowdStrike Falcon Sensor Servlet Container,7.32,CrowdStrike Inc.,Application,,C:\Program Files\CrowdStrike,1.0,,
7263,CrowdStrike Falcon Sensor Settings Tool,7.32,CrowdStrike Inc.,Application,,C:\Program Files\CrowdStrike,1.0,,
7263,CrowdStrike Falcon Sensor System Tray Application,7.32,CrowdStrike Inc.,Application,,C:\Program Files\CrowdStrike,2.0,,
7263,CrowdStrike Firmware Analysis,7.14,CrowdStrike Inc.,Add/Remove Programs,"April 17, 2025 12:00:00 AM",,,,
7263,CrowdStrike Firmware Analysis Support Tool,7.14,CrowdStrike Inc.,Application,,C:\Program Files\CrowdStrike,1.0,,
7263,CrowdStrike Forensic Data Collection Tool,1.0,CrowdStrike Inc.,Application,,C:,2.0,,
7263,CrowdStrike On-Demand Scan Command-line Tool,7.32,CrowdStrike Inc.,Application,,C:\Program Files\CrowdStrike,1.0,,
7263,CrowdStrike On-Demand Scan Tool,7.32,CrowdStrike Inc.,Application,,C:\Program Files\CrowdStrike,1.0,,
7263,CrowdStrike Sensor Platform,7.32,CrowdStrike Inc.,Add/Remove Programs,"January 14, 2026 12:00:00 AM",,,,
7263,CrowdStrike Windows Sensor,7.32,CrowdStrike Inc.,Add/Remove Programs,"January 14, 2026 12:00:00 AM",,,,
8267,.NET Runtime Optimization Service,4.8,Microsoft Corporation Inc.,Application,,C:\Windows\Microsoft.NET\Framework64\v4.0.30319,2.0,,
8267,64Bit MAPI Mail Agent,1.0,Foxit Software Inc.,Application,,C:\Program Files (x86)\Foxit Software\Foxit PDF Reader,1.0,,
8267,7-Zip 24.08 (x64 edition),24.08,Igor Pavlov,Add/Remove Programs,"November 26, 2024 12:00:00 AM",,,,
8267,7-Zip Console,24.08,Igor Pavlov,Application,,C:\Program Files\7-Zip,1.0,,
8267,7-Zip File Manager,24.08,Igor Pavlov,Application,,C:\Program Files\7-Zip,1.0,,
8267,7-Zip GUI,24.08,Igor Pavlov,Application,,C:\Program Files\7-Zip,1.0,,
8267,AAD token broker plugin,10.0,Microsoft Corporation Inc.,Application,,C:\Windows\SystemApps\Microsoft.AAD.BrokerPlugin_cw5n1h2txyewy,1.0,,
8267,Accounts Control Host,10.0,Microsoft Corporation Inc.,Application,,C:\Windows\SystemApps\Microsoft.AccountsControl_cw5n1h2txyewy,1.0,,
8267,AddSuggestedFoldersToLibraryDialog,10.0,Microsoft Corporation Inc.,Application,,C:\Windows\SystemApps\Microsoft.Windows.AddSuggestedFoldersToLibraryDialog_cw5n1h2txyewy,1.0,,
8267,Antimalware Service Executable,4.18,Microsoft Corporation Inc.,Application,,C:\Program Files\Windows Defender,1.0,,
8267,AppResolverUX,10.0,Microsoft Corporation Inc.,Application,,C:\Windows\SystemApps\Microsoft.Windows.AppResolverUX_cw5n1h2txyewy,1.0,,
8267,AsyncTextService,10.0,Microsoft Corporation Inc.,Application,,C:\Windows\SystemApps\Microsoft.AsyncTextService_8wekyb3d8bbwe,1.0,,
8267,Biometric Enrollment Host,10.0,Microsoft Corporation Inc.,Application,,C:\Windows\SystemApps\Microsoft.BioEnrollment_cw5n1h2txyewy,1.0,,
8267,BMC Client Management Agent,24.1.01.240624,BMC Software Inc.,Application,,C:\Program Files\BMC Software\Client Management\Client\bin,1.0,,
8267,BMC Client Management Certificate Generator,24.1.01.240624,BMC Software Inc.,Application,,C:\Program Files\BMC Software\Client Management\Client\bin,1.0,,
8267,BMC Client Management Chilli Interpreter,24.1.01.240624,BMC Software Inc.,Application,,C:\Program Files\BMC Software\Client Management\Client\bin,1.0,,
8267,BMC Client Management Direct Access Proxy Agent,24.1.01.240624,BMC Software Inc.,Application,,C:\Program Files\BMC Software\Client Management\Client\bin,1.0,,
8267,BMC Client Management Opswat Proxy Agent,24.1.01.240624,BMC Software Inc.,Application,,C:\Program Files\BMC Software\Client Management\Client\bin,1.0,,
8267,BMC Client Management Package Viewer,24.1.01.240624,BMC Software Inc.,Application,,C:\Program Files\BMC Software\Client Management\Client\bin,1.0,,
8267,BMC Client Management Patch Broker,24.1.01.240624,BMC Software Inc.,Application,,C:\Program Files\BMC Software\Client Management\Client\bin,1.0,,
8267,BMC Client Management Proxy Agent,24.1.01.240624,BMC Software Inc.,Application,,C:\Program Files\BMC Software\Client Management\Client\bin,1.0,,
8267,BMC Client Management Remote Control proxy,24.1.01.240624,BMC Software Inc.,Application,,C:\Program Files\BMC Software\Client Management\Client\bin,1.0,,
8267,BMC Client Management SCAP,24.1.01.240624,BMC Software Inc.,Application,,C:\Program Files\BMC Software\Client Management\Client\bin,1.0,,
8267,BMC Client Management Video Proxy Agent,24.1.01.240624,BMC Software Inc.,Application,,C:\Program Files\BMC Software\Client Management\Client\bin,1.0,,
8267,Boot File Servicing Utility,10.0,Microsoft Corporation Inc.,Application,,C:\Windows,1.0,,
8267,BrowserCore,10.0,Microsoft Corporation Inc.,Application,,C:\Windows\BrowserCore,1.0,,
8267,Calling App to host call progress on shell,10.0,Microsoft Corporation Inc.,Application,,C:\Windows\SystemApps\Microsoft.Windows.CallingShellApp_cw5n1h2txyewy,1.0,,
8267,CameraBarcodeScannerPreview,10.0,Microsoft Corporation Inc.,Application,,C:\Windows\SystemApps\Windows.CBSPreview_cw5n1h2txyewy,1.0,,
8267,ChromeEnterpriseCompanion,143.0,Google LLC,Application,,C:\Windows\SystemTemp\scoped_dir19040_509118503\scoped_dir19040_2014851866,1.0,,
8267,CL5,9.6,Ivanti,Application,,C:\Program Files\BMC Software\Client Management\Client\data\PatchManagementPremium\workspace,8.0,,
8267,ClickOnce,4.8,Microsoft Corporation Inc.,Application,,C:\Windows\Microsoft.NET\Framework64\v4.0.30319,3.0,,
8267,Common User Interface,5.8,Musarubra US LLC.,Application,,C:\Program Files\McAfee\Agent\x86,1.0,,
8267,Credential Dialog Host,10.0,Microsoft Corporation Inc.,Application,,C:\Windows\SystemApps\microsoft.creddialoghost_cw5n1h2txyewy,1.0,,
8267,CrowdStrike Device Control,7.29,CrowdStrike Inc.,Add/Remove Programs,"November 14, 2025 12:00:00 AM",,,,
8267,CrowdStrike Device Control Support Tool,7.29,CrowdStrike Inc.,Application,,C:\Program Files\CrowdStrike,1.0,,
8267,CrowdStrike Falcon Connector,7.32,CrowdStrike Inc.,Application,,C:\Program Files\CrowdStrike,1.0,,
8267,CrowdStrike Falcon Sensor,7.32,CrowdStrike Inc.,Application,,C:\Program Files\CrowdStrike,1.0,,
8267,CrowdStrike Falcon Sensor Controller,7.32,CrowdStrike Inc.,Application,,C:\Program Files\CrowdStrike,1.0,,
8267,CrowdStrike Falcon Sensor Service,7.32,CrowdStrike Inc.,Application,,C:\Program Files\CrowdStrike,1.0,,
8267,CrowdStrike Falcon Sensor Servlet Container,7.32,CrowdStrike Inc.,Application,,C:\Program Files\CrowdStrike,1.0,,
8267,CrowdStrike Falcon Sensor Settings Tool,7.32,CrowdStrike Inc.,Application,,C:\Program Files\CrowdStrike,1.0,,
8267,CrowdStrike Falcon Sensor System Tray Application,7.32,CrowdStrike Inc.,Application,,C:\Program Files\CrowdStrike,2.0,,
8267,CrowdStrike Firmware Analysis,7.14,CrowdStrike Inc.,Add/Remove Programs,"June 18, 2025 12:00:00 AM",,,,
8267,CrowdStrike Firmware Analysis Support Tool,7.14,CrowdStrike Inc.,Application,,C:\Program Files\CrowdStrike,1.0,,
8267,CrowdStrike Forensic Data Collection Tool,1.0,CrowdStrike Inc.,Application,,C:,2.0,,
8267,CrowdStrike On-Demand Scan Command-line Tool,7.32,CrowdStrike Inc.,Application,,C:\Program Files\CrowdStrike,1.0,,
8267,CrowdStrike On-Demand Scan Tool,7.32,CrowdStrike Inc.,Application,,C:\Program Files\CrowdStrike,1.0,,
8267,CrowdStrike Sensor Platform,7.32,CrowdStrike Inc.,Add/Remove Programs,"January 14, 2026 12:00:00 AM",,,,
8267,CrowdStrike Windows Sensor,7.32,CrowdStrike Inc.,Add/Remove Programs,"January 14, 2026 12:00:00 AM",,,,
8267,CrowdStrike Windows Sensor,6.54,CrowdStrike Inc.,Application,,C:\login\crowdstrike,1.0,,
16797,.NET Framework,3.0,Microsoft Corporation Inc.,Application,,C:\Windows\Microsoft.NET\Framework64\v3.0\Windows Communication Foundation,2.0,,
16797,.NET Runtime Optimization Service,2.0,Microsoft Corporation Inc.,Application,,C:\Windows\Microsoft.NET\Framework64\v2.0.50727,2.0,,
16797,.NET Runtime Optimization Service,4.8,Microsoft Corporation Inc.,Application,,C:\Windows\Microsoft.NET\Framework64\v4.0.30319,2.0,,
16797,64Bit MAPI Mail Agent,1.0,Foxit Software Inc.,Application,,C:\Program Files (x86)\Foxit Software\Foxit PDF Reader,1.0,,
16797,7-Zip 23.01 (x64),23.01,Igor Pavlov,Add/Remove Programs,,C:\Program Files\7-Zip\,,,
16797,7-Zip Console,23.01,Igor Pavlov,Application,,C:\Program Files\7-Zip,1.0,,
16797,7-Zip File Manager,23.01,Igor Pavlov,Application,,C:\Program Files\7-Zip,1.0,,
16797,7-Zip GUI,23.01,Igor Pavlov,Application,,C:\Program Files\7-Zip,1.0,,
16797,AAD token broker plugin,10.0,Microsoft Corporation Inc.,Application,,C:\Windows\SystemApps\Microsoft.AAD.BrokerPlugin_cw5n1h2txyewy,1.0,,
16797,Accounts Control Host,10.0,Microsoft Corporation Inc.,Application,,C:\Windows\SystemApps\Microsoft.AccountsControl_cw5n1h2txyewy,1.0,,
16797,AddSuggestedFoldersToLibraryDialog,10.0,Microsoft Corporation Inc.,Application,,C:\Windows\SystemApps\Microsoft.Windows.AddSuggestedFoldersToLibraryDialog_cw5n1h2txyewy,1.0,,
16797,Antimalware Service Executable,4.18,Microsoft Corporation Inc.,Application,,C:\Program Files\Windows Defender,1.0,,
16797,AppResolverUX,10.0,Microsoft Corporation Inc.,Application,,C:\Windows\SystemApps\Microsoft.Windows.AppResolverUX_cw5n1h2txyewy,1.0,,
16797,AsyncTextService,10.0,Microsoft Corporation Inc.,Application,,C:\Windows\SystemApps\Microsoft.AsyncTextService_8wekyb3d8bbwe,1.0,,
16797,Biometric Enrollment Host,10.0,Microsoft Corporation Inc.,Application,,C:\Windows\SystemApps\Microsoft.BioEnrollment_cw5n1h2txyewy,1.0,,
16797,BMC Client Management Agent,24.1.01.240624,BMC Software Inc.,Application,,C:\Program Files\BMC Software\Client Management\Client\bin,1.0,,
16797,BMC Client Management Certificate Generator,24.1.01.240624,BMC Software Inc.,Application,,C:\Program Files\BMC Software\Client Management\Client\bin,1.0,,
16797,BMC Client Management Chilli Interpreter,24.1.01.240624,BMC Software Inc.,Application,,C:\Program Files\BMC Software\Client Management\Client\bin,1.0,,
16797,BMC Client Management Direct Access Proxy Agent,24.1.01.240624,BMC Software Inc.,Application,,C:\Program Files\BMC Software\Client Management\Client\bin,1.0,,
16797,BMC Client Management Opswat Proxy Agent,24.1.01.240624,BMC Software Inc.,Application,,C:\Program Files\BMC Software\Client Management\Client\bin,1.0,,
16797,BMC Client Management Package Viewer,24.1.01.240624,BMC Software Inc.,Application,,C:\Program Files\BMC Software\Client Management\Client\bin,1.0,,
16797,BMC Client Management Patch Broker,24.1.01.240624,BMC Software Inc.,Application,,C:\Program Files\BMC Software\Client Management\Client\bin,1.0,,
16797,BMC Client Management Proxy Agent,24.1.01.240624,BMC Software Inc.,Application,,C:\Program Files\BMC Software\Client Management\Client\bin,1.0,,
16797,BMC Client Management Remote Control proxy,24.1.01.240624,BMC Software Inc.,Application,,C:\Program Files\BMC Software\Client Management\Client\bin,1.0,,
16797,BMC Client Management SCAP,24.1.01.240624,BMC Software Inc.,Application,,C:\Program Files\BMC Software\Client Management\Client\bin,1.0,,
16797,BMC Client Management Video Proxy Agent,24.1.01.240624,BMC Software Inc.,Application,,C:\Program Files\BMC Software\Client Management\Client\bin,1.0,,
16797,Boot File Servicing Utility,10.0,Microsoft Corporation Inc.,Application,,C:\Windows,1.0,,
16797,BrowserCore,10.0,Microsoft Corporation Inc.,Application,,C:\Windows\BrowserCore,1.0,,
16797,Calling App to host call progress on shell,10.0,Microsoft Corporation Inc.,Application,,C:\Windows\SystemApps\Microsoft.Windows.CallingShellApp_cw5n1h2txyewy,1.0,,
16797,CameraBarcodeScannerPreview,10.0,Microsoft Corporation Inc.,Application,,C:\Windows\SystemApps\Windows.CBSPreview_cw5n1h2txyewy,1.0,,
16797,CL5,9.6,Ivanti,Application,,C:\Program Files\BMC Software\Client Management\Client\data\PatchManagementPremium\workspace,1.0,,
16797,ClickOnce,4.8,Microsoft Corporation Inc.,Application,,C:\Windows\Microsoft.NET\Framework64\v4.0.30319,3.0,,
16797,Common User Interface,5.8,Musarubra US LLC.,Application,,C:\Program Files\McAfee\Agent\x86,1.0,,
16797,Credential Dialog Host,10.0,Microsoft Corporation Inc.,Application,,C:\Windows\SystemApps\microsoft.creddialoghost_cw5n1h2txyewy,1.0,,
16797,CrowdStrike Device Control,7.29,CrowdStrike Inc.,Add/Remove Programs,"November 14, 2025 12:00:00 AM",,,,
16797,CrowdStrike Device Control Support Tool,7.29,CrowdStrike Inc.,Application,,C:\Program Files\CrowdStrike,1.0,,
16797,CrowdStrike Falcon Connector,7.32,CrowdStrike Inc.,Application,,C:\Program Files\CrowdStrike,1.0,,
16797,CrowdStrike Falcon Sensor,7.32,CrowdStrike Inc.,Application,,C:\Program Files\CrowdStrike,1.0,,
16797,CrowdStrike Falcon Sensor Controller,7.32,CrowdStrike Inc.,Application,,C:\Program Files\CrowdStrike,1.0,,
16797,CrowdStrike Falcon Sensor Service,7.32,CrowdStrike Inc.,Application,,C:\Program Files\CrowdStrike,1.0,,
16797,CrowdStrike Falcon Sensor Servlet Container,7.32,CrowdStrike Inc.,Application,,C:\Program Files\CrowdStrike,1.0,,
16797,CrowdStrike Falcon Sensor Settings Tool,7.32,CrowdStrike Inc.,Application,,C:\Program Files\CrowdStrike,1.0,,
16797,CrowdStrike Falcon Sensor System Tray Application,7.32,CrowdStrike Inc.,Application,,C:\Program Files\CrowdStrike,2.0,,
16797,CrowdStrike Firmware Analysis,7.14,CrowdStrike Inc.,Add/Remove Programs,"August 21, 2025 12:00:00 AM",,,,
16797,CrowdStrike Firmware Analysis Support Tool,7.14,CrowdStrike Inc.,Application,,C:\Program Files\CrowdStrike,1.0,,
16797,CrowdStrike On-Demand Scan Command-line Tool,7.32,CrowdStrike Inc.,Application,,C:\Program Files\CrowdStrike,1.0,,
16797,CrowdStrike On-Demand Scan Tool,7.32,CrowdStrike Inc.,Application,,C:\Program Files\CrowdStrike,1.0,,
16797,CrowdStrike Sensor Platform,7.32,CrowdStrike Inc.,Add/Remove Programs,"January 14, 2026 12:00:00 AM",,,,
16797,CrowdStrike Windows Sensor,7.32,CrowdStrike Inc.,Add/Remove Programs,"January 14, 2026 12:00:00 AM",,,,
16797,EC App,10.0,Microsoft Corporation Inc.,Application,,C:\Windows\SystemApps\Microsoft.ECApp_8wekyb3d8bbwe,1.0,,
8198,.NET Runtime Optimization Service,4.8,Microsoft Corporation Inc.,Application,,C:\Windows\Microsoft.NET\Framework64\v4.0.30319,2.0,,
8198,64Bit MAPI Mail Agent,1.0,Foxit Software Inc.,Application,,C:\Program Files (x86)\Foxit Software\Foxit PDF Reader,1.0,,
8198,7-Zip 24.08 (x64),24.08,Igor Pavlov,Add/Remove Programs,,C:\Program Files\7-Zip\,,,
8198,7-Zip Console,24.08,Igor Pavlov,Application,,C:\Program Files\7-Zip,1.0,,
8198,7-Zip File Manager,24.08,Igor Pavlov,Application,,C:\Program Files\7-Zip,1.0,,
8198,7-Zip GUI,24.08,Igor Pavlov,Application,,C:\Program Files\7-Zip,1.0,,
8198,Accounts Control Host,10.0,Microsoft Corporation Inc.,Application,,C:\Windows\SystemApps\Microsoft.AccountsControl_cw5n1h2txyewy,1.0,,
8198,AddSuggestedFoldersToLibraryDialog,10.0,Microsoft Corporation Inc.,Application,,C:\Windows\SystemApps\Microsoft.Windows.AddSuggestedFoldersToLibraryDialog_cw5n1h2txyewy,1.0,,
8198,Antimalware Core Service,4.18,Microsoft Corporation Inc.,Application,,C:\Program Files\Windows Defender,1.0,,
8198,AntiMalware Platform Update (amd64fre),4.18,Microsoft Corporation Inc.,Application,,C:\Windows\SystemTemp\39446D63-6F82-4C86-8365-7C82D9E6BB79MpCommU,1.0,,
8198,Antimalware Service Executable,4.18,Microsoft Corporation Inc.,Application,,C:\Program Files\Windows Defender,1.0,,
8198,AppResolverUX,10.0,Microsoft Corporation Inc.,Application,,C:\Windows\SystemApps\Microsoft.Windows.AppResolverUX_cw5n1h2txyewy,1.0,,
8198,AsyncTextService,10.0,Microsoft Corporation Inc.,Application,,C:\Windows\SystemApps\Microsoft.AsyncTextService_8wekyb3d8bbwe,1.0,,
8198,Biometric Enrollment Host,10.0,Microsoft Corporation Inc.,Application,,C:\Windows\SystemApps\Microsoft.BioEnrollment_cw5n1h2txyewy,1.0,,
8198,BMC Client Management Agent,24.1.01.240624,BMC Software Inc.,Application,,C:\Program Files\BMC Software\Client Management\Client\bin,1.0,,
8198,BMC Client Management Certificate Generator,24.1.01.240624,BMC Software Inc.,Application,,C:\Program Files\BMC Software\Client Management\Client\bin,1.0,,
8198,BMC Client Management Chilli Interpreter,24.1.01.240624,BMC Software Inc.,Application,,C:\Program Files\BMC Software\Client Management\Client\bin,1.0,,
8198,BMC Client Management Direct Access Proxy Agent,24.1.01.240624,BMC Software Inc.,Application,,C:\Program Files\BMC Software\Client Management\Client\bin,1.0,,
8198,BMC Client Management Opswat Proxy Agent,24.1.01.240624,BMC Software Inc.,Application,,C:\Program Files\BMC Software\Client Management\Client\bin,1.0,,
8198,BMC Client Management Package Viewer,24.1.01.240624,BMC Software Inc.,Application,,C:\Program Files\BMC Software\Client Management\Client\bin,1.0,,
8198,BMC Client Management Patch Broker,24.1.01.240624,BMC Software Inc.,Application,,C:\Program Files\BMC Software\Client Management\Client\bin,1.0,,
8198,BMC Client Management Proxy Agent,24.1.01.240624,BMC Software Inc.,Application,,C:\Program Files\BMC Software\Client Management\Client\bin,1.0,,
8198,BMC Client Management Remote Control proxy,24.1.01.240624,BMC Software Inc.,Application,,C:\Program Files\BMC Software\Client Management\Client\bin,1.0,,
8198,BMC Client Management SCAP,24.1.01.240624,BMC Software Inc.,Application,,C:\Program Files\BMC Software\Client Management\Client\bin,1.0,,
8198,BMC Client Management Video Proxy Agent,24.1.01.240624,BMC Software Inc.,Application,,C:\Program Files\BMC Software\Client Management\Client\bin,1.0,,
8198,Boot File Servicing Utility,10.0,Microsoft Corporation Inc.,Application,,C:\Windows,1.0,,
8198,Browser Protection Native Messaging Host,4.18,Microsoft Corporation Inc.,Application,,C:\Program Files\Windows Defender,1.0,,
8198,BrowserCore,10.0,Microsoft Corporation Inc.,Application,,C:\Windows\BrowserCore,1.0,,
8198,CameraBarcodeScannerPreview,10.0,Microsoft Corporation Inc.,Application,,C:\Windows\SystemApps\Windows.CBSPreview_cw5n1h2txyewy,1.0,,
8198,ChromeEnterpriseCompanion,143.0,Google LLC,Application,,C:\Windows\SystemTemp\scoped_dir20656_1171791639\scoped_dir20656_1822877392,1.0,,
8198,CL5,9.6,Ivanti,Application,,C:\Program Files\BMC Software\Client Management\Client\data\PatchManagementPremium\workspace,1.0,,
8198,ClickOnce,4.8,Microsoft Corporation Inc.,Application,,C:\Windows\Microsoft.NET\Framework64\v4.0.30319,3.0,,
8198,Common User Interface,5.8,Musarubra US LLC.,Application,,C:\Program Files\McAfee\Agent\x86,1.0,,
8198,Credential Dialog Host,10.0,Microsoft Corporation Inc.,Application,,C:\Windows\SystemApps\microsoft.creddialoghost_cw5n1h2txyewy,1.0,,
8198,CrowdStrike Device Control,7.29,CrowdStrike Inc.,Add/Remove Programs,"November 28, 2025 12:00:00 AM",,,,
8198,CrowdStrike Device Control Support Tool,7.29,CrowdStrike Inc.,Application,,C:\Program Files\CrowdStrike,1.0,,
8198,CrowdStrike Falcon Connector,7.31,CrowdStrike Inc.,Application,,C:\Program Files\CrowdStrike,1.0,,
8198,CrowdStrike Falcon Sensor,7.31,CrowdStrike Inc.,Application,,C:\Program Files\CrowdStrike,1.0,,
8198,CrowdStrike Falcon Sensor Controller,7.31,CrowdStrike Inc.,Application,,C:\Program Files\CrowdStrike,1.0,,
8198,CrowdStrike Falcon Sensor Service,7.31,CrowdStrike Inc.,Application,,C:\Program Files\CrowdStrike,1.0,,
8198,CrowdStrike Falcon Sensor Servlet Container,7.31,CrowdStrike Inc.,Application,,C:\Program Files\CrowdStrike,1.0,,
8198,CrowdStrike Falcon Sensor Settings Tool,7.31,CrowdStrike Inc.,Application,,C:\Program Files\CrowdStrike,1.0,,
8198,CrowdStrike Falcon Sensor System Tray Application,7.31,CrowdStrike Inc.,Application,,C:\Program Files\CrowdStrike,2.0,,
8198,CrowdStrike Firmware Analysis,7.14,CrowdStrike Inc.,Add/Remove Programs,"August 13, 2025 12:00:00 AM",,,,
8198,CrowdStrike Firmware Analysis Support Tool,7.14,CrowdStrike Inc.,Application,,C:\Program Files\CrowdStrike,1.0,,
8198,CrowdStrike On-Demand Scan Command-line Tool,7.31,CrowdStrike Inc.,Application,,C:\Program Files\CrowdStrike,1.0,,
8198,CrowdStrike On-Demand Scan Tool,7.31,CrowdStrike Inc.,Application,,C:\Program Files\CrowdStrike,1.0,,
8198,CrowdStrike Sensor Platform,7.31,CrowdStrike Inc.,Add/Remove Programs,"December 27, 2025 12:00:00 AM",,,,
8198,CrowdStrike Windows Sensor,7.31,CrowdStrike Inc.,Add/Remove Programs,"December 27, 2025 12:00:00 AM",,,,
8198,EC App,10.0,Microsoft Corporation Inc.,Application,,C:\Windows\SystemApps\Microsoft.ECApp_8wekyb3d8bbwe,1.0,,
6773,.NET Framework,3.0,Microsoft Corporation Inc.,Application,,C:\Windows\Microsoft.NET\Framework64\v3.0\Windows Communication Foundation,2.0,,
6773,.NET Runtime Optimization Service,4.8,Microsoft Corporation Inc.,Application,,C:\Windows\Microsoft.NET\Framework64\v4.0.30319,2.0,,
6773,.NET Runtime Optimization Service,2.0,Microsoft Corporation Inc.,Application,,C:\Windows\Microsoft.NET\Framework64\v2.0.50727,2.0,,
6773,64Bit MAPI Mail Agent,1.0,Foxit Software Inc.,Application,,C:\Program Files (x86)\Foxit Software\Foxit PDF Reader,1.0,,
6773,7-Zip 24.08 (x64 edition),24.08,Igor Pavlov,Add/Remove Programs,"November 26, 2024 12:00:00 AM",,,,
6773,7-Zip Console,24.08,Igor Pavlov,Application,,C:\Program Files\7-Zip,1.0,,
6773,7-Zip File Manager,24.08,Igor Pavlov,Application,,C:\Program Files\7-Zip,1.0,,
6773,7-Zip GUI,24.08,Igor Pavlov,Application,,C:\Program Files\7-Zip,1.0,,
6773,AAD token broker plugin,10.0,Microsoft Corporation Inc.,Application,,C:\Windows\SystemApps\Microsoft.AAD.BrokerPlugin_cw5n1h2txyewy,1.0,,
6773,Accounts Control Host,10.0,Microsoft Corporation Inc.,Application,,C:\Windows\SystemApps\Microsoft.AccountsControl_cw5n1h2txyewy,1.0,,
6773,AddSuggestedFoldersToLibraryDialog,10.0,Microsoft Corporation Inc.,Application,,C:\Windows\SystemApps\Microsoft.Windows.AddSuggestedFoldersToLibraryDialog_cw5n1h2txyewy,1.0,,
6773,Antimalware Service Executable,4.18,Microsoft Corporation Inc.,Application,,C:\Program Files\Windows Defender,1.0,,
6773,AppResolverUX,10.0,Microsoft Corporation Inc.,Application,,C:\Windows\SystemApps\Microsoft.Windows.AppResolverUX_cw5n1h2txyewy,1.0,,
6773,AsyncTextService,10.0,Microsoft Corporation Inc.,Application,,C:\Windows\SystemApps\Microsoft.AsyncTextService_8wekyb3d8bbwe,1.0,,
6773,Biometric Enrollment Host,10.0,Microsoft Corporation Inc.,Application,,C:\Windows\SystemApps\Microsoft.BioEnrollment_cw5n1h2txyewy,1.0,,
6773,BMC Client Management Agent,24.1.01.240624,BMC Software Inc.,Application,,C:\Program Files\BMC Software\Client Management\Client\bin,1.0,,
6773,BMC Client Management Certificate Generator,24.1.01.240624,BMC Software Inc.,Application,,C:\Program Files\BMC Software\Client Management\Client\bin,1.0,,
6773,BMC Client Management Chilli Interpreter,24.1.01.240624,BMC Software Inc.,Application,,C:\Program Files\BMC Software\Client Management\Client\bin,1.0,,
6773,BMC Client Management Direct Access Proxy Agent,24.1.01.240624,BMC Software Inc.,Application,,C:\Program Files\BMC Software\Client Management\Client\bin,1.0,,
6773,BMC Client Management Opswat Proxy Agent,24.1.01.240624,BMC Software Inc.,Application,,C:\Program Files\BMC Software\Client Management\Client\bin,1.0,,
6773,BMC Client Management Package Viewer,24.1.01.240624,BMC Software Inc.,Application,,C:\Program Files\BMC Software\Client Management\Client\bin,1.0,,
6773,BMC Client Management Patch Broker,24.1.01.240624,BMC Software Inc.,Application,,C:\Program Files\BMC Software\Client Management\Client\bin,1.0,,
6773,BMC Client Management Proxy Agent,24.1.01.240624,BMC Software Inc.,Application,,C:\Program Files\BMC Software\Client Management\Client\bin,1.0,,
6773,BMC Client Management Remote Control proxy,24.1.01.240624,BMC Software Inc.,Application,,C:\Program Files\BMC Software\Client Management\Client\bin,1.0,,
6773,BMC Client Management SCAP,24.1.01.240624,BMC Software Inc.,Application,,C:\Program Files\BMC Software\Client Management\Client\bin,1.0,,
6773,BMC Client Management Video Proxy Agent,24.1.01.240624,BMC Software Inc.,Application,,C:\Program Files\BMC Software\Client Management\Client\bin,1.0,,
6773,Boot File Servicing Utility,10.0,Microsoft Corporation Inc.,Application,,C:\Windows,1.0,,
6773,BrowserCore,10.0,Microsoft Corporation Inc.,Application,,C:\Windows\BrowserCore,1.0,,
6773,Calling App to host call progress on shell,10.0,Microsoft Corporation Inc.,Application,,C:\Windows\SystemApps\Microsoft.Windows.CallingShellApp_cw5n1h2txyewy,1.0,,
6773,CameraBarcodeScannerPreview,10.0,Microsoft Corporation Inc.,Application,,C:\Windows\SystemApps\Windows.CBSPreview_cw5n1h2txyewy,1.0,,
6773,CL5,9.6,Ivanti,Application,,C:\Program Files\BMC Software\Client Management\Client\data\PatchManagementPremium\workspace,7.0,,
6773,ClickOnce,4.8,Microsoft Corporation Inc.,Application,,C:\Windows\Microsoft.NET\Framework64\v4.0.30319,3.0,,
6773,Common User Interface,5.8,Musarubra US LLC.,Application,,C:\Program Files\McAfee\Agent\x86,1.0,,
6773,Credential Dialog Host,10.0,Microsoft Corporation Inc.,Application,,C:\Windows\SystemApps\microsoft.creddialoghost_cw5n1h2txyewy,1.0,,
6773,CrowdStrike Device Control,7.29,CrowdStrike Inc.,Add/Remove Programs,"November 14, 2025 12:00:00 AM",,,,
6773,CrowdStrike Device Control Support Tool,7.29,CrowdStrike Inc.,Application,,C:\Program Files\CrowdStrike,1.0,,
6773,CrowdStrike Falcon Connector,7.32,CrowdStrike Inc.,Application,,C:\Program Files\CrowdStrike,1.0,,
6773,CrowdStrike Falcon Sensor,7.32,CrowdStrike Inc.,Application,,C:\Program Files\CrowdStrike,1.0,,
6773,CrowdStrike Falcon Sensor Controller,7.32,CrowdStrike Inc.,Application,,C:\Program Files\CrowdStrike,1.0,,
6773,CrowdStrike Falcon Sensor Service,7.32,CrowdStrike Inc.,Application,,C:\Program Files\CrowdStrike,1.0,,
6773,CrowdStrike Falcon Sensor Servlet Container,7.32,CrowdStrike Inc.,Application,,C:\Program Files\CrowdStrike,1.0,,
6773,CrowdStrike Falcon Sensor Settings Tool,7.32,CrowdStrike Inc.,Application,,C:\Program Files\CrowdStrike,1.0,,
6773,CrowdStrike Falcon Sensor System Tray Application,7.32,CrowdStrike Inc.,Application,,C:\Program Files\CrowdStrike,2.0,,
6773,CrowdStrike Firmware Analysis,7.14,CrowdStrike Inc.,Add/Remove Programs,"March 28, 2025 12:00:00 AM",,,,
6773,CrowdStrike Firmware Analysis Support Tool,7.14,CrowdStrike Inc.,Application,,C:\Program Files\CrowdStrike,1.0,,
6773,CrowdStrike On-Demand Scan Command-line Tool,7.32,CrowdStrike Inc.,Application,,C:\Program Files\CrowdStrike,1.0,,
6773,CrowdStrike On-Demand Scan Tool,7.32,CrowdStrike Inc.,Application,,C:\Program Files\CrowdStrike,1.0,,
6773,CrowdStrike Sensor Platform,7.32,CrowdStrike Inc.,Add/Remove Programs,"January 14, 2026 12:00:00 AM",,,,
6773,CrowdStrike Windows Sensor,7.32,CrowdStrike Inc.,Add/Remove Programs,"January 14, 2026 12:00:00 AM",,,,
6773,CrowdStrike Windows Sensor,6.54,CrowdStrike Inc.,Application,,D:\login\crowdstrike,1.0,,
7472,.NET Framework,3.0,Microsoft Corporation Inc.,Application,,C:\Windows\Microsoft.NET\Framework64\v3.0\Windows Communication Foundation,2.0,,
7472,.NET Runtime Optimization Service,4.8,Microsoft Corporation Inc.,Application,,C:\Windows\Microsoft.NET\Framework64\v4.0.30319,2.0,,
7472,.NET Runtime Optimization Service,2.0,Microsoft Corporation Inc.,Application,,C:\Windows\Microsoft.NET\Framework64\v2.0.50727,2.0,,
7472,64Bit MAPI Mail Agent,1.0,Foxit Software Inc.,Application,,C:\Program Files (x86)\Foxit Software\Foxit PDF Reader,1.0,,
7472,7-Zip 24.08 (x64 edition),24.08,Igor Pavlov,Add/Remove Programs,"November 26, 2024 12:00:00 AM",,,,
7472,7-Zip Console,24.08,Igor Pavlov,Application,,C:\Program Files\7-Zip,1.0,,
7472,7-Zip File Manager,24.08,Igor Pavlov,Application,,C:\Program Files\7-Zip,1.0,,
7472,7-Zip GUI,24.08,Igor Pavlov,Application,,C:\Program Files\7-Zip,1.0,,
7472,AAD token broker plugin,10.0,Microsoft Corporation Inc.,Application,,C:\Windows\SystemApps\Microsoft.AAD.BrokerPlugin_cw5n1h2txyewy,1.0,,
7472,Accounts Control Host,10.0,Microsoft Corporation Inc.,Application,,C:\Windows\SystemApps\Microsoft.AccountsControl_cw5n1h2txyewy,1.0,,
7472,AddSuggestedFoldersToLibraryDialog,10.0,Microsoft Corporation Inc.,Application,,C:\Windows\SystemApps\Microsoft.Windows.AddSuggestedFoldersToLibraryDialog_cw5n1h2txyewy,1.0,,
7472,Antimalware Service Executable,4.18,Microsoft Corporation Inc.,Application,,C:\Program Files\Windows Defender,1.0,,
7472,AppResolverUX,10.0,Microsoft Corporation Inc.,Application,,C:\Windows\SystemApps\Microsoft.Windows.AppResolverUX_cw5n1h2txyewy,1.0,,
7472,AsyncTextService,10.0,Microsoft Corporation Inc.,Application,,C:\Windows\SystemApps\Microsoft.AsyncTextService_8wekyb3d8bbwe,1.0,,
7472,Biometric Enrollment Host,10.0,Microsoft Corporation Inc.,Application,,C:\Windows\SystemApps\Microsoft.BioEnrollment_cw5n1h2txyewy,1.0,,
7472,BMC Client Management Agent,24.1.01.240624,BMC Software Inc.,Application,,C:\Program Files\BMC Software\Client Management\Client\bin,1.0,,
7472,BMC Client Management Certificate Generator,24.1.01.240624,BMC Software Inc.,Application,,C:\Program Files\BMC Software\Client Management\Client\bin,1.0,,
7472,BMC Client Management Chilli Interpreter,24.1.01.240624,BMC Software Inc.,Application,,C:\Program Files\BMC Software\Client Management\Client\bin,1.0,,
7472,BMC Client Management Direct Access Proxy Agent,24.1.01.240624,BMC Software Inc.,Application,,C:\Program Files\BMC Software\Client Management\Client\bin,1.0,,
7472,BMC Client Management Opswat Proxy Agent,24.1.01.240624,BMC Software Inc.,Application,,C:\Program Files\BMC Software\Client Management\Client\bin,1.0,,
7472,BMC Client Management Package Viewer,24.1.01.240624,BMC Software Inc.,Application,,C:\Program Files\BMC Software\Client Management\Client\bin,1.0,,
7472,BMC Client Management Patch Broker,24.1.01.240624,BMC Software Inc.,Application,,C:\Program Files\BMC Software\Client Management\Client\bin,1.0,,
7472,BMC Client Management Proxy Agent,24.1.01.240624,BMC Software Inc.,Application,,C:\Program Files\BMC Software\Client Management\Client\bin,1.0,,
7472,BMC Client Management Remote Control proxy,24.1.01.240624,BMC Software Inc.,Application,,C:\Program Files\BMC Software\Client Management\Client\bin,1.0,,
7472,BMC Client Management SCAP,24.1.01.240624,BMC Software Inc.,Application,,C:\Program Files\BMC Software\Client Management\Client\bin,1.0,,
7472,BMC Client Management Video Proxy Agent,24.1.01.240624,BMC Software Inc.,Application,,C:\Program Files\BMC Software\Client Management\Client\bin,1.0,,
7472,Boot File Servicing Utility,10.0,Microsoft Corporation Inc.,Application,,C:\Windows,1.0,,
7472,BrowserCore,10.0,Microsoft Corporation Inc.,Application,,C:\Windows\BrowserCore,1.0,,
7472,Calling App to host call progress on shell,10.0,Microsoft Corporation Inc.,Application,,C:\Windows\SystemApps\Microsoft.Windows.CallingShellApp_cw5n1h2txyewy,1.0,,
7472,CameraBarcodeScannerPreview,10.0,Microsoft Corporation Inc.,Application,,C:\Windows\SystemApps\Windows.CBSPreview_cw5n1h2txyewy,1.0,,
7472,CL5,9.6,Ivanti,Application,,C:\Program Files\BMC Software\Client Management\Client\data\PatchManagementPremium\workspace,8.0,,
7472,ClickOnce,4.8,Microsoft Corporation Inc.,Application,,C:\Windows\Microsoft.NET\Framework64\v4.0.30319,3.0,,
7472,Common User Interface,5.8,Musarubra US LLC.,Application,,C:\Program Files\McAfee\Agent\x86,1.0,,
7472,Credential Dialog Host,10.0,Microsoft Corporation Inc.,Application,,C:\Windows\SystemApps\microsoft.creddialoghost_cw5n1h2txyewy,1.0,,
7472,CrowdStrike Device Control,7.29,CrowdStrike Inc.,Add/Remove Programs,"November 21, 2025 12:00:00 AM",,,,
7472,CrowdStrike Device Control Support Tool,7.29,CrowdStrike Inc.,Application,,C:\Program Files\CrowdStrike,1.0,,
7472,CrowdStrike Falcon Connector,7.32,CrowdStrike Inc.,Application,,C:\Program Files\CrowdStrike,1.0,,
7472,CrowdStrike Falcon Sensor,7.32,CrowdStrike Inc.,Application,,C:\Program Files\CrowdStrike,1.0,,
7472,CrowdStrike Falcon Sensor Controller,7.32,CrowdStrike Inc.,Application,,C:\Program Files\CrowdStrike,1.0,,
7472,CrowdStrike Falcon Sensor Service,7.32,CrowdStrike Inc.,Application,,C:\Program Files\CrowdStrike,1.0,,
7472,CrowdStrike Falcon Sensor Servlet Container,7.32,CrowdStrike Inc.,Application,,C:\Program Files\CrowdStrike,1.0,,
7472,CrowdStrike Falcon Sensor Settings Tool,7.32,CrowdStrike Inc.,Application,,C:\Program Files\CrowdStrike,1.0,,
7472,CrowdStrike Falcon Sensor System Tray Application,7.32,CrowdStrike Inc.,Application,,C:\Program Files\CrowdStrike,2.0,,
7472,CrowdStrike Firmware Analysis,7.14,CrowdStrike Inc.,Add/Remove Programs,"June 18, 2025 12:00:00 AM",,,,
7472,CrowdStrike Firmware Analysis Support Tool,7.14,CrowdStrike Inc.,Application,,C:\Program Files\CrowdStrike,1.0,,
7472,CrowdStrike On-Demand Scan Command-line Tool,7.32,CrowdStrike Inc.,Application,,C:\Program Files\CrowdStrike,1.0,,
7472,CrowdStrike On-Demand Scan Tool,7.32,CrowdStrike Inc.,Application,,C:\Program Files\CrowdStrike,1.0,,
7472,CrowdStrike Sensor Platform,7.32,CrowdStrike Inc.,Add/Remove Programs,"January 14, 2026 12:00:00 AM",,,,
7472,CrowdStrike Windows Sensor,7.32,CrowdStrike Inc.,Add/Remove Programs,"January 14, 2026 12:00:00 AM",,,,
7472,CrowdStrike Windows Sensor,6.54,CrowdStrike Inc.,Application,,D:\login\crowdstrike,1.0,,
7469,.NET Framework,3.0,Microsoft Corporation Inc.,Application,,C:\Windows\Microsoft.NET\Framework64\v3.0\Windows Communication Foundation,2.0,,
7469,.NET Runtime Optimization Service,4.8,Microsoft Corporation Inc.,Application,,C:\Windows\Microsoft.NET\Framework64\v4.0.30319,2.0,,
7469,.NET Runtime Optimization Service,2.0,Microsoft Corporation Inc.,Application,,C:\Windows\Microsoft.NET\Framework64\v2.0.50727,2.0,,
7469,64Bit MAPI Mail Agent,1.0,Foxit Software Inc.,Application,,C:\Program Files (x86)\Foxit Software\Foxit PDF Reader,1.0,,
7469,7-Zip 24.08 (x64 edition),24.08,Igor Pavlov,Add/Remove Programs,"November 26, 2024 12:00:00 AM",,,,
7469,7-Zip Console,24.08,Igor Pavlov,Application,,C:\Program Files\7-Zip,1.0,,
7469,7-Zip File Manager,24.08,Igor Pavlov,Application,,C:\Program Files\7-Zip,1.0,,
7469,7-Zip GUI,24.08,Igor Pavlov,Application,,C:\Program Files\7-Zip,1.0,,
7469,AAD token broker plugin,10.0,Microsoft Corporation Inc.,Application,,C:\Windows\SystemApps\Microsoft.AAD.BrokerPlugin_cw5n1h2txyewy,1.0,,
7469,Accounts Control Host,10.0,Microsoft Corporation Inc.,Application,,C:\Windows\SystemApps\Microsoft.AccountsControl_cw5n1h2txyewy,1.0,,
7469,AddSuggestedFoldersToLibraryDialog,10.0,Microsoft Corporation Inc.,Application,,C:\Windows\SystemApps\Microsoft.Windows.AddSuggestedFoldersToLibraryDialog_cw5n1h2txyewy,1.0,,
7469,Antimalware Service Executable,4.18,Microsoft Corporation Inc.,Application,,C:\Program Files\Windows Defender,1.0,,
7469,AppResolverUX,10.0,Microsoft Corporation Inc.,Application,,C:\Windows\SystemApps\Microsoft.Windows.AppResolverUX_cw5n1h2txyewy,1.0,,
7469,AsyncTextService,10.0,Microsoft Corporation Inc.,Application,,C:\Windows\SystemApps\Microsoft.AsyncTextService_8wekyb3d8bbwe,1.0,,
7469,Biometric Enrollment Host,10.0,Microsoft Corporation Inc.,Application,,C:\Windows\SystemApps\Microsoft.BioEnrollment_cw5n1h2txyewy,1.0,,
7469,BMC Client Management Agent,24.1.01.240624,BMC Software Inc.,Application,,C:\Program Files\BMC Software\Client Management\Client\bin,1.0,,
7469,BMC Client Management Certificate Generator,24.1.01.240624,BMC Software Inc.,Application,,C:\Program Files\BMC Software\Client Management\Client\bin,1.0,,
7469,BMC Client Management Chilli Interpreter,24.1.01.240624,BMC Software Inc.,Application,,C:\Program Files\BMC Software\Client Management\Client\bin,1.0,,
7469,BMC Client Management Direct Access Proxy Agent,24.1.01.240624,BMC Software Inc.,Application,,C:\Program Files\BMC Software\Client Management\Client\bin,1.0,,
7469,BMC Client Management Opswat Proxy Agent,24.1.01.240624,BMC Software Inc.,Application,,C:\Program Files\BMC Software\Client Management\Client\bin,1.0,,
7469,BMC Client Management Package Viewer,24.1.01.240624,BMC Software Inc.,Application,,C:\Program Files\BMC Software\Client Management\Client\bin,1.0,,
7469,BMC Client Management Patch Broker,24.1.01.240624,BMC Software Inc.,Application,,C:\Program Files\BMC Software\Client Management\Client\bin,1.0,,
7469,BMC Client Management Proxy Agent,24.1.01.240624,BMC Software Inc.,Application,,C:\Program Files\BMC Software\Client Management\Client\bin,1.0,,
7469,BMC Client Management Remote Control proxy,24.1.01.240624,BMC Software Inc.,Application,,C:\Program Files\BMC Software\Client Management\Client\bin,1.0,,
7469,BMC Client Management SCAP,24.1.01.240624,BMC Software Inc.,Application,,C:\Program Files\BMC Software\Client Management\Client\bin,1.0,,
7469,BMC Client Management Video Proxy Agent,24.1.01.240624,BMC Software Inc.,Application,,C:\Program Files\BMC Software\Client Management\Client\bin,1.0,,
7469,Boot File Servicing Utility,10.0,Microsoft Corporation Inc.,Application,,C:\Windows,1.0,,
7469,BrowserCore,10.0,Microsoft Corporation Inc.,Application,,C:\Windows\BrowserCore,1.0,,
7469,Calling App to host call progress on shell,10.0,Microsoft Corporation Inc.,Application,,C:\Windows\SystemApps\Microsoft.Windows.CallingShellApp_cw5n1h2txyewy,1.0,,
7469,CameraBarcodeScannerPreview,10.0,Microsoft Corporation Inc.,Application,,C:\Windows\SystemApps\Windows.CBSPreview_cw5n1h2txyewy,1.0,,
7469,ChromeEnterpriseCompanion,143.0,Google LLC,Application,,C:\Windows\SystemTemp\scoped_dir20888_934001388\scoped_dir20888_412979587,1.0,,
7469,CL5,9.6,Ivanti,Application,,C:\Program Files\BMC Software\Client Management\Client\data\PatchManagementPremium\workspace,5.0,,
7469,ClickOnce,4.8,Microsoft Corporation Inc.,Application,,C:\Windows\Microsoft.NET\Framework64\v4.0.30319,3.0,,
7469,Common User Interface,5.8,Musarubra US LLC.,Application,,C:\Program Files\McAfee\Agent\x86,1.0,,
7469,Credential Dialog Host,10.0,Microsoft Corporation Inc.,Application,,C:\Windows\SystemApps\microsoft.creddialoghost_cw5n1h2txyewy,1.0,,
7469,CrowdStrike Device Control,7.29,CrowdStrike Inc.,Add/Remove Programs,"November 14, 2025 12:00:00 AM",,,,
7469,CrowdStrike Device Control Support Tool,7.29,CrowdStrike Inc.,Application,,C:\Program Files\CrowdStrike,1.0,,
7469,CrowdStrike Falcon Connector,7.32,CrowdStrike Inc.,Application,,C:\Program Files\CrowdStrike,1.0,,
7469,CrowdStrike Falcon Sensor,7.32,CrowdStrike Inc.,Application,,C:\Program Files\CrowdStrike,1.0,,
7469,CrowdStrike Falcon Sensor Controller,7.32,CrowdStrike Inc.,Application,,C:\Program Files\CrowdStrike,1.0,,
7469,CrowdStrike Falcon Sensor Service,7.32,CrowdStrike Inc.,Application,,C:\Program Files\CrowdStrike,1.0,,
7469,CrowdStrike Falcon Sensor Servlet Container,7.32,CrowdStrike Inc.,Application,,C:\Program Files\CrowdStrike,1.0,,
7469,CrowdStrike Falcon Sensor Settings Tool,7.32,CrowdStrike Inc.,Application,,C:\Program Files\CrowdStrike,1.0,,
7469,CrowdStrike Falcon Sensor System Tray Application,7.32,CrowdStrike Inc.,Application,,C:\Program Files\CrowdStrike,2.0,,
7469,CrowdStrike Firmware Analysis,7.14,CrowdStrike Inc.,Add/Remove Programs,"May 02, 2025 12:00:00 AM",,,,
7469,CrowdStrike Firmware Analysis Support Tool,7.14,CrowdStrike Inc.,Application,,C:\Program Files\CrowdStrike,1.0,,
7469,CrowdStrike On-Demand Scan Command-line Tool,7.32,CrowdStrike Inc.,Application,,C:\Program Files\CrowdStrike,1.0,,
7469,CrowdStrike On-Demand Scan Tool,7.32,CrowdStrike Inc.,Application,,C:\Program Files\CrowdStrike,1.0,,
7469,CrowdStrike Sensor Platform,7.32,CrowdStrike Inc.,Add/Remove Programs,"January 14, 2026 12:00:00 AM",,,,
7469,CrowdStrike Windows Sensor,7.32,CrowdStrike Inc.,Add/Remove Programs,"January 14, 2026 12:00:00 AM",,,,
7399,.NET Runtime Optimization Service,4.8,Microsoft Corporation Inc.,Application,,C:\Windows\Microsoft.NET\Framework64\v4.0.30319,2.0,,
7399,64Bit MAPI Mail Agent,1.0,Foxit Software Inc.,Application,,C:\Program Files (x86)\Foxit Software\Foxit PDF Reader,1.0,,
7399,7-Zip 24.08 (x64 edition),24.08,Igor Pavlov,Add/Remove Programs,"November 29, 2024 12:00:00 AM",,,,
7399,7-Zip Console,24.08,Igor Pavlov,Application,,C:\Program Files\7-Zip,1.0,,
7399,7-Zip File Manager,24.08,Igor Pavlov,Application,,C:\Program Files\7-Zip,1.0,,
7399,7-Zip GUI,24.08,Igor Pavlov,Application,,C:\Program Files\7-Zip,1.0,,
7399,AAD token broker plugin,10.0,Microsoft Corporation Inc.,Application,,C:\Windows\SystemApps\Microsoft.AAD.BrokerPlugin_cw5n1h2txyewy,1.0,,
7399,Accounts Control Host,10.0,Microsoft Corporation Inc.,Application,,C:\Windows\SystemApps\Microsoft.AccountsControl_cw5n1h2txyewy,1.0,,
7399,AddSuggestedFoldersToLibraryDialog,10.0,Microsoft Corporation Inc.,Application,,C:\Windows\SystemApps\Microsoft.Windows.AddSuggestedFoldersToLibraryDialog_cw5n1h2txyewy,1.0,,
7399,Antimalware Service Executable,4.18,Microsoft Corporation Inc.,Application,,C:\Program Files\Windows Defender,1.0,,
7399,AppResolverUX,10.0,Microsoft Corporation Inc.,Application,,C:\Windows\SystemApps\Microsoft.Windows.AppResolverUX_cw5n1h2txyewy,1.0,,
7399,AsyncTextService,10.0,Microsoft Corporation Inc.,Application,,C:\Windows\SystemApps\Microsoft.AsyncTextService_8wekyb3d8bbwe,1.0,,
7399,Biometric Enrollment Host,10.0,Microsoft Corporation Inc.,Application,,C:\Windows\SystemApps\Microsoft.BioEnrollment_cw5n1h2txyewy,1.0,,
7399,BMC Client Management Agent,24.1.01.240624,BMC Software Inc.,Application,,C:\Program Files\BMC Software\Client Management\Client\bin,1.0,,
7399,BMC Client Management Certificate Generator,24.1.01.240624,BMC Software Inc.,Application,,C:\Program Files\BMC Software\Client Management\Client\bin,1.0,,
7399,BMC Client Management Chilli Interpreter,24.1.01.240624,BMC Software Inc.,Application,,C:\Program Files\BMC Software\Client Management\Client\bin,1.0,,
7399,BMC Client Management Direct Access Proxy Agent,24.1.01.240624,BMC Software Inc.,Application,,C:\Program Files\BMC Software\Client Management\Client\bin,1.0,,
7399,BMC Client Management Opswat Proxy Agent,24.1.01.240624,BMC Software Inc.,Application,,C:\Program Files\BMC Software\Client Management\Client\bin,1.0,,
7399,BMC Client Management Package Viewer,24.1.01.240624,BMC Software Inc.,Application,,C:\Program Files\BMC Software\Client Management\Client\bin,1.0,,
7399,BMC Client Management Patch Broker,24.1.01.240624,BMC Software Inc.,Application,,C:\Program Files\BMC Software\Client Management\Client\bin,1.0,,
7399,BMC Client Management Proxy Agent,24.1.01.240624,BMC Software Inc.,Application,,C:\Program Files\BMC Software\Client Management\Client\bin,1.0,,
7399,BMC Client Management Remote Control proxy,24.1.01.240624,BMC Software Inc.,Application,,C:\Program Files\BMC Software\Client Management\Client\bin,1.0,,
7399,BMC Client Management SCAP,24.1.01.240624,BMC Software Inc.,Application,,C:\Program Files\BMC Software\Client Management\Client\bin,1.0,,
7399,BMC Client Management Video Proxy Agent,24.1.01.240624,BMC Software Inc.,Application,,C:\Program Files\BMC Software\Client Management\Client\bin,1.0,,
7399,Boot File Servicing Utility,10.0,Microsoft Corporation Inc.,Application,,C:\Windows,1.0,,
7399,BrowserCore,10.0,Microsoft Corporation Inc.,Application,,C:\Windows\BrowserCore,1.0,,
7399,Calling App to host call progress on shell,10.0,Microsoft Corporation Inc.,Application,,C:\Windows\SystemApps\Microsoft.Windows.CallingShellApp_cw5n1h2txyewy,1.0,,
7399,CameraBarcodeScannerPreview,10.0,Microsoft Corporation Inc.,Application,,C:\Windows\SystemApps\Windows.CBSPreview_cw5n1h2txyewy,1.0,,
7399,ChromeEnterpriseCompanion,143.0,Google LLC,Application,,C:\Windows\SystemTemp\scoped_dir19208_186939665\scoped_dir19208_342886761,1.0,,
7399,CL5,9.6,Ivanti,Application,,C:\Program Files\BMC Software\Client Management\Client\data\PatchManagementPremium\workspace,6.0,,
7399,ClickOnce,4.8,Microsoft Corporation Inc.,Application,,C:\Windows\Microsoft.NET\Framework64\v4.0.30319,3.0,,
7399,Common User Interface,5.8,Musarubra US LLC.,Application,,C:\Program Files\McAfee\Agent\x86,1.0,,
7399,Credential Dialog Host,10.0,Microsoft Corporation Inc.,Application,,C:\Windows\SystemApps\microsoft.creddialoghost_cw5n1h2txyewy,1.0,,
7399,CrowdStrike Device Control,7.29,CrowdStrike Inc.,Add/Remove Programs,"November 14, 2025 12:00:00 AM",,,,
7399,CrowdStrike Device Control Support Tool,7.29,CrowdStrike Inc.,Application,,C:\Program Files\CrowdStrike,1.0,,
7399,CrowdStrike Falcon Connector,7.32,CrowdStrike Inc.,Application,,C:\Program Files\CrowdStrike,1.0,,
7399,CrowdStrike Falcon Sensor,7.32,CrowdStrike Inc.,Application,,C:\Program Files\CrowdStrike,1.0,,
7399,CrowdStrike Falcon Sensor Controller,7.32,CrowdStrike Inc.,Application,,C:\Program Files\CrowdStrike,1.0,,
7399,CrowdStrike Falcon Sensor Service,7.32,CrowdStrike Inc.,Application,,C:\Program Files\CrowdStrike,1.0,,
7399,CrowdStrike Falcon Sensor Servlet Container,7.32,CrowdStrike Inc.,Application,,C:\Program Files\CrowdStrike,1.0,,
7399,CrowdStrike Falcon Sensor Settings Tool,7.32,CrowdStrike Inc.,Application,,C:\Program Files\CrowdStrike,1.0,,
7399,CrowdStrike Falcon Sensor System Tray Application,7.32,CrowdStrike Inc.,Application,,C:\Program Files\CrowdStrike,2.0,,
7399,CrowdStrike Firmware Analysis,7.14,CrowdStrike Inc.,Add/Remove Programs,"July 24, 2025 12:00:00 AM",,,,
7399,CrowdStrike Firmware Analysis Support Tool,7.14,CrowdStrike Inc.,Application,,C:\Program Files\CrowdStrike,1.0,,
7399,CrowdStrike Forensic Data Collection Tool,1.0,CrowdStrike Inc.,Application,,C:,2.0,,
7399,CrowdStrike On-Demand Scan Command-line Tool,7.32,CrowdStrike Inc.,Application,,C:\Program Files\CrowdStrike,1.0,,
7399,CrowdStrike On-Demand Scan Tool,7.32,CrowdStrike Inc.,Application,,C:\Program Files\CrowdStrike,1.0,,
7399,CrowdStrike Sensor Platform,7.32,CrowdStrike Inc.,Add/Remove Programs,"January 14, 2026 12:00:00 AM",,,,
7399,CrowdStrike Windows Sensor,7.32,CrowdStrike Inc.,Add/Remove Programs,"January 14, 2026 12:00:00 AM",,,,
7399,CrowdStrike Windows Sensor,6.54,CrowdStrike Inc.,Application,,C:\login\crowdstrike,1.0,,
16701,.NET Runtime Optimization Service,4.8,Microsoft Corporation Inc.,Application,,C:\Windows\Microsoft.NET\Framework64\v4.0.30319,2.0,,
16701,64Bit MAPI Mail Agent,1.0,Foxit Software Inc.,Application,,C:\Program Files (x86)\Foxit Software\Foxit PDF Reader,1.0,,
16701,7-Zip 19.00 (x64),19.0,Igor Pavlov,Add/Remove Programs,,C:\Program Files\7-Zip\,,,
16701,7-Zip Console,19.0,Igor Pavlov,Application,,C:\Program Files\7-Zip,1.0,,
16701,7-Zip File Manager,19.0,Igor Pavlov,Application,,C:\Program Files\7-Zip,1.0,,
16701,7-Zip GUI,19.0,Igor Pavlov,Application,,C:\Program Files\7-Zip,1.0,,
16701,AAD token broker plugin,10.0,Microsoft Corporation Inc.,Application,,C:\Windows\SystemApps\Microsoft.AAD.BrokerPlugin_cw5n1h2txyewy,1.0,,
16701,Accounts Control Host,10.0,Microsoft Corporation Inc.,Application,,C:\Windows\SystemApps\Microsoft.AccountsControl_cw5n1h2txyewy,1.0,,
16701,AddSuggestedFoldersToLibraryDialog,10.0,Microsoft Corporation Inc.,Application,,C:\Windows\SystemApps\Microsoft.Windows.AddSuggestedFoldersToLibraryDialog_cw5n1h2txyewy,1.0,,
16701,Antimalware Service Executable,4.18,Microsoft Corporation Inc.,Application,,C:\Program Files\Windows Defender,1.0,,
16701,AppResolverUX,10.0,Microsoft Corporation Inc.,Application,,C:\Windows\SystemApps\Microsoft.Windows.AppResolverUX_cw5n1h2txyewy,1.0,,
16701,AsyncTextService,10.0,Microsoft Corporation Inc.,Application,,C:\Windows\SystemApps\Microsoft.AsyncTextService_8wekyb3d8bbwe,1.0,,
16701,Biometric Enrollment Host,10.0,Microsoft Corporation Inc.,Application,,C:\Windows\SystemApps\Microsoft.BioEnrollment_cw5n1h2txyewy,1.0,,
16701,BMC Client Management Agent,24.1.01.240624,BMC Software Inc.,Application,,C:\Program Files\BMC Software\Client Management\Client\bin,1.0,,
16701,BMC Client Management Certificate Generator,24.1.01.240624,BMC Software Inc.,Application,,C:\Program Files\BMC Software\Client Management\Client\bin,1.0,,
16701,BMC Client Management Chilli Interpreter,24.1.01.240624,BMC Software Inc.,Application,,C:\Program Files\BMC Software\Client Management\Client\bin,1.0,,
16701,BMC Client Management Direct Access Proxy Agent,24.1.01.240624,BMC Software Inc.,Application,,C:\Program Files\BMC Software\Client Management\Client\bin,1.0,,
16701,BMC Client Management Opswat Proxy Agent,24.1.01.240624,BMC Software Inc.,Application,,C:\Program Files\BMC Software\Client Management\Client\bin,1.0,,
16701,BMC Client Management Package Viewer,24.1.01.240624,BMC Software Inc.,Application,,C:\Program Files\BMC Software\Client Management\Client\bin,1.0,,
16701,BMC Client Management Patch Broker,24.1.01.240624,BMC Software Inc.,Application,,C:\Program Files\BMC Software\Client Management\Client\bin,1.0,,
16701,BMC Client Management Proxy Agent,24.1.01.240624,BMC Software Inc.,Application,,C:\Program Files\BMC Software\Client Management\Client\bin,1.0,,
16701,BMC Client Management Remote Control proxy,24.1.01.240624,BMC Software Inc.,Application,,C:\Program Files\BMC Software\Client Management\Client\bin,1.0,,
16701,BMC Client Management SCAP,24.1.01.240624,BMC Software Inc.,Application,,C:\Program Files\BMC Software\Client Management\Client\bin,1.0,,
16701,BMC Client Management Video Proxy Agent,24.1.01.240624,BMC Software Inc.,Application,,C:\Program Files\BMC Software\Client Management\Client\bin,1.0,,
16701,Boot File Servicing Utility,10.0,Microsoft Corporation Inc.,Application,,C:\Windows,1.0,,
16701,BrowserCore,10.0,Microsoft Corporation Inc.,Application,,C:\Windows\BrowserCore,1.0,,
16701,Calling App to host call progress on shell,10.0,Microsoft Corporation Inc.,Application,,C:\Windows\SystemApps\Microsoft.Windows.CallingShellApp_cw5n1h2txyewy,1.0,,
16701,CameraBarcodeScannerPreview,10.0,Microsoft Corporation Inc.,Application,,C:\Windows\SystemApps\Windows.CBSPreview_cw5n1h2txyewy,1.0,,
16701,ChromeEnterpriseCompanion,143.0,Google LLC,Application,,C:\Windows\SystemTemp\scoped_dir16600_167018250\scoped_dir16600_375590659,1.0,,
16701,CL5,9.6,Ivanti,Application,,C:\Program Files\BMC Software\Client Management\Client\data\PatchManagementPremium\workspace,1.0,,
16701,ClickOnce,4.8,Microsoft Corporation Inc.,Application,,C:\Windows\Microsoft.NET\Framework64\v4.0.30319,3.0,,
16701,Common User Interface,5.8,Musarubra US LLC.,Application,,C:\Program Files\McAfee\Agent\x86,1.0,,
16701,Credential Dialog Host,10.0,Microsoft Corporation Inc.,Application,,C:\Windows\SystemApps\microsoft.creddialoghost_cw5n1h2txyewy,1.0,,
16701,CrowdStrike Device Control,7.29,CrowdStrike Inc.,Add/Remove Programs,"November 14, 2025 12:00:00 AM",,,,
16701,CrowdStrike Device Control Support Tool,7.29,CrowdStrike Inc.,Application,,C:\Program Files\CrowdStrike,1.0,,
16701,CrowdStrike Falcon Connector,7.32,CrowdStrike Inc.,Application,,C:\Program Files\CrowdStrike,1.0,,
16701,CrowdStrike Falcon Sensor,7.32,CrowdStrike Inc.,Application,,C:\Program Files\CrowdStrike,1.0,,
16701,CrowdStrike Falcon Sensor Controller,7.32,CrowdStrike Inc.,Application,,C:\Program Files\CrowdStrike,1.0,,
16701,CrowdStrike Falcon Sensor Service,7.32,CrowdStrike Inc.,Application,,C:\Program Files\CrowdStrike,1.0,,
16701,CrowdStrike Falcon Sensor Servlet Container,7.32,CrowdStrike Inc.,Application,,C:\Program Files\CrowdStrike,1.0,,
16701,CrowdStrike Falcon Sensor Settings Tool,7.32,CrowdStrike Inc.,Application,,C:\Program Files\CrowdStrike,1.0,,
16701,CrowdStrike Falcon Sensor System Tray Application,7.32,CrowdStrike Inc.,Application,,C:\Program Files\CrowdStrike,2.0,,
16701,CrowdStrike Firmware Analysis,7.14,CrowdStrike Inc.,Add/Remove Programs,"August 13, 2025 12:00:00 AM",,,,
16701,CrowdStrike Firmware Analysis Support Tool,7.14,CrowdStrike Inc.,Application,,C:\Program Files\CrowdStrike,1.0,,
16701,CrowdStrike On-Demand Scan Command-line Tool,7.32,CrowdStrike Inc.,Application,,C:\Program Files\CrowdStrike,1.0,,
16701,CrowdStrike On-Demand Scan Tool,7.32,CrowdStrike Inc.,Application,,C:\Program Files\CrowdStrike,1.0,,
16701,CrowdStrike Sensor Platform,7.32,CrowdStrike Inc.,Add/Remove Programs,"January 14, 2026 12:00:00 AM",,,,
16701,CrowdStrike Windows Sensor,7.32,CrowdStrike Inc.,Add/Remove Programs,"January 14, 2026 12:00:00 AM",,,,
16701,CxAudioSvc,1.0,Conexant Systems LLC.,Application,,C:\Windows\CxSvc,1.0,,
16701,EC App,10.0,Microsoft Corporation Inc.,Application,,C:\Windows\SystemApps\Microsoft.ECApp_8wekyb3d8bbwe,1.0,,
17151,.NET Runtime Optimization Service,4.8,Microsoft Corporation Inc.,Application,,C:\Windows\Microsoft.NET\Framework64\v4.0.30319,2.0,,
17151,64Bit MAPI Mail Agent,1.0,Foxit Software Inc.,Application,,C:\Program Files (x86)\Foxit Software\Foxit PDF Reader,1.0,,
17151,7-Zip 24.08 (x64 edition),24.08,Igor Pavlov,Add/Remove Programs,"November 26, 2024 12:00:00 AM",,,,
17151,7-Zip Console,24.08,Igor Pavlov,Application,,C:\Program Files\7-Zip,1.0,,
17151,7-Zip File Manager,24.08,Igor Pavlov,Application,,C:\Program Files\7-Zip,1.0,,
17151,7-Zip GUI,24.08,Igor Pavlov,Application,,C:\Program Files\7-Zip,1.0,,
17151,AAD token broker plugin,10.0,Microsoft Corporation Inc.,Application,,C:\Windows\SystemApps\Microsoft.AAD.BrokerPlugin_cw5n1h2txyewy,1.0,,
17151,Accounts Control Host,10.0,Microsoft Corporation Inc.,Application,,C:\Windows\SystemApps\Microsoft.AccountsControl_cw5n1h2txyewy,1.0,,
17151,AddSuggestedFoldersToLibraryDialog,10.0,Microsoft Corporation Inc.,Application,,C:\Windows\SystemApps\Microsoft.Windows.AddSuggestedFoldersToLibraryDialog_cw5n1h2txyewy,1.0,,
17151,Antimalware Service Executable,4.18,Microsoft Corporation Inc.,Application,,C:\Program Files\Windows Defender,1.0,,
17151,AppResolverUX,10.0,Microsoft Corporation Inc.,Application,,C:\Windows\SystemApps\Microsoft.Windows.AppResolverUX_cw5n1h2txyewy,1.0,,
17151,AsyncTextService,10.0,Microsoft Corporation Inc.,Application,,C:\Windows\SystemApps\Microsoft.AsyncTextService_8wekyb3d8bbwe,1.0,,
17151,Biometric Enrollment Host,10.0,Microsoft Corporation Inc.,Application,,C:\Windows\SystemApps\Microsoft.BioEnrollment_cw5n1h2txyewy,1.0,,
17151,BMC Client Management Agent,24.1.01.240624,BMC Software Inc.,Application,,C:\Program Files\BMC Software\Client Management\Client\bin,1.0,,
17151,BMC Client Management Certificate Generator,24.1.01.240624,BMC Software Inc.,Application,,C:\Program Files\BMC Software\Client Management\Client\bin,1.0,,
17151,BMC Client Management Chilli Interpreter,24.1.01.240624,BMC Software Inc.,Application,,C:\Program Files\BMC Software\Client Management\Client\bin,1.0,,
17151,BMC Client Management Direct Access Proxy Agent,24.1.01.240624,BMC Software Inc.,Application,,C:\Program Files\BMC Software\Client Management\Client\bin,1.0,,
17151,BMC Client Management Opswat Proxy Agent,24.1.01.240624,BMC Software Inc.,Application,,C:\Program Files\BMC Software\Client Management\Client\bin,1.0,,
17151,BMC Client Management Package Viewer,24.1.01.240624,BMC Software Inc.,Application,,C:\Program Files\BMC Software\Client Management\Client\bin,1.0,,
17151,BMC Client Management Patch Broker,24.1.01.240624,BMC Software Inc.,Application,,C:\Program Files\BMC Software\Client Management\Client\bin,1.0,,
17151,BMC Client Management Proxy Agent,24.1.01.240624,BMC Software Inc.,Application,,C:\Program Files\BMC Software\Client Management\Client\bin,1.0,,
17151,BMC Client Management Remote Control proxy,24.1.01.240624,BMC Software Inc.,Application,,C:\Program Files\BMC Software\Client Management\Client\bin,1.0,,
17151,BMC Client Management SCAP,24.1.01.240624,BMC Software Inc.,Application,,C:\Program Files\BMC Software\Client Management\Client\bin,1.0,,
17151,BMC Client Management Video Proxy Agent,24.1.01.240624,BMC Software Inc.,Application,,C:\Program Files\BMC Software\Client Management\Client\bin,1.0,,
17151,Boot File Servicing Utility,10.0,Microsoft Corporation Inc.,Application,,C:\Windows,1.0,,
17151,Boot Sector Manipulation Tool,10.0,Microsoft Corporation Inc.,Application,,D:\win 11\boot,1.0,,
17151,BrowserCore,10.0,Microsoft Corporation Inc.,Application,,C:\Windows\BrowserCore,1.0,,
17151,Calling App to host call progress on shell,10.0,Microsoft Corporation Inc.,Application,,C:\Windows\SystemApps\Microsoft.Windows.CallingShellApp_cw5n1h2txyewy,1.0,,
17151,CameraBarcodeScannerPreview,10.0,Microsoft Corporation Inc.,Application,,C:\Windows\SystemApps\Windows.CBSPreview_cw5n1h2txyewy,1.0,,
17151,CL5,9.6,Ivanti,Application,,C:\Program Files\BMC Software\Client Management\Client\data\PatchManagementPremium\workspace,6.0,,
17151,ClickOnce,4.8,Microsoft Corporation Inc.,Application,,C:\Windows\Microsoft.NET\Framework64\v4.0.30319,3.0,,
17151,Common User Interface,5.8,Musarubra US LLC.,Application,,C:\Program Files\McAfee\Agent\x86,1.0,,
17151,Credential Dialog Host,10.0,Microsoft Corporation Inc.,Application,,C:\Windows\SystemApps\microsoft.creddialoghost_cw5n1h2txyewy,1.0,,
17151,CrowdStrike Device Control,7.29,CrowdStrike Inc.,Add/Remove Programs,"November 14, 2025 12:00:00 AM",,,,
17151,CrowdStrike Device Control Support Tool,7.29,CrowdStrike Inc.,Application,,C:\Program Files\CrowdStrike,1.0,,
17151,CrowdStrike Falcon Connector,7.32,CrowdStrike Inc.,Application,,C:\Program Files\CrowdStrike,1.0,,
17151,CrowdStrike Falcon Sensor,7.32,CrowdStrike Inc.,Application,,C:\Program Files\CrowdStrike,1.0,,
17151,CrowdStrike Falcon Sensor Controller,7.32,CrowdStrike Inc.,Application,,C:\Program Files\CrowdStrike,1.0,,
17151,CrowdStrike Falcon Sensor Service,7.32,CrowdStrike Inc.,Application,,C:\Program Files\CrowdStrike,1.0,,
17151,CrowdStrike Falcon Sensor Servlet Container,7.32,CrowdStrike Inc.,Application,,C:\Program Files\CrowdStrike,1.0,,
17151,CrowdStrike Falcon Sensor Settings Tool,7.32,CrowdStrike Inc.,Application,,C:\Program Files\CrowdStrike,1.0,,
17151,CrowdStrike Falcon Sensor System Tray Application,7.32,CrowdStrike Inc.,Application,,C:\Program Files\CrowdStrike,2.0,,
17151,CrowdStrike Firmware Analysis,7.14,CrowdStrike Inc.,Add/Remove Programs,"August 21, 2025 12:00:00 AM",,,,
17151,CrowdStrike Firmware Analysis Support Tool,7.14,CrowdStrike Inc.,Application,,C:\Program Files\CrowdStrike,1.0,,
17151,CrowdStrike Forensic Data Collection Tool,1.0,CrowdStrike Inc.,Application,,C:,2.0,,
17151,CrowdStrike On-Demand Scan Command-line Tool,7.32,CrowdStrike Inc.,Application,,C:\Program Files\CrowdStrike,1.0,,
17151,CrowdStrike On-Demand Scan Tool,7.32,CrowdStrike Inc.,Application,,C:\Program Files\CrowdStrike,1.0,,
17151,CrowdStrike Sensor Platform,7.32,CrowdStrike Inc.,Add/Remove Programs,"January 14, 2026 12:00:00 AM",,,,
17151,CrowdStrike Windows Sensor,7.32,CrowdStrike Inc.,Add/Remove Programs,"January 14, 2026 12:00:00 AM",,,,
17151,CrowdStrike Windows Sensor,6.54,CrowdStrike Inc.,Application,,C:\login\crowdstrike,1.0,,
6807,.NET Framework,3.0,Microsoft Corporation Inc.,Application,,C:\Windows\Microsoft.NET\Framework64\v3.0\Windows Communication Foundation,2.0,,
6807,.NET Runtime Optimization Service,4.8,Microsoft Corporation Inc.,Application,,C:\Windows\Microsoft.NET\Framework64\v4.0.30319,2.0,,
6807,.NET Runtime Optimization Service,2.0,Microsoft Corporation Inc.,Application,,C:\Windows\Microsoft.NET\Framework64\v2.0.50727,2.0,,
6807,64Bit MAPI Mail Agent,1.0,Foxit Software Inc.,Application,,C:\Program Files (x86)\Foxit Software\Foxit Reader,1.0,,
6807,7-Zip 24.08 (x64 edition),24.08,Igor Pavlov,Add/Remove Programs,"November 26, 2024 12:00:00 AM",,,,
6807,7-Zip Console,24.08,Igor Pavlov,Application,,C:\Program Files\7-Zip,1.0,,
6807,7-Zip File Manager,24.08,Igor Pavlov,Application,,C:\Program Files\7-Zip,1.0,,
6807,7-Zip GUI,24.08,Igor Pavlov,Application,,C:\Program Files\7-Zip,1.0,,
6807,AAD token broker plugin,10.0,Microsoft Corporation Inc.,Application,,C:\Windows\SystemApps\Microsoft.AAD.BrokerPlugin_cw5n1h2txyewy,1.0,,
6807,Accounts Control Host,10.0,Microsoft Corporation Inc.,Application,,C:\Windows\SystemApps\Microsoft.AccountsControl_cw5n1h2txyewy,1.0,,
6807,AddSuggestedFoldersToLibraryDialog,10.0,Microsoft Corporation Inc.,Application,,C:\Windows\SystemApps\Microsoft.Windows.AddSuggestedFoldersToLibraryDialog_cw5n1h2txyewy,1.0,,
6807,Antimalware Service Executable,4.18,Microsoft Corporation Inc.,Application,,C:\Program Files\Windows Defender,1.0,,
6807,AppResolverUX,10.0,Microsoft Corporation Inc.,Application,,C:\Windows\SystemApps\Microsoft.Windows.AppResolverUX_cw5n1h2txyewy,1.0,,
6807,AsyncTextService,10.0,Microsoft Corporation Inc.,Application,,C:\Windows\SystemApps\Microsoft.AsyncTextService_8wekyb3d8bbwe,1.0,,
6807,Biometric Enrollment Host,10.0,Microsoft Corporation Inc.,Application,,C:\Windows\SystemApps\Microsoft.BioEnrollment_cw5n1h2txyewy,1.0,,
6807,BMC Client Management Agent,24.1.01.240624,BMC Software Inc.,Application,,C:\Program Files\BMC Software\Client Management\Client\bin,1.0,,
6807,BMC Client Management Certificate Generator,24.1.01.240624,BMC Software Inc.,Application,,C:\Program Files\BMC Software\Client Management\Client\bin,1.0,,
6807,BMC Client Management Chilli Interpreter,24.1.01.240624,BMC Software Inc.,Application,,C:\Program Files\BMC Software\Client Management\Client\bin,1.0,,
6807,BMC Client Management Direct Access Proxy Agent,24.1.01.240624,BMC Software Inc.,Application,,C:\Program Files\BMC Software\Client Management\Client\bin,1.0,,
6807,BMC Client Management Opswat Proxy Agent,24.1.01.240624,BMC Software Inc.,Application,,C:\Program Files\BMC Software\Client Management\Client\bin,1.0,,
6807,BMC Client Management Package Viewer,24.1.01.240624,BMC Software Inc.,Application,,C:\Program Files\BMC Software\Client Management\Client\bin,1.0,,
6807,BMC Client Management Patch Broker,24.1.01.240624,BMC Software Inc.,Application,,C:\Program Files\BMC Software\Client Management\Client\bin,1.0,,
6807,BMC Client Management Proxy Agent,24.1.01.240624,BMC Software Inc.,Application,,C:\Program Files\BMC Software\Client Management\Client\bin,1.0,,
6807,BMC Client Management Remote Control proxy,24.1.01.240624,BMC Software Inc.,Application,,C:\Program Files\BMC Software\Client Management\Client\bin,1.0,,
6807,BMC Client Management SCAP,24.1.01.240624,BMC Software Inc.,Application,,C:\Program Files\BMC Software\Client Management\Client\bin,1.0,,
6807,BMC Client Management Video Proxy Agent,24.1.01.240624,BMC Software Inc.,Application,,C:\Program Files\BMC Software\Client Management\Client\bin,1.0,,
6807,Boot File Servicing Utility,10.0,Microsoft Corporation Inc.,Application,,C:\Windows,1.0,,
6807,BrowserCore,10.0,Microsoft Corporation Inc.,Application,,C:\Windows\BrowserCore,1.0,,
6807,Calling App to host call progress on shell,10.0,Microsoft Corporation Inc.,Application,,C:\Windows\SystemApps\Microsoft.Windows.CallingShellApp_cw5n1h2txyewy,1.0,,
6807,CameraBarcodeScannerPreview,10.0,Microsoft Corporation Inc.,Application,,C:\Windows\SystemApps\Windows.CBSPreview_cw5n1h2txyewy,1.0,,
6807,CL5,9.6,Ivanti,Application,,C:\Program Files\BMC Software\Client Management\Client\data\PatchManagementPremium\workspace,1.0,,
6807,ClickOnce,4.8,Microsoft Corporation Inc.,Application,,C:\Windows\Microsoft.NET\Framework64\v4.0.30319,3.0,,
6807,Common User Interface,5.8,Musarubra US LLC.,Application,,C:\Program Files\McAfee\Agent\x86,1.0,,
6807,Create Virtual Machine,10.0,Microsoft Corporation Inc.,Application,,C:\Program Files\Hyper-V,1.0,,
6807,Credential Dialog Host,10.0,Microsoft Corporation Inc.,Application,,C:\Windows\SystemApps\microsoft.creddialoghost_cw5n1h2txyewy,1.0,,
6807,CrowdStrike Device Control,7.29,CrowdStrike Inc.,Add/Remove Programs,"November 14, 2025 12:00:00 AM",,,,
6807,CrowdStrike Device Control Support Tool,7.29,CrowdStrike Inc.,Application,,C:\Program Files\CrowdStrike,1.0,,
6807,CrowdStrike Falcon Connector,7.32,CrowdStrike Inc.,Application,,C:\Program Files\CrowdStrike,1.0,,
6807,CrowdStrike Falcon Sensor,7.32,CrowdStrike Inc.,Application,,C:\Program Files\CrowdStrike,1.0,,
6807,CrowdStrike Falcon Sensor Controller,7.32,CrowdStrike Inc.,Application,,C:\Program Files\CrowdStrike,1.0,,
6807,CrowdStrike Falcon Sensor Service,7.32,CrowdStrike Inc.,Application,,C:\Program Files\CrowdStrike,1.0,,
6807,CrowdStrike Falcon Sensor Servlet Container,7.32,CrowdStrike Inc.,Application,,C:\Program Files\CrowdStrike,1.0,,
6807,CrowdStrike Falcon Sensor Settings Tool,7.32,CrowdStrike Inc.,Application,,C:\Program Files\CrowdStrike,1.0,,
6807,CrowdStrike Falcon Sensor System Tray Application,7.32,CrowdStrike Inc.,Application,,C:\Program Files\CrowdStrike,2.0,,
6807,CrowdStrike Firmware Analysis,7.14,CrowdStrike Inc.,Add/Remove Programs,"June 18, 2025 12:00:00 AM",,,,
6807,CrowdStrike Firmware Analysis Support Tool,7.14,CrowdStrike Inc.,Application,,C:\Program Files\CrowdStrike,1.0,,
6807,CrowdStrike On-Demand Scan Command-line Tool,7.32,CrowdStrike Inc.,Application,,C:\Program Files\CrowdStrike,1.0,,
6807,CrowdStrike On-Demand Scan Tool,7.32,CrowdStrike Inc.,Application,,C:\Program Files\CrowdStrike,1.0,,
6807,CrowdStrike Sensor Platform,7.32,CrowdStrike Inc.,Add/Remove Programs,"January 14, 2026 12:00:00 AM",,,,
6807,CrowdStrike Windows Sensor,7.32,CrowdStrike Inc.,Add/Remove Programs,"January 14, 2026 12:00:00 AM",,,,
7957,.NET Framework,3.0,Microsoft Corporation Inc.,Application,,C:\Windows\Microsoft.NET\Framework64\v3.0\Windows Communication Foundation,2.0,,
7957,.NET Runtime Optimization Service,4.8,Microsoft Corporation Inc.,Application,,C:\Windows\Microsoft.NET\Framework64\v4.0.30319,2.0,,
7957,.NET Runtime Optimization Service,2.0,Microsoft Corporation Inc.,Application,,C:\Windows\Microsoft.NET\Framework64\v2.0.50727,2.0,,
7957,64Bit MAPI Mail Agent,1.0,Foxit Software Inc.,Application,,C:\Program Files (x86)\Foxit Software\Foxit PDF Reader,1.0,,
7957,7-Zip 24.08 (x64 edition),24.08,Igor Pavlov,Add/Remove Programs,"November 26, 2024 12:00:00 AM",,,,
7957,7-Zip Console,24.08,Igor Pavlov,Application,,C:\Program Files\7-Zip,1.0,,
7957,7-Zip File Manager,24.08,Igor Pavlov,Application,,C:\Program Files\7-Zip,1.0,,
7957,7-Zip GUI,24.08,Igor Pavlov,Application,,C:\Program Files\7-Zip,1.0,,
7957,AAD token broker plugin,10.0,Microsoft Corporation Inc.,Application,,C:\Windows\SystemApps\Microsoft.AAD.BrokerPlugin_cw5n1h2txyewy,1.0,,
7957,Accounts Control Host,10.0,Microsoft Corporation Inc.,Application,,C:\Windows\SystemApps\Microsoft.AccountsControl_cw5n1h2txyewy,1.0,,
7957,AddSuggestedFoldersToLibraryDialog,10.0,Microsoft Corporation Inc.,Application,,C:\Windows\SystemApps\Microsoft.Windows.AddSuggestedFoldersToLibraryDialog_cw5n1h2txyewy,1.0,,
7957,Antimalware Service Executable,4.18,Microsoft Corporation Inc.,Application,,C:\Program Files\Windows Defender,1.0,,
7957,AppResolverUX,10.0,Microsoft Corporation Inc.,Application,,C:\Windows\SystemApps\Microsoft.Windows.AppResolverUX_cw5n1h2txyewy,1.0,,
7957,AsyncTextService,10.0,Microsoft Corporation Inc.,Application,,C:\Windows\SystemApps\Microsoft.AsyncTextService_8wekyb3d8bbwe,1.0,,
7957,Biometric Enrollment Host,10.0,Microsoft Corporation Inc.,Application,,C:\Windows\SystemApps\Microsoft.BioEnrollment_cw5n1h2txyewy,1.0,,
7957,BMC Client Management Agent,24.1.01.240624,BMC Software Inc.,Application,,C:\Program Files\BMC Software\Client Management\Client\bin,1.0,,
7957,BMC Client Management Certificate Generator,24.1.01.240624,BMC Software Inc.,Application,,C:\Program Files\BMC Software\Client Management\Client\bin,1.0,,
7957,BMC Client Management Chilli Interpreter,24.1.01.240624,BMC Software Inc.,Application,,C:\Program Files\BMC Software\Client Management\Client\bin,1.0,,
7957,BMC Client Management Direct Access Proxy Agent,24.1.01.240624,BMC Software Inc.,Application,,C:\Program Files\BMC Software\Client Management\Client\bin,1.0,,
7957,BMC Client Management Opswat Proxy Agent,24.1.01.240624,BMC Software Inc.,Application,,C:\Program Files\BMC Software\Client Management\Client\bin,1.0,,
7957,BMC Client Management Package Viewer,24.1.01.240624,BMC Software Inc.,Application,,C:\Program Files\BMC Software\Client Management\Client\bin,1.0,,
7957,BMC Client Management Patch Broker,24.1.01.240624,BMC Software Inc.,Application,,C:\Program Files\BMC Software\Client Management\Client\bin,1.0,,
7957,BMC Client Management Proxy Agent,24.1.01.240624,BMC Software Inc.,Application,,C:\Program Files\BMC Software\Client Management\Client\bin,1.0,,
7957,BMC Client Management Remote Control proxy,24.1.01.240624,BMC Software Inc.,Application,,C:\Program Files\BMC Software\Client Management\Client\bin,1.0,,
7957,BMC Client Management SCAP,24.1.01.240624,BMC Software Inc.,Application,,C:\Program Files\BMC Software\Client Management\Client\bin,1.0,,
7957,BMC Client Management Video Proxy Agent,24.1.01.240624,BMC Software Inc.,Application,,C:\Program Files\BMC Software\Client Management\Client\bin,1.0,,
7957,Boot File Servicing Utility,10.0,Microsoft Corporation Inc.,Application,,C:\Windows,1.0,,
7957,BrowserCore,10.0,Microsoft Corporation Inc.,Application,,C:\Windows\BrowserCore,1.0,,
7957,Calling App to host call progress on shell,10.0,Microsoft Corporation Inc.,Application,,C:\Windows\SystemApps\Microsoft.Windows.CallingShellApp_cw5n1h2txyewy,1.0,,
7957,CameraBarcodeScannerPreview,10.0,Microsoft Corporation Inc.,Application,,C:\Windows\SystemApps\Windows.CBSPreview_cw5n1h2txyewy,1.0,,
7957,ChromeEnterpriseCompanion,143.0,Google LLC,Application,,C:\Windows\SystemTemp\scoped_dir7120_2000277654\scoped_dir7120_1144993714,1.0,,
7957,CL5,9.6,Ivanti,Application,,C:\Program Files\BMC Software\Client Management\Client\data\PatchManagementPremium\workspace,7.0,,
7957,ClickOnce,4.8,Microsoft Corporation Inc.,Application,,C:\Windows\Microsoft.NET\Framework64\v4.0.30319,3.0,,
7957,Common User Interface,5.8,Musarubra US LLC.,Application,,C:\Program Files\McAfee\Agent\x86,1.0,,
7957,Credential Dialog Host,10.0,Microsoft Corporation Inc.,Application,,C:\Windows\SystemApps\microsoft.creddialoghost_cw5n1h2txyewy,1.0,,
7957,CrowdStrike Device Control,7.29,CrowdStrike Inc.,Add/Remove Programs,"November 14, 2025 12:00:00 AM",,,,
7957,CrowdStrike Device Control Support Tool,7.29,CrowdStrike Inc.,Application,,C:\Program Files\CrowdStrike,1.0,,
7957,CrowdStrike Falcon Connector,7.32,CrowdStrike Inc.,Application,,C:\Program Files\CrowdStrike,1.0,,
7957,CrowdStrike Falcon Sensor,7.32,CrowdStrike Inc.,Application,,C:\Program Files\CrowdStrike,1.0,,
7957,CrowdStrike Falcon Sensor Controller,7.32,CrowdStrike Inc.,Application,,C:\Program Files\CrowdStrike,1.0,,
7957,CrowdStrike Falcon Sensor Service,7.32,CrowdStrike Inc.,Application,,C:\Program Files\CrowdStrike,1.0,,
7957,CrowdStrike Falcon Sensor Servlet Container,7.32,CrowdStrike Inc.,Application,,C:\Program Files\CrowdStrike,1.0,,
7957,CrowdStrike Falcon Sensor Settings Tool,7.32,CrowdStrike Inc.,Application,,C:\Program Files\CrowdStrike,1.0,,
7957,CrowdStrike Falcon Sensor System Tray Application,7.32,CrowdStrike Inc.,Application,,C:\Program Files\CrowdStrike,2.0,,
7957,CrowdStrike Firmware Analysis,7.14,CrowdStrike Inc.,Add/Remove Programs,"July 24, 2025 12:00:00 AM",,,,
7957,CrowdStrike Firmware Analysis Support Tool,7.14,CrowdStrike Inc.,Application,,C:\Program Files\CrowdStrike,1.0,,
7957,CrowdStrike On-Demand Scan Command-line Tool,7.32,CrowdStrike Inc.,Application,,C:\Program Files\CrowdStrike,1.0,,
7957,CrowdStrike On-Demand Scan Tool,7.32,CrowdStrike Inc.,Application,,C:\Program Files\CrowdStrike,1.0,,
7957,CrowdStrike Sensor Platform,7.32,CrowdStrike Inc.,Add/Remove Programs,"January 14, 2026 12:00:00 AM",,,,
7957,CrowdStrike Windows Sensor,7.32,CrowdStrike Inc.,Add/Remove Programs,"January 14, 2026 12:00:00 AM",,,,
16803,.NET Runtime Optimization Service,4.8,Microsoft Corporation Inc.,Application,,C:\Windows\Microsoft.NET\Framework64\v4.0.30319,2.0,,
16803,64Bit MAPI Mail Agent,1.0,Foxit Software Inc.,Application,,C:\Program Files (x86)\Foxit Software\Foxit PDF Reader,1.0,,
16803,7-Zip 23.01 (x64),23.01,Igor Pavlov,Add/Remove Programs,,C:\Program Files\7-Zip\,,,
16803,7-Zip Console,23.01,Igor Pavlov,Application,,C:\Program Files\7-Zip,1.0,,
16803,7-Zip File Manager,23.01,Igor Pavlov,Application,,C:\Program Files\7-Zip,1.0,,
16803,7-Zip GUI,23.01,Igor Pavlov,Application,,C:\Program Files\7-Zip,1.0,,
16803,Accounts Control Host,10.0,Microsoft Corporation Inc.,Application,,C:\Windows\SystemApps\Microsoft.AccountsControl_cw5n1h2txyewy,1.0,,
16803,AddSuggestedFoldersToLibraryDialog,10.0,Microsoft Corporation Inc.,Application,,C:\Windows\SystemApps\Microsoft.Windows.AddSuggestedFoldersToLibraryDialog_cw5n1h2txyewy,1.0,,
16803,Antimalware Core Service,4.18,Microsoft Corporation Inc.,Application,,C:\Program Files\Windows Defender,1.0,,
16803,AntiMalware Platform Update (amd64fre),4.18,Microsoft Corporation Inc.,Application,,C:\Windows\SystemTemp\863A5DFC-1D1A-4A9E-90F5-BF9138F42795MpCommU,1.0,,
16803,Antimalware Service Executable,4.18,Microsoft Corporation Inc.,Application,,C:\Program Files\Windows Defender,1.0,,
16803,AppFollower,1.3,Conexant Systems Inc.,Application,,C:\Program Files\CONEXANT\Flow,1.0,,
16803,AppResolverUX,10.0,Microsoft Corporation Inc.,Application,,C:\Windows\SystemApps\Microsoft.Windows.AppResolverUX_cw5n1h2txyewy,1.0,,
16803,AsyncTextService,10.0,Microsoft Corporation Inc.,Application,,C:\Windows\SystemApps\Microsoft.AsyncTextService_8wekyb3d8bbwe,1.0,,
16803,Audio Control,4.0,Conexant Systems LLC.,Application,,C:\Program Files\CONEXANT\Install\Audio\SA3\SA3\Dyson,2.0,,
16803,Audio Controls Control Panel,4.0,Conexant Systems LLC.,Application,,C:\Program Files\CONEXANT\SA3\HP-NB-AIO,3.0,,
16803,Bang & Olufsen,4.0,Conexant Systems LLC.,Application,,C:\Program Files\CONEXANT\Install\Audio\SA3\SA3\BandO,2.0,,
16803,Biometric Enrollment Host,10.0,Microsoft Corporation Inc.,Application,,C:\Windows\SystemApps\Microsoft.BioEnrollment_cw5n1h2txyewy,1.0,,
16803,BMC Client Management Agent,24.1.01.240624,BMC Software Inc.,Application,,C:\Program Files\BMC Software\Client Management\Client\bin,1.0,,
16803,BMC Client Management Certificate Generator,24.1.01.240624,BMC Software Inc.,Application,,C:\Program Files\BMC Software\Client Management\Client\bin,1.0,,
16803,BMC Client Management Chilli Interpreter,24.1.01.240624,BMC Software Inc.,Application,,C:\Program Files\BMC Software\Client Management\Client\bin,1.0,,
16803,BMC Client Management Direct Access Proxy Agent,24.1.01.240624,BMC Software Inc.,Application,,C:\Program Files\BMC Software\Client Management\Client\bin,1.0,,
16803,BMC Client Management Opswat Proxy Agent,24.1.01.240624,BMC Software Inc.,Application,,C:\Program Files\BMC Software\Client Management\Client\bin,1.0,,
16803,BMC Client Management Package Viewer,24.1.01.240624,BMC Software Inc.,Application,,C:\Program Files\BMC Software\Client Management\Client\bin,1.0,,
16803,BMC Client Management Patch Broker,24.1.01.240624,BMC Software Inc.,Application,,C:\Program Files\BMC Software\Client Management\Client\bin,1.0,,
16803,BMC Client Management Proxy Agent,24.1.01.240624,BMC Software Inc.,Application,,C:\Program Files\BMC Software\Client Management\Client\bin,1.0,,
16803,BMC Client Management Remote Control proxy,24.1.01.240624,BMC Software Inc.,Application,,C:\Program Files\BMC Software\Client Management\Client\bin,1.0,,
16803,BMC Client Management SCAP,24.1.01.240624,BMC Software Inc.,Application,,C:\Program Files\BMC Software\Client Management\Client\bin,1.0,,
16803,BMC Client Management Video Proxy Agent,24.1.01.240624,BMC Software Inc.,Application,,C:\Program Files\BMC Software\Client Management\Client\bin,1.0,,
16803,Boot File Servicing Utility,10.0,Microsoft Corporation Inc.,Application,,C:\Windows,1.0,,
16803,Browser Protection Native Messaging Host,4.18,Microsoft Corporation Inc.,Application,,C:\Program Files\Windows Defender,1.0,,
16803,BrowserCore,10.0,Microsoft Corporation Inc.,Application,,C:\Windows\BrowserCore,1.0,,
16803,CameraBarcodeScannerPreview,10.0,Microsoft Corporation Inc.,Application,,C:\Windows\SystemApps\Windows.CBSPreview_cw5n1h2txyewy,1.0,,
16803,ChromeEnterpriseCompanion,143.0,Google LLC,Application,,C:\Windows\SystemTemp\scoped_dir4112_1108583627\scoped_dir4112_1243891361,1.0,,
16803,CL5,9.6,Ivanti,Application,,C:\Program Files\BMC Software\Client Management\Client\data\PatchManagementPremium\workspace,5.0,,
16803,ClickOnce,4.8,Microsoft Corporation Inc.,Application,,C:\Windows\Microsoft.NET\Framework64\v4.0.30319,3.0,,
16803,CnxtNotify,1.0,Conexant Systems Inc.,Application,,C:\Program Files\CONEXANT\SA3\HP-NB-AIO,1.0,,
16803,Common User Interface,5.8,Musarubra US LLC.,Application,,C:\Program Files\McAfee\Agent\x86,1.0,,
16803,Copilot,144.0,Microsoft Corporation Inc.,Application,,C:\Program Files (x86)\Microsoft\EdgeWebView\Application\144.0.3719.115,3.0,,
16803,Copilot Update,1.3,Microsoft Corporation Inc.,Application,,C:\Program Files (x86)\Microsoft\EdgeUpdate,2.0,,
16803,Credential Dialog Host,10.0,Microsoft Corporation Inc.,Application,,C:\Windows\SystemApps\microsoft.creddialoghost_cw5n1h2txyewy,1.0,,
16803,CrowdStrike Device Control,7.29,CrowdStrike Inc.,Add/Remove Programs,"November 14, 2025 12:00:00 AM",,,,
16803,CrowdStrike Device Control Support Tool,7.29,CrowdStrike Inc.,Application,,C:\Program Files\CrowdStrike,1.0,,
16803,CrowdStrike Falcon Connector,7.32,CrowdStrike Inc.,Application,,C:\Program Files\CrowdStrike,1.0,,
16803,CrowdStrike Falcon Sensor,7.32,CrowdStrike Inc.,Application,,C:\Program Files\CrowdStrike,1.0,,
16803,CrowdStrike Falcon Sensor Controller,7.32,CrowdStrike Inc.,Application,,C:\Program Files\CrowdStrike,1.0,,
16803,CrowdStrike Falcon Sensor Service,7.32,CrowdStrike Inc.,Application,,C:\Program Files\CrowdStrike,1.0,,
16803,CrowdStrike Falcon Sensor Servlet Container,7.32,CrowdStrike Inc.,Application,,C:\Program Files\CrowdStrike,1.0,,
16803,CrowdStrike Falcon Sensor Settings Tool,7.32,CrowdStrike Inc.,Application,,C:\Program Files\CrowdStrike,1.0,,
16803,CrowdStrike Falcon Sensor System Tray Application,7.32,CrowdStrike Inc.,Application,,C:\Program Files\CrowdStrike,2.0,,
7373,.NET Runtime Optimization Service,4.8,Microsoft Corporation Inc.,Application,,C:\Windows\Microsoft.NET\Framework64\v4.0.30319,2.0,,
7373,64Bit MAPI Mail Agent,1.0,Foxit Software Inc.,Application,,C:\Program Files (x86)\Foxit Software\Foxit PDF Reader,1.0,,
7373,7-Zip 24.08 (x64 edition),24.08,Igor Pavlov,Add/Remove Programs,"November 30, 2024 12:00:00 AM",,,,
7373,7-Zip Console,24.08,Igor Pavlov,Application,,C:\Program Files\7-Zip,1.0,,
7373,7-Zip File Manager,24.08,Igor Pavlov,Application,,C:\Program Files\7-Zip,1.0,,
7373,7-Zip GUI,24.08,Igor Pavlov,Application,,C:\Program Files\7-Zip,1.0,,
7373,AAD token broker plugin,10.0,Microsoft Corporation Inc.,Application,,C:\Windows\SystemApps\Microsoft.AAD.BrokerPlugin_cw5n1h2txyewy,1.0,,
7373,Accounts Control Host,10.0,Microsoft Corporation Inc.,Application,,C:\Windows\SystemApps\Microsoft.AccountsControl_cw5n1h2txyewy,1.0,,
7373,AddSuggestedFoldersToLibraryDialog,10.0,Microsoft Corporation Inc.,Application,,C:\Windows\SystemApps\Microsoft.Windows.AddSuggestedFoldersToLibraryDialog_cw5n1h2txyewy,1.0,,
7373,Antimalware Service Executable,4.18,Microsoft Corporation Inc.,Application,,C:\Program Files\Windows Defender,1.0,,
7373,AppResolverUX,10.0,Microsoft Corporation Inc.,Application,,C:\Windows\SystemApps\Microsoft.Windows.AppResolverUX_cw5n1h2txyewy,1.0,,
7373,AsyncTextService,10.0,Microsoft Corporation Inc.,Application,,C:\Windows\SystemApps\Microsoft.AsyncTextService_8wekyb3d8bbwe,1.0,,
7373,Biometric Enrollment Host,10.0,Microsoft Corporation Inc.,Application,,C:\Windows\SystemApps\Microsoft.BioEnrollment_cw5n1h2txyewy,1.0,,
7373,BMC Client Management Agent,24.1.01.240624,BMC Software Inc.,Application,,C:\Program Files\BMC Software\Client Management\Client\bin,1.0,,
7373,BMC Client Management Certificate Generator,24.1.01.240624,BMC Software Inc.,Application,,C:\Program Files\BMC Software\Client Management\Client\bin,1.0,,
7373,BMC Client Management Chilli Interpreter,24.1.01.240624,BMC Software Inc.,Application,,C:\Program Files\BMC Software\Client Management\Client\bin,1.0,,
7373,BMC Client Management Direct Access Proxy Agent,24.1.01.240624,BMC Software Inc.,Application,,C:\Program Files\BMC Software\Client Management\Client\bin,1.0,,
7373,BMC Client Management Opswat Proxy Agent,24.1.01.240624,BMC Software Inc.,Application,,C:\Program Files\BMC Software\Client Management\Client\bin,1.0,,
7373,BMC Client Management Package Viewer,24.1.01.240624,BMC Software Inc.,Application,,C:\Program Files\BMC Software\Client Management\Client\bin,1.0,,
7373,BMC Client Management Patch Broker,24.1.01.240624,BMC Software Inc.,Application,,C:\Program Files\BMC Software\Client Management\Client\bin,1.0,,
7373,BMC Client Management Proxy Agent,24.1.01.240624,BMC Software Inc.,Application,,C:\Program Files\BMC Software\Client Management\Client\bin,1.0,,
7373,BMC Client Management Remote Control proxy,24.1.01.240624,BMC Software Inc.,Application,,C:\Program Files\BMC Software\Client Management\Client\bin,1.0,,
7373,BMC Client Management SCAP,24.1.01.240624,BMC Software Inc.,Application,,C:\Program Files\BMC Software\Client Management\Client\bin,1.0,,
7373,BMC Client Management Video Proxy Agent,24.1.01.240624,BMC Software Inc.,Application,,C:\Program Files\BMC Software\Client Management\Client\bin,1.0,,
7373,Boot File Servicing Utility,10.0,Microsoft Corporation Inc.,Application,,C:\Windows,1.0,,
7373,BrowserCore,10.0,Microsoft Corporation Inc.,Application,,C:\Windows\BrowserCore,1.0,,
7373,Calling App to host call progress on shell,10.0,Microsoft Corporation Inc.,Application,,C:\Windows\SystemApps\Microsoft.Windows.CallingShellApp_cw5n1h2txyewy,1.0,,
7373,CameraBarcodeScannerPreview,10.0,Microsoft Corporation Inc.,Application,,C:\Windows\SystemApps\Windows.CBSPreview_cw5n1h2txyewy,1.0,,
7373,ChromeEnterpriseCompanion,143.0,Google LLC,Application,,C:\Windows\SystemTemp\scoped_dir512_151073102\scoped_dir512_688573650,1.0,,
7373,CL5,9.6,Ivanti,Application,,C:\Program Files\BMC Software\Client Management\Client\data\PatchManagementPremium\workspace,3.0,,
7373,ClickOnce,4.8,Microsoft Corporation Inc.,Application,,C:\Windows\Microsoft.NET\Framework64\v4.0.30319,3.0,,
7373,Common User Interface,5.8,Musarubra US LLC.,Application,,C:\Program Files\McAfee\Agent\x86,1.0,,
7373,Credential Dialog Host,10.0,Microsoft Corporation Inc.,Application,,C:\Windows\SystemApps\microsoft.creddialoghost_cw5n1h2txyewy,1.0,,
7373,CrowdStrike Device Control,7.29,CrowdStrike Inc.,Add/Remove Programs,"November 14, 2025 12:00:00 AM",,,,
7373,CrowdStrike Device Control Support Tool,7.29,CrowdStrike Inc.,Application,,C:\Program Files\CrowdStrike,1.0,,
7373,CrowdStrike Falcon Connector,7.32,CrowdStrike Inc.,Application,,C:\Program Files\CrowdStrike,1.0,,
7373,CrowdStrike Falcon Sensor,7.32,CrowdStrike Inc.,Application,,C:\Program Files\CrowdStrike,1.0,,
7373,CrowdStrike Falcon Sensor Controller,7.32,CrowdStrike Inc.,Application,,C:\Program Files\CrowdStrike,1.0,,
7373,CrowdStrike Falcon Sensor Service,7.32,CrowdStrike Inc.,Application,,C:\Program Files\CrowdStrike,1.0,,
7373,CrowdStrike Falcon Sensor Servlet Container,7.32,CrowdStrike Inc.,Application,,C:\Program Files\CrowdStrike,1.0,,
7373,CrowdStrike Falcon Sensor Settings Tool,7.32,CrowdStrike Inc.,Application,,C:\Program Files\CrowdStrike,1.0,,
7373,CrowdStrike Falcon Sensor System Tray Application,7.32,CrowdStrike Inc.,Application,,C:\Program Files\CrowdStrike,2.0,,
7373,CrowdStrike Firmware Analysis,7.14,CrowdStrike Inc.,Add/Remove Programs,"June 18, 2025 12:00:00 AM",,,,
7373,CrowdStrike Firmware Analysis Support Tool,7.14,CrowdStrike Inc.,Application,,C:\Program Files\CrowdStrike,1.0,,
7373,CrowdStrike Forensic Data Collection Tool,1.0,CrowdStrike Inc.,Application,,C:,2.0,,
7373,CrowdStrike On-Demand Scan Command-line Tool,7.32,CrowdStrike Inc.,Application,,C:\Program Files\CrowdStrike,1.0,,
7373,CrowdStrike On-Demand Scan Tool,7.32,CrowdStrike Inc.,Application,,C:\Program Files\CrowdStrike,1.0,,
7373,CrowdStrike Sensor Platform,7.32,CrowdStrike Inc.,Add/Remove Programs,"January 14, 2026 12:00:00 AM",,,,
7373,CrowdStrike Windows Sensor,7.32,CrowdStrike Inc.,Add/Remove Programs,"January 14, 2026 12:00:00 AM",,,,
7373,CrowdStrike Windows Sensor,6.54,CrowdStrike Inc.,Application,,C:\login\crowdstrike,1.0,,
